/*
27/02 : Fix List of value for FAC_LOB_PRINCIPAL
	insert into TSEGCRITERIA (SGTCRI_CF, SGTCRISUBCAT_NT, SGTUWCOL_CF, SGTCRI_LS, SGTCRITYP_CT, SGTCRICTL_CT, SGTCRIPAR_LS, CRE_D, CREUSR_CF, LSTUPD_D, LSTUPDUSR_CF, timestamp) values ('FAC_LOB_PRINCIPAL', 10,'PCPLOB_CF', 'Main LOB', '2', '5', 'TLOBL', getDate(), 'UBEU', getDate(), 'UBEU', null)

18/03 : adding PCPSOB
fix FAC_ADMIN_TYPE (20/03/2014)

fix TERRITORIAL SCOPE list of value(08/04/2014)
fix CLI_GROUP_COUNTRY list of value(08/04/2014)
fix F_N_P list of value (08/04/2014)
fix RI_TYPE_STA list of value (08/04/2014)
fix FAC_TOP_PRINCIPAL list of value (08/04/2014)
fix CLI_STATUS list of value (08/04/2014)
fix FAC_TOP_PRINCIPAL list of value (08/04/2014)
CR OLD_FAC_NUMBER and OLD_FAC_REFERENCE criteria name
	*/
use BEST
go

truncate table TSEGUWTABLE
go
truncate table TSEGUWCOLUMN
go
truncate table TSEGCRICAT
go
truncate table TSEGCRI2SCOPE
go
truncate table TSEGCRICATL
go
truncate table TSEGCRISUBCAT
go
truncate table TSEGCRISUBCATL
go
truncate table TSEGCRI2GRAN
go
truncate table TSEGCRITERIA
go

-- Categories
insert into TSEGCRICAT (SGTCRICAT_NT,  SGTCRICAT_LL, CRE_D, CREUSR_CF, LSTUPD_D, LSTUPDUSR_CF, timestamp) values (3, 'Client', getDate(), 'UBEU', getDate(), 'UBEU', null)
insert into TSEGCRICATL (SGTCRICAT_NT, LAG_CF, SGTCRICAT_LS, SGTCRICAT_LL, CRE_D, CREUSR_CF, LSTUPD_D, LSTUPDUSR_CF, timestamp) values (3, 'F', 'Client', 'Client', getDate(), 'UBEU', getDate(), 'UBEU', null)
insert into TSEGCRICATL (SGTCRICAT_NT, LAG_CF, SGTCRICAT_LS, SGTCRICAT_LL, CRE_D, CREUSR_CF, LSTUPD_D, LSTUPDUSR_CF, timestamp) values (3, 'E', 'Client', 'Client', getDate(), 'UBEU', getDate(), 'UBEU', null)
insert into TSEGCRI2SCOPE (SGTCRICAT_NT,SCOPE_CT, CRE_D, CREUSR_CF) values (3, '1', getDate(), 'UBEU')
insert into TSEGCRICAT (SGTCRICAT_NT,  SGTCRICAT_LL, CRE_D, CREUSR_CF, LSTUPD_D, LSTUPDUSR_CF, timestamp) values (1, 'Common', getDate(), 'UBEU', getDate(), 'UBEU', null)
insert into TSEGCRICATL (SGTCRICAT_NT, LAG_CF, SGTCRICAT_LS, SGTCRICAT_LL, CRE_D, CREUSR_CF, LSTUPD_D, LSTUPDUSR_CF, timestamp) values (1, 'F', 'Commun', 'Commun', getDate(), 'UBEU', getDate(), 'UBEU', null)
insert into TSEGCRICATL (SGTCRICAT_NT, LAG_CF, SGTCRICAT_LS, SGTCRICAT_LL, CRE_D, CREUSR_CF, LSTUPD_D, LSTUPDUSR_CF, timestamp) values (1, 'E', 'Common', 'Common', getDate(), 'UBEU', getDate(), 'UBEU', null)
insert into TSEGCRI2SCOPE (SGTCRICAT_NT,SCOPE_CT, CRE_D, CREUSR_CF) values (1, '1', getDate(), 'UBEU')
insert into TSEGCRI2SCOPE (SGTCRICAT_NT,SCOPE_CT, CRE_D, CREUSR_CF) values (1, '2', getDate(), 'UBEU')
insert into TSEGCRI2SCOPE (SGTCRICAT_NT,SCOPE_CT, CRE_D, CREUSR_CF) values (1, '3', getDate(), 'UBEU')
insert into TSEGCRICAT (SGTCRICAT_NT,  SGTCRICAT_LL, CRE_D, CREUSR_CF, LSTUPD_D, LSTUPDUSR_CF, timestamp) values (8, 'Contract', getDate(), 'UBEU', getDate(), 'UBEU', null)
insert into TSEGCRICATL (SGTCRICAT_NT, LAG_CF, SGTCRICAT_LS, SGTCRICAT_LL, CRE_D, CREUSR_CF, LSTUPD_D, LSTUPDUSR_CF, timestamp) values (8, 'F', 'Contrat', 'Contrat', getDate(), 'UBEU', getDate(), 'UBEU', null)
insert into TSEGCRICATL (SGTCRICAT_NT, LAG_CF, SGTCRICAT_LS, SGTCRICAT_LL, CRE_D, CREUSR_CF, LSTUPD_D, LSTUPDUSR_CF, timestamp) values (8, 'E', 'Contract', 'Contract', getDate(), 'UBEU', getDate(), 'UBEU', null)
insert into TSEGCRI2SCOPE (SGTCRICAT_NT,SCOPE_CT, CRE_D, CREUSR_CF) values (8, '1', getDate(), 'UBEU')
insert into TSEGCRICAT (SGTCRICAT_NT,  SGTCRICAT_LL, CRE_D, CREUSR_CF, LSTUPD_D, LSTUPDUSR_CF, timestamp) values (5, 'Facultative', getDate(), 'UBEU', getDate(), 'UBEU', null)
insert into TSEGCRICATL (SGTCRICAT_NT, LAG_CF, SGTCRICAT_LS, SGTCRICAT_LL, CRE_D, CREUSR_CF, LSTUPD_D, LSTUPDUSR_CF, timestamp) values (5, 'F', 'Facultative', 'Facultative', getDate(), 'UBEU', getDate(), 'UBEU', null)
insert into TSEGCRICATL (SGTCRICAT_NT, LAG_CF, SGTCRICAT_LS, SGTCRICAT_LL, CRE_D, CREUSR_CF, LSTUPD_D, LSTUPDUSR_CF, timestamp) values (5, 'E', 'Facultative', 'Facultative', getDate(), 'UBEU', getDate(), 'UBEU', null)
insert into TSEGCRI2SCOPE (SGTCRICAT_NT,SCOPE_CT, CRE_D, CREUSR_CF) values (5, '1', getDate(), 'UBEU')
insert into TSEGCRICAT (SGTCRICAT_NT,  SGTCRICAT_LL, CRE_D, CREUSR_CF, LSTUPD_D, LSTUPDUSR_CF, timestamp) values (6, 'Figures', getDate(), 'UBEU', getDate(), 'UBEU', null)
insert into TSEGCRICATL (SGTCRICAT_NT, LAG_CF, SGTCRICAT_LS, SGTCRICAT_LL, CRE_D, CREUSR_CF, LSTUPD_D, LSTUPDUSR_CF, timestamp) values (6, 'F', 'Chiffres', 'Chiffres', getDate(), 'UBEU', getDate(), 'UBEU', null)
insert into TSEGCRICATL (SGTCRICAT_NT, LAG_CF, SGTCRICAT_LS, SGTCRICAT_LL, CRE_D, CREUSR_CF, LSTUPD_D, LSTUPDUSR_CF, timestamp) values (6, 'E', 'Figures', 'Figures', getDate(), 'UBEU', getDate(), 'UBEU', null)
insert into TSEGCRI2SCOPE (SGTCRICAT_NT,SCOPE_CT, CRE_D, CREUSR_CF) values (6, '1', getDate(), 'UBEU')
insert into TSEGCRICAT (SGTCRICAT_NT,  SGTCRICAT_LL, CRE_D, CREUSR_CF, LSTUPD_D, LSTUPDUSR_CF, timestamp) values (2, 'Main', getDate(), 'UBEU', getDate(), 'UBEU', null)
insert into TSEGCRICATL (SGTCRICAT_NT, LAG_CF, SGTCRICAT_LS, SGTCRICAT_LL, CRE_D, CREUSR_CF, LSTUPD_D, LSTUPDUSR_CF, timestamp) values (2, 'F', 'Principal', 'Principal', getDate(), 'UBEU', getDate(), 'UBEU', null)
insert into TSEGCRICATL (SGTCRICAT_NT, LAG_CF, SGTCRICAT_LS, SGTCRICAT_LL, CRE_D, CREUSR_CF, LSTUPD_D, LSTUPDUSR_CF, timestamp) values (2, 'E', 'Main', 'Main', getDate(), 'UBEU', getDate(), 'UBEU', null)
insert into TSEGCRI2SCOPE (SGTCRICAT_NT,SCOPE_CT, CRE_D, CREUSR_CF) values (2, '1', getDate(), 'UBEU')
insert into TSEGCRICAT (SGTCRICAT_NT,  SGTCRICAT_LL, CRE_D, CREUSR_CF, LSTUPD_D, LSTUPDUSR_CF, timestamp) values (7, 'Retro', getDate(), 'UBEU', getDate(), 'UBEU', null)
insert into TSEGCRICATL (SGTCRICAT_NT, LAG_CF, SGTCRICAT_LS, SGTCRICAT_LL, CRE_D, CREUSR_CF, LSTUPD_D, LSTUPDUSR_CF, timestamp) values (7, 'F', 'Rétro', 'Rétro', getDate(), 'UBEU', getDate(), 'UBEU', null)
insert into TSEGCRICATL (SGTCRICAT_NT, LAG_CF, SGTCRICAT_LS, SGTCRICAT_LL, CRE_D, CREUSR_CF, LSTUPD_D, LSTUPDUSR_CF, timestamp) values (7, 'E', 'Retro', 'Retro', getDate(), 'UBEU', getDate(), 'UBEU', null)
insert into TSEGCRI2SCOPE (SGTCRICAT_NT,SCOPE_CT, CRE_D, CREUSR_CF) values (7, '2', getDate(), 'UBEU')
insert into TSEGCRICAT (SGTCRICAT_NT,  SGTCRICAT_LL, CRE_D, CREUSR_CF, LSTUPD_D, LSTUPDUSR_CF, timestamp) values (0, 'Segmentation Type', getDate(), 'UBEU', getDate(), 'UBEU', null)
insert into TSEGCRICATL (SGTCRICAT_NT, LAG_CF, SGTCRICAT_LS, SGTCRICAT_LL, CRE_D, CREUSR_CF, LSTUPD_D, LSTUPDUSR_CF, timestamp) values (0, 'F', 'Type de segmentation', 'Type de segmentation', getDate(), 'UBEU', getDate(), 'UBEU', null)
insert into TSEGCRICATL (SGTCRICAT_NT, LAG_CF, SGTCRICAT_LS, SGTCRICAT_LL, CRE_D, CREUSR_CF, LSTUPD_D, LSTUPDUSR_CF, timestamp) values (0, 'E', 'Segmentation Type', 'Segmentation Type', getDate(), 'UBEU', getDate(), 'UBEU', null)
insert into TSEGCRI2SCOPE (SGTCRICAT_NT,SCOPE_CT, CRE_D, CREUSR_CF) values (0, '1', getDate(), 'UBEU')
insert into TSEGCRI2SCOPE (SGTCRICAT_NT,SCOPE_CT, CRE_D, CREUSR_CF) values (0, '2', getDate(), 'UBEU')
insert into TSEGCRI2SCOPE (SGTCRICAT_NT,SCOPE_CT, CRE_D, CREUSR_CF) values (0, '3', getDate(), 'UBEU')
insert into TSEGCRICAT (SGTCRICAT_NT,  SGTCRICAT_LL, CRE_D, CREUSR_CF, LSTUPD_D, LSTUPDUSR_CF, timestamp) values (4, 'Treaty', getDate(), 'UBEU', getDate(), 'UBEU', null)
insert into TSEGCRICATL (SGTCRICAT_NT, LAG_CF, SGTCRICAT_LS, SGTCRICAT_LL, CRE_D, CREUSR_CF, LSTUPD_D, LSTUPDUSR_CF, timestamp) values (4, 'F', 'Traité', 'Traité', getDate(), 'UBEU', getDate(), 'UBEU', null)
insert into TSEGCRICATL (SGTCRICAT_NT, LAG_CF, SGTCRICAT_LS, SGTCRICAT_LL, CRE_D, CREUSR_CF, LSTUPD_D, LSTUPDUSR_CF, timestamp) values (4, 'E', 'Treaty', 'Treaty', getDate(), 'UBEU', getDate(), 'UBEU', null)
insert into TSEGCRI2SCOPE (SGTCRICAT_NT,SCOPE_CT, CRE_D, CREUSR_CF) values (4, '1', getDate(), 'UBEU')

-- Sub categories
insert into TSEGCRISUBCAT (SGTCRISUBCAT_NT, SGTCRICAT_NT, SGTCRISUBCAT_LL, CRE_D, CREUSR_CF, LSTUPD_D, LSTUPDUSR_CF, timestamp) values (1, 3, 'Cedant', getDate(), 'UBEU', getDate(), 'UBEU', null)
insert into TSEGCRISUBCATL (SGTCRISUBCAT_NT, LAG_CF, SGTCRISUBCAT_LS, SGTCRISUBCAT_LL, CRE_D, CREUSR_CF, LSTUPD_D, LSTUPDUSR_CF, timestamp) values (1, 'F', 'Cédante', 'Cédante', getDate(), 'UBEU', getDate(), 'UBEU', null)
insert into TSEGCRISUBCATL (SGTCRISUBCAT_NT, LAG_CF, SGTCRISUBCAT_LS, SGTCRISUBCAT_LL, CRE_D, CREUSR_CF, LSTUPD_D, LSTUPDUSR_CF, timestamp) values (1, 'E', 'Cedant', 'Cedant', getDate(), 'UBEU', getDate(), 'UBEU', null)
insert into TSEGCRI2GRAN (SUBCAT_NT, GRAN_CF, CRE_D, CREUSR_CF) values (1, '1', getDate(), 'UBEU')
insert into TSEGCRI2GRAN (SUBCAT_NT, GRAN_CF, CRE_D, CREUSR_CF) values (1, '2', getDate(), 'UBEU')
insert into TSEGCRI2GRAN (SUBCAT_NT, GRAN_CF, CRE_D, CREUSR_CF) values (1, '3', getDate(), 'UBEU')
insert into TSEGCRISUBCAT (SGTCRISUBCAT_NT, SGTCRICAT_NT, SGTCRISUBCAT_LL, CRE_D, CREUSR_CF, LSTUPD_D, LSTUPDUSR_CF, timestamp) values (2, 6, 'Commission', getDate(), 'UBEU', getDate(), 'UBEU', null)
insert into TSEGCRISUBCATL (SGTCRISUBCAT_NT, LAG_CF, SGTCRISUBCAT_LS, SGTCRISUBCAT_LL, CRE_D, CREUSR_CF, LSTUPD_D, LSTUPDUSR_CF, timestamp) values (2, 'F', 'Commission', 'Commission', getDate(), 'UBEU', getDate(), 'UBEU', null)
insert into TSEGCRISUBCATL (SGTCRISUBCAT_NT, LAG_CF, SGTCRISUBCAT_LS, SGTCRISUBCAT_LL, CRE_D, CREUSR_CF, LSTUPD_D, LSTUPDUSR_CF, timestamp) values (2, 'E', 'Commission', 'Commission', getDate(), 'UBEU', getDate(), 'UBEU', null)
insert into TSEGCRI2GRAN (SUBCAT_NT, GRAN_CF, CRE_D, CREUSR_CF) values (2, '3', getDate(), 'UBEU')
insert into TSEGCRISUBCAT (SGTCRISUBCAT_NT, SGTCRICAT_NT, SGTCRISUBCAT_LL, CRE_D, CREUSR_CF, LSTUPD_D, LSTUPDUSR_CF, timestamp) values (3, 1, 'Common', getDate(), 'UBEU', getDate(), 'UBEU', null)
insert into TSEGCRISUBCATL (SGTCRISUBCAT_NT, LAG_CF, SGTCRISUBCAT_LS, SGTCRISUBCAT_LL, CRE_D, CREUSR_CF, LSTUPD_D, LSTUPDUSR_CF, timestamp) values (3, 'F', 'Commun', 'Commun', getDate(), 'UBEU', getDate(), 'UBEU', null)
insert into TSEGCRISUBCATL (SGTCRISUBCAT_NT, LAG_CF, SGTCRISUBCAT_LS, SGTCRISUBCAT_LL, CRE_D, CREUSR_CF, LSTUPD_D, LSTUPDUSR_CF, timestamp) values (3, 'E', 'Common', 'Common', getDate(), 'UBEU', getDate(), 'UBEU', null)
insert into TSEGCRI2GRAN (SUBCAT_NT, GRAN_CF, CRE_D, CREUSR_CF) values (3, '1', getDate(), 'UBEU')
insert into TSEGCRI2GRAN (SUBCAT_NT, GRAN_CF, CRE_D, CREUSR_CF) values (3, '2', getDate(), 'UBEU')
insert into TSEGCRI2GRAN (SUBCAT_NT, GRAN_CF, CRE_D, CREUSR_CF) values (3, '3', getDate(), 'UBEU')
insert into TSEGCRI2GRAN (SUBCAT_NT, GRAN_CF, CRE_D, CREUSR_CF) values (3, '5', getDate(), 'UBEU')
insert into TSEGCRI2GRAN (SUBCAT_NT, GRAN_CF, CRE_D, CREUSR_CF) values (3, '4', getDate(), 'UBEU')
insert into TSEGCRISUBCAT (SGTCRISUBCAT_NT, SGTCRICAT_NT, SGTCRISUBCAT_LL, CRE_D, CREUSR_CF, LSTUPD_D, LSTUPDUSR_CF, timestamp) values (4, 2, 'Contract', getDate(), 'UBEU', getDate(), 'UBEU', null)
insert into TSEGCRISUBCATL (SGTCRISUBCAT_NT, LAG_CF, SGTCRISUBCAT_LS, SGTCRISUBCAT_LL, CRE_D, CREUSR_CF, LSTUPD_D, LSTUPDUSR_CF, timestamp) values (4, 'F', 'Contrat', 'Contrat', getDate(), 'UBEU', getDate(), 'UBEU', null)
insert into TSEGCRISUBCATL (SGTCRISUBCAT_NT, LAG_CF, SGTCRISUBCAT_LS, SGTCRISUBCAT_LL, CRE_D, CREUSR_CF, LSTUPD_D, LSTUPDUSR_CF, timestamp) values (4, 'E', 'Contract', 'Contract', getDate(), 'UBEU', getDate(), 'UBEU', null)
insert into TSEGCRI2GRAN (SUBCAT_NT, GRAN_CF, CRE_D, CREUSR_CF) values (4, '1', getDate(), 'UBEU')
insert into TSEGCRI2GRAN (SUBCAT_NT, GRAN_CF, CRE_D, CREUSR_CF) values (4, '2', getDate(), 'UBEU')
insert into TSEGCRI2GRAN (SUBCAT_NT, GRAN_CF, CRE_D, CREUSR_CF) values (4, '3', getDate(), 'UBEU')
insert into TSEGCRISUBCAT (SGTCRISUBCAT_NT, SGTCRICAT_NT, SGTCRISUBCAT_LL, CRE_D, CREUSR_CF, LSTUPD_D, LSTUPDUSR_CF, timestamp) values (5, 7, 'Contract', getDate(), 'UBEU', getDate(), 'UBEU', null)
insert into TSEGCRISUBCATL (SGTCRISUBCAT_NT, LAG_CF, SGTCRISUBCAT_LS, SGTCRISUBCAT_LL, CRE_D, CREUSR_CF, LSTUPD_D, LSTUPDUSR_CF, timestamp) values (5, 'F', 'Contrat', 'Contrat', getDate(), 'UBEU', getDate(), 'UBEU', null)
insert into TSEGCRISUBCATL (SGTCRISUBCAT_NT, LAG_CF, SGTCRISUBCAT_LS, SGTCRISUBCAT_LL, CRE_D, CREUSR_CF, LSTUPD_D, LSTUPDUSR_CF, timestamp) values (5, 'E', 'Contract', 'Contract', getDate(), 'UBEU', getDate(), 'UBEU', null)
insert into TSEGCRI2GRAN (SUBCAT_NT, GRAN_CF, CRE_D, CREUSR_CF) values (5, '5', getDate(), 'UBEU')
insert into TSEGCRI2GRAN (SUBCAT_NT, GRAN_CF, CRE_D, CREUSR_CF) values (5, '4', getDate(), 'UBEU')
insert into TSEGCRISUBCAT (SGTCRISUBCAT_NT, SGTCRICAT_NT, SGTCRISUBCAT_LL, CRE_D, CREUSR_CF, LSTUPD_D, LSTUPDUSR_CF, timestamp) values (6, 8, 'Date', getDate(), 'UBEU', getDate(), 'UBEU', null)
insert into TSEGCRISUBCATL (SGTCRISUBCAT_NT, LAG_CF, SGTCRISUBCAT_LS, SGTCRISUBCAT_LL, CRE_D, CREUSR_CF, LSTUPD_D, LSTUPDUSR_CF, timestamp) values (6, 'F', 'Date', 'Date', getDate(), 'UBEU', getDate(), 'UBEU', null)
insert into TSEGCRISUBCATL (SGTCRISUBCAT_NT, LAG_CF, SGTCRISUBCAT_LS, SGTCRISUBCAT_LL, CRE_D, CREUSR_CF, LSTUPD_D, LSTUPDUSR_CF, timestamp) values (6, 'E', 'Date', 'Date', getDate(), 'UBEU', getDate(), 'UBEU', null)
insert into TSEGCRI2GRAN (SUBCAT_NT, GRAN_CF, CRE_D, CREUSR_CF) values (6, '1', getDate(), 'UBEU')
insert into TSEGCRI2GRAN (SUBCAT_NT, GRAN_CF, CRE_D, CREUSR_CF) values (6, '2', getDate(), 'UBEU')
insert into TSEGCRI2GRAN (SUBCAT_NT, GRAN_CF, CRE_D, CREUSR_CF) values (6, '3', getDate(), 'UBEU')
insert into TSEGCRISUBCAT (SGTCRISUBCAT_NT, SGTCRICAT_NT, SGTCRISUBCAT_LL, CRE_D, CREUSR_CF, LSTUPD_D, LSTUPDUSR_CF, timestamp) values (7, 5, 'Division', getDate(), 'UBEU', getDate(), 'UBEU', null)
insert into TSEGCRISUBCATL (SGTCRISUBCAT_NT, LAG_CF, SGTCRISUBCAT_LS, SGTCRISUBCAT_LL, CRE_D, CREUSR_CF, LSTUPD_D, LSTUPDUSR_CF, timestamp) values (7, 'F', 'Division', 'Division', getDate(), 'UBEU', getDate(), 'UBEU', null)
insert into TSEGCRISUBCATL (SGTCRISUBCAT_NT, LAG_CF, SGTCRISUBCAT_LS, SGTCRISUBCAT_LL, CRE_D, CREUSR_CF, LSTUPD_D, LSTUPDUSR_CF, timestamp) values (7, 'E', 'Division', 'Division', getDate(), 'UBEU', getDate(), 'UBEU', null)
insert into TSEGCRI2GRAN (SUBCAT_NT, GRAN_CF, CRE_D, CREUSR_CF) values (7, '1', getDate(), 'UBEU')
insert into TSEGCRI2GRAN (SUBCAT_NT, GRAN_CF, CRE_D, CREUSR_CF) values (7, '2', getDate(), 'UBEU')
insert into TSEGCRI2GRAN (SUBCAT_NT, GRAN_CF, CRE_D, CREUSR_CF) values (7, '3', getDate(), 'UBEU')
insert into TSEGCRISUBCAT (SGTCRISUBCAT_NT, SGTCRICAT_NT, SGTCRISUBCAT_LL, CRE_D, CREUSR_CF, LSTUPD_D, LSTUPDUSR_CF, timestamp) values (8, 6, 'EGPI', getDate(), 'UBEU', getDate(), 'UBEU', null)
insert into TSEGCRISUBCATL (SGTCRISUBCAT_NT, LAG_CF, SGTCRISUBCAT_LS, SGTCRISUBCAT_LL, CRE_D, CREUSR_CF, LSTUPD_D, LSTUPDUSR_CF, timestamp) values (8, 'F', 'Aliment', 'Aliment', getDate(), 'UBEU', getDate(), 'UBEU', null)
insert into TSEGCRISUBCATL (SGTCRISUBCAT_NT, LAG_CF, SGTCRISUBCAT_LS, SGTCRISUBCAT_LL, CRE_D, CREUSR_CF, LSTUPD_D, LSTUPDUSR_CF, timestamp) values (8, 'E', 'EGPI', 'EGPI', getDate(), 'UBEU', getDate(), 'UBEU', null)
insert into TSEGCRI2GRAN (SUBCAT_NT, GRAN_CF, CRE_D, CREUSR_CF) values (8, '3', getDate(), 'UBEU')
insert into TSEGCRISUBCAT (SGTCRISUBCAT_NT, SGTCRICAT_NT, SGTCRISUBCAT_LL, CRE_D, CREUSR_CF, LSTUPD_D, LSTUPDUSR_CF, timestamp) values (9, 6, 'GAL', getDate(), 'UBEU', getDate(), 'UBEU', null)
insert into TSEGCRISUBCATL (SGTCRISUBCAT_NT, LAG_CF, SGTCRISUBCAT_LS, SGTCRISUBCAT_LL, CRE_D, CREUSR_CF, LSTUPD_D, LSTUPDUSR_CF, timestamp) values (9, 'F', 'ECG', 'ECG', getDate(), 'UBEU', getDate(), 'UBEU', null)
insert into TSEGCRISUBCATL (SGTCRISUBCAT_NT, LAG_CF, SGTCRISUBCAT_LS, SGTCRISUBCAT_LL, CRE_D, CREUSR_CF, LSTUPD_D, LSTUPDUSR_CF, timestamp) values (9, 'E', 'GAL', 'GAL', getDate(), 'UBEU', getDate(), 'UBEU', null)
insert into TSEGCRI2GRAN (SUBCAT_NT, GRAN_CF, CRE_D, CREUSR_CF) values (9, '3', getDate(), 'UBEU')
insert into TSEGCRISUBCAT (SGTCRISUBCAT_NT, SGTCRICAT_NT, SGTCRISUBCAT_LL, CRE_D, CREUSR_CF, LSTUPD_D, LSTUPDUSR_CF, timestamp) values (10, 5, 'General', getDate(), 'UBEU', getDate(), 'UBEU', null)
insert into TSEGCRISUBCATL (SGTCRISUBCAT_NT, LAG_CF, SGTCRISUBCAT_LS, SGTCRISUBCAT_LL, CRE_D, CREUSR_CF, LSTUPD_D, LSTUPDUSR_CF, timestamp) values (10, 'F', 'Général', 'Général', getDate(), 'UBEU', getDate(), 'UBEU', null)
insert into TSEGCRISUBCATL (SGTCRISUBCAT_NT, LAG_CF, SGTCRISUBCAT_LS, SGTCRISUBCAT_LL, CRE_D, CREUSR_CF, LSTUPD_D, LSTUPDUSR_CF, timestamp) values (10, 'E', 'General', 'General', getDate(), 'UBEU', getDate(), 'UBEU', null)
insert into TSEGCRI2GRAN (SUBCAT_NT, GRAN_CF, CRE_D, CREUSR_CF) values (10, '1', getDate(), 'UBEU')
insert into TSEGCRI2GRAN (SUBCAT_NT, GRAN_CF, CRE_D, CREUSR_CF) values (10, '2', getDate(), 'UBEU')
insert into TSEGCRI2GRAN (SUBCAT_NT, GRAN_CF, CRE_D, CREUSR_CF) values (10, '3', getDate(), 'UBEU')
insert into TSEGCRISUBCAT (SGTCRISUBCAT_NT, SGTCRICAT_NT, SGTCRISUBCAT_LL, CRE_D, CREUSR_CF, LSTUPD_D, LSTUPDUSR_CF, timestamp) values (11, 4, 'Indicators', getDate(), 'UBEU', getDate(), 'UBEU', null)
insert into TSEGCRISUBCATL (SGTCRISUBCAT_NT, LAG_CF, SGTCRISUBCAT_LS, SGTCRISUBCAT_LL, CRE_D, CREUSR_CF, LSTUPD_D, LSTUPDUSR_CF, timestamp) values (11, 'F', 'Indicateurs', 'Indicateurs', getDate(), 'UBEU', getDate(), 'UBEU', null)
insert into TSEGCRISUBCATL (SGTCRISUBCAT_NT, LAG_CF, SGTCRISUBCAT_LS, SGTCRISUBCAT_LL, CRE_D, CREUSR_CF, LSTUPD_D, LSTUPDUSR_CF, timestamp) values (11, 'E', 'Indicators', 'Indicators', getDate(), 'UBEU', getDate(), 'UBEU', null)
insert into TSEGCRI2GRAN (SUBCAT_NT, GRAN_CF, CRE_D, CREUSR_CF) values (11, '1', getDate(), 'UBEU')
insert into TSEGCRI2GRAN (SUBCAT_NT, GRAN_CF, CRE_D, CREUSR_CF) values (11, '2', getDate(), 'UBEU')
insert into TSEGCRI2GRAN (SUBCAT_NT, GRAN_CF, CRE_D, CREUSR_CF) values (11, '3', getDate(), 'UBEU')
insert into TSEGCRISUBCAT (SGTCRISUBCAT_NT, SGTCRICAT_NT, SGTCRISUBCAT_LL, CRE_D, CREUSR_CF, LSTUPD_D, LSTUPDUSR_CF, timestamp) values (12, 3, 'Insured', getDate(), 'UBEU', getDate(), 'UBEU', null)
insert into TSEGCRISUBCATL (SGTCRISUBCAT_NT, LAG_CF, SGTCRISUBCAT_LS, SGTCRISUBCAT_LL, CRE_D, CREUSR_CF, LSTUPD_D, LSTUPDUSR_CF, timestamp) values (12, 'F', 'Assuré', 'Assuré', getDate(), 'UBEU', getDate(), 'UBEU', null)
insert into TSEGCRISUBCATL (SGTCRISUBCAT_NT, LAG_CF, SGTCRISUBCAT_LS, SGTCRISUBCAT_LL, CRE_D, CREUSR_CF, LSTUPD_D, LSTUPDUSR_CF, timestamp) values (12, 'E', 'Insured', 'Insured', getDate(), 'UBEU', getDate(), 'UBEU', null)
insert into TSEGCRI2GRAN (SUBCAT_NT, GRAN_CF, CRE_D, CREUSR_CF) values (12, '1', getDate(), 'UBEU')
insert into TSEGCRI2GRAN (SUBCAT_NT, GRAN_CF, CRE_D, CREUSR_CF) values (12, '2', getDate(), 'UBEU')
insert into TSEGCRI2GRAN (SUBCAT_NT, GRAN_CF, CRE_D, CREUSR_CF) values (12, '3', getDate(), 'UBEU')
insert into TSEGCRISUBCAT (SGTCRISUBCAT_NT, SGTCRICAT_NT, SGTCRISUBCAT_LL, CRE_D, CREUSR_CF, LSTUPD_D, LSTUPDUSR_CF, timestamp) values (13, 2, 'Internal Operations', getDate(), 'UBEU', getDate(), 'UBEU', null)
insert into TSEGCRISUBCATL (SGTCRISUBCAT_NT, LAG_CF, SGTCRISUBCAT_LS, SGTCRISUBCAT_LL, CRE_D, CREUSR_CF, LSTUPD_D, LSTUPDUSR_CF, timestamp) values (13, 'F', 'Echanges Internes', 'Echanges Internes', getDate(), 'UBEU', getDate(), 'UBEU', null)
insert into TSEGCRISUBCATL (SGTCRISUBCAT_NT, LAG_CF, SGTCRISUBCAT_LS, SGTCRISUBCAT_LL, CRE_D, CREUSR_CF, LSTUPD_D, LSTUPDUSR_CF, timestamp) values (13, 'E', 'Internal Operations', 'Internal Operations', getDate(), 'UBEU', getDate(), 'UBEU', null)
insert into TSEGCRI2GRAN (SUBCAT_NT, GRAN_CF, CRE_D, CREUSR_CF) values (13, '1', getDate(), 'UBEU')
insert into TSEGCRI2GRAN (SUBCAT_NT, GRAN_CF, CRE_D, CREUSR_CF) values (13, '2', getDate(), 'UBEU')
insert into TSEGCRI2GRAN (SUBCAT_NT, GRAN_CF, CRE_D, CREUSR_CF) values (13, '3', getDate(), 'UBEU')
insert into TSEGCRISUBCAT (SGTCRISUBCAT_NT, SGTCRICAT_NT, SGTCRISUBCAT_LL, CRE_D, CREUSR_CF, LSTUPD_D, LSTUPDUSR_CF, timestamp) values (14, 6, 'Liability', getDate(), 'UBEU', getDate(), 'UBEU', null)
insert into TSEGCRISUBCATL (SGTCRISUBCAT_NT, LAG_CF, SGTCRISUBCAT_LS, SGTCRISUBCAT_LL, CRE_D, CREUSR_CF, LSTUPD_D, LSTUPDUSR_CF, timestamp) values (14, 'F', 'Engagement', 'Engagement', getDate(), 'UBEU', getDate(), 'UBEU', null)
insert into TSEGCRISUBCATL (SGTCRISUBCAT_NT, LAG_CF, SGTCRISUBCAT_LS, SGTCRISUBCAT_LL, CRE_D, CREUSR_CF, LSTUPD_D, LSTUPDUSR_CF, timestamp) values (14, 'E', 'Liability', 'Liability', getDate(), 'UBEU', getDate(), 'UBEU', null)
insert into TSEGCRI2GRAN (SUBCAT_NT, GRAN_CF, CRE_D, CREUSR_CF) values (14, '3', getDate(), 'UBEU')
insert into TSEGCRISUBCAT (SGTCRISUBCAT_NT, SGTCRICAT_NT, SGTCRISUBCAT_LL, CRE_D, CREUSR_CF, LSTUPD_D, LSTUPDUSR_CF, timestamp) values (15, 1, 'Life', getDate(), 'UBEU', getDate(), 'UBEU', null)
insert into TSEGCRISUBCATL (SGTCRISUBCAT_NT, LAG_CF, SGTCRISUBCAT_LS, SGTCRISUBCAT_LL, CRE_D, CREUSR_CF, LSTUPD_D, LSTUPDUSR_CF, timestamp) values (15, 'F', 'Vie', 'Vie', getDate(), 'UBEU', getDate(), 'UBEU', null)
insert into TSEGCRISUBCATL (SGTCRISUBCAT_NT, LAG_CF, SGTCRISUBCAT_LS, SGTCRISUBCAT_LL, CRE_D, CREUSR_CF, LSTUPD_D, LSTUPDUSR_CF, timestamp) values (15, 'E', 'Life', 'Life', getDate(), 'UBEU', getDate(), 'UBEU', null)
insert into TSEGCRI2GRAN (SUBCAT_NT, GRAN_CF, CRE_D, CREUSR_CF) values (15, '1', getDate(), 'UBEU')
insert into TSEGCRI2GRAN (SUBCAT_NT, GRAN_CF, CRE_D, CREUSR_CF) values (15, '2', getDate(), 'UBEU')
insert into TSEGCRI2GRAN (SUBCAT_NT, GRAN_CF, CRE_D, CREUSR_CF) values (15, '3', getDate(), 'UBEU')
insert into TSEGCRI2GRAN (SUBCAT_NT, GRAN_CF, CRE_D, CREUSR_CF) values (15, '5', getDate(), 'UBEU')
insert into TSEGCRI2GRAN (SUBCAT_NT, GRAN_CF, CRE_D, CREUSR_CF) values (15, '4', getDate(), 'UBEU')
insert into TSEGCRISUBCAT (SGTCRISUBCAT_NT, SGTCRICAT_NT, SGTCRISUBCAT_LL, CRE_D, CREUSR_CF, LSTUPD_D, LSTUPDUSR_CF, timestamp) values (16, 6, 'Loss ratio', getDate(), 'UBEU', getDate(), 'UBEU', null)
insert into TSEGCRISUBCATL (SGTCRISUBCAT_NT, LAG_CF, SGTCRISUBCAT_LS, SGTCRISUBCAT_LL, CRE_D, CREUSR_CF, LSTUPD_D, LSTUPDUSR_CF, timestamp) values (16, 'F', 'SP', 'SP', getDate(), 'UBEU', getDate(), 'UBEU', null)
insert into TSEGCRISUBCATL (SGTCRISUBCAT_NT, LAG_CF, SGTCRISUBCAT_LS, SGTCRISUBCAT_LL, CRE_D, CREUSR_CF, LSTUPD_D, LSTUPDUSR_CF, timestamp) values (16, 'E', 'Loss ratio', 'Loss ratio', getDate(), 'UBEU', getDate(), 'UBEU', null)
insert into TSEGCRI2GRAN (SUBCAT_NT, GRAN_CF, CRE_D, CREUSR_CF) values (16, '3', getDate(), 'UBEU')
insert into TSEGCRISUBCAT (SGTCRISUBCAT_NT, SGTCRICAT_NT, SGTCRISUBCAT_LL, CRE_D, CREUSR_CF, LSTUPD_D, LSTUPDUSR_CF, timestamp) values (17, 7, 'Placement', getDate(), 'UBEU', getDate(), 'UBEU', null)
insert into TSEGCRISUBCATL (SGTCRISUBCAT_NT, LAG_CF, SGTCRISUBCAT_LS, SGTCRISUBCAT_LL, CRE_D, CREUSR_CF, LSTUPD_D, LSTUPDUSR_CF, timestamp) values (17, 'F', 'Placement', 'Placement', getDate(), 'UBEU', getDate(), 'UBEU', null)
insert into TSEGCRISUBCATL (SGTCRISUBCAT_NT, LAG_CF, SGTCRISUBCAT_LS, SGTCRISUBCAT_LL, CRE_D, CREUSR_CF, LSTUPD_D, LSTUPDUSR_CF, timestamp) values (17, 'E', 'Placement', 'Placement', getDate(), 'UBEU', getDate(), 'UBEU', null)
insert into TSEGCRI2GRAN (SUBCAT_NT, GRAN_CF, CRE_D, CREUSR_CF) values (17, '5', getDate(), 'UBEU')
insert into TSEGCRI2GRAN (SUBCAT_NT, GRAN_CF, CRE_D, CREUSR_CF) values (17, '4', getDate(), 'UBEU')
insert into TSEGCRISUBCAT (SGTCRISUBCAT_NT, SGTCRICAT_NT, SGTCRISUBCAT_LL, CRE_D, CREUSR_CF, LSTUPD_D, LSTUPDUSR_CF, timestamp) values (18, 4, 'Program', getDate(), 'UBEU', getDate(), 'UBEU', null)
insert into TSEGCRISUBCATL (SGTCRISUBCAT_NT, LAG_CF, SGTCRISUBCAT_LS, SGTCRISUBCAT_LL, CRE_D, CREUSR_CF, LSTUPD_D, LSTUPDUSR_CF, timestamp) values (18, 'F', 'Programme', 'Programme', getDate(), 'UBEU', getDate(), 'UBEU', null)
insert into TSEGCRISUBCATL (SGTCRISUBCAT_NT, LAG_CF, SGTCRISUBCAT_LS, SGTCRISUBCAT_LL, CRE_D, CREUSR_CF, LSTUPD_D, LSTUPDUSR_CF, timestamp) values (18, 'E', 'Program', 'Program', getDate(), 'UBEU', getDate(), 'UBEU', null)
insert into TSEGCRI2GRAN (SUBCAT_NT, GRAN_CF, CRE_D, CREUSR_CF) values (18, '1', getDate(), 'UBEU')
insert into TSEGCRI2GRAN (SUBCAT_NT, GRAN_CF, CRE_D, CREUSR_CF) values (18, '2', getDate(), 'UBEU')
insert into TSEGCRI2GRAN (SUBCAT_NT, GRAN_CF, CRE_D, CREUSR_CF) values (18, '3', getDate(), 'UBEU')
insert into TSEGCRISUBCAT (SGTCRISUBCAT_NT, SGTCRICAT_NT, SGTCRISUBCAT_LL, CRE_D, CREUSR_CF, LSTUPD_D, LSTUPDUSR_CF, timestamp) values (19, 8, 'Section', getDate(), 'UBEU', getDate(), 'UBEU', null)
insert into TSEGCRISUBCATL (SGTCRISUBCAT_NT, LAG_CF, SGTCRISUBCAT_LS, SGTCRISUBCAT_LL, CRE_D, CREUSR_CF, LSTUPD_D, LSTUPDUSR_CF, timestamp) values (19, 'F', 'Section', 'Section', getDate(), 'UBEU', getDate(), 'UBEU', null)
insert into TSEGCRISUBCATL (SGTCRISUBCAT_NT, LAG_CF, SGTCRISUBCAT_LS, SGTCRISUBCAT_LL, CRE_D, CREUSR_CF, LSTUPD_D, LSTUPDUSR_CF, timestamp) values (19, 'E', 'Section', 'Section', getDate(), 'UBEU', getDate(), 'UBEU', null)
insert into TSEGCRI2GRAN (SUBCAT_NT, GRAN_CF, CRE_D, CREUSR_CF) values (19, '1', getDate(), 'UBEU')
insert into TSEGCRI2GRAN (SUBCAT_NT, GRAN_CF, CRE_D, CREUSR_CF) values (19, '2', getDate(), 'UBEU')
insert into TSEGCRI2GRAN (SUBCAT_NT, GRAN_CF, CRE_D, CREUSR_CF) values (19, '3', getDate(), 'UBEU')
insert into TSEGCRISUBCAT (SGTCRISUBCAT_NT, SGTCRICAT_NT, SGTCRISUBCAT_LL, CRE_D, CREUSR_CF, LSTUPD_D, LSTUPDUSR_CF, timestamp) values (20, 7, 'Section', getDate(), 'UBEU', getDate(), 'UBEU', null)
insert into TSEGCRISUBCATL (SGTCRISUBCAT_NT, LAG_CF, SGTCRISUBCAT_LS, SGTCRISUBCAT_LL, CRE_D, CREUSR_CF, LSTUPD_D, LSTUPDUSR_CF, timestamp) values (20, 'F', 'Section', 'Section', getDate(), 'UBEU', getDate(), 'UBEU', null)
insert into TSEGCRISUBCATL (SGTCRISUBCAT_NT, LAG_CF, SGTCRISUBCAT_LS, SGTCRISUBCAT_LL, CRE_D, CREUSR_CF, LSTUPD_D, LSTUPDUSR_CF, timestamp) values (20, 'E', 'Section', 'Section', getDate(), 'UBEU', getDate(), 'UBEU', null)
insert into TSEGCRI2GRAN (SUBCAT_NT, GRAN_CF, CRE_D, CREUSR_CF) values (20, '5', getDate(), 'UBEU')
insert into TSEGCRI2GRAN (SUBCAT_NT, GRAN_CF, CRE_D, CREUSR_CF) values (20, '4', getDate(), 'UBEU')
insert into TSEGCRISUBCAT (SGTCRISUBCAT_NT, SGTCRICAT_NT, SGTCRISUBCAT_LL, CRE_D, CREUSR_CF, LSTUPD_D, LSTUPDUSR_CF, timestamp) values (0, 0, 'Group', getDate(), 'UBEU', getDate(), 'UBEU', null)
insert into TSEGCRISUBCATL (SGTCRISUBCAT_NT, LAG_CF, SGTCRISUBCAT_LS, SGTCRISUBCAT_LL, CRE_D, CREUSR_CF, LSTUPD_D, LSTUPDUSR_CF, timestamp) values (0, 'F', 'Groupe', 'Groupe', getDate(), 'UBEU', getDate(), 'UBEU', null)
insert into TSEGCRISUBCATL (SGTCRISUBCAT_NT, LAG_CF, SGTCRISUBCAT_LS, SGTCRISUBCAT_LL, CRE_D, CREUSR_CF, LSTUPD_D, LSTUPDUSR_CF, timestamp) values (0, 'E', 'Group', 'Group', getDate(), 'UBEU', getDate(), 'UBEU', null)
insert into TSEGCRI2GRAN (SUBCAT_NT, GRAN_CF, CRE_D, CREUSR_CF) values (0, '1', getDate(), 'UBEU')
insert into TSEGCRI2GRAN (SUBCAT_NT, GRAN_CF, CRE_D, CREUSR_CF) values (0, '2', getDate(), 'UBEU')
insert into TSEGCRI2GRAN (SUBCAT_NT, GRAN_CF, CRE_D, CREUSR_CF) values (0, '3', getDate(), 'UBEU')
insert into TSEGCRI2GRAN (SUBCAT_NT, GRAN_CF, CRE_D, CREUSR_CF) values (0, '5', getDate(), 'UBEU')
insert into TSEGCRI2GRAN (SUBCAT_NT, GRAN_CF, CRE_D, CREUSR_CF) values (0, '4', getDate(), 'UBEU')
insert into TSEGCRISUBCAT (SGTCRISUBCAT_NT, SGTCRICAT_NT, SGTCRISUBCAT_LL, CRE_D, CREUSR_CF, LSTUPD_D, LSTUPDUSR_CF, timestamp) values (21, 6, 'Share', getDate(), 'UBEU', getDate(), 'UBEU', null)
insert into TSEGCRISUBCATL (SGTCRISUBCAT_NT, LAG_CF, SGTCRISUBCAT_LS, SGTCRISUBCAT_LL, CRE_D, CREUSR_CF, LSTUPD_D, LSTUPDUSR_CF, timestamp) values (21, 'F', 'Part', 'Part', getDate(), 'UBEU', getDate(), 'UBEU', null)
insert into TSEGCRISUBCATL (SGTCRISUBCAT_NT, LAG_CF, SGTCRISUBCAT_LS, SGTCRISUBCAT_LL, CRE_D, CREUSR_CF, LSTUPD_D, LSTUPDUSR_CF, timestamp) values (21, 'E', 'Share', 'Share', getDate(), 'UBEU', getDate(), 'UBEU', null)
insert into TSEGCRI2GRAN (SUBCAT_NT, GRAN_CF, CRE_D, CREUSR_CF) values (21, '3', getDate(), 'UBEU')

-- Assumed Columns
insert into TSEGUWCOLUMN (SGTUWTAB_CF, SGTUWCOL_CF, SGTUWCOL_LS, SGTUWTYP_CT, SGTUWORDER_NB, SGTUWLEN_NB, SGTUWSCA_NB, SGTUWPRE_NB, CRE_D, CREUSR_CF, LSTUPD_D, LSTUPDUSR_CF, timestamp) values ('TSEGUWASMSEC', 'CTR_NF', 'CONTRACT', 'UCTR_NF', 1, null, null, null, getDate(), 'UBEU', getDate(), 'UBEU', null)
insert into TSEGUWCOLUMN (SGTUWTAB_CF, SGTUWCOL_CF, SGTUWCOL_LS, SGTUWTYP_CT, SGTUWORDER_NB, SGTUWLEN_NB, SGTUWSCA_NB, SGTUWPRE_NB, CRE_D, CREUSR_CF, LSTUPD_D, LSTUPDUSR_CF, timestamp) values ('TSEGUWASMSEC', 'UWY_NF', 'UWY', 'UUWY_NF', 2, null, null, null, getDate(), 'UBEU', getDate(), 'UBEU', null)
insert into TSEGUWCOLUMN (SGTUWTAB_CF, SGTUWCOL_CF, SGTUWCOL_LS, SGTUWTYP_CT, SGTUWORDER_NB, SGTUWLEN_NB, SGTUWSCA_NB, SGTUWPRE_NB, CRE_D, CREUSR_CF, LSTUPD_D, LSTUPDUSR_CF, timestamp) values ('TSEGUWASMSEC', 'UW_NT', 'UWY_ORDER', 'UUW_NT', 3, null, null, null, getDate(), 'UBEU', getDate(), 'UBEU', null)
insert into TSEGUWCOLUMN (SGTUWTAB_CF, SGTUWCOL_CF, SGTUWCOL_LS, SGTUWTYP_CT, SGTUWORDER_NB, SGTUWLEN_NB, SGTUWSCA_NB, SGTUWPRE_NB, CRE_D, CREUSR_CF, LSTUPD_D, LSTUPDUSR_CF, timestamp) values ('TSEGUWASMSEC', 'END_NT', 'ENDORSEMENT', 'UEND_NT', 4, null, null, null, getDate(), 'UBEU', getDate(), 'UBEU', null)
insert into TSEGUWCOLUMN (SGTUWTAB_CF, SGTUWCOL_CF, SGTUWCOL_LS, SGTUWTYP_CT, SGTUWORDER_NB, SGTUWLEN_NB, SGTUWSCA_NB, SGTUWPRE_NB, CRE_D, CREUSR_CF, LSTUPD_D, LSTUPDUSR_CF, timestamp) values ('TSEGUWASMSEC', 'SEC_NF', 'SECTION', 'USEC_NF', 5, null, null, null, getDate(), 'UBEU', getDate(), 'UBEU', null)
insert into TSEGUWCOLUMN (SGTUWTAB_CF, SGTUWCOL_CF, SGTUWCOL_LS, SGTUWTYP_CT, SGTUWORDER_NB, SGTUWLEN_NB, SGTUWSCA_NB, SGTUWPRE_NB, CRE_D, CREUSR_CF, LSTUPD_D, LSTUPDUSR_CF, timestamp) values ('TSEGUWASMSEC', 'UWLSTUPD_D', 'UWLSTUPD_D', 'datetime', 6, null, null, null, getDate(), 'UBEU', getDate(), 'UBEU', null)
insert into TSEGUWCOLUMN (SGTUWTAB_CF, SGTUWCOL_CF, SGTUWCOL_LS, SGTUWTYP_CT, SGTUWORDER_NB, SGTUWLEN_NB, SGTUWSCA_NB, SGTUWPRE_NB, CRE_D, CREUSR_CF, LSTUPD_D, LSTUPDUSR_CF, timestamp) values ('TSEGUWASMSEC', 'SSD_CF', 'SUBSIDIARY', 'USSD_CF', 7, null, null, null, getDate(), 'UBEU', getDate(), 'UBEU', null)
insert into TSEGUWCOLUMN (SGTUWTAB_CF, SGTUWCOL_CF, SGTUWCOL_LS, SGTUWTYP_CT, SGTUWORDER_NB, SGTUWLEN_NB, SGTUWSCA_NB, SGTUWPRE_NB, CRE_D, CREUSR_CF, LSTUPD_D, LSTUPDUSR_CF, timestamp) values ('TSEGUWASMSEC', 'ACCESB_CF', 'SUBLEDGER', 'UESB_CF', 8, null, null, null, getDate(), 'UBEU', getDate(), 'UBEU', null)
insert into TSEGUWCOLUMN (SGTUWTAB_CF, SGTUWCOL_CF, SGTUWCOL_LS, SGTUWTYP_CT, SGTUWORDER_NB, SGTUWLEN_NB, SGTUWSCA_NB, SGTUWPRE_NB, CRE_D, CREUSR_CF, LSTUPD_D, LSTUPDUSR_CF, timestamp) values ('TSEGUWASMSEC', 'NAT_CF', 'SEC_NATURE', 'UCTRNAT_CF', 9, null, null, null, getDate(), 'UBEU', getDate(), 'UBEU', null)
insert into TSEGUWCOLUMN (SGTUWTAB_CF, SGTUWCOL_CF, SGTUWCOL_LS, SGTUWTYP_CT, SGTUWORDER_NB, SGTUWLEN_NB, SGTUWSCA_NB, SGTUWPRE_NB, CRE_D, CREUSR_CF, LSTUPD_D, LSTUPDUSR_CF, timestamp) values ('TSEGUWASMSEC', 'CTRSTS_CT', 'CTR_STATUS', 'UCTRSTS_CT', 10, null, null, null, getDate(), 'UBEU', getDate(), 'UBEU', null)
insert into TSEGUWCOLUMN (SGTUWTAB_CF, SGTUWCOL_CF, SGTUWCOL_LS, SGTUWTYP_CT, SGTUWORDER_NB, SGTUWLEN_NB, SGTUWSCA_NB, SGTUWPRE_NB, CRE_D, CREUSR_CF, LSTUPD_D, LSTUPDUSR_CF, timestamp) values ('TSEGUWASMSEC', 'CTRTYP_CT', 'CTR_TYPE', 'UCTRTYP_CT', 11, null, null, null, getDate(), 'UBEU', getDate(), 'UBEU', null)
insert into TSEGUWCOLUMN (SGTUWTAB_CF, SGTUWCOL_CF, SGTUWCOL_LS, SGTUWTYP_CT, SGTUWORDER_NB, SGTUWLEN_NB, SGTUWSCA_NB, SGTUWPRE_NB, CRE_D, CREUSR_CF, LSTUPD_D, LSTUPDUSR_CF, timestamp) values ('TSEGUWASMSEC', 'SECSTS_CT', 'SEC_STATUS', 'UCTRSTS_CT', 12, null, null, null, getDate(), 'UBEU', getDate(), 'UBEU', null)
insert into TSEGUWCOLUMN (SGTUWTAB_CF, SGTUWCOL_CF, SGTUWCOL_LS, SGTUWTYP_CT, SGTUWORDER_NB, SGTUWLEN_NB, SGTUWSCA_NB, SGTUWPRE_NB, CRE_D, CREUSR_CF, LSTUPD_D, LSTUPDUSR_CF, timestamp) values ('TSEGUWASMSEC', 'SECACCSTS_CT', 'SEC_ACC_STATUS', 'UACCSTS_CT', 13, null, null, null, getDate(), 'UBEU', getDate(), 'UBEU', null)
insert into TSEGUWCOLUMN (SGTUWTAB_CF, SGTUWCOL_CF, SGTUWCOL_LS, SGTUWTYP_CT, SGTUWORDER_NB, SGTUWLEN_NB, SGTUWSCA_NB, SGTUWPRE_NB, CRE_D, CREUSR_CF, LSTUPD_D, LSTUPDUSR_CF, timestamp) values ('TSEGUWASMSEC', 'LSTEND_B', 'ENDORSEMENT_LAST', 'bit', 14, null, null, null, getDate(), 'UBEU', getDate(), 'UBEU', null)
insert into TSEGUWCOLUMN (SGTUWTAB_CF, SGTUWCOL_CF, SGTUWCOL_LS, SGTUWTYP_CT, SGTUWORDER_NB, SGTUWLEN_NB, SGTUWSCA_NB, SGTUWPRE_NB, CRE_D, CREUSR_CF, LSTUPD_D, LSTUPDUSR_CF, timestamp) values ('TSEGUWASMSEC', 'LSTUWY_B', 'UWY_LAST', 'bit', 15, null, null, null, getDate(), 'UBEU', getDate(), 'UBEU', null)
insert into TSEGUWCOLUMN (SGTUWTAB_CF, SGTUWCOL_CF, SGTUWCOL_LS, SGTUWTYP_CT, SGTUWORDER_NB, SGTUWLEN_NB, SGTUWSCA_NB, SGTUWPRE_NB, CRE_D, CREUSR_CF, LSTUPD_D, LSTUPDUSR_CF, timestamp) values ('TSEGUWASMSEC', 'CLISSD_CF', 'CLIENT_SCOR', 'USSD_CF', 16, null, null, null, getDate(), 'UBEU', getDate(), 'UBEU', null)
insert into TSEGUWCOLUMN (SGTUWTAB_CF, SGTUWCOL_CF, SGTUWCOL_LS, SGTUWTYP_CT, SGTUWORDER_NB, SGTUWLEN_NB, SGTUWSCA_NB, SGTUWPRE_NB, CRE_D, CREUSR_CF, LSTUPD_D, LSTUPDUSR_CF, timestamp) values ('TSEGUWASMSEC', 'ACCADMTYP_CT', 'SEC_ACCOUNTYPE', 'UACCADMTYP_CT', 17, null, null, null, getDate(), 'UBEU', getDate(), 'UBEU', null)
insert into TSEGUWCOLUMN (SGTUWTAB_CF, SGTUWCOL_CF, SGTUWCOL_LS, SGTUWTYP_CT, SGTUWORDER_NB, SGTUWLEN_NB, SGTUWSCA_NB, SGTUWPRE_NB, CRE_D, CREUSR_CF, LSTUPD_D, LSTUPDUSR_CF, timestamp) values ('TSEGUWASMSEC', 'ACCGRP_CF', 'CTR_ACCOUNTING_UNIT', 'UGRP_CF', 18, null, null, null, getDate(), 'UBEU', getDate(), 'UBEU', null)
insert into TSEGUWCOLUMN (SGTUWTAB_CF, SGTUWCOL_CF, SGTUWCOL_LS, SGTUWTYP_CT, SGTUWORDER_NB, SGTUWLEN_NB, SGTUWSCA_NB, SGTUWPRE_NB, CRE_D, CREUSR_CF, LSTUPD_D, LSTUPDUSR_CF, timestamp) values ('TSEGUWASMSEC', 'ACCLIA_M', 'GAL', 'UAMT_M', 19, null, null, null, getDate(), 'UBEU', getDate(), 'UBEU', null)
insert into TSEGUWCOLUMN (SGTUWTAB_CF, SGTUWCOL_CF, SGTUWCOL_LS, SGTUWTYP_CT, SGTUWORDER_NB, SGTUWLEN_NB, SGTUWSCA_NB, SGTUWPRE_NB, CRE_D, CREUSR_CF, LSTUPD_D, LSTUPDUSR_CF, timestamp) values ('TSEGUWASMSEC', 'ADMGRP_CF', 'CTR_ADMIN_UNIT', 'UGRP_CF', 20, null, null, null, getDate(), 'UBEU', getDate(), 'UBEU', null)
insert into TSEGUWCOLUMN (SGTUWTAB_CF, SGTUWCOL_CF, SGTUWCOL_LS, SGTUWTYP_CT, SGTUWORDER_NB, SGTUWLEN_NB, SGTUWSCA_NB, SGTUWPRE_NB, CRE_D, CREUSR_CF, LSTUPD_D, LSTUPDUSR_CF, timestamp) values ('TSEGUWASMSEC', 'ALLTRT_B', 'ALLOCATED_TREATY', 'bit', 21, null, null, null, getDate(), 'UBEU', getDate(), 'UBEU', null)
insert into TSEGUWCOLUMN (SGTUWTAB_CF, SGTUWCOL_CF, SGTUWCOL_LS, SGTUWTYP_CT, SGTUWORDER_NB, SGTUWLEN_NB, SGTUWSCA_NB, SGTUWPRE_NB, CRE_D, CREUSR_CF, LSTUPD_D, LSTUPDUSR_CF, timestamp) values ('TSEGUWASMSEC', 'AMBCURRAT_CT', 'RATING_AMB', 'tinyint', 22, null, null, null, getDate(), 'UBEU', getDate(), 'UBEU', null)
insert into TSEGUWCOLUMN (SGTUWTAB_CF, SGTUWCOL_CF, SGTUWCOL_LS, SGTUWTYP_CT, SGTUWORDER_NB, SGTUWLEN_NB, SGTUWSCA_NB, SGTUWPRE_NB, CRE_D, CREUSR_CF, LSTUPD_D, LSTUPDUSR_CF, timestamp) values ('TSEGUWASMSEC', 'ANLCTY_CF', 'COUNTRY_REPORTING', 'UCTY_CF', 23, null, null, null, getDate(), 'UBEU', getDate(), 'UBEU', null)
insert into TSEGUWCOLUMN (SGTUWTAB_CF, SGTUWCOL_CF, SGTUWCOL_LS, SGTUWTYP_CT, SGTUWORDER_NB, SGTUWLEN_NB, SGTUWSCA_NB, SGTUWPRE_NB, CRE_D, CREUSR_CF, LSTUPD_D, LSTUPDUSR_CF, timestamp) values ('TSEGUWASMSEC', 'ASSFINANCE_CT', 'SEC_IFRS', 'UACCADMTYP_CT', 24, null, null, null, getDate(), 'UBEU', getDate(), 'UBEU', null)
insert into TSEGUWCOLUMN (SGTUWTAB_CF, SGTUWCOL_CF, SGTUWCOL_LS, SGTUWTYP_CT, SGTUWORDER_NB, SGTUWLEN_NB, SGTUWSCA_NB, SGTUWPRE_NB, CRE_D, CREUSR_CF, LSTUPD_D, LSTUPDUSR_CF, timestamp) values ('TSEGUWASMSEC', 'BOQ_NF', 'CTR_BOUQUET', 'UCTRGRP_NF', 25, null, null, null, getDate(), 'UBEU', getDate(), 'UBEU', null)
insert into TSEGUWCOLUMN (SGTUWTAB_CF, SGTUWCOL_CF, SGTUWCOL_LS, SGTUWTYP_CT, SGTUWORDER_NB, SGTUWLEN_NB, SGTUWSCA_NB, SGTUWPRE_NB, CRE_D, CREUSR_CF, LSTUPD_D, LSTUPDUSR_CF, timestamp) values ('TSEGUWASMSEC', 'CAT_B', 'CTR_CAT', 'bit', 26, null, null, null, getDate(), 'UBEU', getDate(), 'UBEU', null)
insert into TSEGUWCOLUMN (SGTUWTAB_CF, SGTUWCOL_CF, SGTUWCOL_LS, SGTUWTYP_CT, SGTUWORDER_NB, SGTUWLEN_NB, SGTUWSCA_NB, SGTUWPRE_NB, CRE_D, CREUSR_CF, LSTUPD_D, LSTUPDUSR_CF, timestamp) values ('TSEGUWASMSEC', 'CATCNDEXI_B', 'PRG_EQ', 'bit', 27, null, null, null, getDate(), 'UBEU', getDate(), 'UBEU', null)
insert into TSEGUWCOLUMN (SGTUWTAB_CF, SGTUWCOL_CF, SGTUWCOL_LS, SGTUWTYP_CT, SGTUWORDER_NB, SGTUWLEN_NB, SGTUWSCA_NB, SGTUWPRE_NB, CRE_D, CREUSR_CF, LSTUPD_D, LSTUPDUSR_CF, timestamp) values ('TSEGUWASMSEC', 'CATRSKTYP_CT', 'CAT_RISK_TYPE', 'UCATRSKTYP_CT', 28, null, null, null, getDate(), 'UBEU', getDate(), 'UBEU', null)
insert into TSEGUWCOLUMN (SGTUWTAB_CF, SGTUWCOL_CF, SGTUWCOL_LS, SGTUWTYP_CT, SGTUWORDER_NB, SGTUWLEN_NB, SGTUWSCA_NB, SGTUWPRE_NB, CRE_D, CREUSR_CF, LSTUPD_D, LSTUPDUSR_CF, timestamp) values ('TSEGUWASMSEC', 'CED_NF', 'CEDANT', 'UCLI_NF', 29, null, null, null, getDate(), 'UBEU', getDate(), 'UBEU', null)
insert into TSEGUWCOLUMN (SGTUWTAB_CF, SGTUWCOL_CF, SGTUWCOL_LS, SGTUWTYP_CT, SGTUWORDER_NB, SGTUWLEN_NB, SGTUWSCA_NB, SGTUWPRE_NB, CRE_D, CREUSR_CF, LSTUPD_D, LSTUPDUSR_CF, timestamp) values ('TSEGUWASMSEC', 'CLIACT_CF', 'CLI_ACTIVITY', 'UCLIACT_CF', 30, null, null, null, getDate(), 'UBEU', getDate(), 'UBEU', null)
insert into TSEGUWCOLUMN (SGTUWTAB_CF, SGTUWCOL_CF, SGTUWCOL_LS, SGTUWTYP_CT, SGTUWORDER_NB, SGTUWLEN_NB, SGTUWSCA_NB, SGTUWPRE_NB, CRE_D, CREUSR_CF, LSTUPD_D, LSTUPDUSR_CF, timestamp) values ('TSEGUWASMSEC', 'CLICTY_CF', 'CLI_COUNTRY', 'UCTY_CF', 31, null, null, null, getDate(), 'UBEU', getDate(), 'UBEU', null)
insert into TSEGUWCOLUMN (SGTUWTAB_CF, SGTUWCOL_CF, SGTUWCOL_LS, SGTUWTYP_CT, SGTUWORDER_NB, SGTUWLEN_NB, SGTUWSCA_NB, SGTUWPRE_NB, CRE_D, CREUSR_CF, LSTUPD_D, LSTUPDUSR_CF, timestamp) values ('TSEGUWASMSEC', 'CLINAT_CF', 'CLI_NATURE', 'UCLINAT_CF', 32, null, null, null, getDate(), 'UBEU', getDate(), 'UBEU', null)
insert into TSEGUWCOLUMN (SGTUWTAB_CF, SGTUWCOL_CF, SGTUWCOL_LS, SGTUWTYP_CT, SGTUWORDER_NB, SGTUWLEN_NB, SGTUWSCA_NB, SGTUWPRE_NB, CRE_D, CREUSR_CF, LSTUPD_D, LSTUPDUSR_CF, timestamp) values ('TSEGUWASMSEC', 'CLISTS_CT', 'CLI_STATUS', 'UCLISTS_CT', 33, null, null, null, getDate(), 'UBEU', getDate(), 'UBEU', null)
insert into TSEGUWCOLUMN (SGTUWTAB_CF, SGTUWCOL_CF, SGTUWCOL_LS, SGTUWTYP_CT, SGTUWORDER_NB, SGTUWLEN_NB, SGTUWSCA_NB, SGTUWPRE_NB, CRE_D, CREUSR_CF, LSTUPD_D, LSTUPDUSR_CF, timestamp) values ('TSEGUWASMSEC', 'CLISUPIND_B', 'CLISUPIND_B', 'bit', 34, null, null, null, getDate(), 'UBEU', getDate(), 'UBEU', null)
insert into TSEGUWCOLUMN (SGTUWTAB_CF, SGTUWCOL_CF, SGTUWCOL_LS, SGTUWTYP_CT, SGTUWORDER_NB, SGTUWLEN_NB, SGTUWSCA_NB, SGTUWPRE_NB, CRE_D, CREUSR_CF, LSTUPD_D, LSTUPDUSR_CF, timestamp) values ('TSEGUWASMSEC', 'CLITYP_CF', 'CLI_TYPE', 'UCLITYP_CF', 35, null, null, null, getDate(), 'UBEU', getDate(), 'UBEU', null)
insert into TSEGUWCOLUMN (SGTUWTAB_CF, SGTUWCOL_CF, SGTUWCOL_LS, SGTUWTYP_CT, SGTUWORDER_NB, SGTUWLEN_NB, SGTUWSCA_NB, SGTUWPRE_NB, CRE_D, CREUSR_CF, LSTUPD_D, LSTUPDUSR_CF, timestamp) values ('TSEGUWASMSEC', 'CLMATTTYP_CT', 'CLAIMS_ATTACHING_TYPE', 'tinyint', 36, null, null, null, getDate(), 'UBEU', getDate(), 'UBEU', null)
insert into TSEGUWCOLUMN (SGTUWTAB_CF, SGTUWCOL_CF, SGTUWCOL_LS, SGTUWTYP_CT, SGTUWORDER_NB, SGTUWLEN_NB, SGTUWSCA_NB, SGTUWPRE_NB, CRE_D, CREUSR_CF, LSTUPD_D, LSTUPDUSR_CF, timestamp) values ('TSEGUWASMSEC', 'CLMCUTOFF_B', 'CLAIM_CUT_OFF', 'bit', 37, null, null, null, getDate(), 'UBEU', getDate(), 'UBEU', null)
insert into TSEGUWCOLUMN (SGTUWTAB_CF, SGTUWCOL_CF, SGTUWCOL_LS, SGTUWTYP_CT, SGTUWORDER_NB, SGTUWLEN_NB, SGTUWSCA_NB, SGTUWPRE_NB, CRE_D, CREUSR_CF, LSTUPD_D, LSTUPDUSR_CF, timestamp) values ('TSEGUWASMSEC', 'CLMRUNOFF_B', 'CLAIM_RUN_OFF', 'bit', 38, null, null, null, getDate(), 'UBEU', getDate(), 'UBEU', null)
insert into TSEGUWCOLUMN (SGTUWTAB_CF, SGTUWCOL_CF, SGTUWCOL_LS, SGTUWTYP_CT, SGTUWORDER_NB, SGTUWLEN_NB, SGTUWSCA_NB, SGTUWPRE_NB, CRE_D, CREUSR_CF, LSTUPD_D, LSTUPDUSR_CF, timestamp) values ('TSEGUWASMSEC', 'CNATYP_CT', 'DAC_CALCULATION_TYPE', 'char', 39, 1, null, null, getDate(), 'UBEU', getDate(), 'UBEU', null)
insert into TSEGUWCOLUMN (SGTUWTAB_CF, SGTUWCOL_CF, SGTUWCOL_LS, SGTUWTYP_CT, SGTUWORDER_NB, SGTUWLEN_NB, SGTUWSCA_NB, SGTUWPRE_NB, CRE_D, CREUSR_CF, LSTUPD_D, LSTUPDUSR_CF, timestamp) values ('TSEGUWASMSEC', 'CTRACC_D', 'CTR_ACC_STATUS_DATE', 'datetime', 40, null, null, null, getDate(), 'UBEU', getDate(), 'UBEU', null)
insert into TSEGUWCOLUMN (SGTUWTAB_CF, SGTUWCOL_CF, SGTUWCOL_LS, SGTUWTYP_CT, SGTUWORDER_NB, SGTUWLEN_NB, SGTUWSCA_NB, SGTUWPRE_NB, CRE_D, CREUSR_CF, LSTUPD_D, LSTUPDUSR_CF, timestamp) values ('TSEGUWASMSEC', 'CTRACCSTS_CT', 'CTR_ACCOUNTING_STATUS', 'UACCSTS_CT', 41, null, null, null, getDate(), 'UBEU', getDate(), 'UBEU', null)
insert into TSEGUWCOLUMN (SGTUWTAB_CF, SGTUWCOL_CF, SGTUWCOL_LS, SGTUWTYP_CT, SGTUWORDER_NB, SGTUWLEN_NB, SGTUWSCA_NB, SGTUWPRE_NB, CRE_D, CREUSR_CF, LSTUPD_D, LSTUPDUSR_CF, timestamp) values ('TSEGUWASMSEC', 'CTREXP_D', 'CTR_EXPIRY_DATE', 'datetime', 42, null, null, null, getDate(), 'UBEU', getDate(), 'UBEU', null)
insert into TSEGUWCOLUMN (SGTUWTAB_CF, SGTUWCOL_CF, SGTUWCOL_LS, SGTUWTYP_CT, SGTUWORDER_NB, SGTUWLEN_NB, SGTUWSCA_NB, SGTUWPRE_NB, CRE_D, CREUSR_CF, LSTUPD_D, LSTUPDUSR_CF, timestamp) values ('TSEGUWASMSEC', 'CTRINC_D', 'CTR_UWWY_INCEPTATION_DATE', 'datetime', 43, null, null, null, getDate(), 'UBEU', getDate(), 'UBEU', null)
insert into TSEGUWCOLUMN (SGTUWTAB_CF, SGTUWCOL_CF, SGTUWCOL_LS, SGTUWTYP_CT, SGTUWORDER_NB, SGTUWLEN_NB, SGTUWSCA_NB, SGTUWPRE_NB, CRE_D, CREUSR_CF, LSTUPD_D, LSTUPDUSR_CF, timestamp) values ('TSEGUWASMSEC', 'CTROLDNBR_LM', 'CTROLDNBR_LM', 'UL32', 44, null, null, null, getDate(), 'UBEU', getDate(), 'UBEU', null)
insert into TSEGUWCOLUMN (SGTUWTAB_CF, SGTUWCOL_CF, SGTUWCOL_LS, SGTUWTYP_CT, SGTUWORDER_NB, SGTUWLEN_NB, SGTUWSCA_NB, SGTUWPRE_NB, CRE_D, CREUSR_CF, LSTUPD_D, LSTUPDUSR_CF, timestamp) values ('TSEGUWASMSEC', 'CTROLDNBR_LS', 'CTROLDNBR_LS', 'char', 45, 5, null, null, getDate(), 'UBEU', getDate(), 'UBEU', null)
insert into TSEGUWCOLUMN (SGTUWTAB_CF, SGTUWCOL_CF, SGTUWCOL_LS, SGTUWTYP_CT, SGTUWORDER_NB, SGTUWLEN_NB, SGTUWSCA_NB, SGTUWPRE_NB, CRE_D, CREUSR_CF, LSTUPD_D, LSTUPDUSR_CF, timestamp) values ('TSEGUWASMSEC', 'CTRNAT_CT', 'F_N_P', 'char', 46, 1, null, null, getDate(), 'UBEU', getDate(), 'UBEU', null)
insert into TSEGUWCOLUMN (SGTUWTAB_CF, SGTUWCOL_CF, SGTUWCOL_LS, SGTUWTYP_CT, SGTUWORDER_NB, SGTUWLEN_NB, SGTUWSCA_NB, SGTUWPRE_NB, CRE_D, CREUSR_CF, LSTUPD_D, LSTUPDUSR_CF, timestamp) values ('TSEGUWASMSEC', 'CTRQUA_CF', 'CTR_QUALIFIER1', 'smallint', 47, null, null, null, getDate(), 'UBEU', getDate(), 'UBEU', null)
insert into TSEGUWCOLUMN (SGTUWTAB_CF, SGTUWCOL_CF, SGTUWCOL_LS, SGTUWTYP_CT, SGTUWORDER_NB, SGTUWLEN_NB, SGTUWSCA_NB, SGTUWPRE_NB, CRE_D, CREUSR_CF, LSTUPD_D, LSTUPDUSR_CF, timestamp) values ('TSEGUWASMSEC', 'CTRQUA10_CF', 'CTR_QUALIFIER10', 'smallint', 48, null, null, null, getDate(), 'UBEU', getDate(), 'UBEU', null)
insert into TSEGUWCOLUMN (SGTUWTAB_CF, SGTUWCOL_CF, SGTUWCOL_LS, SGTUWTYP_CT, SGTUWORDER_NB, SGTUWLEN_NB, SGTUWSCA_NB, SGTUWPRE_NB, CRE_D, CREUSR_CF, LSTUPD_D, LSTUPDUSR_CF, timestamp) values ('TSEGUWASMSEC', 'CTRQUA2_CF', 'CTR_QUALIFIER2', 'smallint', 49, null, null, null, getDate(), 'UBEU', getDate(), 'UBEU', null)
insert into TSEGUWCOLUMN (SGTUWTAB_CF, SGTUWCOL_CF, SGTUWCOL_LS, SGTUWTYP_CT, SGTUWORDER_NB, SGTUWLEN_NB, SGTUWSCA_NB, SGTUWPRE_NB, CRE_D, CREUSR_CF, LSTUPD_D, LSTUPDUSR_CF, timestamp) values ('TSEGUWASMSEC', 'CTRQUA3_CF', 'CTR_QUALIFIER3', 'smallint', 50, null, null, null, getDate(), 'UBEU', getDate(), 'UBEU', null)
insert into TSEGUWCOLUMN (SGTUWTAB_CF, SGTUWCOL_CF, SGTUWCOL_LS, SGTUWTYP_CT, SGTUWORDER_NB, SGTUWLEN_NB, SGTUWSCA_NB, SGTUWPRE_NB, CRE_D, CREUSR_CF, LSTUPD_D, LSTUPDUSR_CF, timestamp) values ('TSEGUWASMSEC', 'CTRQUA4_CF', 'CTR_QUALIFIER4', 'smallint', 51, null, null, null, getDate(), 'UBEU', getDate(), 'UBEU', null)
insert into TSEGUWCOLUMN (SGTUWTAB_CF, SGTUWCOL_CF, SGTUWCOL_LS, SGTUWTYP_CT, SGTUWORDER_NB, SGTUWLEN_NB, SGTUWSCA_NB, SGTUWPRE_NB, CRE_D, CREUSR_CF, LSTUPD_D, LSTUPDUSR_CF, timestamp) values ('TSEGUWASMSEC', 'CTRQUA5_CF', 'CTR_QUALIFIER5', 'smallint', 52, null, null, null, getDate(), 'UBEU', getDate(), 'UBEU', null)
insert into TSEGUWCOLUMN (SGTUWTAB_CF, SGTUWCOL_CF, SGTUWCOL_LS, SGTUWTYP_CT, SGTUWORDER_NB, SGTUWLEN_NB, SGTUWSCA_NB, SGTUWPRE_NB, CRE_D, CREUSR_CF, LSTUPD_D, LSTUPDUSR_CF, timestamp) values ('TSEGUWASMSEC', 'CTRQUA6_CF', 'CTR_QUALIFIER6', 'smallint', 53, null, null, null, getDate(), 'UBEU', getDate(), 'UBEU', null)
insert into TSEGUWCOLUMN (SGTUWTAB_CF, SGTUWCOL_CF, SGTUWCOL_LS, SGTUWTYP_CT, SGTUWORDER_NB, SGTUWLEN_NB, SGTUWSCA_NB, SGTUWPRE_NB, CRE_D, CREUSR_CF, LSTUPD_D, LSTUPDUSR_CF, timestamp) values ('TSEGUWASMSEC', 'CTRQUA7_CF', 'CTR_QUALIFIER7', 'smallint', 54, null, null, null, getDate(), 'UBEU', getDate(), 'UBEU', null)
insert into TSEGUWCOLUMN (SGTUWTAB_CF, SGTUWCOL_CF, SGTUWCOL_LS, SGTUWTYP_CT, SGTUWORDER_NB, SGTUWLEN_NB, SGTUWSCA_NB, SGTUWPRE_NB, CRE_D, CREUSR_CF, LSTUPD_D, LSTUPDUSR_CF, timestamp) values ('TSEGUWASMSEC', 'CTRQUA8_CF', 'CTR_QUALIFIER8', 'smallint', 55, null, null, null, getDate(), 'UBEU', getDate(), 'UBEU', null)
insert into TSEGUWCOLUMN (SGTUWTAB_CF, SGTUWCOL_CF, SGTUWCOL_LS, SGTUWTYP_CT, SGTUWORDER_NB, SGTUWLEN_NB, SGTUWSCA_NB, SGTUWPRE_NB, CRE_D, CREUSR_CF, LSTUPD_D, LSTUPDUSR_CF, timestamp) values ('TSEGUWASMSEC', 'CTRQUA9_CF', 'CTR_QUALIFIER9', 'smallint', 56, null, null, null, getDate(), 'UBEU', getDate(), 'UBEU', null)
insert into TSEGUWCOLUMN (SGTUWTAB_CF, SGTUWCOL_CF, SGTUWCOL_LS, SGTUWTYP_CT, SGTUWORDER_NB, SGTUWLEN_NB, SGTUWSCA_NB, SGTUWPRE_NB, CRE_D, CREUSR_CF, LSTUPD_D, LSTUPDUSR_CF, timestamp) values ('TSEGUWASMSEC', 'CTRSTS_D', 'CTR_STATUS_DATE', 'datetime', 57, null, null, null, getDate(), 'UBEU', getDate(), 'UBEU', null)
insert into TSEGUWCOLUMN (SGTUWTAB_CF, SGTUWCOL_CF, SGTUWCOL_LS, SGTUWTYP_CT, SGTUWORDER_NB, SGTUWLEN_NB, SGTUWSCA_NB, SGTUWPRE_NB, CRE_D, CREUSR_CF, LSTUPD_D, LSTUPDUSR_CF, timestamp) values ('TSEGUWASMSEC', 'CUTSHA_R', 'CURRENT_SHARE', 'USHA_R', 60, null, null, null, getDate(), 'UBEU', getDate(), 'UBEU', null)
insert into TSEGUWCOLUMN (SGTUWTAB_CF, SGTUWCOL_CF, SGTUWCOL_LS, SGTUWTYP_CT, SGTUWORDER_NB, SGTUWLEN_NB, SGTUWSCA_NB, SGTUWPRE_NB, CRE_D, CREUSR_CF, LSTUPD_D, LSTUPDUSR_CF, timestamp) values ('TSEGUWASMSEC', 'DIV_NT', 'DIVISION', 'UACC_NT', 61, null, null, null, getDate(), 'UBEU', getDate(), 'UBEU', null)
insert into TSEGUWCOLUMN (SGTUWTAB_CF, SGTUWCOL_CF, SGTUWCOL_LS, SGTUWTYP_CT, SGTUWORDER_NB, SGTUWLEN_NB, SGTUWSCA_NB, SGTUWPRE_NB, CRE_D, CREUSR_CF, LSTUPD_D, LSTUPDUSR_CF, timestamp) values ('TSEGUWASMSEC', 'DIVLOB_CF', 'LOB_DIVISION', 'ULOB_CF', 62, null, null, null, getDate(), 'UBEU', getDate(), 'UBEU', null)
insert into TSEGUWCOLUMN (SGTUWTAB_CF, SGTUWCOL_CF, SGTUWCOL_LS, SGTUWTYP_CT, SGTUWORDER_NB, SGTUWLEN_NB, SGTUWSCA_NB, SGTUWPRE_NB, CRE_D, CREUSR_CF, LSTUPD_D, LSTUPDUSR_CF, timestamp) values ('TSEGUWASMSEC', 'EAREXP_B', 'SEC_EQ', 'bit', 63, null, null, null, getDate(), 'UBEU', getDate(), 'UBEU', null)
insert into TSEGUWCOLUMN (SGTUWTAB_CF, SGTUWCOL_CF, SGTUWCOL_LS, SGTUWTYP_CT, SGTUWORDER_NB, SGTUWLEN_NB, SGTUWSCA_NB, SGTUWPRE_NB, CRE_D, CREUSR_CF, LSTUPD_D, LSTUPDUSR_CF, timestamp) values ('TSEGUWASMSEC', 'EGPCUR_CF', 'EGPI_CURRENCY', 'UCUR_CF', 64, null, null, null, getDate(), 'UBEU', getDate(), 'UBEU', null)
insert into TSEGUWCOLUMN (SGTUWTAB_CF, SGTUWCOL_CF, SGTUWCOL_LS, SGTUWTYP_CT, SGTUWORDER_NB, SGTUWLEN_NB, SGTUWSCA_NB, SGTUWPRE_NB, CRE_D, CREUSR_CF, LSTUPD_D, LSTUPDUSR_CF, timestamp) values ('TSEGUWASMSEC', 'ENDINC_D', 'END_STATUS_DATE', 'datetime', 65, null, null, null, getDate(), 'UBEU', getDate(), 'UBEU', null)
insert into TSEGUWCOLUMN (SGTUWTAB_CF, SGTUWCOL_CF, SGTUWCOL_LS, SGTUWTYP_CT, SGTUWORDER_NB, SGTUWLEN_NB, SGTUWSCA_NB, SGTUWPRE_NB, CRE_D, CREUSR_CF, LSTUPD_D, LSTUPDUSR_CF, timestamp) values ('TSEGUWASMSEC', 'ESTCRB_CT', 'ESTIMATE_TYPE', 'char', 66, 1, null, null, getDate(), 'UBEU', getDate(), 'UBEU', null)
insert into TSEGUWCOLUMN (SGTUWTAB_CF, SGTUWCOL_CF, SGTUWCOL_LS, SGTUWTYP_CT, SGTUWORDER_NB, SGTUWLEN_NB, SGTUWSCA_NB, SGTUWPRE_NB, CRE_D, CREUSR_CF, LSTUPD_D, LSTUPDUSR_CF, timestamp) values ('TSEGUWASMSEC', 'ESTCTR_NF', 'CTR_ATTACHMENT', 'UCTR_NF', 67, null, null, null, getDate(), 'UBEU', getDate(), 'UBEU', null)
insert into TSEGUWCOLUMN (SGTUWTAB_CF, SGTUWCOL_CF, SGTUWCOL_LS, SGTUWTYP_CT, SGTUWORDER_NB, SGTUWLEN_NB, SGTUWSCA_NB, SGTUWPRE_NB, CRE_D, CREUSR_CF, LSTUPD_D, LSTUPDUSR_CF, timestamp) values ('TSEGUWASMSEC', 'FACACTSCT_CT', 'FAC_SECTOR', 'int', 68, null, null, null, getDate(), 'UBEU', getDate(), 'UBEU', null)
--insert into TSEGUWCOLUMN (SGTUWTAB_CF, SGTUWCOL_CF, SGTUWCOL_LS, SGTUWTYP_CT, SGTUWORDER_NB, SGTUWLEN_NB, SGTUWSCA_NB, SGTUWPRE_NB, CRE_D, CREUSR_CF, LSTUPD_D, LSTUPDUSR_CF, timestamp) values ('TSEGUWASMSEC', 'FACADMTYP_B', 'FAC_ADMIN_TYPE', 'bit', 69, null, null, null, getDate(), 'UBEU', getDate(), 'UBEU', null)
insert into TSEGUWCOLUMN (SGTUWTAB_CF, SGTUWCOL_CF, SGTUWCOL_LS, SGTUWTYP_CT, SGTUWORDER_NB, SGTUWLEN_NB, SGTUWSCA_NB, SGTUWPRE_NB, CRE_D, CREUSR_CF, LSTUPD_D, LSTUPDUSR_CF, timestamp) values ('TSEGUWASMSEC', 'FACADMTYP_CT', 'FAC_ADMIN_TYPE',  'tinyint', 69,  null,  null,  null, getDate(), 'UBEU', getDate(), 'UBEU', null)
insert into TSEGUWCOLUMN (SGTUWTAB_CF, SGTUWCOL_CF, SGTUWCOL_LS, SGTUWTYP_CT, SGTUWORDER_NB, SGTUWLEN_NB, SGTUWSCA_NB, SGTUWPRE_NB, CRE_D, CREUSR_CF, LSTUPD_D, LSTUPDUSR_CF, timestamp) values ('TSEGUWASMSEC', 'FLOCNDEXI_B', 'PRG_FLOOD', 'bit', 70, null, null, null, getDate(), 'UBEU', getDate(), 'UBEU', null)
insert into TSEGUWCOLUMN (SGTUWTAB_CF, SGTUWCOL_CF, SGTUWCOL_LS, SGTUWTYP_CT, SGTUWORDER_NB, SGTUWLEN_NB, SGTUWSCA_NB, SGTUWPRE_NB, CRE_D, CREUSR_CF, LSTUPD_D, LSTUPDUSR_CF, timestamp) values ('TSEGUWASMSEC', 'FRSINC_D', 'FIRST_INCEPTION_DATE', 'datetime', 71, null, null, null, getDate(), 'UBEU', getDate(), 'UBEU', null)
insert into TSEGUWCOLUMN (SGTUWTAB_CF, SGTUWCOL_CF, SGTUWCOL_LS, SGTUWTYP_CT, SGTUWORDER_NB, SGTUWLEN_NB, SGTUWSCA_NB, SGTUWPRE_NB, CRE_D, CREUSR_CF, LSTUPD_D, LSTUPDUSR_CF, timestamp) values ('TSEGUWASMSEC', 'FRSUWY_NF', 'FIRST_UWY', 'UUWY_NF', 72, null, null, null, getDate(), 'UBEU', getDate(), 'UBEU', null)
insert into TSEGUWCOLUMN (SGTUWTAB_CF, SGTUWCOL_CF, SGTUWCOL_LS, SGTUWTYP_CT, SGTUWORDER_NB, SGTUWLEN_NB, SGTUWSCA_NB, SGTUWPRE_NB, CRE_D, CREUSR_CF, LSTUPD_D, LSTUPDUSR_CF, timestamp) values ('TSEGUWASMSEC', 'GANPAYORD_NT', 'PAYEE_ORDER', 'UPAYORD_NT', 73, null, null, null, getDate(), 'UBEU', getDate(), 'UBEU', null)
insert into TSEGUWCOLUMN (SGTUWTAB_CF, SGTUWCOL_CF, SGTUWCOL_LS, SGTUWTYP_CT, SGTUWORDER_NB, SGTUWLEN_NB, SGTUWSCA_NB, SGTUWPRE_NB, CRE_D, CREUSR_CF, LSTUPD_D, LSTUPDUSR_CF, timestamp) values ('TSEGUWASMSEC', 'GAR_CF', 'GUARANTEE', 'UGAR_CF', 74, null, null, null, getDate(), 'UBEU', getDate(), 'UBEU', null)
insert into TSEGUWCOLUMN (SGTUWTAB_CF, SGTUWCOL_CF, SGTUWCOL_LS, SGTUWTYP_CT, SGTUWORDER_NB, SGTUWLEN_NB, SGTUWSCA_NB, SGTUWPRE_NB, CRE_D, CREUSR_CF, LSTUPD_D, LSTUPDUSR_CF, timestamp) values ('TSEGUWASMSEC', 'GENPRMPAY_NF', 'PAYEE', 'UCLI_NF', 75, null, null, null, getDate(), 'UBEU', getDate(), 'UBEU', null)
insert into TSEGUWCOLUMN (SGTUWTAB_CF, SGTUWCOL_CF, SGTUWCOL_LS, SGTUWTYP_CT, SGTUWORDER_NB, SGTUWLEN_NB, SGTUWSCA_NB, SGTUWPRE_NB, CRE_D, CREUSR_CF, LSTUPD_D, LSTUPDUSR_CF, timestamp) values ('TSEGUWASMSEC', 'GRPSTS_CT', 'PRG_STATUS', 'UCTRSTS_CT', 76, null, null, null, getDate(), 'UBEU', getDate(), 'UBEU', null)
insert into TSEGUWCOLUMN (SGTUWTAB_CF, SGTUWCOL_CF, SGTUWCOL_LS, SGTUWTYP_CT, SGTUWORDER_NB, SGTUWLEN_NB, SGTUWSCA_NB, SGTUWPRE_NB, CRE_D, CREUSR_CF, LSTUPD_D, LSTUPDUSR_CF, timestamp) values ('TSEGUWASMSEC', 'HINDNBR_NT', 'INSURED_SUBSECTOR', 'int', 77, null, null, null, getDate(), 'UBEU', getDate(), 'UBEU', null)
insert into TSEGUWCOLUMN (SGTUWTAB_CF, SGTUWCOL_CF, SGTUWCOL_LS, SGTUWTYP_CT, SGTUWORDER_NB, SGTUWLEN_NB, SGTUWSCA_NB, SGTUWPRE_NB, CRE_D, CREUSR_CF, LSTUPD_D, LSTUPDUSR_CF, timestamp) values ('TSEGUWASMSEC', 'HLD_NF', 'CLI_GROUP', 'UHLD_NF', 78, null, null, null, getDate(), 'UBEU', getDate(), 'UBEU', null)
insert into TSEGUWCOLUMN (SGTUWTAB_CF, SGTUWCOL_CF, SGTUWCOL_LS, SGTUWTYP_CT, SGTUWORDER_NB, SGTUWLEN_NB, SGTUWSCA_NB, SGTUWPRE_NB, CRE_D, CREUSR_CF, LSTUPD_D, LSTUPDUSR_CF, timestamp) values ('TSEGUWASMSEC', 'HLDCTY_CF', 'CLI_GROUP_COUNTRY', 'UCTY_CF', 79, null, null, null, getDate(), 'UBEU', getDate(), 'UBEU', null)
insert into TSEGUWCOLUMN (SGTUWTAB_CF, SGTUWCOL_CF, SGTUWCOL_LS, SGTUWTYP_CT, SGTUWORDER_NB, SGTUWLEN_NB, SGTUWSCA_NB, SGTUWPRE_NB, CRE_D, CREUSR_CF, LSTUPD_D, LSTUPDUSR_CF, timestamp) values ('TSEGUWASMSEC', 'HORDGRP_NT', 'INSURED_SECTOR', 'int', 80, null, null, null, getDate(), 'UBEU', getDate(), 'UBEU', null)
insert into TSEGUWCOLUMN (SGTUWTAB_CF, SGTUWCOL_CF, SGTUWCOL_LS, SGTUWTYP_CT, SGTUWORDER_NB, SGTUWLEN_NB, SGTUWSCA_NB, SGTUWPRE_NB, CRE_D, CREUSR_CF, LSTUPD_D, LSTUPDUSR_CF, timestamp) values ('TSEGUWASMSEC', 'INDAMT_M', 'SUM_INSURED', 'UAMT_M', 81, null, null, null, getDate(), 'UBEU', getDate(), 'UBEU', null)
insert into TSEGUWCOLUMN (SGTUWTAB_CF, SGTUWCOL_CF, SGTUWCOL_LS, SGTUWTYP_CT, SGTUWORDER_NB, SGTUWLEN_NB, SGTUWSCA_NB, SGTUWPRE_NB, CRE_D, CREUSR_CF, LSTUPD_D, LSTUPDUSR_CF, timestamp) values ('TSEGUWASMSEC', 'INDHLD_NF', 'INSURED_GROUP', 'UHLD_NF', 82, null, null, null, getDate(), 'UBEU', getDate(), 'UBEU', null)
insert into TSEGUWCOLUMN (SGTUWTAB_CF, SGTUWCOL_CF, SGTUWCOL_LS, SGTUWTYP_CT, SGTUWORDER_NB, SGTUWLEN_NB, SGTUWSCA_NB, SGTUWPRE_NB, CRE_D, CREUSR_CF, LSTUPD_D, LSTUPDUSR_CF, timestamp) values ('TSEGUWASMSEC', 'INT_B', 'INTERMEDIARY', 'bit', 83, null, null, null, getDate(), 'UBEU', getDate(), 'UBEU', null)
insert into TSEGUWCOLUMN (SGTUWTAB_CF, SGTUWCOL_CF, SGTUWCOL_LS, SGTUWTYP_CT, SGTUWORDER_NB, SGTUWLEN_NB, SGTUWSCA_NB, SGTUWPRE_NB, CRE_D, CREUSR_CF, LSTUPD_D, LSTUPDUSR_CF, timestamp) values ('TSEGUWASMSEC', 'ISICURRAT_CT', 'RATING_SCOR', 'tinyint', 84, null, null, null, getDate(), 'UBEU', getDate(), 'UBEU', null)
insert into TSEGUWCOLUMN (SGTUWTAB_CF, SGTUWCOL_CF, SGTUWCOL_LS, SGTUWTYP_CT, SGTUWORDER_NB, SGTUWLEN_NB, SGTUWSCA_NB, SGTUWPRE_NB, CRE_D, CREUSR_CF, LSTUPD_D, LSTUPDUSR_CF, timestamp) values ('TSEGUWASMSEC', 'LAYCAP_M', 'LAYER_CAPACITY', 'UAMT_M', 85, null, null, null, getDate(), 'UBEU', getDate(), 'UBEU', null)
insert into TSEGUWCOLUMN (SGTUWTAB_CF, SGTUWCOL_CF, SGTUWCOL_LS, SGTUWTYP_CT, SGTUWORDER_NB, SGTUWLEN_NB, SGTUWSCA_NB, SGTUWPRE_NB, CRE_D, CREUSR_CF, LSTUPD_D, LSTUPDUSR_CF, timestamp) values ('TSEGUWASMSEC', 'LDISCO_B', 'SCOR_LEAD', 'tinyint', 86, null, null, null, getDate(), 'UBEU', getDate(), 'UBEU', null)
insert into TSEGUWCOLUMN (SGTUWTAB_CF, SGTUWCOL_CF, SGTUWCOL_LS, SGTUWTYP_CT, SGTUWORDER_NB, SGTUWLEN_NB, SGTUWSCA_NB, SGTUWPRE_NB, CRE_D, CREUSR_CF, LSTUPD_D, LSTUPDUSR_CF, timestamp) values ('TSEGUWASMSEC', 'LIACUR_CF', 'LIAB_CURRENCY', 'UCUR_CF', 87, null, null, null, getDate(), 'UBEU', getDate(), 'UBEU', null)
insert into TSEGUWCOLUMN (SGTUWTAB_CF, SGTUWCOL_CF, SGTUWCOL_LS, SGTUWTYP_CT, SGTUWORDER_NB, SGTUWLEN_NB, SGTUWSCA_NB, SGTUWPRE_NB, CRE_D, CREUSR_CF, LSTUPD_D, LSTUPDUSR_CF, timestamp) values ('TSEGUWASMSEC', 'LIAEVT_B', 'LIAB_PER_EVENT', 'bit', 88, null, null, null, getDate(), 'UBEU', getDate(), 'UBEU', null)
insert into TSEGUWCOLUMN (SGTUWTAB_CF, SGTUWCOL_CF, SGTUWCOL_LS, SGTUWTYP_CT, SGTUWORDER_NB, SGTUWLEN_NB, SGTUWSCA_NB, SGTUWPRE_NB, CRE_D, CREUSR_CF, LSTUPD_D, LSTUPDUSR_CF, timestamp) values ('TSEGUWASMSEC', 'LIARSK_B', 'LIAB_PER_RISK', 'bit', 89, null, null, null, getDate(), 'UBEU', getDate(), 'UBEU', null)
insert into TSEGUWCOLUMN (SGTUWTAB_CF, SGTUWCOL_CF, SGTUWCOL_LS, SGTUWTYP_CT, SGTUWORDER_NB, SGTUWLEN_NB, SGTUWSCA_NB, SGTUWPRE_NB, CRE_D, CREUSR_CF, LSTUPD_D, LSTUPDUSR_CF, timestamp) values ('TSEGUWASMSEC', 'LIFTRTTYP_CF', 'LIFE_TREATY_TYPE', 'char', 90, 2, null, null, getDate(), 'UBEU', getDate(), 'UBEU', null)
insert into TSEGUWCOLUMN (SGTUWTAB_CF, SGTUWCOL_CF, SGTUWCOL_LS, SGTUWTYP_CT, SGTUWORDER_NB, SGTUWLEN_NB, SGTUWSCA_NB, SGTUWPRE_NB, CRE_D, CREUSR_CF, LSTUPD_D, LSTUPDUSR_CF, timestamp) values ('TSEGUWASMSEC', 'LOB_CF', 'LOB', 'ULOB_CF', 91, null, null, null, getDate(), 'UBEU', getDate(), 'UBEU', null)
insert into TSEGUWCOLUMN (SGTUWTAB_CF, SGTUWCOL_CF, SGTUWCOL_LS, SGTUWTYP_CT, SGTUWORDER_NB, SGTUWLEN_NB, SGTUWSCA_NB, SGTUWPRE_NB, CRE_D, CREUSR_CF, LSTUPD_D, LSTUPDUSR_CF, timestamp) values ('TSEGUWASMSEC', 'LOSCOREXI_B', 'LOSS_CORRIDOR', 'bit', 92, null, null, null, getDate(), 'UBEU', getDate(), 'UBEU', null)
insert into TSEGUWCOLUMN (SGTUWTAB_CF, SGTUWCOL_CF, SGTUWCOL_LS, SGTUWTYP_CT, SGTUWORDER_NB, SGTUWLEN_NB, SGTUWSCA_NB, SGTUWPRE_NB, CRE_D, CREUSR_CF, LSTUPD_D, LSTUPDUSR_CF, timestamp) values ('TSEGUWASMSEC', 'LOSCTBEXI_B', 'LOSS_COMMISSION', 'bit', 93, null, null, null, getDate(), 'UBEU', getDate(), 'UBEU', null)
insert into TSEGUWCOLUMN (SGTUWTAB_CF, SGTUWCOL_CF, SGTUWCOL_LS, SGTUWTYP_CT, SGTUWORDER_NB, SGTUWLEN_NB, SGTUWSCA_NB, SGTUWPRE_NB, CRE_D, CREUSR_CF, LSTUPD_D, LSTUPDUSR_CF, timestamp) values ('TSEGUWASMSEC', 'LSTUWYRSK_B', 'UWYRISK_LAST', 'bit', 94, null, null, null, getDate(), 'UBEU', getDate(), 'UBEU', null)
insert into TSEGUWCOLUMN (SGTUWTAB_CF, SGTUWCOL_CF, SGTUWCOL_LS, SGTUWTYP_CT, SGTUWORDER_NB, SGTUWLEN_NB, SGTUWSCA_NB, SGTUWPRE_NB, CRE_D, CREUSR_CF, LSTUPD_D, LSTUPDUSR_CF, timestamp) values ('TSEGUWASMSEC', 'MULPRG_B', 'PRG_MULTI', 'bit', 95, null, null, null, getDate(), 'UBEU', getDate(), 'UBEU', null)
insert into TSEGUWCOLUMN (SGTUWTAB_CF, SGTUWCOL_CF, SGTUWCOL_LS, SGTUWTYP_CT, SGTUWORDER_NB, SGTUWLEN_NB, SGTUWSCA_NB, SGTUWPRE_NB, CRE_D, CREUSR_CF, LSTUPD_D, LSTUPDUSR_CF, timestamp) values ('TSEGUWASMSEC', 'NAT_B', 'P_NP', 'char', 96, 1, null, null, getDate(), 'UBEU', getDate(), 'UBEU', null)
insert into TSEGUWCOLUMN (SGTUWTAB_CF, SGTUWCOL_CF, SGTUWCOL_LS, SGTUWTYP_CT, SGTUWORDER_NB, SGTUWLEN_NB, SGTUWSCA_NB, SGTUWPRE_NB, CRE_D, CREUSR_CF, LSTUPD_D, LSTUPDUSR_CF, timestamp) values ('TSEGUWASMSEC', 'OCC_CF', 'OCCUPANCY', 'URSKNAT_CF', 97, null, null, null, getDate(), 'UBEU', getDate(), 'UBEU', null)
insert into TSEGUWCOLUMN (SGTUWTAB_CF, SGTUWCOL_CF, SGTUWCOL_LS, SGTUWTYP_CT, SGTUWORDER_NB, SGTUWLEN_NB, SGTUWSCA_NB, SGTUWPRE_NB, CRE_D, CREUSR_CF, LSTUPD_D, LSTUPDUSR_CF, timestamp) values ('TSEGUWASMSEC', 'ORGCED_NF', 'CEDANT_ORIGINAL', 'UCLI_NF', 98, null, null, null, getDate(), 'UBEU', getDate(), 'UBEU', null)
insert into TSEGUWCOLUMN (SGTUWTAB_CF, SGTUWCOL_CF, SGTUWCOL_LS, SGTUWTYP_CT, SGTUWORDER_NB, SGTUWLEN_NB, SGTUWSCA_NB, SGTUWPRE_NB, CRE_D, CREUSR_CF, LSTUPD_D, LSTUPDUSR_CF, timestamp) values ('TSEGUWASMSEC', 'PCPCUR_CF', 'CURRENCY_MAIN', 'UCUR_CF', 99, null, null, null, getDate(), 'UBEU', getDate(), 'UBEU', null)
insert into TSEGUWCOLUMN (SGTUWTAB_CF, SGTUWCOL_CF, SGTUWCOL_LS, SGTUWTYP_CT, SGTUWORDER_NB, SGTUWLEN_NB, SGTUWSCA_NB, SGTUWPRE_NB, CRE_D, CREUSR_CF, LSTUPD_D, LSTUPDUSR_CF, timestamp) values ('TSEGUWASMSEC', 'PCPEXTREF_LL', 'ACCOUNT_PRODUCER', 'UL64', 100, null, null, null, getDate(), 'UBEU', getDate(), 'UBEU', null)
insert into TSEGUWCOLUMN (SGTUWTAB_CF, SGTUWCOL_CF, SGTUWCOL_LS, SGTUWTYP_CT, SGTUWORDER_NB, SGTUWLEN_NB, SGTUWSCA_NB, SGTUWPRE_NB, CRE_D, CREUSR_CF, LSTUPD_D, LSTUPDUSR_CF, timestamp) values ('TSEGUWASMSEC', 'PCPIND_NF', 'INSURED', 'UIND_NF', 101, null, null, null, getDate(), 'UBEU', getDate(), 'UBEU', null)
insert into TSEGUWCOLUMN (SGTUWTAB_CF, SGTUWCOL_CF, SGTUWCOL_LS, SGTUWTYP_CT, SGTUWORDER_NB, SGTUWLEN_NB, SGTUWSCA_NB, SGTUWPRE_NB, CRE_D, CREUSR_CF, LSTUPD_D, LSTUPDUSR_CF, timestamp) values ('TSEGUWASMSEC', 'PCPLOB_CF', 'FAC_LOB_PRINCIPAL', 'ULOB_CF', 102, null, null, null, getDate(), 'UBEU', getDate(), 'UBEU', null)
insert into TSEGUWCOLUMN (SGTUWTAB_CF, SGTUWCOL_CF, SGTUWCOL_LS, SGTUWTYP_CT, SGTUWORDER_NB, SGTUWLEN_NB, SGTUWSCA_NB, SGTUWPRE_NB, CRE_D, CREUSR_CF, LSTUPD_D, LSTUPDUSR_CF, timestamp) values ('TSEGUWASMSEC', 'PCPRSKTRY_CF', 'TERRITORIAL_SCOPE', 'UCTY_CF', 103, null, null, null, getDate(), 'UBEU', getDate(), 'UBEU', null)
insert into TSEGUWCOLUMN (SGTUWTAB_CF, SGTUWCOL_CF, SGTUWCOL_LS, SGTUWTYP_CT, SGTUWORDER_NB, SGTUWLEN_NB, SGTUWSCA_NB, SGTUWPRE_NB, CRE_D, CREUSR_CF, LSTUPD_D, LSTUPDUSR_CF, timestamp) values ('TSEGUWASMSEC', 'PCPTOP_CF', 'FAC_TOP_PRINCIPAL', 'UTOP_CF', 104, null, null, null, getDate(), 'UBEU', getDate(), 'UBEU', null)
insert into TSEGUWCOLUMN (SGTUWTAB_CF, SGTUWCOL_CF, SGTUWCOL_LS, SGTUWTYP_CT, SGTUWORDER_NB, SGTUWLEN_NB, SGTUWSCA_NB, SGTUWPRE_NB, CRE_D, CREUSR_CF, LSTUPD_D, LSTUPDUSR_CF, timestamp) values ('TSEGUWASMSEC', 'PRD_NF', 'PRODUCER', 'UCLI_NF', 105, null, null, null, getDate(), 'UBEU', getDate(), 'UBEU', null)
insert into TSEGUWCOLUMN (SGTUWTAB_CF, SGTUWCOL_CF, SGTUWCOL_LS, SGTUWTYP_CT, SGTUWORDER_NB, SGTUWLEN_NB, SGTUWSCA_NB, SGTUWPRE_NB, CRE_D, CREUSR_CF, LSTUPD_D, LSTUPDUSR_CF, timestamp) values ('TSEGUWASMSEC', 'PRDCOD_CT', 'PRODUCT', 'UPRDCOD_CT', 106, null, null, null, getDate(), 'UBEU', getDate(), 'UBEU', null)
insert into TSEGUWCOLUMN (SGTUWTAB_CF, SGTUWCOL_CF, SGTUWCOL_LS, SGTUWTYP_CT, SGTUWORDER_NB, SGTUWLEN_NB, SGTUWSCA_NB, SGTUWPRE_NB, CRE_D, CREUSR_CF, LSTUPD_D, LSTUPDUSR_CF, timestamp) values ('TSEGUWASMSEC', 'PRFCOMEXI_B', 'PROFIT_COMMISSION', 'bit', 107, null, null, null, getDate(), 'UBEU', getDate(), 'UBEU', null)
insert into TSEGUWCOLUMN (SGTUWTAB_CF, SGTUWCOL_CF, SGTUWCOL_LS, SGTUWTYP_CT, SGTUWORDER_NB, SGTUWLEN_NB, SGTUWSCA_NB, SGTUWPRE_NB, CRE_D, CREUSR_CF, LSTUPD_D, LSTUPDUSR_CF, timestamp) values ('TSEGUWASMSEC', 'PRG_NF', 'PROGRAM', 'UCTRGRP_NF', 108, null, null, null, getDate(), 'UBEU', getDate(), 'UBEU', null)
insert into TSEGUWCOLUMN (SGTUWTAB_CF, SGTUWCOL_CF, SGTUWCOL_LS, SGTUWTYP_CT, SGTUWORDER_NB, SGTUWLEN_NB, SGTUWSCA_NB, SGTUWPRE_NB, CRE_D, CREUSR_CF, LSTUPD_D, LSTUPDUSR_CF, timestamp) values ('TSEGUWASMSEC', 'PRGNATFAM_CT', 'PRG_TYPE', 'tinyint', 109, null, null, null, getDate(), 'UBEU', getDate(), 'UBEU', null)
insert into TSEGUWCOLUMN (SGTUWTAB_CF, SGTUWCOL_CF, SGTUWCOL_LS, SGTUWTYP_CT, SGTUWORDER_NB, SGTUWLEN_NB, SGTUWSCA_NB, SGTUWPRE_NB, CRE_D, CREUSR_CF, LSTUPD_D, LSTUPDUSR_CF, timestamp) values ('TSEGUWASMSEC', 'PRMCUTOFF_B', 'PREMIUM_CUT_OFF', 'bit', 110, null, null, null, getDate(), 'UBEU', getDate(), 'UBEU', null)
insert into TSEGUWCOLUMN (SGTUWTAB_CF, SGTUWCOL_CF, SGTUWCOL_LS, SGTUWTYP_CT, SGTUWORDER_NB, SGTUWLEN_NB, SGTUWSCA_NB, SGTUWPRE_NB, CRE_D, CREUSR_CF, LSTUPD_D, LSTUPDUSR_CF, timestamp) values ('TSEGUWASMSEC', 'PRMRUNOFF_B', 'PREMIUM_RUN_OFF', 'bit', 111, null, null, null, getDate(), 'UBEU', getDate(), 'UBEU', null)
insert into TSEGUWCOLUMN (SGTUWTAB_CF, SGTUWCOL_CF, SGTUWCOL_LS, SGTUWTYP_CT, SGTUWORDER_NB, SGTUWLEN_NB, SGTUWSCA_NB, SGTUWPRE_NB, CRE_D, CREUSR_CF, LSTUPD_D, LSTUPDUSR_CF, timestamp) values ('TSEGUWASMSEC', 'PRTCOS_M', 'PROTECTION_COST', 'UAMT_M', 112, null, null, null, getDate(), 'UBEU', getDate(), 'UBEU', null)
insert into TSEGUWCOLUMN (SGTUWTAB_CF, SGTUWCOL_CF, SGTUWCOL_LS, SGTUWTYP_CT, SGTUWORDER_NB, SGTUWLEN_NB, SGTUWSCA_NB, SGTUWPRE_NB, CRE_D, CREUSR_CF, LSTUPD_D, LSTUPDUSR_CF, timestamp) values ('TSEGUWASMSEC', 'REITYP_CF', 'RI_TYPE', 'tinyint', 113, null, null, null, getDate(), 'UBEU', getDate(), 'UBEU', null)
insert into TSEGUWCOLUMN (SGTUWTAB_CF, SGTUWCOL_CF, SGTUWCOL_LS, SGTUWTYP_CT, SGTUWORDER_NB, SGTUWLEN_NB, SGTUWSCA_NB, SGTUWPRE_NB, CRE_D, CREUSR_CF, LSTUPD_D, LSTUPDUSR_CF, timestamp) values ('TSEGUWASMSEC', 'REN_B', 'RENEWABLE', 'bit', 114, null, null, null, getDate(), 'UBEU', getDate(), 'UBEU', null)
insert into TSEGUWCOLUMN (SGTUWTAB_CF, SGTUWCOL_CF, SGTUWCOL_LS, SGTUWTYP_CT, SGTUWORDER_NB, SGTUWLEN_NB, SGTUWSCA_NB, SGTUWPRE_NB, CRE_D, CREUSR_CF, LSTUPD_D, LSTUPDUSR_CF, timestamp) values ('TSEGUWASMSEC', 'RSKCOMPRM_B', 'LIFE_BUSINESS_TYPE', 'bit', 115, null, null, null, getDate(), 'UBEU', getDate(), 'UBEU', null)
insert into TSEGUWCOLUMN (SGTUWTAB_CF, SGTUWCOL_CF, SGTUWCOL_LS, SGTUWTYP_CT, SGTUWORDER_NB, SGTUWLEN_NB, SGTUWSCA_NB, SGTUWPRE_NB, CRE_D, CREUSR_CF, LSTUPD_D, LSTUPDUSR_CF, timestamp) values ('TSEGUWASMSEC', 'RSKNATFAM_CF', 'OCCUPANCY_FAMILY', 'URSKNAT_CF', 116, null, null, null, getDate(), 'UBEU', getDate(), 'UBEU', null)
insert into TSEGUWCOLUMN (SGTUWTAB_CF, SGTUWCOL_CF, SGTUWCOL_LS, SGTUWTYP_CT, SGTUWORDER_NB, SGTUWLEN_NB, SGTUWSCA_NB, SGTUWPRE_NB, CRE_D, CREUSR_CF, LSTUPD_D, LSTUPDUSR_CF, timestamp) values ('TSEGUWASMSEC', 'SCOGLOEGP_M', 'EGPI_REVISED_SCOR', 'UAMT_M', 117, null, null, null, getDate(), 'UBEU', getDate(), 'UBEU', null)
insert into TSEGUWCOLUMN (SGTUWTAB_CF, SGTUWCOL_CF, SGTUWCOL_LS, SGTUWTYP_CT, SGTUWORDER_NB, SGTUWLEN_NB, SGTUWSCA_NB, SGTUWPRE_NB, CRE_D, CREUSR_CF, LSTUPD_D, LSTUPDUSR_CF, timestamp) values ('TSEGUWASMSEC', 'SCOINC_D', 'PRG_EFFECTIVE_DATE', 'datetime', 118, null, null, null, getDate(), 'UBEU', getDate(), 'UBEU', null)
insert into TSEGUWCOLUMN (SGTUWTAB_CF, SGTUWCOL_CF, SGTUWCOL_LS, SGTUWTYP_CT, SGTUWORDER_NB, SGTUWLEN_NB, SGTUWSCA_NB, SGTUWPRE_NB, CRE_D, CREUSR_CF, LSTUPD_D, LSTUPDUSR_CF, timestamp) values ('TSEGUWASMSEC', 'SCOLIA_M', 'LIAB_SCOR', 'UAMT_M', 119, null, null, null, getDate(), 'UBEU', getDate(), 'UBEU', null)
insert into TSEGUWCOLUMN (SGTUWTAB_CF, SGTUWCOL_CF, SGTUWCOL_LS, SGTUWTYP_CT, SGTUWORDER_NB, SGTUWLEN_NB, SGTUWSCA_NB, SGTUWPRE_NB, CRE_D, CREUSR_CF, LSTUPD_D, LSTUPDUSR_CF, timestamp) values ('TSEGUWASMSEC', 'SCOLIALIM_M', 'LIAB_ANNUAL_LIMIT', 'UAMT_M', 120, null, null, null, getDate(), 'UBEU', getDate(), 'UBEU', null)
insert into TSEGUWCOLUMN (SGTUWTAB_CF, SGTUWCOL_CF, SGTUWCOL_LS, SGTUWTYP_CT, SGTUWORDER_NB, SGTUWLEN_NB, SGTUWSCA_NB, SGTUWPRE_NB, CRE_D, CREUSR_CF, LSTUPD_D, LSTUPDUSR_CF, timestamp) values ('TSEGUWASMSEC', 'SCOORGEGP_M', 'EGPI_ESTIMATED_SCOR', 'UAMT_M', 121, null, null, null, getDate(), 'UBEU', getDate(), 'UBEU', null)
insert into TSEGUWCOLUMN (SGTUWTAB_CF, SGTUWCOL_CF, SGTUWCOL_LS, SGTUWTYP_CT, SGTUWORDER_NB, SGTUWLEN_NB, SGTUWSCA_NB, SGTUWPRE_NB, CRE_D, CREUSR_CF, LSTUPD_D, LSTUPDUSR_CF, timestamp) values ('TSEGUWASMSEC', 'SCOPML_M', 'PML_SCOR', 'UAMT_M', 122, null, null, null, getDate(), 'UBEU', getDate(), 'UBEU', null)
insert into TSEGUWCOLUMN (SGTUWTAB_CF, SGTUWCOL_CF, SGTUWCOL_LS, SGTUWTYP_CT, SGTUWORDER_NB, SGTUWLEN_NB, SGTUWSCA_NB, SGTUWPRE_NB, CRE_D, CREUSR_CF, LSTUPD_D, LSTUPDUSR_CF, timestamp) values ('TSEGUWASMSEC', 'SECACCSTS2_CT', 'SEC_ACC_SUB_STATUS', 'UACCSTS_CT', 123, null, null, null, getDate(), 'UBEU', getDate(), 'UBEU', null)
insert into TSEGUWCOLUMN (SGTUWTAB_CF, SGTUWCOL_CF, SGTUWCOL_LS, SGTUWTYP_CT, SGTUWORDER_NB, SGTUWLEN_NB, SGTUWSCA_NB, SGTUWPRE_NB, CRE_D, CREUSR_CF, LSTUPD_D, LSTUPDUSR_CF, timestamp) values ('TSEGUWASMSEC', 'SECCAN_D', 'CANCELLATION_DATE', 'datetime', 124, null, null, null, getDate(), 'UBEU', getDate(), 'UBEU', null)
insert into TSEGUWCOLUMN (SGTUWTAB_CF, SGTUWCOL_CF, SGTUWCOL_LS, SGTUWTYP_CT, SGTUWORDER_NB, SGTUWLEN_NB, SGTUWSCA_NB, SGTUWPRE_NB, CRE_D, CREUSR_CF, LSTUPD_D, LSTUPDUSR_CF, timestamp) values ('TSEGUWASMSEC', 'SECINC_D', 'SEC_INCEPTION_DATE', 'datetime', 125, null, null, null, getDate(), 'UBEU', getDate(), 'UBEU', null)
insert into TSEGUWCOLUMN (SGTUWTAB_CF, SGTUWCOL_CF, SGTUWCOL_LS, SGTUWTYP_CT, SGTUWORDER_NB, SGTUWLEN_NB, SGTUWSCA_NB, SGTUWPRE_NB, CRE_D, CREUSR_CF, LSTUPD_D, LSTUPDUSR_CF, timestamp) values ('TSEGUWASMSEC', 'SECQUA_CF', 'SEC_QUALIFIER1', 'tinyint', 126, null, null, null, getDate(), 'UBEU', getDate(), 'UBEU', null)
insert into TSEGUWCOLUMN (SGTUWTAB_CF, SGTUWCOL_CF, SGTUWCOL_LS, SGTUWTYP_CT, SGTUWORDER_NB, SGTUWLEN_NB, SGTUWSCA_NB, SGTUWPRE_NB, CRE_D, CREUSR_CF, LSTUPD_D, LSTUPDUSR_CF, timestamp) values ('TSEGUWASMSEC', 'SECQUA10_CF', 'SEC_QUALIFIER10', 'smallint', 127, null, null, null, getDate(), 'UBEU', getDate(), 'UBEU', null)
insert into TSEGUWCOLUMN (SGTUWTAB_CF, SGTUWCOL_CF, SGTUWCOL_LS, SGTUWTYP_CT, SGTUWORDER_NB, SGTUWLEN_NB, SGTUWSCA_NB, SGTUWPRE_NB, CRE_D, CREUSR_CF, LSTUPD_D, LSTUPDUSR_CF, timestamp) values ('TSEGUWASMSEC', 'SECQUA2_CF', 'SEC_QUALIFIER2', 'smallint', 128, null, null, null, getDate(), 'UBEU', getDate(), 'UBEU', null)
insert into TSEGUWCOLUMN (SGTUWTAB_CF, SGTUWCOL_CF, SGTUWCOL_LS, SGTUWTYP_CT, SGTUWORDER_NB, SGTUWLEN_NB, SGTUWSCA_NB, SGTUWPRE_NB, CRE_D, CREUSR_CF, LSTUPD_D, LSTUPDUSR_CF, timestamp) values ('TSEGUWASMSEC', 'SECQUA3_CF', 'SEC_QUALIFIER3', 'smallint', 129, null, null, null, getDate(), 'UBEU', getDate(), 'UBEU', null)
insert into TSEGUWCOLUMN (SGTUWTAB_CF, SGTUWCOL_CF, SGTUWCOL_LS, SGTUWTYP_CT, SGTUWORDER_NB, SGTUWLEN_NB, SGTUWSCA_NB, SGTUWPRE_NB, CRE_D, CREUSR_CF, LSTUPD_D, LSTUPDUSR_CF, timestamp) values ('TSEGUWASMSEC', 'SECQUA4_CF', 'SEC_QUALIFIER4', 'smallint', 130, null, null, null, getDate(), 'UBEU', getDate(), 'UBEU', null)
insert into TSEGUWCOLUMN (SGTUWTAB_CF, SGTUWCOL_CF, SGTUWCOL_LS, SGTUWTYP_CT, SGTUWORDER_NB, SGTUWLEN_NB, SGTUWSCA_NB, SGTUWPRE_NB, CRE_D, CREUSR_CF, LSTUPD_D, LSTUPDUSR_CF, timestamp) values ('TSEGUWASMSEC', 'SECQUA5_CF', 'SEC_QUALIFIER5', 'smallint', 131, null, null, null, getDate(), 'UBEU', getDate(), 'UBEU', null)
insert into TSEGUWCOLUMN (SGTUWTAB_CF, SGTUWCOL_CF, SGTUWCOL_LS, SGTUWTYP_CT, SGTUWORDER_NB, SGTUWLEN_NB, SGTUWSCA_NB, SGTUWPRE_NB, CRE_D, CREUSR_CF, LSTUPD_D, LSTUPDUSR_CF, timestamp) values ('TSEGUWASMSEC', 'SECQUA6_CF', 'SEC_QUALIFIER6', 'smallint', 132, null, null, null, getDate(), 'UBEU', getDate(), 'UBEU', null)
insert into TSEGUWCOLUMN (SGTUWTAB_CF, SGTUWCOL_CF, SGTUWCOL_LS, SGTUWTYP_CT, SGTUWORDER_NB, SGTUWLEN_NB, SGTUWSCA_NB, SGTUWPRE_NB, CRE_D, CREUSR_CF, LSTUPD_D, LSTUPDUSR_CF, timestamp) values ('TSEGUWASMSEC', 'SECQUA7_CF', 'SEC_QUALIFIER7', 'smallint', 133, null, null, null, getDate(), 'UBEU', getDate(), 'UBEU', null)
insert into TSEGUWCOLUMN (SGTUWTAB_CF, SGTUWCOL_CF, SGTUWCOL_LS, SGTUWTYP_CT, SGTUWORDER_NB, SGTUWLEN_NB, SGTUWSCA_NB, SGTUWPRE_NB, CRE_D, CREUSR_CF, LSTUPD_D, LSTUPDUSR_CF, timestamp) values ('TSEGUWASMSEC', 'SECQUA8_CF', 'SEC_QUALIFIER8', 'smallint', 134, null, null, null, getDate(), 'UBEU', getDate(), 'UBEU', null)
insert into TSEGUWCOLUMN (SGTUWTAB_CF, SGTUWCOL_CF, SGTUWCOL_LS, SGTUWTYP_CT, SGTUWORDER_NB, SGTUWLEN_NB, SGTUWSCA_NB, SGTUWPRE_NB, CRE_D, CREUSR_CF, LSTUPD_D, LSTUPDUSR_CF, timestamp) values ('TSEGUWASMSEC', 'SECQUA9_CF', 'SEC_QUALIFIER9', 'smallint', 135, null, null, null, getDate(), 'UBEU', getDate(), 'UBEU', null)
insert into TSEGUWCOLUMN (SGTUWTAB_CF, SGTUWCOL_CF, SGTUWCOL_LS, SGTUWTYP_CT, SGTUWORDER_NB, SGTUWLEN_NB, SGTUWSCA_NB, SGTUWPRE_NB, CRE_D, CREUSR_CF, LSTUPD_D, LSTUPDUSR_CF, timestamp) values ('TSEGUWASMSEC', 'SIGSHA_R', 'SIGNED_SHARE', 'USHA_R', 136, null, null, null, getDate(), 'UBEU', getDate(), 'UBEU', null)
insert into TSEGUWCOLUMN (SGTUWTAB_CF, SGTUWCOL_CF, SGTUWCOL_LS, SGTUWTYP_CT, SGTUWORDER_NB, SGTUWLEN_NB, SGTUWSCA_NB, SGTUWPRE_NB, CRE_D, CREUSR_CF, LSTUPD_D, LSTUPDUSR_CF, timestamp) values ('TSEGUWASMSEC', 'SOB_CF', 'SOB', 'USOB_CF', 137, null, null, null, getDate(), 'UBEU', getDate(), 'UBEU', null)
insert into TSEGUWCOLUMN (SGTUWTAB_CF, SGTUWCOL_CF, SGTUWCOL_LS, SGTUWTYP_CT, SGTUWORDER_NB, SGTUWLEN_NB, SGTUWSCA_NB, SGTUWPRE_NB, CRE_D, CREUSR_CF, LSTUPD_D, LSTUPDUSR_CF, timestamp) values ('TSEGUWASMSEC', 'SORDNBR_NT', 'CLI_SUBSIDIARY_SEGMENT', 'int', 138, null, null, null, getDate(), 'UBEU', getDate(), 'UBEU', null)
insert into TSEGUWCOLUMN (SGTUWTAB_CF, SGTUWCOL_CF, SGTUWCOL_LS, SGTUWTYP_CT, SGTUWORDER_NB, SGTUWLEN_NB, SGTUWSCA_NB, SGTUWPRE_NB, CRE_D, CREUSR_CF, LSTUPD_D, LSTUPDUSR_CF, timestamp) values ('TSEGUWASMSEC', 'SPCURRAT_CT', 'RATING_SP', 'tinyint', 139, null, null, null, getDate(), 'UBEU', getDate(), 'UBEU', null)
insert into TSEGUWCOLUMN (SGTUWTAB_CF, SGTUWCOL_CF, SGTUWCOL_LS, SGTUWTYP_CT, SGTUWORDER_NB, SGTUWLEN_NB, SGTUWSCA_NB, SGTUWPRE_NB, CRE_D, CREUSR_CF, LSTUPD_D, LSTUPDUSR_CF, timestamp) values ('TSEGUWASMSEC', 'SSD_ESB', 'LEDGER', 'char', 140, 5, null, null, getDate(), 'UBEU', getDate(), 'UBEU', null)
insert into TSEGUWCOLUMN (SGTUWTAB_CF, SGTUWCOL_CF, SGTUWCOL_LS, SGTUWTYP_CT, SGTUWORDER_NB, SGTUWLEN_NB, SGTUWSCA_NB, SGTUWPRE_NB, CRE_D, CREUSR_CF, LSTUPD_D, LSTUPDUSR_CF, timestamp) values ('TSEGUWASMSEC', 'STOCNDEXI_B', 'PRG_STORM', 'bit', 141, null, null, null, getDate(), 'UBEU', getDate(), 'UBEU', null)
insert into TSEGUWCOLUMN (SGTUWTAB_CF, SGTUWCOL_CF, SGTUWCOL_LS, SGTUWTYP_CT, SGTUWORDER_NB, SGTUWLEN_NB, SGTUWSCA_NB, SGTUWPRE_NB, CRE_D, CREUSR_CF, LSTUPD_D, LSTUPDUSR_CF, timestamp) values ('TSEGUWASMSEC', 'SUBNAT_CF', 'SEC_SUBNAT', 'UCTRSUBNAT_CF', 142, null, null, null, getDate(), 'UBEU', getDate(), 'UBEU', null)
insert into TSEGUWCOLUMN (SGTUWTAB_CF, SGTUWCOL_CF, SGTUWCOL_LS, SGTUWTYP_CT, SGTUWORDER_NB, SGTUWLEN_NB, SGTUWSCA_NB, SGTUWPRE_NB, CRE_D, CREUSR_CF, LSTUPD_D, LSTUPDUSR_CF, timestamp) values ('TSEGUWASMSEC', 'TFL_IND', 'TTY_FAC_LIFE', 'char', 143, 1, null, null, getDate(), 'UBEU', getDate(), 'UBEU', null)
insert into TSEGUWCOLUMN (SGTUWTAB_CF, SGTUWCOL_CF, SGTUWCOL_LS, SGTUWTYP_CT, SGTUWORDER_NB, SGTUWLEN_NB, SGTUWSCA_NB, SGTUWPRE_NB, CRE_D, CREUSR_CF, LSTUPD_D, LSTUPDUSR_CF, timestamp) values ('TSEGUWASMSEC', 'EDI_CALC', 'EDI', 'char', 144, 13, null, null, getDate(), 'UBEU', getDate(), 'UBEU', null)
insert into TSEGUWCOLUMN (SGTUWTAB_CF, SGTUWCOL_CF, SGTUWCOL_LS, SGTUWTYP_CT, SGTUWORDER_NB, SGTUWLEN_NB, SGTUWSCA_NB, SGTUWPRE_NB, CRE_D, CREUSR_CF, LSTUPD_D, LSTUPDUSR_CF, timestamp) values ('TSEGUWASMSEC', 'CAT_RISK_COVERED_CALC', 'CAT_RISK_COVERED', 'bit', 145, 1, null, null, getDate(), 'UBEU', getDate(), 'UBEU', null)
insert into TSEGUWCOLUMN (SGTUWTAB_CF, SGTUWCOL_CF, SGTUWCOL_LS, SGTUWTYP_CT, SGTUWORDER_NB, SGTUWLEN_NB, SGTUWSCA_NB, SGTUWPRE_NB, CRE_D, CREUSR_CF, LSTUPD_D, LSTUPDUSR_CF, timestamp) values ('TSEGUWASMSEC', 'SBS_ADMIN_CALC', 'SBS_ADMIN', 'char', 146, 11, null, null, getDate(), 'UBEU', getDate(), 'UBEU', null)
insert into TSEGUWCOLUMN (SGTUWTAB_CF, SGTUWCOL_CF, SGTUWCOL_LS, SGTUWTYP_CT, SGTUWORDER_NB, SGTUWLEN_NB, SGTUWSCA_NB, SGTUWPRE_NB, CRE_D, CREUSR_CF, LSTUPD_D, LSTUPDUSR_CF, timestamp) values ('TSEGUWASMSEC', 'GAL_CONSO_CALC', 'GAL_CONSO', 'UAMT_M', 147, null, null, null, getDate(), 'UBEU', getDate(), 'UBEU', null)
insert into TSEGUWCOLUMN (SGTUWTAB_CF, SGTUWCOL_CF, SGTUWCOL_LS, SGTUWTYP_CT, SGTUWORDER_NB, SGTUWLEN_NB, SGTUWSCA_NB, SGTUWPRE_NB, CRE_D, CREUSR_CF, LSTUPD_D, LSTUPDUSR_CF, timestamp) values ('TSEGUWASMSEC', 'GAL_RETRO_CALC', 'GAL_RETRO', 'UAMT_M', 148, null, null, null, getDate(), 'UBEU', getDate(), 'UBEU', null)
insert into TSEGUWCOLUMN (SGTUWTAB_CF, SGTUWCOL_CF, SGTUWCOL_LS, SGTUWTYP_CT, SGTUWORDER_NB, SGTUWLEN_NB, SGTUWSCA_NB, SGTUWPRE_NB, CRE_D, CREUSR_CF, LSTUPD_D, LSTUPDUSR_CF, timestamp) values ('TSEGUWASMSEC', 'SCOR_SHARE_ORG_CALC', 'SCOR_SHARE_ORG', 'decimal', 149, null, 16, 20, getDate(), 'UBEU', getDate(), 'UBEU', null)
insert into TSEGUWCOLUMN (SGTUWTAB_CF, SGTUWCOL_CF, SGTUWCOL_LS, SGTUWTYP_CT, SGTUWORDER_NB, SGTUWLEN_NB, SGTUWSCA_NB, SGTUWPRE_NB, CRE_D, CREUSR_CF, LSTUPD_D, LSTUPDUSR_CF, timestamp) values ('TSEGUWASMSEC', 'GAL_CBI_CALC', 'GAL_CBI', 'UAMT_M', 150, null, null, null, getDate(), 'UBEU', getDate(), 'UBEU', null)
insert into TSEGUWCOLUMN (SGTUWTAB_CF, SGTUWCOL_CF, SGTUWCOL_LS, SGTUWTYP_CT, SGTUWORDER_NB, SGTUWLEN_NB, SGTUWSCA_NB, SGTUWPRE_NB, CRE_D, CREUSR_CF, LSTUPD_D, LSTUPDUSR_CF, timestamp) values ('TSEGUWASMSEC', 'GAL_JV_CALC', 'GAL_JV', 'UAMT_M', 151, null, null, null, getDate(), 'UBEU', getDate(), 'UBEU', null)
insert into TSEGUWCOLUMN (SGTUWTAB_CF, SGTUWCOL_CF, SGTUWCOL_LS, SGTUWTYP_CT, SGTUWORDER_NB, SGTUWLEN_NB, SGTUWSCA_NB, SGTUWPRE_NB, CRE_D, CREUSR_CF, LSTUPD_D, LSTUPDUSR_CF, timestamp) values ('TSEGUWASMSEC', 'GAL_FAC_IMPACT_CALC', 'GAL_FAC_IMPACT', 'UAMT_M', 152, null, null, null, getDate(), 'UBEU', getDate(), 'UBEU', null)
insert into TSEGUWCOLUMN (SGTUWTAB_CF, SGTUWCOL_CF, SGTUWCOL_LS, SGTUWTYP_CT, SGTUWORDER_NB, SGTUWLEN_NB, SGTUWSCA_NB, SGTUWPRE_NB, CRE_D, CREUSR_CF, LSTUPD_D, LSTUPDUSR_CF, timestamp) values ('TSEGUWASMSEC', 'GAL_NEIGHBORHOOD_CALC', 'GAL_NEIGHBORHOOD', 'UAMT_M', 153, null, null, null, getDate(), 'UBEU', getDate(), 'UBEU', null)
insert into TSEGUWCOLUMN (SGTUWTAB_CF, SGTUWCOL_CF, SGTUWCOL_LS, SGTUWTYP_CT, SGTUWORDER_NB, SGTUWLEN_NB, SGTUWSCA_NB, SGTUWPRE_NB, CRE_D, CREUSR_CF, LSTUPD_D, LSTUPDUSR_CF, timestamp) values ('TSEGUWASMSEC', 'GAL_OTHER_LOB_CALC', 'GAL_OTHER_LOB', 'UAMT_M', 154, null, null, null, getDate(), 'UBEU', getDate(), 'UBEU', null)
insert into TSEGUWCOLUMN (SGTUWTAB_CF, SGTUWCOL_CF, SGTUWCOL_LS, SGTUWTYP_CT, SGTUWORDER_NB, SGTUWLEN_NB, SGTUWSCA_NB, SGTUWPRE_NB, CRE_D, CREUSR_CF, LSTUPD_D, LSTUPDUSR_CF, timestamp) values ('TSEGUWASMSEC', 'GAL_OTHER_PART_CALC', 'GAL_OTHER_PART', 'UAMT_M', 155, null, null, null, getDate(), 'UBEU', getDate(), 'UBEU', null)
insert into TSEGUWCOLUMN (SGTUWTAB_CF, SGTUWCOL_CF, SGTUWCOL_LS, SGTUWTYP_CT, SGTUWORDER_NB, SGTUWLEN_NB, SGTUWSCA_NB, SGTUWPRE_NB, CRE_D, CREUSR_CF, LSTUPD_D, LSTUPDUSR_CF, timestamp) values ('TSEGUWASMSEC', 'SCOR_SHARE_CEDED_CALC', 'SCOR_SHARE_CEDED', 'decimal', 156, null, 8, 11, getDate(), 'UBEU', getDate(), 'UBEU', null)
insert into TSEGUWCOLUMN (SGTUWTAB_CF, SGTUWCOL_CF, SGTUWCOL_LS, SGTUWTYP_CT, SGTUWORDER_NB, SGTUWLEN_NB, SGTUWSCA_NB, SGTUWPRE_NB, CRE_D, CREUSR_CF, LSTUPD_D, LSTUPDUSR_CF, timestamp) values ('TSEGUWASMSEC', 'SEC_RETRO_RATIO_CALC', 'SEC_RETRO_RATIO', 'decimal', 157, null, 8, 11, getDate(), 'UBEU', getDate(), 'UBEU', null)
insert into TSEGUWCOLUMN (SGTUWTAB_CF, SGTUWCOL_CF, SGTUWCOL_LS, SGTUWTYP_CT, SGTUWORDER_NB, SGTUWLEN_NB, SGTUWSCA_NB, SGTUWPRE_NB, CRE_D, CREUSR_CF, LSTUPD_D, LSTUPDUSR_CF, timestamp) values ('TSEGUWASMSEC', 'CEDED_SHARE_CALC', 'CEDED_SHARE', 'decimal', 158, null, 8, 11, getDate(), 'UBEU', getDate(), 'UBEU', null)
insert into TSEGUWCOLUMN (SGTUWTAB_CF, SGTUWCOL_CF, SGTUWCOL_LS, SGTUWTYP_CT, SGTUWORDER_NB, SGTUWLEN_NB, SGTUWSCA_NB, SGTUWPRE_NB, CRE_D, CREUSR_CF, LSTUPD_D, LSTUPDUSR_CF, timestamp) values ('TSEGUWASMSEC', 'IO_CLIENT_SCOR_CALC', 'IO_CLIENT_SCOR', 'bit', 159, null, null, null, getDate(), 'UBEU', getDate(), 'UBEU', null)
insert into TSEGUWCOLUMN (SGTUWTAB_CF, SGTUWCOL_CF, SGTUWCOL_LS, SGTUWTYP_CT, SGTUWORDER_NB, SGTUWLEN_NB, SGTUWSCA_NB, SGTUWPRE_NB, CRE_D, CREUSR_CF, LSTUPD_D, LSTUPDUSR_CF, timestamp) values ('TSEGUWASMSEC', 'COM_PC_EXPENSES_CALC', 'COM_PC_EXPENSES', 'decimal', 160, null, 8, 11, getDate(), 'UBEU', getDate(), 'UBEU', null)
insert into TSEGUWCOLUMN (SGTUWTAB_CF, SGTUWCOL_CF, SGTUWCOL_LS, SGTUWTYP_CT, SGTUWORDER_NB, SGTUWLEN_NB, SGTUWSCA_NB, SGTUWPRE_NB, CRE_D, CREUSR_CF, LSTUPD_D, LSTUPDUSR_CF, timestamp) values ('TSEGUWASMSEC', 'COM_FIX_CALC', 'COM_FIX', 'decimal', 161, null, 8, 11, getDate(), 'UBEU', getDate(), 'UBEU', null)
insert into TSEGUWCOLUMN (SGTUWTAB_CF, SGTUWCOL_CF, SGTUWCOL_LS, SGTUWTYP_CT, SGTUWORDER_NB, SGTUWLEN_NB, SGTUWSCA_NB, SGTUWPRE_NB, CRE_D, CREUSR_CF, LSTUPD_D, LSTUPDUSR_CF, timestamp) values ('TSEGUWASMSEC', 'COM_PC_LOSS_CALC', 'COM_PC_LOSS', 'decimal', 162, null, 8, 11, getDate(), 'UBEU', getDate(), 'UBEU', null)
insert into TSEGUWCOLUMN (SGTUWTAB_CF, SGTUWCOL_CF, SGTUWCOL_LS, SGTUWTYP_CT, SGTUWORDER_NB, SGTUWLEN_NB, SGTUWSCA_NB, SGTUWPRE_NB, CRE_D, CREUSR_CF, LSTUPD_D, LSTUPDUSR_CF, timestamp) values ('TSEGUWASMSEC', 'COM_VARIABLE_MAX_CALC', 'COM_VARIABLE_MAX', 'decimal', 163, null, 8, 11, getDate(), 'UBEU', getDate(), 'UBEU', null)
insert into TSEGUWCOLUMN (SGTUWTAB_CF, SGTUWCOL_CF, SGTUWCOL_LS, SGTUWTYP_CT, SGTUWORDER_NB, SGTUWLEN_NB, SGTUWSCA_NB, SGTUWPRE_NB, CRE_D, CREUSR_CF, LSTUPD_D, LSTUPDUSR_CF, timestamp) values ('TSEGUWASMSEC', 'LR_VARIABLE_MAX_CALC', 'LR_VARIABLE_MAX', 'decimal', 164, null, 8, 11, getDate(), 'UBEU', getDate(), 'UBEU', null)
insert into TSEGUWCOLUMN (SGTUWTAB_CF, SGTUWCOL_CF, SGTUWCOL_LS, SGTUWTYP_CT, SGTUWORDER_NB, SGTUWLEN_NB, SGTUWSCA_NB, SGTUWPRE_NB, CRE_D, CREUSR_CF, LSTUPD_D, LSTUPDUSR_CF, timestamp) values ('TSEGUWASMSEC', 'COM_VARIABLE_MIN_CALC', 'COM_VARIABLE_MIN', 'decimal', 165, null, 8, 11, getDate(), 'UBEU', getDate(), 'UBEU', null)
insert into TSEGUWCOLUMN (SGTUWTAB_CF, SGTUWCOL_CF, SGTUWCOL_LS, SGTUWTYP_CT, SGTUWORDER_NB, SGTUWLEN_NB, SGTUWSCA_NB, SGTUWPRE_NB, CRE_D, CREUSR_CF, LSTUPD_D, LSTUPDUSR_CF, timestamp) values ('TSEGUWASMSEC', 'LR_VARIABLE_MIN_CALC', 'LR_VARIABLE_MIN', 'decimal', 166, null, 8, 11, getDate(), 'UBEU', getDate(), 'UBEU', null)
insert into TSEGUWCOLUMN (SGTUWTAB_CF, SGTUWCOL_CF, SGTUWCOL_LS, SGTUWTYP_CT, SGTUWORDER_NB, SGTUWLEN_NB, SGTUWSCA_NB, SGTUWPRE_NB, CRE_D, CREUSR_CF, LSTUPD_D, LSTUPDUSR_CF, timestamp) values ('TSEGUWASMSEC', 'COM_OVERRIDER_CALC', 'COM_OVERRIDER', 'decimal', 167, null, 8, 11, getDate(), 'UBEU', getDate(), 'UBEU', null)
insert into TSEGUWCOLUMN (SGTUWTAB_CF, SGTUWCOL_CF, SGTUWCOL_LS, SGTUWTYP_CT, SGTUWORDER_NB, SGTUWLEN_NB, SGTUWSCA_NB, SGTUWPRE_NB, CRE_D, CREUSR_CF, LSTUPD_D, LSTUPDUSR_CF, timestamp) values ('TSEGUWASMSEC', 'COM_PC_PROFIT_CALC', 'COM_PC_PROFIT', 'decimal', 168, null, 8, 11, getDate(), 'UBEU', getDate(), 'UBEU', null)
insert into TSEGUWCOLUMN (SGTUWTAB_CF, SGTUWCOL_CF, SGTUWCOL_LS, SGTUWTYP_CT, SGTUWORDER_NB, SGTUWLEN_NB, SGTUWSCA_NB, SGTUWPRE_NB, CRE_D, CREUSR_CF, LSTUPD_D, LSTUPDUSR_CF, timestamp) values ('TSEGUWASMSEC', 'COM_VARIABLE_PROV_CALC', 'COM_VARIABLE_PROV', 'decimal', 169, null, 8, 11, getDate(), 'UBEU', getDate(), 'UBEU', null)
insert into TSEGUWCOLUMN (SGTUWTAB_CF, SGTUWCOL_CF, SGTUWCOL_LS, SGTUWTYP_CT, SGTUWORDER_NB, SGTUWLEN_NB, SGTUWSCA_NB, SGTUWPRE_NB, CRE_D, CREUSR_CF, LSTUPD_D, LSTUPDUSR_CF, timestamp) values ('TSEGUWASMSEC', 'COM_VARIABLE_CALC', 'COM_VARIABLE', 'decimal', 170, null, 8, 11, getDate(), 'UBEU', getDate(), 'UBEU', null)
insert into TSEGUWCOLUMN (SGTUWTAB_CF, SGTUWCOL_CF, SGTUWCOL_LS, SGTUWTYP_CT, SGTUWORDER_NB, SGTUWLEN_NB, SGTUWSCA_NB, SGTUWPRE_NB, CRE_D, CREUSR_CF, LSTUPD_D, LSTUPDUSR_CF, timestamp) values ('TSEGUWASMSEC', 'AGG_DEDUCTIBLE_CALC', 'AGG_DEDUCTIBLE', 'UAMT_M', 171, null, null, null, getDate(), 'UBEU', getDate(), 'UBEU', null)
insert into TSEGUWCOLUMN (SGTUWTAB_CF, SGTUWCOL_CF, SGTUWCOL_LS, SGTUWTYP_CT, SGTUWORDER_NB, SGTUWLEN_NB, SGTUWSCA_NB, SGTUWPRE_NB, CRE_D, CREUSR_CF, LSTUPD_D, LSTUPDUSR_CF, timestamp) values ('TSEGUWASMSEC', 'TOP_CF', 'TOP', 'UTOP_CF', 172, null, null, null, getDate(), 'UBEU', getDate(), 'UBEU', null)
insert into TSEGUWCOLUMN (SGTUWTAB_CF, SGTUWCOL_CF, SGTUWCOL_LS, SGTUWTYP_CT, SGTUWORDER_NB, SGTUWLEN_NB, SGTUWSCA_NB, SGTUWPRE_NB, CRE_D, CREUSR_CF, LSTUPD_D, LSTUPDUSR_CF, timestamp) values ('TSEGUWASMSEC', 'TRFTRT_B', 'CTR_TRANSFERED', 'bit', 173, null, null, null, getDate(), 'UBEU', getDate(), 'UBEU', null)
insert into TSEGUWCOLUMN (SGTUWTAB_CF, SGTUWCOL_CF, SGTUWCOL_LS, SGTUWTYP_CT, SGTUWORDER_NB, SGTUWLEN_NB, SGTUWSCA_NB, SGTUWPRE_NB, CRE_D, CREUSR_CF, LSTUPD_D, LSTUPDUSR_CF, timestamp) values ('TSEGUWASMSEC', 'TYPREI_CF', 'RI_TYPE_STA', 'tinyint', 174, null, null, null, getDate(), 'UBEU', getDate(), 'UBEU', null)
insert into TSEGUWCOLUMN (SGTUWTAB_CF, SGTUWCOL_CF, SGTUWCOL_LS, SGTUWTYP_CT, SGTUWORDER_NB, SGTUWLEN_NB, SGTUWSCA_NB, SGTUWPRE_NB, CRE_D, CREUSR_CF, LSTUPD_D, LSTUPDUSR_CF, timestamp) values ('TSEGUWASMSEC', 'ULT_NF', 'INSURED_GROUP_ULTIMATE', 'UHLD_NF', 175, null, null, null, getDate(), 'UBEU', getDate(), 'UBEU', null)
insert into TSEGUWCOLUMN (SGTUWTAB_CF, SGTUWCOL_CF, SGTUWCOL_LS, SGTUWTYP_CT, SGTUWORDER_NB, SGTUWLEN_NB, SGTUWSCA_NB, SGTUWPRE_NB, CRE_D, CREUSR_CF, LSTUPD_D, LSTUPDUSR_CF, timestamp) values ('TSEGUWASMSEC', 'USGAAP_CT', 'USGAAP_PROJECTIONTERM', 'UACCADMTYP_CT', 176, null, null, null, getDate(), 'UBEU', getDate(), 'UBEU', null)
insert into TSEGUWCOLUMN (SGTUWTAB_CF, SGTUWCOL_CF, SGTUWCOL_LS, SGTUWTYP_CT, SGTUWORDER_NB, SGTUWLEN_NB, SGTUWSCA_NB, SGTUWPRE_NB, CRE_D, CREUSR_CF, LSTUPD_D, LSTUPDUSR_CF, timestamp) values ('TSEGUWASMSEC', 'USRCRTCOD_CT', 'USER_CRITERIA', 'UUSRCRTCOD_CT', 177, null, null, null, getDate(), 'UBEU', getDate(), 'UBEU', null)
insert into TSEGUWCOLUMN (SGTUWTAB_CF, SGTUWCOL_CF, SGTUWCOL_LS, SGTUWTYP_CT, SGTUWORDER_NB, SGTUWLEN_NB, SGTUWSCA_NB, SGTUWPRE_NB, CRE_D, CREUSR_CF, LSTUPD_D, LSTUPDUSR_CF, timestamp) values ('TSEGUWASMSEC', 'USRCRTVAL_LM', 'USER_CRITERIA_VALUE', 'UL32', 178, null, null, null, getDate(), 'UBEU', getDate(), 'UBEU', null)
insert into TSEGUWCOLUMN (SGTUWTAB_CF, SGTUWCOL_CF, SGTUWCOL_LS, SGTUWTYP_CT, SGTUWORDER_NB, SGTUWLEN_NB, SGTUWSCA_NB, SGTUWPRE_NB, CRE_D, CREUSR_CF, LSTUPD_D, LSTUPDUSR_CF, timestamp) values ('TSEGUWASMSEC', 'UWGRP_CF', 'UW_UNIT', 'UGRP_CF', 179, null, null, null, getDate(), 'UBEU', getDate(), 'UBEU', null)
insert into TSEGUWCOLUMN (SGTUWTAB_CF, SGTUWCOL_CF, SGTUWCOL_LS, SGTUWTYP_CT, SGTUWORDER_NB, SGTUWLEN_NB, SGTUWSCA_NB, SGTUWPRE_NB, CRE_D, CREUSR_CF, LSTUPD_D, LSTUPDUSR_CF, timestamp) values ('TSEGUWASMSEC', 'UWORG_CF', 'UW_PFT_ORIGIN', 'smallint', 180, null, null, null, getDate(), 'UBEU', getDate(), 'UBEU', null)
insert into TSEGUWCOLUMN (SGTUWTAB_CF, SGTUWCOL_CF, SGTUWCOL_LS, SGTUWTYP_CT, SGTUWORDER_NB, SGTUWLEN_NB, SGTUWSCA_NB, SGTUWPRE_NB, CRE_D, CREUSR_CF, LSTUPD_D, LSTUPDUSR_CF, timestamp) values ('TSEGUWASMSEC', 'WRKCAT_CT', 'WORKING_CAT', 'tinyint', 181, null, null, null, getDate(), 'UBEU', getDate(), 'UBEU', null)
insert into TSEGUWCOLUMN (SGTUWTAB_CF, SGTUWCOL_CF, SGTUWCOL_LS, SGTUWTYP_CT, SGTUWORDER_NB, SGTUWLEN_NB, SGTUWSCA_NB, SGTUWPRE_NB, CRE_D, CREUSR_CF, LSTUPD_D, LSTUPDUSR_CF, timestamp) values ('TSEGUWASMSEC', 'CLIADDSTA_CF', 'CLI_STATE', 'USTA_CF', 182, null, null, null, getDate(), 'UBEU', getDate(), 'UBEU', null)
insert into TSEGUWCOLUMN (SGTUWTAB_CF, SGTUWCOL_CF, SGTUWCOL_LS, SGTUWTYP_CT, SGTUWORDER_NB, SGTUWLEN_NB, SGTUWSCA_NB, SGTUWPRE_NB, CRE_D, CREUSR_CF, LSTUPD_D, LSTUPDUSR_CF, timestamp) values ('TSEGUWASMSEC', 'PCPSOB_CF', 'FAC_SOB_PRINCIPAL',  'USOB_CF', 183,  null,  null,  null, getDate(), 'UBEU', getDate(), 'UBEU', null)

-- Retro Columns
insert into TSEGUWCOLUMN (SGTUWTAB_CF, SGTUWCOL_CF, SGTUWCOL_LS, SGTUWTYP_CT, SGTUWORDER_NB, SGTUWLEN_NB, SGTUWSCA_NB, SGTUWPRE_NB, CRE_D, CREUSR_CF, LSTUPD_D, LSTUPDUSR_CF, timestamp) values ('TSEGUWRETPLC', 'CTR_NF', 'CONTRACT', 'URETCTR_NF', 1, null, null, null, getDate(), 'UBEU', getDate(), 'UBEU', null)
insert into TSEGUWCOLUMN (SGTUWTAB_CF, SGTUWCOL_CF, SGTUWCOL_LS, SGTUWTYP_CT, SGTUWORDER_NB, SGTUWLEN_NB, SGTUWSCA_NB, SGTUWPRE_NB, CRE_D, CREUSR_CF, LSTUPD_D, LSTUPDUSR_CF, timestamp) values ('TSEGUWRETPLC', 'UWY_NF', 'UWY', 'UUWY_NF', 2, null, null, null, getDate(), 'UBEU', getDate(), 'UBEU', null)
insert into TSEGUWCOLUMN (SGTUWTAB_CF, SGTUWCOL_CF, SGTUWCOL_LS, SGTUWTYP_CT, SGTUWORDER_NB, SGTUWLEN_NB, SGTUWSCA_NB, SGTUWPRE_NB, CRE_D, CREUSR_CF, LSTUPD_D, LSTUPDUSR_CF, timestamp) values ('TSEGUWRETPLC', 'SEC_NF', 'SECTION', 'URETSEC_NF', 3, null, null, null, getDate(), 'UBEU', getDate(), 'UBEU', null)
insert into TSEGUWCOLUMN (SGTUWTAB_CF, SGTUWCOL_CF, SGTUWCOL_LS, SGTUWTYP_CT, SGTUWORDER_NB, SGTUWLEN_NB, SGTUWSCA_NB, SGTUWPRE_NB, CRE_D, CREUSR_CF, LSTUPD_D, LSTUPDUSR_CF, timestamp) values ('TSEGUWRETPLC', 'RTO_NF', 'RETROCESSIONAIRE', 'UCLI_NF', 4, null, null, null, getDate(), 'UBEU', getDate(), 'UBEU', null)
insert into TSEGUWCOLUMN (SGTUWTAB_CF, SGTUWCOL_CF, SGTUWCOL_LS, SGTUWTYP_CT, SGTUWORDER_NB, SGTUWLEN_NB, SGTUWSCA_NB, SGTUWPRE_NB, CRE_D, CREUSR_CF, LSTUPD_D, LSTUPDUSR_CF, timestamp) values ('TSEGUWRETPLC', 'UWLSTUPD_D', 'UWLSTUPD_D', 'datetime', 5, null, null, null, getDate(), 'UBEU', getDate(), 'UBEU', null)
insert into TSEGUWCOLUMN (SGTUWTAB_CF, SGTUWCOL_CF, SGTUWCOL_LS, SGTUWTYP_CT, SGTUWORDER_NB, SGTUWLEN_NB, SGTUWSCA_NB, SGTUWPRE_NB, CRE_D, CREUSR_CF, LSTUPD_D, LSTUPDUSR_CF, timestamp) values ('TSEGUWRETPLC', 'SSD_CF', 'SUBSIDIARY', 'USSD_CF', 6, null, null, null, getDate(), 'UBEU', getDate(), 'UBEU', null)
insert into TSEGUWCOLUMN (SGTUWTAB_CF, SGTUWCOL_CF, SGTUWCOL_LS, SGTUWTYP_CT, SGTUWORDER_NB, SGTUWLEN_NB, SGTUWSCA_NB, SGTUWPRE_NB, CRE_D, CREUSR_CF, LSTUPD_D, LSTUPDUSR_CF, timestamp) values ('TSEGUWRETPLC', 'ACCESB_CF', 'SUBLEDGER', 'UESB_CF', 7, null, null, null, getDate(), 'UBEU', getDate(), 'UBEU', null)
insert into TSEGUWCOLUMN (SGTUWTAB_CF, SGTUWCOL_CF, SGTUWCOL_LS, SGTUWTYP_CT, SGTUWORDER_NB, SGTUWLEN_NB, SGTUWSCA_NB, SGTUWPRE_NB, CRE_D, CREUSR_CF, LSTUPD_D, LSTUPDUSR_CF, timestamp) values ('TSEGUWRETPLC', 'NAT_CF', 'SEC_NATURE', 'UCTRNAT_CF', 8, null, null, null, getDate(), 'UBEU', getDate(), 'UBEU', null)
insert into TSEGUWCOLUMN (SGTUWTAB_CF, SGTUWCOL_CF, SGTUWCOL_LS, SGTUWTYP_CT, SGTUWORDER_NB, SGTUWLEN_NB, SGTUWSCA_NB, SGTUWPRE_NB, CRE_D, CREUSR_CF, LSTUPD_D, LSTUPDUSR_CF, timestamp) values ('TSEGUWRETPLC', 'CTRSTS_CT', 'CTR_STATUS', 'URETCTRSTS_CT', 9, null, null, null, getDate(), 'UBEU', getDate(), 'UBEU', null)
insert into TSEGUWCOLUMN (SGTUWTAB_CF, SGTUWCOL_CF, SGTUWCOL_LS, SGTUWTYP_CT, SGTUWORDER_NB, SGTUWLEN_NB, SGTUWSCA_NB, SGTUWPRE_NB, CRE_D, CREUSR_CF, LSTUPD_D, LSTUPDUSR_CF, timestamp) values ('TSEGUWRETPLC', 'PLC_NT', 'PLACEMENT', 'UPLC_NT', 10, null, null, null, getDate(), 'UBEU', getDate(), 'UBEU', null)
insert into TSEGUWCOLUMN (SGTUWTAB_CF, SGTUWCOL_CF, SGTUWCOL_LS, SGTUWTYP_CT, SGTUWORDER_NB, SGTUWLEN_NB, SGTUWSCA_NB, SGTUWPRE_NB, CRE_D, CREUSR_CF, LSTUPD_D, LSTUPDUSR_CF, timestamp) values ('TSEGUWRETPLC', 'PLCVER_NT', 'PLC_VERSION', 'int', 11, null, null, null, getDate(), 'UBEU', getDate(), 'UBEU', null)
insert into TSEGUWCOLUMN (SGTUWTAB_CF, SGTUWCOL_CF, SGTUWCOL_LS, SGTUWTYP_CT, SGTUWORDER_NB, SGTUWLEN_NB, SGTUWSCA_NB, SGTUWPRE_NB, CRE_D, CREUSR_CF, LSTUPD_D, LSTUPDUSR_CF, timestamp) values ('TSEGUWRETPLC', 'CTRCAT_CF', 'RETRO_CATEGORY', 'char', 12, 2, null, null, getDate(), 'UBEU', getDate(), 'UBEU', null)
insert into TSEGUWCOLUMN (SGTUWTAB_CF, SGTUWCOL_CF, SGTUWCOL_LS, SGTUWTYP_CT, SGTUWORDER_NB, SGTUWLEN_NB, SGTUWSCA_NB, SGTUWPRE_NB, CRE_D, CREUSR_CF, LSTUPD_D, LSTUPDUSR_CF, timestamp) values ('TSEGUWRETPLC', 'AMBCURRAT_CT', 'RATING_AMB', 'tinyint', 13, null, null, null, getDate(), 'UBEU', getDate(), 'UBEU', null)
insert into TSEGUWCOLUMN (SGTUWTAB_CF, SGTUWCOL_CF, SGTUWCOL_LS, SGTUWTYP_CT, SGTUWORDER_NB, SGTUWLEN_NB, SGTUWSCA_NB, SGTUWPRE_NB, CRE_D, CREUSR_CF, LSTUPD_D, LSTUPDUSR_CF, timestamp) values ('TSEGUWRETPLC', 'ASSFINANCE_CT', 'SEC_IFRS', 'int', 14, null, null, null, getDate(), 'UBEU', getDate(), 'UBEU', null)
insert into TSEGUWCOLUMN (SGTUWTAB_CF, SGTUWCOL_CF, SGTUWCOL_LS, SGTUWTYP_CT, SGTUWORDER_NB, SGTUWLEN_NB, SGTUWSCA_NB, SGTUWPRE_NB, CRE_D, CREUSR_CF, LSTUPD_D, LSTUPDUSR_CF, timestamp) values ('TSEGUWRETPLC', 'CLECUTPER_B', 'RETRO_CLEAN_CUT_DELAY', 'bit', 15, null, null, null, getDate(), 'UBEU', getDate(), 'UBEU', null)
insert into TSEGUWCOLUMN (SGTUWTAB_CF, SGTUWCOL_CF, SGTUWCOL_LS, SGTUWTYP_CT, SGTUWORDER_NB, SGTUWLEN_NB, SGTUWSCA_NB, SGTUWPRE_NB, CRE_D, CREUSR_CF, LSTUPD_D, LSTUPDUSR_CF, timestamp) values ('TSEGUWRETPLC', 'CLICTY_CF', 'CLI_COUNTRY', 'UCTY_CF', 16, null, null, null, getDate(), 'UBEU', getDate(), 'UBEU', null)
insert into TSEGUWCOLUMN (SGTUWTAB_CF, SGTUWCOL_CF, SGTUWCOL_LS, SGTUWTYP_CT, SGTUWORDER_NB, SGTUWLEN_NB, SGTUWSCA_NB, SGTUWPRE_NB, CRE_D, CREUSR_CF, LSTUPD_D, LSTUPDUSR_CF, timestamp) values ('TSEGUWRETPLC', 'DEPCON_B', 'RETRO_FUNDSHELD_PRESENT', 'bit', 17, null, null, null, getDate(), 'UBEU', getDate(), 'UBEU', null)
insert into TSEGUWCOLUMN (SGTUWTAB_CF, SGTUWCOL_CF, SGTUWCOL_LS, SGTUWTYP_CT, SGTUWORDER_NB, SGTUWLEN_NB, SGTUWSCA_NB, SGTUWPRE_NB, CRE_D, CREUSR_CF, LSTUPD_D, LSTUPDUSR_CF, timestamp) values ('TSEGUWRETPLC', 'ESTCRB_CT', 'ESTIMATE_TYPE', 'char', 18, 1, null, null, getDate(), 'UBEU', getDate(), 'UBEU', null)
insert into TSEGUWCOLUMN (SGTUWTAB_CF, SGTUWCOL_CF, SGTUWCOL_LS, SGTUWTYP_CT, SGTUWORDER_NB, SGTUWLEN_NB, SGTUWSCA_NB, SGTUWPRE_NB, CRE_D, CREUSR_CF, LSTUPD_D, LSTUPDUSR_CF, timestamp) values ('TSEGUWRETPLC', 'EXCTYP_CF', 'RETRO_CONVERSION_TYPE', 'int', 19, null, null, null, getDate(), 'UBEU', getDate(), 'UBEU', null)
insert into TSEGUWCOLUMN (SGTUWTAB_CF, SGTUWCOL_CF, SGTUWCOL_LS, SGTUWTYP_CT, SGTUWORDER_NB, SGTUWLEN_NB, SGTUWSCA_NB, SGTUWPRE_NB, CRE_D, CREUSR_CF, LSTUPD_D, LSTUPDUSR_CF, timestamp) values ('TSEGUWRETPLC', 'FLABRK_NF', 'RETRO_MAIN_BROKER', 'UCLI_NF', 20, null, null, null, getDate(), 'UBEU', getDate(), 'UBEU', null)
insert into TSEGUWCOLUMN (SGTUWTAB_CF, SGTUWCOL_CF, SGTUWCOL_LS, SGTUWTYP_CT, SGTUWORDER_NB, SGTUWLEN_NB, SGTUWSCA_NB, SGTUWPRE_NB, CRE_D, CREUSR_CF, LSTUPD_D, LSTUPDUSR_CF, timestamp) values ('TSEGUWRETPLC', 'GAR_CF', 'GUARANTEE', 'UGAR_CF', 21, null, null, null, getDate(), 'UBEU', getDate(), 'UBEU', null)
insert into TSEGUWCOLUMN (SGTUWTAB_CF, SGTUWCOL_CF, SGTUWCOL_LS, SGTUWTYP_CT, SGTUWORDER_NB, SGTUWLEN_NB, SGTUWSCA_NB, SGTUWPRE_NB, CRE_D, CREUSR_CF, LSTUPD_D, LSTUPDUSR_CF, timestamp) values ('TSEGUWRETPLC', 'INT_NF', 'PLC_BROKER', 'UCLI_NF', 22, null, null, null, getDate(), 'UBEU', getDate(), 'UBEU', null)
insert into TSEGUWCOLUMN (SGTUWTAB_CF, SGTUWCOL_CF, SGTUWCOL_LS, SGTUWTYP_CT, SGTUWORDER_NB, SGTUWLEN_NB, SGTUWSCA_NB, SGTUWPRE_NB, CRE_D, CREUSR_CF, LSTUPD_D, LSTUPDUSR_CF, timestamp) values ('TSEGUWRETPLC', 'ISICURRAT_CT', 'RATING_SCOR', 'tinyint', 23, null, null, null, getDate(), 'UBEU', getDate(), 'UBEU', null)
insert into TSEGUWCOLUMN (SGTUWTAB_CF, SGTUWCOL_CF, SGTUWCOL_LS, SGTUWTYP_CT, SGTUWORDER_NB, SGTUWLEN_NB, SGTUWSCA_NB, SGTUWPRE_NB, CRE_D, CREUSR_CF, LSTUPD_D, LSTUPDUSR_CF, timestamp) values ('TSEGUWRETPLC', 'LIAEVT_B', 'RETRO_LIAB_EVENT', 'bit', 24, null, null, null, getDate(), 'UBEU', getDate(), 'UBEU', null)
insert into TSEGUWCOLUMN (SGTUWTAB_CF, SGTUWCOL_CF, SGTUWCOL_LS, SGTUWTYP_CT, SGTUWORDER_NB, SGTUWLEN_NB, SGTUWSCA_NB, SGTUWPRE_NB, CRE_D, CREUSR_CF, LSTUPD_D, LSTUPDUSR_CF, timestamp) values ('TSEGUWRETPLC', 'LIARSK_B', 'RETRO_LIAB_RISK', 'bit', 25, null, null, null, getDate(), 'UBEU', getDate(), 'UBEU', null)
insert into TSEGUWCOLUMN (SGTUWTAB_CF, SGTUWCOL_CF, SGTUWCOL_LS, SGTUWTYP_CT, SGTUWORDER_NB, SGTUWLEN_NB, SGTUWSCA_NB, SGTUWPRE_NB, CRE_D, CREUSR_CF, LSTUPD_D, LSTUPDUSR_CF, timestamp) values ('TSEGUWRETPLC', 'LIFTRTTYP_CF', 'LIFE_TREATY_TYPE', 'char', 26, 2, null, null, getDate(), 'UBEU', getDate(), 'UBEU', null)
insert into TSEGUWCOLUMN (SGTUWTAB_CF, SGTUWCOL_CF, SGTUWCOL_LS, SGTUWTYP_CT, SGTUWORDER_NB, SGTUWLEN_NB, SGTUWSCA_NB, SGTUWPRE_NB, CRE_D, CREUSR_CF, LSTUPD_D, LSTUPDUSR_CF, timestamp) values ('TSEGUWRETPLC', 'LOB_CF', 'LOB', 'ULOB_CF', 27, null, null, null, getDate(), 'UBEU', getDate(), 'UBEU', null)
insert into TSEGUWCOLUMN (SGTUWTAB_CF, SGTUWCOL_CF, SGTUWCOL_LS, SGTUWTYP_CT, SGTUWORDER_NB, SGTUWLEN_NB, SGTUWSCA_NB, SGTUWPRE_NB, CRE_D, CREUSR_CF, LSTUPD_D, LSTUPDUSR_CF, timestamp) values ('TSEGUWRETPLC', 'NAT_B', 'P_NP', 'char', 28, 1, null, null, getDate(), 'UBEU', getDate(), 'UBEU', null)
insert into TSEGUWCOLUMN (SGTUWTAB_CF, SGTUWCOL_CF, SGTUWCOL_LS, SGTUWTYP_CT, SGTUWORDER_NB, SGTUWLEN_NB, SGTUWSCA_NB, SGTUWPRE_NB, CRE_D, CREUSR_CF, LSTUPD_D, LSTUPDUSR_CF, timestamp) values ('TSEGUWRETPLC', 'PCPRSKTRY_CF', 'TERRITORIAL_SCOPE', 'UCTY_CF', 29, null, null, null, getDate(), 'UBEU', getDate(), 'UBEU', null)
insert into TSEGUWCOLUMN (SGTUWTAB_CF, SGTUWCOL_CF, SGTUWCOL_LS, SGTUWTYP_CT, SGTUWORDER_NB, SGTUWLEN_NB, SGTUWSCA_NB, SGTUWPRE_NB, CRE_D, CREUSR_CF, LSTUPD_D, LSTUPDUSR_CF, timestamp) values ('TSEGUWRETPLC', 'PLCSTS_CT', 'PLC_STATUS', 'UPLCSTS_CT', 30, null, null, null, getDate(), 'UBEU', getDate(), 'UBEU', null)
insert into TSEGUWCOLUMN (SGTUWTAB_CF, SGTUWCOL_CF, SGTUWCOL_LS, SGTUWTYP_CT, SGTUWORDER_NB, SGTUWLEN_NB, SGTUWSCA_NB, SGTUWPRE_NB, CRE_D, CREUSR_CF, LSTUPD_D, LSTUPDUSR_CF, timestamp) values ('TSEGUWRETPLC', 'PRG_NF', 'RETRO_PROGRAM', 'UCTRGRP_NF', 31, null, null, null, getDate(), 'UBEU', getDate(), 'UBEU', null)
insert into TSEGUWCOLUMN (SGTUWTAB_CF, SGTUWCOL_CF, SGTUWCOL_LS, SGTUWTYP_CT, SGTUWORDER_NB, SGTUWLEN_NB, SGTUWSCA_NB, SGTUWPRE_NB, CRE_D, CREUSR_CF, LSTUPD_D, LSTUPDUSR_CF, timestamp) values ('TSEGUWRETPLC', 'PROTRTPRO_B', 'RETRO_PROP_CONTRACT_COVERED', 'bit', 32, null, null, null, getDate(), 'UBEU', getDate(), 'UBEU', null)
insert into TSEGUWCOLUMN (SGTUWTAB_CF, SGTUWCOL_CF, SGTUWCOL_LS, SGTUWTYP_CT, SGTUWORDER_NB, SGTUWLEN_NB, SGTUWSCA_NB, SGTUWPRE_NB, CRE_D, CREUSR_CF, LSTUPD_D, LSTUPDUSR_CF, timestamp) values ('TSEGUWRETPLC', 'ACCADMTYP_CT', 'SEC_ACCOUNTYPE', 'tinyint', 33, null, null, null, getDate(), 'UBEU', getDate(), 'UBEU', null)
insert into TSEGUWCOLUMN (SGTUWTAB_CF, SGTUWCOL_CF, SGTUWCOL_LS, SGTUWTYP_CT, SGTUWORDER_NB, SGTUWLEN_NB, SGTUWSCA_NB, SGTUWPRE_NB, CRE_D, CREUSR_CF, LSTUPD_D, LSTUPDUSR_CF, timestamp) values ('TSEGUWRETPLC', 'RETCANMOD_CT', 'RETRO_CANCELLATION_MODE', 'URETCANMOD_CT', 34, null, null, null, getDate(), 'UBEU', getDate(), 'UBEU', null)
insert into TSEGUWCOLUMN (SGTUWTAB_CF, SGTUWCOL_CF, SGTUWCOL_LS, SGTUWTYP_CT, SGTUWORDER_NB, SGTUWLEN_NB, SGTUWSCA_NB, SGTUWPRE_NB, CRE_D, CREUSR_CF, LSTUPD_D, LSTUPDUSR_CF, timestamp) values ('TSEGUWRETPLC', 'PCPCUR_CF', 'CURRENCY_MAIN', 'UCUR_CF', 35, null, null, null, getDate(), 'UBEU', getDate(), 'UBEU', null)
insert into TSEGUWCOLUMN (SGTUWTAB_CF, SGTUWCOL_CF, SGTUWCOL_LS, SGTUWTYP_CT, SGTUWORDER_NB, SGTUWLEN_NB, SGTUWSCA_NB, SGTUWPRE_NB, CRE_D, CREUSR_CF, LSTUPD_D, LSTUPDUSR_CF, timestamp) values ('TSEGUWRETPLC', 'ANLCTY_CF', 'COUNTRY_REPORTING', 'UCTY_CF', 36, null, null, null, getDate(), 'UBEU', getDate(), 'UBEU', null)
insert into TSEGUWCOLUMN (SGTUWTAB_CF, SGTUWCOL_CF, SGTUWCOL_LS, SGTUWTYP_CT, SGTUWORDER_NB, SGTUWLEN_NB, SGTUWSCA_NB, SGTUWPRE_NB, CRE_D, CREUSR_CF, LSTUPD_D, LSTUPDUSR_CF, timestamp) values ('TSEGUWRETPLC', 'SECQUA_CF', 'RETRO_QUALIFIER_1', 'smallint', 37, null, null, null, getDate(), 'UBEU', getDate(), 'UBEU', null)
insert into TSEGUWCOLUMN (SGTUWTAB_CF, SGTUWCOL_CF, SGTUWCOL_LS, SGTUWTYP_CT, SGTUWORDER_NB, SGTUWLEN_NB, SGTUWSCA_NB, SGTUWPRE_NB, CRE_D, CREUSR_CF, LSTUPD_D, LSTUPDUSR_CF, timestamp) values ('TSEGUWRETPLC', 'SECQUA2_CF', 'RETRO_QUALIFIER_2', 'smallint', 38, null, null, null, getDate(), 'UBEU', getDate(), 'UBEU', null)
insert into TSEGUWCOLUMN (SGTUWTAB_CF, SGTUWCOL_CF, SGTUWCOL_LS, SGTUWTYP_CT, SGTUWORDER_NB, SGTUWLEN_NB, SGTUWSCA_NB, SGTUWPRE_NB, CRE_D, CREUSR_CF, LSTUPD_D, LSTUPDUSR_CF, timestamp) values ('TSEGUWRETPLC', 'SECQUA3_CF', 'RETRO_QUALIFIER_3', 'smallint', 39, null, null, null, getDate(), 'UBEU', getDate(), 'UBEU', null)
insert into TSEGUWCOLUMN (SGTUWTAB_CF, SGTUWCOL_CF, SGTUWCOL_LS, SGTUWTYP_CT, SGTUWORDER_NB, SGTUWLEN_NB, SGTUWSCA_NB, SGTUWPRE_NB, CRE_D, CREUSR_CF, LSTUPD_D, LSTUPDUSR_CF, timestamp) values ('TSEGUWRETPLC', 'SECQUA4_CF', 'RETRO_QUALIFIER_4', 'smallint', 40, null, null, null, getDate(), 'UBEU', getDate(), 'UBEU', null)
insert into TSEGUWCOLUMN (SGTUWTAB_CF, SGTUWCOL_CF, SGTUWCOL_LS, SGTUWTYP_CT, SGTUWORDER_NB, SGTUWLEN_NB, SGTUWSCA_NB, SGTUWPRE_NB, CRE_D, CREUSR_CF, LSTUPD_D, LSTUPDUSR_CF, timestamp) values ('TSEGUWRETPLC', 'SECQUA5_CF', 'RETRO_QUALIFIER_5', 'smallint', 41, null, null, null, getDate(), 'UBEU', getDate(), 'UBEU', null)
insert into TSEGUWCOLUMN (SGTUWTAB_CF, SGTUWCOL_CF, SGTUWCOL_LS, SGTUWTYP_CT, SGTUWORDER_NB, SGTUWLEN_NB, SGTUWSCA_NB, SGTUWPRE_NB, CRE_D, CREUSR_CF, LSTUPD_D, LSTUPDUSR_CF, timestamp) values ('TSEGUWRETPLC', 'SOB_CF', 'SOB', 'USOB_CF', 42, null, null, null, getDate(), 'UBEU', getDate(), 'UBEU', null)
insert into TSEGUWCOLUMN (SGTUWTAB_CF, SGTUWCOL_CF, SGTUWCOL_LS, SGTUWTYP_CT, SGTUWORDER_NB, SGTUWLEN_NB, SGTUWSCA_NB, SGTUWPRE_NB, CRE_D, CREUSR_CF, LSTUPD_D, LSTUPDUSR_CF, timestamp) values ('TSEGUWRETPLC', 'SPCURRAT_CT', 'RATING_SP', 'tinyint', 43, null, null, null, getDate(), 'UBEU', getDate(), 'UBEU', null)
insert into TSEGUWCOLUMN (SGTUWTAB_CF, SGTUWCOL_CF, SGTUWCOL_LS, SGTUWTYP_CT, SGTUWORDER_NB, SGTUWLEN_NB, SGTUWSCA_NB, SGTUWPRE_NB, CRE_D, CREUSR_CF, LSTUPD_D, LSTUPDUSR_CF, timestamp) values ('TSEGUWRETPLC', 'SSD_ESB', 'LEDGER', 'char', 44, 5, null, null, getDate(), 'UBEU', getDate(), 'UBEU', null)
insert into TSEGUWCOLUMN (SGTUWTAB_CF, SGTUWCOL_CF, SGTUWCOL_LS, SGTUWTYP_CT, SGTUWORDER_NB, SGTUWLEN_NB, SGTUWSCA_NB, SGTUWPRE_NB, CRE_D, CREUSR_CF, LSTUPD_D, LSTUPDUSR_CF, timestamp) values ('TSEGUWRETPLC', 'SUBNAT_CF', 'SEC_SUBNAT', 'UCTRSUBNAT_CF', 45, null, null, null, getDate(), 'UBEU', getDate(), 'UBEU', null)
insert into TSEGUWCOLUMN (SGTUWTAB_CF, SGTUWCOL_CF, SGTUWCOL_LS, SGTUWTYP_CT, SGTUWORDER_NB, SGTUWLEN_NB, SGTUWSCA_NB, SGTUWPRE_NB, CRE_D, CREUSR_CF, LSTUPD_D, LSTUPDUSR_CF, timestamp) values ('TSEGUWRETPLC', 'SUPPRG_NF', 'RETRO_SUPER_PROGRAM', 'UCTRGRP_NF', 46, null, null, null, getDate(), 'UBEU', getDate(), 'UBEU', null)
insert into TSEGUWCOLUMN (SGTUWTAB_CF, SGTUWCOL_CF, SGTUWCOL_LS, SGTUWTYP_CT, SGTUWORDER_NB, SGTUWLEN_NB, SGTUWSCA_NB, SGTUWPRE_NB, CRE_D, CREUSR_CF, LSTUPD_D, LSTUPDUSR_CF, timestamp) values ('TSEGUWRETPLC', 'TOP_CF', 'TOP', 'UTOP_CF', 47, null, null, null, getDate(), 'UBEU', getDate(), 'UBEU', null)
insert into TSEGUWCOLUMN (SGTUWTAB_CF, SGTUWCOL_CF, SGTUWCOL_LS, SGTUWTYP_CT, SGTUWORDER_NB, SGTUWLEN_NB, SGTUWSCA_NB, SGTUWPRE_NB, CRE_D, CREUSR_CF, LSTUPD_D, LSTUPDUSR_CF, timestamp) values ('TSEGUWRETPLC', 'UDWAGE_NF', 'PLC_UW_AGENCY', 'UCLI_NF', 48, null, null, null, getDate(), 'UBEU', getDate(), 'UBEU', null)
insert into TSEGUWCOLUMN (SGTUWTAB_CF, SGTUWCOL_CF, SGTUWCOL_LS, SGTUWTYP_CT, SGTUWORDER_NB, SGTUWLEN_NB, SGTUWSCA_NB, SGTUWPRE_NB, CRE_D, CREUSR_CF, LSTUPD_D, LSTUPDUSR_CF, timestamp) values ('TSEGUWRETPLC', 'USGAAP_CT', 'USGAAP_PROJECTIONTERM', 'int', 49, null, null, null, getDate(), 'UBEU', getDate(), 'UBEU', null)
insert into TSEGUWCOLUMN (SGTUWTAB_CF, SGTUWCOL_CF, SGTUWCOL_LS, SGTUWTYP_CT, SGTUWORDER_NB, SGTUWLEN_NB, SGTUWSCA_NB, SGTUWPRE_NB, CRE_D, CREUSR_CF, LSTUPD_D, LSTUPDUSR_CF, timestamp) values ('TSEGUWRETPLC', 'USRCRTCOD_CT', 'USER_CRITERIA', 'UUSRCRTCOD_CT', 50, null, null, null, getDate(), 'UBEU', getDate(), 'UBEU', null)

-- Assumed Criteria
insert into TSEGCRITERIA (SGTCRI_CF, SGTCRISUBCAT_NT, SGTUWCOL_CF, SGTCRI_LS, SGTCRITYP_CT, SGTCRICTL_CT, SGTCRIPAR_LS, CRE_D, CREUSR_CF, LSTUPD_D, LSTUPDUSR_CF, timestamp) values ('CONTRACT', 3,'CTR_NF', 'Contract number', '2', '1', null, getDate(), 'UBEU', getDate(), 'UBEU', null)
insert into TSEGCRITERIA (SGTCRI_CF, SGTCRISUBCAT_NT, SGTUWCOL_CF, SGTCRI_LS, SGTCRITYP_CT, SGTCRICTL_CT, SGTCRIPAR_LS, CRE_D, CREUSR_CF, LSTUPD_D, LSTUPDUSR_CF, timestamp) values ('UWY', 3,'UWY_NF', 'UWY', '1', '1', null, getDate(), 'UBEU', getDate(), 'UBEU', null)
insert into TSEGCRITERIA (SGTCRI_CF, SGTCRISUBCAT_NT, SGTUWCOL_CF, SGTCRI_LS, SGTCRITYP_CT, SGTCRICTL_CT, SGTCRIPAR_LS, CRE_D, CREUSR_CF, LSTUPD_D, LSTUPDUSR_CF, timestamp) values ('UWY_ORDER', 4,'UW_NT', 'UWY Order', '1', '1', null, getDate(), 'UBEU', getDate(), 'UBEU', null)
insert into TSEGCRITERIA (SGTCRI_CF, SGTCRISUBCAT_NT, SGTUWCOL_CF, SGTCRI_LS, SGTCRITYP_CT, SGTCRICTL_CT, SGTCRIPAR_LS, CRE_D, CREUSR_CF, LSTUPD_D, LSTUPDUSR_CF, timestamp) values ('ENDORSEMENT', 10,'END_NT', 'Endorsement number', '1', '1', null, getDate(), 'UBEU', getDate(), 'UBEU', null)
insert into TSEGCRITERIA (SGTCRI_CF, SGTCRISUBCAT_NT, SGTUWCOL_CF, SGTCRI_LS, SGTCRITYP_CT, SGTCRICTL_CT, SGTCRIPAR_LS, CRE_D, CREUSR_CF, LSTUPD_D, LSTUPDUSR_CF, timestamp) values ('SECTION', 3,'SEC_NF', 'Section number', '1', '1', null, getDate(), 'UBEU', getDate(), 'UBEU', null)
insert into TSEGCRITERIA (SGTCRI_CF, SGTCRISUBCAT_NT, SGTUWCOL_CF, SGTCRI_LS, SGTCRITYP_CT, SGTCRICTL_CT, SGTCRIPAR_LS, CRE_D, CREUSR_CF, LSTUPD_D, LSTUPDUSR_CF, timestamp) values ('SUBSIDIARY', 3,'SSD_CF', 'Subsidiary', '1', '5', 'TSUBSID', getDate(), 'UBEU', getDate(), 'UBEU', null)
insert into TSEGCRITERIA (SGTCRI_CF, SGTCRISUBCAT_NT, SGTUWCOL_CF, SGTCRI_LS, SGTCRITYP_CT, SGTCRICTL_CT, SGTCRIPAR_LS, CRE_D, CREUSR_CF, LSTUPD_D, LSTUPDUSR_CF, timestamp) values ('SUBLEDGER', 3,'ACCESB_CF', 'Accounting subsidiary ledger', '1', '5', 'TESB', getDate(), 'UBEU', getDate(), 'UBEU', null)
insert into TSEGCRITERIA (SGTCRI_CF, SGTCRISUBCAT_NT, SGTUWCOL_CF, SGTCRI_LS, SGTCRITYP_CT, SGTCRICTL_CT, SGTCRIPAR_LS, CRE_D, CREUSR_CF, LSTUPD_D, LSTUPDUSR_CF, timestamp) values ('SEC_NATURE', 3,'NAT_CF', 'Nature', '2', '5', 'TCTRNATL', getDate(), 'UBEU', getDate(), 'UBEU', null)
insert into TSEGCRITERIA (SGTCRI_CF, SGTCRISUBCAT_NT, SGTUWCOL_CF, SGTCRI_LS, SGTCRITYP_CT, SGTCRICTL_CT, SGTCRIPAR_LS, CRE_D, CREUSR_CF, LSTUPD_D, LSTUPDUSR_CF, timestamp) values ('CTR_STATUS', 3,'CTRSTS_CT', 'Contract status', '1', '2', 'CTRSTS_CT', getDate(), 'UBEU', getDate(), 'UBEU', null)
insert into TSEGCRITERIA (SGTCRI_CF, SGTCRISUBCAT_NT, SGTUWCOL_CF, SGTCRI_LS, SGTCRITYP_CT, SGTCRICTL_CT, SGTCRIPAR_LS, CRE_D, CREUSR_CF, LSTUPD_D, LSTUPDUSR_CF, timestamp) values ('CTR_TYPE', 4,'CTRTYP_CT', 'Contract''s type', '1', '2', 'CTRTYP_CT', getDate(), 'UBEU', getDate(), 'UBEU', null)
insert into TSEGCRITERIA (SGTCRI_CF, SGTCRISUBCAT_NT, SGTUWCOL_CF, SGTCRI_LS, SGTCRITYP_CT, SGTCRICTL_CT, SGTCRIPAR_LS, CRE_D, CREUSR_CF, LSTUPD_D, LSTUPDUSR_CF, timestamp) values ('SEC_STATUS', 19,'SECSTS_CT', 'Section status', '1', '2', 'CTRSTS_CT', getDate(), 'UBEU', getDate(), 'UBEU', null)
insert into TSEGCRITERIA (SGTCRI_CF, SGTCRISUBCAT_NT, SGTUWCOL_CF, SGTCRI_LS, SGTCRITYP_CT, SGTCRICTL_CT, SGTCRIPAR_LS, CRE_D, CREUSR_CF, LSTUPD_D, LSTUPDUSR_CF, timestamp) values ('SEC_ACC_STATUS', 4,'SECACCSTS_CT', 'Accounting section status', '1', '2', 'ACCSTS_CT', getDate(), 'UBEU', getDate(), 'UBEU', null)
insert into TSEGCRITERIA (SGTCRI_CF, SGTCRISUBCAT_NT, SGTUWCOL_CF, SGTCRI_LS, SGTCRITYP_CT, SGTCRICTL_CT, SGTCRIPAR_LS, CRE_D, CREUSR_CF, LSTUPD_D, LSTUPDUSR_CF, timestamp) values ('ENDORSEMENT_LAST', 10,'LSTEND_B', 'Last endorsement? (Y/N)', '3', '1', null, getDate(), 'UBEU', getDate(), 'UBEU', null)
insert into TSEGCRITERIA (SGTCRI_CF, SGTCRISUBCAT_NT, SGTUWCOL_CF, SGTCRI_LS, SGTCRITYP_CT, SGTCRICTL_CT, SGTCRIPAR_LS, CRE_D, CREUSR_CF, LSTUPD_D, LSTUPDUSR_CF, timestamp) values ('UWY_LAST', 4,'LSTUWY_B', 'Last UW year? (Y/N)', '3', '1', null, getDate(), 'UBEU', getDate(), 'UBEU', null)
insert into TSEGCRITERIA (SGTCRI_CF, SGTCRISUBCAT_NT, SGTUWCOL_CF, SGTCRI_LS, SGTCRITYP_CT, SGTCRICTL_CT, SGTCRIPAR_LS, CRE_D, CREUSR_CF, LSTUPD_D, LSTUPDUSR_CF, timestamp) values ('CLIENT_SCOR', 1,'CLISSD_CF', 'Client subsidiary SCOR', '1', '5', 'TSUBSID', getDate(), 'UBEU', getDate(), 'UBEU', null)
insert into TSEGCRITERIA (SGTCRI_CF, SGTCRISUBCAT_NT, SGTUWCOL_CF, SGTCRI_LS, SGTCRITYP_CT, SGTCRICTL_CT, SGTCRIPAR_LS, CRE_D, CREUSR_CF, LSTUPD_D, LSTUPDUSR_CF, timestamp) values ('SEC_ACCOUNTYPE', 3,'ACCADMTYP_CT', 'Accounting administration type', '1', '2', 'ACCADMTYP_CT', getDate(), 'UBEU', getDate(), 'UBEU', null)
insert into TSEGCRITERIA (SGTCRI_CF, SGTCRISUBCAT_NT, SGTUWCOL_CF, SGTCRI_LS, SGTCRITYP_CT, SGTCRICTL_CT, SGTCRIPAR_LS, CRE_D, CREUSR_CF, LSTUPD_D, LSTUPDUSR_CF, timestamp) values ('CTR_ACCOUNTING_UNIT', 4,'ACCGRP_CF', 'Accounting unit', '1', '5', 'TGRP2', getDate(), 'UBEU', getDate(), 'UBEU', null)
insert into TSEGCRITERIA (SGTCRI_CF, SGTCRISUBCAT_NT, SGTUWCOL_CF, SGTCRI_LS, SGTCRITYP_CT, SGTCRICTL_CT, SGTCRIPAR_LS, CRE_D, CREUSR_CF, LSTUPD_D, LSTUPDUSR_CF, timestamp) values ('GAL', 9,'ACCLIA_M', 'GAL', '5', '1', null, getDate(), 'UBEU', getDate(), 'UBEU', null)
insert into TSEGCRITERIA (SGTCRI_CF, SGTCRISUBCAT_NT, SGTUWCOL_CF, SGTCRI_LS, SGTCRITYP_CT, SGTCRICTL_CT, SGTCRIPAR_LS, CRE_D, CREUSR_CF, LSTUPD_D, LSTUPDUSR_CF, timestamp) values ('CTR_ADMIN_UNIT', 4,'ADMGRP_CF', 'Administration unit', '1', '5', 'TGRP2', getDate(), 'UBEU', getDate(), 'UBEU', null)
insert into TSEGCRITERIA (SGTCRI_CF, SGTCRISUBCAT_NT, SGTUWCOL_CF, SGTCRI_LS, SGTCRITYP_CT, SGTCRICTL_CT, SGTCRIPAR_LS, CRE_D, CREUSR_CF, LSTUPD_D, LSTUPDUSR_CF, timestamp) values ('ALLOCATED_TREATY', 4,'ALLTRT_B', 'Allocated treaty? (Y/N)', '3', '1', null, getDate(), 'UBEU', getDate(), 'UBEU', null)
insert into TSEGCRITERIA (SGTCRI_CF, SGTCRISUBCAT_NT, SGTUWCOL_CF, SGTCRI_LS, SGTCRITYP_CT, SGTCRICTL_CT, SGTCRIPAR_LS, CRE_D, CREUSR_CF, LSTUPD_D, LSTUPDUSR_CF, timestamp) values ('RATING_AMB', 3,'AMBCURRAT_CT', 'AM Best current rating', '1', '3', 'AMBCURRAT_CT', getDate(), 'UBEU', getDate(), 'UBEU', null)
insert into TSEGCRITERIA (SGTCRI_CF, SGTCRISUBCAT_NT, SGTUWCOL_CF, SGTCRI_LS, SGTCRITYP_CT, SGTCRICTL_CT, SGTCRIPAR_LS, CRE_D, CREUSR_CF, LSTUPD_D, LSTUPDUSR_CF, timestamp) values ('COUNTRY_REPORTING', 3,'ANLCTY_CF', 'Reporting country', '2', '5', 'TCTYL', getDate(), 'UBEU', getDate(), 'UBEU', null)
insert into TSEGCRITERIA (SGTCRI_CF, SGTCRISUBCAT_NT, SGTUWCOL_CF, SGTCRI_LS, SGTCRITYP_CT, SGTCRICTL_CT, SGTCRIPAR_LS, CRE_D, CREUSR_CF, LSTUPD_D, LSTUPDUSR_CF, timestamp) values ('SEC_IFRS', 15,'ASSFINANCE_CT', 'IFRS', '1', '2', 'ASSFINANCE_CT', getDate(), 'UBEU', getDate(), 'UBEU', null)
insert into TSEGCRITERIA (SGTCRI_CF, SGTCRISUBCAT_NT, SGTUWCOL_CF, SGTCRI_LS, SGTCRITYP_CT, SGTCRICTL_CT, SGTCRIPAR_LS, CRE_D, CREUSR_CF, LSTUPD_D, LSTUPDUSR_CF, timestamp) values ('CTR_BOUQUET', 18,'BOQ_NF', 'Bouquet number', '2', '1', null, getDate(), 'UBEU', getDate(), 'UBEU', null)
insert into TSEGCRITERIA (SGTCRI_CF, SGTCRISUBCAT_NT, SGTUWCOL_CF, SGTCRI_LS, SGTCRITYP_CT, SGTCRICTL_CT, SGTCRIPAR_LS, CRE_D, CREUSR_CF, LSTUPD_D, LSTUPDUSR_CF, timestamp) values ('CTR_CAT', 11,'CAT_B', 'Cat cover? (Y/N)', '3', '1', null, getDate(), 'UBEU', getDate(), 'UBEU', null)
insert into TSEGCRITERIA (SGTCRI_CF, SGTCRISUBCAT_NT, SGTUWCOL_CF, SGTCRI_LS, SGTCRITYP_CT, SGTCRICTL_CT, SGTCRIPAR_LS, CRE_D, CREUSR_CF, LSTUPD_D, LSTUPDUSR_CF, timestamp) values ('PRG_EQ', 11,'CATCNDEXI_B', 'EQ conditions? (Y/N)', '3', '1', null, getDate(), 'UBEU', getDate(), 'UBEU', null)
insert into TSEGCRITERIA (SGTCRI_CF, SGTCRISUBCAT_NT, SGTUWCOL_CF, SGTCRI_LS, SGTCRITYP_CT, SGTCRICTL_CT, SGTCRIPAR_LS, CRE_D, CREUSR_CF, LSTUPD_D, LSTUPDUSR_CF, timestamp) values ('CAT_RISK_TYPE', 11,'CATRSKTYP_CT', 'CAT risk type', '1', '2', 'CATRSKTYP_CT', getDate(), 'UBEU', getDate(), 'UBEU', null)
insert into TSEGCRITERIA (SGTCRI_CF, SGTCRISUBCAT_NT, SGTUWCOL_CF, SGTCRI_LS, SGTCRITYP_CT, SGTCRICTL_CT, SGTCRIPAR_LS, CRE_D, CREUSR_CF, LSTUPD_D, LSTUPDUSR_CF, timestamp) values ('CEDANT', 4,'CED_NF', 'Cedent', '1', '1', null, getDate(), 'UBEU', getDate(), 'UBEU', null)
insert into TSEGCRITERIA (SGTCRI_CF, SGTCRISUBCAT_NT, SGTUWCOL_CF, SGTCRI_LS, SGTCRITYP_CT, SGTCRICTL_CT, SGTCRIPAR_LS, CRE_D, CREUSR_CF, LSTUPD_D, LSTUPDUSR_CF, timestamp) values ('CLI_ACTIVITY', 1,'CLIACT_CF', 'Client - Activity', '2', '3', 'ACTIVITE CLIENT', getDate(), 'UBEU', getDate(), 'UBEU', null)
insert into TSEGCRITERIA (SGTCRI_CF, SGTCRISUBCAT_NT, SGTUWCOL_CF, SGTCRI_LS, SGTCRITYP_CT, SGTCRICTL_CT, SGTCRIPAR_LS, CRE_D, CREUSR_CF, LSTUPD_D, LSTUPDUSR_CF, timestamp) values ('CLI_COUNTRY', 3,'CLICTY_CF', 'Cedant/Retrocessionaire Country', '2', '5', 'TCTYL', getDate(), 'UBEU', getDate(), 'UBEU', null)
insert into TSEGCRITERIA (SGTCRI_CF, SGTCRISUBCAT_NT, SGTUWCOL_CF, SGTCRI_LS, SGTCRITYP_CT, SGTCRICTL_CT, SGTCRIPAR_LS, CRE_D, CREUSR_CF, LSTUPD_D, LSTUPDUSR_CF, timestamp) values ('CLI_NATURE', 1,'CLINAT_CF', 'Client Nature', '2', '1', null, getDate(), 'UBEU', getDate(), 'UBEU', null)
--insert into TSEGCRITERIA (SGTCRI_CF, SGTCRISUBCAT_NT, SGTUWCOL_CF, SGTCRI_LS, SGTCRITYP_CT, SGTCRICTL_CT, SGTCRIPAR_LS, CRE_D, CREUSR_CF, LSTUPD_D, LSTUPDUSR_CF, timestamp) values ('CLI_STATUS', 1,'CLISTS_CT', 'Active Client ? (Y/N)', '1', '1', null, getDate(), 'UBEU', getDate(), 'UBEU', null)
insert into TSEGCRITERIA (SGTCRI_CF, SGTCRISUBCAT_NT, SGTUWCOL_CF, SGTCRI_LS, SGTCRITYP_CT, SGTCRICTL_CT, SGTCRIPAR_LS, CRE_D, CREUSR_CF, LSTUPD_D, LSTUPDUSR_CF, timestamp) values ('CLI_STATUS', 1,'CLISTS_CT', 'Client Status', '1', '2', 'STATUS_CT', getDate(), 'UBEU', getDate(), 'UBEU', null)
insert into TSEGCRITERIA (SGTCRI_CF, SGTCRISUBCAT_NT, SGTUWCOL_CF, SGTCRI_LS, SGTCRITYP_CT, SGTCRICTL_CT, SGTCRIPAR_LS, CRE_D, CREUSR_CF, LSTUPD_D, LSTUPDUSR_CF, timestamp) values ('CLISUPIND_B', 1,'CLISUPIND_B', 'DO NOT USE', '3', '1', null, getDate(), 'UBEU', getDate(), 'UBEU', null)
insert into TSEGCRITERIA (SGTCRI_CF, SGTCRISUBCAT_NT, SGTUWCOL_CF, SGTCRI_LS, SGTCRITYP_CT, SGTCRICTL_CT, SGTCRIPAR_LS, CRE_D, CREUSR_CF, LSTUPD_D, LSTUPDUSR_CF, timestamp) values ('CLI_TYPE', 1,'CLITYP_CF', 'Client Type', '2', '5', 'TCLITYPL', getDate(), 'UBEU', getDate(), 'UBEU', null)
insert into TSEGCRITERIA (SGTCRI_CF, SGTCRISUBCAT_NT, SGTUWCOL_CF, SGTCRI_LS, SGTCRITYP_CT, SGTCRICTL_CT, SGTCRIPAR_LS, CRE_D, CREUSR_CF, LSTUPD_D, LSTUPDUSR_CF, timestamp) values ('CLAIMS_ATTACHING_TYPE', 19,'CLMATTTYP_CT', 'Claims attaching type', '1', '2', 'CLMATTTYP_CT', getDate(), 'UBEU', getDate(), 'UBEU', null)
insert into TSEGCRITERIA (SGTCRI_CF, SGTCRISUBCAT_NT, SGTUWCOL_CF, SGTCRI_LS, SGTCRITYP_CT, SGTCRICTL_CT, SGTCRIPAR_LS, CRE_D, CREUSR_CF, LSTUPD_D, LSTUPDUSR_CF, timestamp) values ('CLAIM_CUT_OFF', 11,'CLMCUTOFF_B', 'Claim cut off? (Y/N)', '3', '1', null, getDate(), 'UBEU', getDate(), 'UBEU', null)
insert into TSEGCRITERIA (SGTCRI_CF, SGTCRISUBCAT_NT, SGTUWCOL_CF, SGTCRI_LS, SGTCRITYP_CT, SGTCRICTL_CT, SGTCRIPAR_LS, CRE_D, CREUSR_CF, LSTUPD_D, LSTUPDUSR_CF, timestamp) values ('CLAIM_RUN_OFF', 11,'CLMRUNOFF_B', 'Claim run off? (Y/N)', '3', '1', null, getDate(), 'UBEU', getDate(), 'UBEU', null)
insert into TSEGCRITERIA (SGTCRI_CF, SGTCRISUBCAT_NT, SGTUWCOL_CF, SGTCRI_LS, SGTCRITYP_CT, SGTCRICTL_CT, SGTCRIPAR_LS, CRE_D, CREUSR_CF, LSTUPD_D, LSTUPDUSR_CF, timestamp) values ('DAC_CALCULATION_TYPE', 4,'CNATYP_CT', 'DAC Compute Mode', '2', '2', 'CNATYP_CT', getDate(), 'UBEU', getDate(), 'UBEU', null)
insert into TSEGCRITERIA (SGTCRI_CF, SGTCRISUBCAT_NT, SGTUWCOL_CF, SGTCRI_LS, SGTCRITYP_CT, SGTCRICTL_CT, SGTCRIPAR_LS, CRE_D, CREUSR_CF, LSTUPD_D, LSTUPDUSR_CF, timestamp) values ('CTR_ACC_STATUS_DATE', 6,'CTRACC_D', 'Accounting contract''s status date', '4', '1', null, getDate(), 'UBEU', getDate(), 'UBEU', null)
insert into TSEGCRITERIA (SGTCRI_CF, SGTCRISUBCAT_NT, SGTUWCOL_CF, SGTCRI_LS, SGTCRITYP_CT, SGTCRICTL_CT, SGTCRIPAR_LS, CRE_D, CREUSR_CF, LSTUPD_D, LSTUPDUSR_CF, timestamp) values ('CTR_ACCOUNTING_STATUS', 4,'CTRACCSTS_CT', 'Accounting contract status', '1', '2', 'ACCSTS_CT', getDate(), 'UBEU', getDate(), 'UBEU', null)
insert into TSEGCRITERIA (SGTCRI_CF, SGTCRISUBCAT_NT, SGTUWCOL_CF, SGTCRI_LS, SGTCRITYP_CT, SGTCRICTL_CT, SGTCRIPAR_LS, CRE_D, CREUSR_CF, LSTUPD_D, LSTUPDUSR_CF, timestamp) values ('CTR_EXPIRY_DATE', 6,'CTREXP_D', 'Contract expiry date', '4', '1', null, getDate(), 'UBEU', getDate(), 'UBEU', null)
insert into TSEGCRITERIA (SGTCRI_CF, SGTCRISUBCAT_NT, SGTUWCOL_CF, SGTCRI_LS, SGTCRITYP_CT, SGTCRICTL_CT, SGTCRIPAR_LS, CRE_D, CREUSR_CF, LSTUPD_D, LSTUPDUSR_CF, timestamp) values ('CTR_UWWY_INCEPTATION_DATE', 6,'CTRINC_D', 'UWY inception date', '4', '1', null, getDate(), 'UBEU', getDate(), 'UBEU', null)
insert into TSEGCRITERIA (SGTCRI_CF, SGTCRISUBCAT_NT, SGTUWCOL_CF, SGTCRI_LS, SGTCRITYP_CT, SGTCRICTL_CT, SGTCRIPAR_LS, CRE_D, CREUSR_CF, LSTUPD_D, LSTUPDUSR_CF, timestamp) values ('OLD_FAC_REFERENCE', 10,'CTROLDNBR_LM', 'Old Fac reference', '2', '1', null, getDate(), 'UBEU', getDate(), 'UBEU', null)
insert into TSEGCRITERIA (SGTCRI_CF, SGTCRISUBCAT_NT, SGTUWCOL_CF, SGTCRI_LS, SGTCRITYP_CT, SGTCRICTL_CT, SGTCRIPAR_LS, CRE_D, CREUSR_CF, LSTUPD_D, LSTUPDUSR_CF, timestamp) values ('OLD_FAC_NUMBER', 10,'CTROLDNBR_LS', 'Old Fac Number', '2', '1', null, getDate(), 'UBEU', getDate(), 'UBEU', null)
insert into TSEGCRITERIA (SGTCRI_CF, SGTCRISUBCAT_NT, SGTUWCOL_CF, SGTCRI_LS, SGTCRITYP_CT, SGTCRICTL_CT, SGTCRIPAR_LS, CRE_D, CREUSR_CF, LSTUPD_D, LSTUPDUSR_CF, timestamp) values ('F_N_P', 4,'CTRNAT_CT', 'Contract type', '2', '2', 'CTRNAT_CT', getDate(), 'UBEU', getDate(), 'UBEU', null)
insert into TSEGCRITERIA (SGTCRI_CF, SGTCRISUBCAT_NT, SGTUWCOL_CF, SGTCRI_LS, SGTCRITYP_CT, SGTCRICTL_CT, SGTCRIPAR_LS, CRE_D, CREUSR_CF, LSTUPD_D, LSTUPDUSR_CF, timestamp) values ('CTR_QUALIFIER1', 4,'CTRQUA_CF', 'Contract qualifier 1', '1', '3', 'CTRQUA_CF', getDate(), 'UBEU', getDate(), 'UBEU', null)
insert into TSEGCRITERIA (SGTCRI_CF, SGTCRISUBCAT_NT, SGTUWCOL_CF, SGTCRI_LS, SGTCRITYP_CT, SGTCRICTL_CT, SGTCRIPAR_LS, CRE_D, CREUSR_CF, LSTUPD_D, LSTUPDUSR_CF, timestamp) values ('CTR_QUALIFIER10', 4,'CTRQUA10_CF', 'Contract qualifier 10', '1', '3', 'CTRQUA10_CF', getDate(), 'UBEU', getDate(), 'UBEU', null)
insert into TSEGCRITERIA (SGTCRI_CF, SGTCRISUBCAT_NT, SGTUWCOL_CF, SGTCRI_LS, SGTCRITYP_CT, SGTCRICTL_CT, SGTCRIPAR_LS, CRE_D, CREUSR_CF, LSTUPD_D, LSTUPDUSR_CF, timestamp) values ('CTR_QUALIFIER2', 4,'CTRQUA2_CF', 'Contract qualifier 2', '1', '3', 'CTRQUA2_CF', getDate(), 'UBEU', getDate(), 'UBEU', null)
insert into TSEGCRITERIA (SGTCRI_CF, SGTCRISUBCAT_NT, SGTUWCOL_CF, SGTCRI_LS, SGTCRITYP_CT, SGTCRICTL_CT, SGTCRIPAR_LS, CRE_D, CREUSR_CF, LSTUPD_D, LSTUPDUSR_CF, timestamp) values ('CTR_QUALIFIER3', 4,'CTRQUA3_CF', 'Contract qualifier 3', '1', '3', 'CTRQUA3_CF', getDate(), 'UBEU', getDate(), 'UBEU', null)
insert into TSEGCRITERIA (SGTCRI_CF, SGTCRISUBCAT_NT, SGTUWCOL_CF, SGTCRI_LS, SGTCRITYP_CT, SGTCRICTL_CT, SGTCRIPAR_LS, CRE_D, CREUSR_CF, LSTUPD_D, LSTUPDUSR_CF, timestamp) values ('CTR_QUALIFIER4', 4,'CTRQUA4_CF', 'Contract qualifier 4', '1', '3', 'CTRQUA4_CF', getDate(), 'UBEU', getDate(), 'UBEU', null)
insert into TSEGCRITERIA (SGTCRI_CF, SGTCRISUBCAT_NT, SGTUWCOL_CF, SGTCRI_LS, SGTCRITYP_CT, SGTCRICTL_CT, SGTCRIPAR_LS, CRE_D, CREUSR_CF, LSTUPD_D, LSTUPDUSR_CF, timestamp) values ('CTR_QUALIFIER5', 4,'CTRQUA5_CF', 'Contract qualifier 5', '1', '3', 'CTRQUA5_CF', getDate(), 'UBEU', getDate(), 'UBEU', null)
insert into TSEGCRITERIA (SGTCRI_CF, SGTCRISUBCAT_NT, SGTUWCOL_CF, SGTCRI_LS, SGTCRITYP_CT, SGTCRICTL_CT, SGTCRIPAR_LS, CRE_D, CREUSR_CF, LSTUPD_D, LSTUPDUSR_CF, timestamp) values ('CTR_QUALIFIER6', 4,'CTRQUA6_CF', 'Contract qualifier 6', '1', '3', 'CTRQUA6_CF', getDate(), 'UBEU', getDate(), 'UBEU', null)
insert into TSEGCRITERIA (SGTCRI_CF, SGTCRISUBCAT_NT, SGTUWCOL_CF, SGTCRI_LS, SGTCRITYP_CT, SGTCRICTL_CT, SGTCRIPAR_LS, CRE_D, CREUSR_CF, LSTUPD_D, LSTUPDUSR_CF, timestamp) values ('CTR_QUALIFIER7', 4,'CTRQUA7_CF', 'Contract qualifier 7', '1', '3', 'CTRQUA7_CF', getDate(), 'UBEU', getDate(), 'UBEU', null)
insert into TSEGCRITERIA (SGTCRI_CF, SGTCRISUBCAT_NT, SGTUWCOL_CF, SGTCRI_LS, SGTCRITYP_CT, SGTCRICTL_CT, SGTCRIPAR_LS, CRE_D, CREUSR_CF, LSTUPD_D, LSTUPDUSR_CF, timestamp) values ('CTR_QUALIFIER8', 4,'CTRQUA8_CF', 'Contract qualifier 8', '1', '3', 'CTRQUA8_CF', getDate(), 'UBEU', getDate(), 'UBEU', null)
insert into TSEGCRITERIA (SGTCRI_CF, SGTCRISUBCAT_NT, SGTUWCOL_CF, SGTCRI_LS, SGTCRITYP_CT, SGTCRICTL_CT, SGTCRIPAR_LS, CRE_D, CREUSR_CF, LSTUPD_D, LSTUPDUSR_CF, timestamp) values ('CTR_QUALIFIER9', 4,'CTRQUA9_CF', 'Contract qualifier 9', '1', '3', 'CTRQUA9_CF', getDate(), 'UBEU', getDate(), 'UBEU', null)
insert into TSEGCRITERIA (SGTCRI_CF, SGTCRISUBCAT_NT, SGTUWCOL_CF, SGTCRI_LS, SGTCRITYP_CT, SGTCRICTL_CT, SGTCRIPAR_LS, CRE_D, CREUSR_CF, LSTUPD_D, LSTUPDUSR_CF, timestamp) values ('CTR_STATUS_DATE', 6,'CTRSTS_D', 'Contract status date', '4', '1', null, getDate(), 'UBEU', getDate(), 'UBEU', null)
insert into TSEGCRITERIA (SGTCRI_CF, SGTCRISUBCAT_NT, SGTUWCOL_CF, SGTCRI_LS, SGTCRITYP_CT, SGTCRICTL_CT, SGTCRIPAR_LS, CRE_D, CREUSR_CF, LSTUPD_D, LSTUPDUSR_CF, timestamp) values ('CURRENT_SHARE', 21,'CUTSHA_R', 'Current share', '5', '1', null, getDate(), 'UBEU', getDate(), 'UBEU', null)
insert into TSEGCRITERIA (SGTCRI_CF, SGTCRISUBCAT_NT, SGTUWCOL_CF, SGTCRI_LS, SGTCRITYP_CT, SGTCRICTL_CT, SGTCRIPAR_LS, CRE_D, CREUSR_CF, LSTUPD_D, LSTUPDUSR_CF, timestamp) values ('DIVISION', 7,'DIV_NT', 'Fac - Division', '1', '1', null, getDate(), 'UBEU', getDate(), 'UBEU', null)
insert into TSEGCRITERIA (SGTCRI_CF, SGTCRISUBCAT_NT, SGTUWCOL_CF, SGTCRI_LS, SGTCRITYP_CT, SGTCRICTL_CT, SGTCRIPAR_LS, CRE_D, CREUSR_CF, LSTUPD_D, LSTUPDUSR_CF, timestamp) values ('LOB_DIVISION', 7,'DIVLOB_CF', 'Fac - Lob Division', '2', '5', 'TLOBL', getDate(), 'UBEU', getDate(), 'UBEU', null)
insert into TSEGCRITERIA (SGTCRI_CF, SGTCRISUBCAT_NT, SGTUWCOL_CF, SGTCRI_LS, SGTCRITYP_CT, SGTCRICTL_CT, SGTCRIPAR_LS, CRE_D, CREUSR_CF, LSTUPD_D, LSTUPDUSR_CF, timestamp) values ('SEC_EQ', 19,'EAREXP_B', 'EQ?', '3', '1', null, getDate(), 'UBEU', getDate(), 'UBEU', null)
insert into TSEGCRITERIA (SGTCRI_CF, SGTCRISUBCAT_NT, SGTUWCOL_CF, SGTCRI_LS, SGTCRITYP_CT, SGTCRICTL_CT, SGTCRIPAR_LS, CRE_D, CREUSR_CF, LSTUPD_D, LSTUPDUSR_CF, timestamp) values ('EGPI_CURRENCY', 4,'EGPCUR_CF', 'EGPI currency', '2', '5', 'TCUR', getDate(), 'UBEU', getDate(), 'UBEU', null)
insert into TSEGCRITERIA (SGTCRI_CF, SGTCRISUBCAT_NT, SGTUWCOL_CF, SGTCRI_LS, SGTCRITYP_CT, SGTCRICTL_CT, SGTCRIPAR_LS, CRE_D, CREUSR_CF, LSTUPD_D, LSTUPDUSR_CF, timestamp) values ('END_STATUS_DATE', 6,'ENDINC_D', 'Endorsement inception date', '4', '1', null, getDate(), 'UBEU', getDate(), 'UBEU', null)
insert into TSEGCRITERIA (SGTCRI_CF, SGTCRISUBCAT_NT, SGTUWCOL_CF, SGTCRI_LS, SGTCRITYP_CT, SGTCRICTL_CT, SGTCRIPAR_LS, CRE_D, CREUSR_CF, LSTUPD_D, LSTUPDUSR_CF, timestamp) values ('ESTIMATE_TYPE', 15,'ESTCRB_CT', 'Estimate Type', '2', '2', 'ESTIMATETYPE_CT', getDate(), 'UBEU', getDate(), 'UBEU', null)
insert into TSEGCRITERIA (SGTCRI_CF, SGTCRISUBCAT_NT, SGTUWCOL_CF, SGTCRI_LS, SGTCRITYP_CT, SGTCRICTL_CT, SGTCRIPAR_LS, CRE_D, CREUSR_CF, LSTUPD_D, LSTUPDUSR_CF, timestamp) values ('CTR_ATTACHMENT', 4,'ESTCTR_NF', 'Attachment contract', '2', '1', null, getDate(), 'UBEU', getDate(), 'UBEU', null)
insert into TSEGCRITERIA (SGTCRI_CF, SGTCRISUBCAT_NT, SGTUWCOL_CF, SGTCRI_LS, SGTCRITYP_CT, SGTCRICTL_CT, SGTCRIPAR_LS, CRE_D, CREUSR_CF, LSTUPD_D, LSTUPDUSR_CF, timestamp) values ('FAC_SECTOR', 4,'FACACTSCT_CT', 'Sector fac', '1', '2', 'FACACTSCT_CT', getDate(), 'UBEU', getDate(), 'UBEU', null)
--insert into TSEGCRITERIA (SGTCRI_CF, SGTCRISUBCAT_NT, SGTUWCOL_CF, SGTCRI_LS, SGTCRITYP_CT, SGTCRICTL_CT, SGTCRIPAR_LS, CRE_D, CREUSR_CF, LSTUPD_D, LSTUPDUSR_CF, timestamp) values ('FAC_ADMIN_TYPE', 10,'FACADMTYP_B', 'Fac administration type', '3', '1', null, getDate(), 'UBEU', getDate(), 'UBEU', null)
insert into TSEGCRITERIA (SGTCRI_CF, SGTCRISUBCAT_NT, SGTUWCOL_CF, SGTCRI_LS, SGTCRITYP_CT, SGTCRICTL_CT, SGTCRIPAR_LS, CRE_D, CREUSR_CF, LSTUPD_D, LSTUPDUSR_CF, timestamp) values ('FAC_ADMIN_TYPE', 10,'FACADMTYP_CT', 'Fac administration type', '1', '2', 'FACADMTYP_CT', getDate(), 'UBEU', getDate(), 'UBEU', null)
insert into TSEGCRITERIA (SGTCRI_CF, SGTCRISUBCAT_NT, SGTUWCOL_CF, SGTCRI_LS, SGTCRITYP_CT, SGTCRICTL_CT, SGTCRIPAR_LS, CRE_D, CREUSR_CF, LSTUPD_D, LSTUPDUSR_CF, timestamp) values ('PRG_FLOOD', 11,'FLOCNDEXI_B', 'Flood conditions? (Y/N)', '3', '1', null, getDate(), 'UBEU', getDate(), 'UBEU', null)
insert into TSEGCRITERIA (SGTCRI_CF, SGTCRISUBCAT_NT, SGTUWCOL_CF, SGTCRI_LS, SGTCRITYP_CT, SGTCRICTL_CT, SGTCRIPAR_LS, CRE_D, CREUSR_CF, LSTUPD_D, LSTUPDUSR_CF, timestamp) values ('FIRST_INCEPTION_DATE', 6,'FRSINC_D', 'First inception date', '4', '1', null, getDate(), 'UBEU', getDate(), 'UBEU', null)
insert into TSEGCRITERIA (SGTCRI_CF, SGTCRISUBCAT_NT, SGTUWCOL_CF, SGTCRI_LS, SGTCRITYP_CT, SGTCRICTL_CT, SGTCRIPAR_LS, CRE_D, CREUSR_CF, LSTUPD_D, LSTUPDUSR_CF, timestamp) values ('FIRST_UWY', 4,'FRSUWY_NF', 'First underwriting year', '1', '1', null, getDate(), 'UBEU', getDate(), 'UBEU', null)
insert into TSEGCRITERIA (SGTCRI_CF, SGTCRISUBCAT_NT, SGTUWCOL_CF, SGTCRI_LS, SGTCRITYP_CT, SGTCRICTL_CT, SGTCRIPAR_LS, CRE_D, CREUSR_CF, LSTUPD_D, LSTUPDUSR_CF, timestamp) values ('PAYEE_ORDER', 4,'GANPAYORD_NT', 'Payee - order', '2', '1', null, getDate(), 'UBEU', getDate(), 'UBEU', null)
insert into TSEGCRITERIA (SGTCRI_CF, SGTCRISUBCAT_NT, SGTUWCOL_CF, SGTCRI_LS, SGTCRITYP_CT, SGTCRICTL_CT, SGTCRIPAR_LS, CRE_D, CREUSR_CF, LSTUPD_D, LSTUPDUSR_CF, timestamp) values ('GUARANTEE', 3,'GAR_CF', 'Guarantee', '2', '5', 'TGARL', getDate(), 'UBEU', getDate(), 'UBEU', null)
insert into TSEGCRITERIA (SGTCRI_CF, SGTCRISUBCAT_NT, SGTUWCOL_CF, SGTCRI_LS, SGTCRITYP_CT, SGTCRICTL_CT, SGTCRIPAR_LS, CRE_D, CREUSR_CF, LSTUPD_D, LSTUPDUSR_CF, timestamp) values ('PAYEE', 4,'GENPRMPAY_NF', 'Payee', '1', '1', null, getDate(), 'UBEU', getDate(), 'UBEU', null)
insert into TSEGCRITERIA (SGTCRI_CF, SGTCRISUBCAT_NT, SGTUWCOL_CF, SGTCRI_LS, SGTCRITYP_CT, SGTCRICTL_CT, SGTCRIPAR_LS, CRE_D, CREUSR_CF, LSTUPD_D, LSTUPDUSR_CF, timestamp) values ('PRG_STATUS', 18,'GRPSTS_CT', 'Program status', '1', '2', 'CTRSTS_CT', getDate(), 'UBEU', getDate(), 'UBEU', null)
insert into TSEGCRITERIA (SGTCRI_CF, SGTCRISUBCAT_NT, SGTUWCOL_CF, SGTCRI_LS, SGTCRITYP_CT, SGTCRICTL_CT, SGTCRIPAR_LS, CRE_D, CREUSR_CF, LSTUPD_D, LSTUPDUSR_CF, timestamp) values ('INSURED_SUBSECTOR', 12,'HINDNBR_NT', 'Insured - Sub-sector', '1', '1', null, getDate(), 'UBEU', getDate(), 'UBEU', null)
insert into TSEGCRITERIA (SGTCRI_CF, SGTCRISUBCAT_NT, SGTUWCOL_CF, SGTCRI_LS, SGTCRITYP_CT, SGTCRICTL_CT, SGTCRIPAR_LS, CRE_D, CREUSR_CF, LSTUPD_D, LSTUPDUSR_CF, timestamp) values ('CLI_GROUP', 1,'HLD_NF', 'Client Group', '1', '1', null, getDate(), 'UBEU', getDate(), 'UBEU', null)
--insert into TSEGCRITERIA (SGTCRI_CF, SGTCRISUBCAT_NT, SGTUWCOL_CF, SGTCRI_LS, SGTCRITYP_CT, SGTCRICTL_CT, SGTCRIPAR_LS, CRE_D, CREUSR_CF, LSTUPD_D, LSTUPDUSR_CF, timestamp) values ('CLI_GROUP_COUNTRY', 1,'HLDCTY_CF', 'Client Group Country', '2', '1', null, getDate(), 'UBEU', getDate(), 'UBEU', null)
insert into TSEGCRITERIA (SGTCRI_CF, SGTCRISUBCAT_NT, SGTUWCOL_CF, SGTCRI_LS, SGTCRITYP_CT, SGTCRICTL_CT, SGTCRIPAR_LS, CRE_D, CREUSR_CF, LSTUPD_D, LSTUPDUSR_CF, timestamp) values ('CLI_GROUP_COUNTRY', 1,'HLDCTY_CF', 'Client Group Country', '2', '5', 'TCTYL', getDate(), 'UBEU', getDate(), 'UBEU', null)
insert into TSEGCRITERIA (SGTCRI_CF, SGTCRISUBCAT_NT, SGTUWCOL_CF, SGTCRI_LS, SGTCRITYP_CT, SGTCRICTL_CT, SGTCRIPAR_LS, CRE_D, CREUSR_CF, LSTUPD_D, LSTUPDUSR_CF, timestamp) values ('INSURED_SECTOR', 12,'HORDGRP_NT', 'Insured - Sector', '1', '1', null, getDate(), 'UBEU', getDate(), 'UBEU', null)
insert into TSEGCRITERIA (SGTCRI_CF, SGTCRISUBCAT_NT, SGTUWCOL_CF, SGTCRI_LS, SGTCRITYP_CT, SGTCRICTL_CT, SGTCRIPAR_LS, CRE_D, CREUSR_CF, LSTUPD_D, LSTUPDUSR_CF, timestamp) values ('SUM_INSURED', 14,'INDAMT_M', 'Sum insured', '5', '1', null, getDate(), 'UBEU', getDate(), 'UBEU', null)
insert into TSEGCRITERIA (SGTCRI_CF, SGTCRISUBCAT_NT, SGTUWCOL_CF, SGTCRI_LS, SGTCRITYP_CT, SGTCRICTL_CT, SGTCRIPAR_LS, CRE_D, CREUSR_CF, LSTUPD_D, LSTUPDUSR_CF, timestamp) values ('INSURED_GROUP', 12,'INDHLD_NF', 'Insured - Group', '1', '1', null, getDate(), 'UBEU', getDate(), 'UBEU', null)
insert into TSEGCRITERIA (SGTCRI_CF, SGTCRISUBCAT_NT, SGTUWCOL_CF, SGTCRI_LS, SGTCRITYP_CT, SGTCRICTL_CT, SGTCRIPAR_LS, CRE_D, CREUSR_CF, LSTUPD_D, LSTUPDUSR_CF, timestamp) values ('INTERMEDIARY', 4,'INT_B', 'Intermediary? (Y/N)', '3', '1', null, getDate(), 'UBEU', getDate(), 'UBEU', null)
insert into TSEGCRITERIA (SGTCRI_CF, SGTCRISUBCAT_NT, SGTUWCOL_CF, SGTCRI_LS, SGTCRITYP_CT, SGTCRICTL_CT, SGTCRIPAR_LS, CRE_D, CREUSR_CF, LSTUPD_D, LSTUPDUSR_CF, timestamp) values ('RATING_SCOR', 3,'ISICURRAT_CT', 'SCOR specific current rating', '1', '3', 'ISICURRAT_CT', getDate(), 'UBEU', getDate(), 'UBEU', null)
insert into TSEGCRITERIA (SGTCRI_CF, SGTCRISUBCAT_NT, SGTUWCOL_CF, SGTCRI_LS, SGTCRITYP_CT, SGTCRICTL_CT, SGTCRIPAR_LS, CRE_D, CREUSR_CF, LSTUPD_D, LSTUPDUSR_CF, timestamp) values ('LAYER_CAPACITY', 14,'LAYCAP_M', 'Layer capacity', '5', '1', null, getDate(), 'UBEU', getDate(), 'UBEU', null)
insert into TSEGCRITERIA (SGTCRI_CF, SGTCRISUBCAT_NT, SGTUWCOL_CF, SGTCRI_LS, SGTCRITYP_CT, SGTCRICTL_CT, SGTCRIPAR_LS, CRE_D, CREUSR_CF, LSTUPD_D, LSTUPDUSR_CF, timestamp) values ('SCOR_LEAD', 4,'LDISCO_B', 'Leading by Scor? (Y/N)', '1', '1', null, getDate(), 'UBEU', getDate(), 'UBEU', null)
insert into TSEGCRITERIA (SGTCRI_CF, SGTCRISUBCAT_NT, SGTUWCOL_CF, SGTCRI_LS, SGTCRITYP_CT, SGTCRICTL_CT, SGTCRIPAR_LS, CRE_D, CREUSR_CF, LSTUPD_D, LSTUPDUSR_CF, timestamp) values ('LIAB_CURRENCY', 4,'LIACUR_CF', 'Liability''s currency', '2', '5', 'TCUR', getDate(), 'UBEU', getDate(), 'UBEU', null)
insert into TSEGCRITERIA (SGTCRI_CF, SGTCRISUBCAT_NT, SGTUWCOL_CF, SGTCRI_LS, SGTCRITYP_CT, SGTCRICTL_CT, SGTCRIPAR_LS, CRE_D, CREUSR_CF, LSTUPD_D, LSTUPDUSR_CF, timestamp) values ('LIAB_PER_EVENT', 11,'LIAEVT_B', 'Liability per event? (Y/N)', '3', '1', null, getDate(), 'UBEU', getDate(), 'UBEU', null)
insert into TSEGCRITERIA (SGTCRI_CF, SGTCRISUBCAT_NT, SGTUWCOL_CF, SGTCRI_LS, SGTCRITYP_CT, SGTCRICTL_CT, SGTCRIPAR_LS, CRE_D, CREUSR_CF, LSTUPD_D, LSTUPDUSR_CF, timestamp) values ('LIAB_PER_RISK', 11,'LIARSK_B', 'Liability per risk? (Y/N)', '3', '1', null, getDate(), 'UBEU', getDate(), 'UBEU', null)
insert into TSEGCRITERIA (SGTCRI_CF, SGTCRISUBCAT_NT, SGTUWCOL_CF, SGTCRI_LS, SGTCRITYP_CT, SGTCRICTL_CT, SGTCRIPAR_LS, CRE_D, CREUSR_CF, LSTUPD_D, LSTUPDUSR_CF, timestamp) values ('LIFE_TREATY_TYPE', 15,'LIFTRTTYP_CF', 'Life Contract Type', '2', '3', 'LIFTRTTYP_CF', getDate(), 'UBEU', getDate(), 'UBEU', null)
insert into TSEGCRITERIA (SGTCRI_CF, SGTCRISUBCAT_NT, SGTUWCOL_CF, SGTCRI_LS, SGTCRITYP_CT, SGTCRICTL_CT, SGTCRIPAR_LS, CRE_D, CREUSR_CF, LSTUPD_D, LSTUPDUSR_CF, timestamp) values ('LOB', 3,'LOB_CF', 'LOB', '2', '5', 'TLOBL', getDate(), 'UBEU', getDate(), 'UBEU', null)
insert into TSEGCRITERIA (SGTCRI_CF, SGTCRISUBCAT_NT, SGTUWCOL_CF, SGTCRI_LS, SGTCRITYP_CT, SGTCRICTL_CT, SGTCRIPAR_LS, CRE_D, CREUSR_CF, LSTUPD_D, LSTUPDUSR_CF, timestamp) values ('LOSS_CORRIDOR', 11,'LOSCOREXI_B', 'Loss corridor ? (Y/N)', '3', '1', null, getDate(), 'UBEU', getDate(), 'UBEU', null)
insert into TSEGCRITERIA (SGTCRI_CF, SGTCRISUBCAT_NT, SGTUWCOL_CF, SGTCRI_LS, SGTCRITYP_CT, SGTCRICTL_CT, SGTCRIPAR_LS, CRE_D, CREUSR_CF, LSTUPD_D, LSTUPDUSR_CF, timestamp) values ('LOSS_COMMISSION', 11,'LOSCTBEXI_B', 'Loss commission? (Y/N)', '3', '1', null, getDate(), 'UBEU', getDate(), 'UBEU', null)
insert into TSEGCRITERIA (SGTCRI_CF, SGTCRISUBCAT_NT, SGTUWCOL_CF, SGTCRI_LS, SGTCRITYP_CT, SGTCRICTL_CT, SGTCRIPAR_LS, CRE_D, CREUSR_CF, LSTUPD_D, LSTUPDUSR_CF, timestamp) values ('UWYRISK_LAST', 4,'LSTUWYRSK_B', 'Last UW year at risk Y/N', '3', '1', null, getDate(), 'UBEU', getDate(), 'UBEU', null)
insert into TSEGCRITERIA (SGTCRI_CF, SGTCRISUBCAT_NT, SGTUWCOL_CF, SGTCRI_LS, SGTCRITYP_CT, SGTCRICTL_CT, SGTCRIPAR_LS, CRE_D, CREUSR_CF, LSTUPD_D, LSTUPDUSR_CF, timestamp) values ('PRG_MULTI', 11,'MULPRG_B', 'Multiple class program? (Y/N)', '3', '1', null, getDate(), 'UBEU', getDate(), 'UBEU', null)
insert into TSEGCRITERIA (SGTCRI_CF, SGTCRISUBCAT_NT, SGTUWCOL_CF, SGTCRI_LS, SGTCRITYP_CT, SGTCRICTL_CT, SGTCRIPAR_LS, CRE_D, CREUSR_CF, LSTUPD_D, LSTUPDUSR_CF, timestamp) values ('P_NP', 3,'NAT_B', 'Prop/non-prop ?', '2', '2', 'PNP_CT', getDate(), 'UBEU', getDate(), 'UBEU', null)
insert into TSEGCRITERIA (SGTCRI_CF, SGTCRISUBCAT_NT, SGTUWCOL_CF, SGTCRI_LS, SGTCRITYP_CT, SGTCRICTL_CT, SGTCRIPAR_LS, CRE_D, CREUSR_CF, LSTUPD_D, LSTUPDUSR_CF, timestamp) values ('OCCUPANCY', 10,'OCC_CF', 'Occupancy', '2', '5', 'TOCCL', getDate(), 'UBEU', getDate(), 'UBEU', null)
insert into TSEGCRITERIA (SGTCRI_CF, SGTCRISUBCAT_NT, SGTUWCOL_CF, SGTCRI_LS, SGTCRITYP_CT, SGTCRICTL_CT, SGTCRIPAR_LS, CRE_D, CREUSR_CF, LSTUPD_D, LSTUPDUSR_CF, timestamp) values ('CEDANT_ORIGINAL', 4,'ORGCED_NF', 'Original cedent', '1', '1', null, getDate(), 'UBEU', getDate(), 'UBEU', null)
insert into TSEGCRITERIA (SGTCRI_CF, SGTCRISUBCAT_NT, SGTUWCOL_CF, SGTCRI_LS, SGTCRITYP_CT, SGTCRICTL_CT, SGTCRIPAR_LS, CRE_D, CREUSR_CF, LSTUPD_D, LSTUPDUSR_CF, timestamp) values ('CURRENCY_MAIN', 3,'PCPCUR_CF', 'Main currency', '2', '5', 'TCUR', getDate(), 'UBEU', getDate(), 'UBEU', null)
insert into TSEGCRITERIA (SGTCRI_CF, SGTCRISUBCAT_NT, SGTUWCOL_CF, SGTCRI_LS, SGTCRITYP_CT, SGTCRICTL_CT, SGTCRIPAR_LS, CRE_D, CREUSR_CF, LSTUPD_D, LSTUPDUSR_CF, timestamp) values ('ACCOUNT_PRODUCER', 4,'PCPEXTREF_LL', 'Account producer', '2', '1', null, getDate(), 'UBEU', getDate(), 'UBEU', null)
insert into TSEGCRITERIA (SGTCRI_CF, SGTCRISUBCAT_NT, SGTUWCOL_CF, SGTCRI_LS, SGTCRITYP_CT, SGTCRICTL_CT, SGTCRIPAR_LS, CRE_D, CREUSR_CF, LSTUPD_D, LSTUPDUSR_CF, timestamp) values ('INSURED', 12,'PCPIND_NF', 'Insured', '1', '1', null, getDate(), 'UBEU', getDate(), 'UBEU', null)
insert into TSEGCRITERIA (SGTCRI_CF, SGTCRISUBCAT_NT, SGTUWCOL_CF, SGTCRI_LS, SGTCRITYP_CT, SGTCRICTL_CT, SGTCRIPAR_LS, CRE_D, CREUSR_CF, LSTUPD_D, LSTUPDUSR_CF, timestamp) values ('FAC_LOB_PRINCIPAL', 10,'PCPLOB_CF', 'Main LOB', '2', '5', 'TLOBL', getDate(), 'UBEU', getDate(), 'UBEU', null)
--insert into TSEGCRITERIA (SGTCRI_CF, SGTCRISUBCAT_NT, SGTUWCOL_CF, SGTCRI_LS, SGTCRITYP_CT, SGTCRICTL_CT, SGTCRIPAR_LS, CRE_D, CREUSR_CF, LSTUPD_D, LSTUPDUSR_CF, timestamp) values ('TERRITORIAL_SCOPE', 3,'PCPRSKTRY_CF', 'Territorial scope', '2', '1', null, getDate(), 'UBEU', getDate(), 'UBEU', null)
insert into TSEGCRITERIA (SGTCRI_CF, SGTCRISUBCAT_NT, SGTUWCOL_CF, SGTCRI_LS, SGTCRITYP_CT, SGTCRICTL_CT, SGTCRIPAR_LS, CRE_D, CREUSR_CF, LSTUPD_D, LSTUPDUSR_CF, timestamp) values ('TERRITORIAL_SCOPE', 3,'PCPRSKTRY_CF', 'Territorial scope', '2', '5', 'TCTYL', getDate(), 'UBEU', getDate(), 'UBEU', null)
--insert into TSEGCRITERIA (SGTCRI_CF, SGTCRISUBCAT_NT, SGTUWCOL_CF, SGTCRI_LS, SGTCRITYP_CT, SGTCRICTL_CT, SGTCRIPAR_LS, CRE_D, CREUSR_CF, LSTUPD_D, LSTUPDUSR_CF, timestamp) values ('FAC_TOP_PRINCIPAL', 10,'PCPTOP_CF', 'Main TOP', '2', '1', null, getDate(), 'UBEU', getDate(), 'UBEU', null)
insert into TSEGCRITERIA (SGTCRI_CF, SGTCRISUBCAT_NT, SGTUWCOL_CF, SGTCRI_LS, SGTCRITYP_CT, SGTCRICTL_CT, SGTCRIPAR_LS, CRE_D, CREUSR_CF, LSTUPD_D, LSTUPDUSR_CF, timestamp) values ('FAC_TOP_PRINCIPAL', 10,'PCPTOP_CF', 'Main TOP', '2', '5', 'TTOPL', getDate(), 'UBEU', getDate(), 'UBEU', null)
insert into TSEGCRITERIA (SGTCRI_CF, SGTCRISUBCAT_NT, SGTUWCOL_CF, SGTCRI_LS, SGTCRITYP_CT, SGTCRICTL_CT, SGTCRIPAR_LS, CRE_D, CREUSR_CF, LSTUPD_D, LSTUPDUSR_CF, timestamp) values ('PRODUCER', 4,'PRD_NF', 'Intermediary', '1', '1', null, getDate(), 'UBEU', getDate(), 'UBEU', null)
insert into TSEGCRITERIA (SGTCRI_CF, SGTCRISUBCAT_NT, SGTUWCOL_CF, SGTCRI_LS, SGTCRITYP_CT, SGTCRICTL_CT, SGTCRIPAR_LS, CRE_D, CREUSR_CF, LSTUPD_D, LSTUPDUSR_CF, timestamp) values ('PRODUCT', 10,'PRDCOD_CT', 'Product', '2', '5', 'TPRODUCL', getDate(), 'UBEU', getDate(), 'UBEU', null)
insert into TSEGCRITERIA (SGTCRI_CF, SGTCRISUBCAT_NT, SGTUWCOL_CF, SGTCRI_LS, SGTCRITYP_CT, SGTCRICTL_CT, SGTCRIPAR_LS, CRE_D, CREUSR_CF, LSTUPD_D, LSTUPDUSR_CF, timestamp) values ('PROFIT_COMMISSION', 11,'PRFCOMEXI_B', 'Profit commission? (Y/N)', '3', '1', null, getDate(), 'UBEU', getDate(), 'UBEU', null)
insert into TSEGCRITERIA (SGTCRI_CF, SGTCRISUBCAT_NT, SGTUWCOL_CF, SGTCRI_LS, SGTCRITYP_CT, SGTCRICTL_CT, SGTCRIPAR_LS, CRE_D, CREUSR_CF, LSTUPD_D, LSTUPDUSR_CF, timestamp) values ('PROGRAM', 18,'PRG_NF', 'Program number', '2', '1', null, getDate(), 'UBEU', getDate(), 'UBEU', null)
insert into TSEGCRITERIA (SGTCRI_CF, SGTCRISUBCAT_NT, SGTUWCOL_CF, SGTCRI_LS, SGTCRITYP_CT, SGTCRICTL_CT, SGTCRIPAR_LS, CRE_D, CREUSR_CF, LSTUPD_D, LSTUPDUSR_CF, timestamp) values ('PRG_TYPE', 18,'PRGNATFAM_CT', 'Program type', '1', '2', 'CTRNATFAM_CT', getDate(), 'UBEU', getDate(), 'UBEU', null)
insert into TSEGCRITERIA (SGTCRI_CF, SGTCRISUBCAT_NT, SGTUWCOL_CF, SGTCRI_LS, SGTCRITYP_CT, SGTCRICTL_CT, SGTCRIPAR_LS, CRE_D, CREUSR_CF, LSTUPD_D, LSTUPDUSR_CF, timestamp) values ('PREMIUM_CUT_OFF', 11,'PRMCUTOFF_B', 'Premium cut off? (Y/N)', '3', '1', null, getDate(), 'UBEU', getDate(), 'UBEU', null)
insert into TSEGCRITERIA (SGTCRI_CF, SGTCRISUBCAT_NT, SGTUWCOL_CF, SGTCRI_LS, SGTCRITYP_CT, SGTCRICTL_CT, SGTCRIPAR_LS, CRE_D, CREUSR_CF, LSTUPD_D, LSTUPDUSR_CF, timestamp) values ('PREMIUM_RUN_OFF', 11,'PRMRUNOFF_B', 'Premium run off? (Y/N) ', '3', '1', null, getDate(), 'UBEU', getDate(), 'UBEU', null)
insert into TSEGCRITERIA (SGTCRI_CF, SGTCRISUBCAT_NT, SGTUWCOL_CF, SGTCRI_LS, SGTCRITYP_CT, SGTCRICTL_CT, SGTCRIPAR_LS, CRE_D, CREUSR_CF, LSTUPD_D, LSTUPDUSR_CF, timestamp) values ('PROTECTION_COST', 8,'PRTCOS_M', 'Protection cost', '5', '1', null, getDate(), 'UBEU', getDate(), 'UBEU', null)
insert into TSEGCRITERIA (SGTCRI_CF, SGTCRISUBCAT_NT, SGTUWCOL_CF, SGTCRI_LS, SGTCRITYP_CT, SGTCRICTL_CT, SGTCRIPAR_LS, CRE_D, CREUSR_CF, LSTUPD_D, LSTUPDUSR_CF, timestamp) values ('RI_TYPE', 4,'REITYP_CF', 'Reinsurance type', '1', '3', 'REITYP_CF', getDate(), 'UBEU', getDate(), 'UBEU', null)
insert into TSEGCRITERIA (SGTCRI_CF, SGTCRISUBCAT_NT, SGTUWCOL_CF, SGTCRI_LS, SGTCRITYP_CT, SGTCRICTL_CT, SGTCRIPAR_LS, CRE_D, CREUSR_CF, LSTUPD_D, LSTUPDUSR_CF, timestamp) values ('RENEWABLE', 4,'REN_B', 'Renewable Y/N', '3', '1', null, getDate(), 'UBEU', getDate(), 'UBEU', null)
insert into TSEGCRITERIA (SGTCRI_CF, SGTCRISUBCAT_NT, SGTUWCOL_CF, SGTCRI_LS, SGTCRITYP_CT, SGTCRICTL_CT, SGTCRIPAR_LS, CRE_D, CREUSR_CF, LSTUPD_D, LSTUPDUSR_CF, timestamp) values ('LIFE_BUSINESS_TYPE', 4,'RSKCOMPRM_B', 'Life business type (original terms)? (Y/N)', '3', '1', null, getDate(), 'UBEU', getDate(), 'UBEU', null)
insert into TSEGCRITERIA (SGTCRI_CF, SGTCRISUBCAT_NT, SGTUWCOL_CF, SGTCRI_LS, SGTCRITYP_CT, SGTCRICTL_CT, SGTCRIPAR_LS, CRE_D, CREUSR_CF, LSTUPD_D, LSTUPDUSR_CF, timestamp) values ('OCCUPANCY_FAMILY', 10,'RSKNATFAM_CF', 'Occupancy family', '2', '3', 'RSKNATFAM_CF', getDate(), 'UBEU', getDate(), 'UBEU', null)
insert into TSEGCRITERIA (SGTCRI_CF, SGTCRISUBCAT_NT, SGTUWCOL_CF, SGTCRI_LS, SGTCRITYP_CT, SGTCRICTL_CT, SGTCRIPAR_LS, CRE_D, CREUSR_CF, LSTUPD_D, LSTUPDUSR_CF, timestamp) values ('EGPI_REVISED_SCOR', 8,'SCOGLOEGP_M', 'SCOR revised EGPI', '5', '1', null, getDate(), 'UBEU', getDate(), 'UBEU', null)
insert into TSEGCRITERIA (SGTCRI_CF, SGTCRISUBCAT_NT, SGTUWCOL_CF, SGTCRI_LS, SGTCRITYP_CT, SGTCRICTL_CT, SGTCRIPAR_LS, CRE_D, CREUSR_CF, LSTUPD_D, LSTUPDUSR_CF, timestamp) values ('PRG_EFFECTIVE_DATE', 18,'SCOINC_D', 'Progamme - Contractual UWY inception date', '4', '1', null, getDate(), 'UBEU', getDate(), 'UBEU', null)
insert into TSEGCRITERIA (SGTCRI_CF, SGTCRISUBCAT_NT, SGTUWCOL_CF, SGTCRI_LS, SGTCRITYP_CT, SGTCRICTL_CT, SGTCRIPAR_LS, CRE_D, CREUSR_CF, LSTUPD_D, LSTUPDUSR_CF, timestamp) values ('LIAB_SCOR', 14,'SCOLIA_M', 'SCOR liability Amount', '5', '1', null, getDate(), 'UBEU', getDate(), 'UBEU', null)
insert into TSEGCRITERIA (SGTCRI_CF, SGTCRISUBCAT_NT, SGTUWCOL_CF, SGTCRI_LS, SGTCRITYP_CT, SGTCRICTL_CT, SGTCRIPAR_LS, CRE_D, CREUSR_CF, LSTUPD_D, LSTUPDUSR_CF, timestamp) values ('LIAB_ANNUAL_LIMIT', 14,'SCOLIALIM_M', 'Annual limit', '5', '1', null, getDate(), 'UBEU', getDate(), 'UBEU', null)
insert into TSEGCRITERIA (SGTCRI_CF, SGTCRISUBCAT_NT, SGTUWCOL_CF, SGTCRI_LS, SGTCRITYP_CT, SGTCRICTL_CT, SGTCRIPAR_LS, CRE_D, CREUSR_CF, LSTUPD_D, LSTUPDUSR_CF, timestamp) values ('EGPI_ESTIMATED_SCOR', 8,'SCOORGEGP_M', 'SCOR estimated EGPI', '5', '1', null, getDate(), 'UBEU', getDate(), 'UBEU', null)
insert into TSEGCRITERIA (SGTCRI_CF, SGTCRISUBCAT_NT, SGTUWCOL_CF, SGTCRI_LS, SGTCRITYP_CT, SGTCRICTL_CT, SGTCRIPAR_LS, CRE_D, CREUSR_CF, LSTUPD_D, LSTUPDUSR_CF, timestamp) values ('PML_SCOR', 14,'SCOPML_M', 'PML SCOR', '5', '1', null, getDate(), 'UBEU', getDate(), 'UBEU', null)
insert into TSEGCRITERIA (SGTCRI_CF, SGTCRISUBCAT_NT, SGTUWCOL_CF, SGTCRI_LS, SGTCRITYP_CT, SGTCRICTL_CT, SGTCRIPAR_LS, CRE_D, CREUSR_CF, LSTUPD_D, LSTUPDUSR_CF, timestamp) values ('SEC_ACC_SUB_STATUS', 19,'SECACCSTS2_CT', 'Sub accounting section status', '1', '2', 'ACCSTS2_CT', getDate(), 'UBEU', getDate(), 'UBEU', null)
insert into TSEGCRITERIA (SGTCRI_CF, SGTCRISUBCAT_NT, SGTUWCOL_CF, SGTCRI_LS, SGTCRITYP_CT, SGTCRICTL_CT, SGTCRIPAR_LS, CRE_D, CREUSR_CF, LSTUPD_D, LSTUPDUSR_CF, timestamp) values ('CANCELLATION_DATE', 6,'SECCAN_D', 'Cancellation date', '4', '1', null, getDate(), 'UBEU', getDate(), 'UBEU', null)
insert into TSEGCRITERIA (SGTCRI_CF, SGTCRISUBCAT_NT, SGTUWCOL_CF, SGTCRI_LS, SGTCRITYP_CT, SGTCRICTL_CT, SGTCRIPAR_LS, CRE_D, CREUSR_CF, LSTUPD_D, LSTUPDUSR_CF, timestamp) values ('SEC_INCEPTION_DATE', 6,'SECINC_D', 'Section inception date', '4', '1', null, getDate(), 'UBEU', getDate(), 'UBEU', null)
insert into TSEGCRITERIA (SGTCRI_CF, SGTCRISUBCAT_NT, SGTUWCOL_CF, SGTCRI_LS, SGTCRITYP_CT, SGTCRICTL_CT, SGTCRIPAR_LS, CRE_D, CREUSR_CF, LSTUPD_D, LSTUPDUSR_CF, timestamp) values ('SEC_QUALIFIER1', 19,'SECQUA_CF', 'Section qualifier 1', '1', '3', 'CTRQUA_CF', getDate(), 'UBEU', getDate(), 'UBEU', null)
insert into TSEGCRITERIA (SGTCRI_CF, SGTCRISUBCAT_NT, SGTUWCOL_CF, SGTCRI_LS, SGTCRITYP_CT, SGTCRICTL_CT, SGTCRIPAR_LS, CRE_D, CREUSR_CF, LSTUPD_D, LSTUPDUSR_CF, timestamp) values ('SEC_QUALIFIER10', 19,'SECQUA10_CF', 'Section qualifier 10', '1', '3', 'CTRQUA10_CF', getDate(), 'UBEU', getDate(), 'UBEU', null)
insert into TSEGCRITERIA (SGTCRI_CF, SGTCRISUBCAT_NT, SGTUWCOL_CF, SGTCRI_LS, SGTCRITYP_CT, SGTCRICTL_CT, SGTCRIPAR_LS, CRE_D, CREUSR_CF, LSTUPD_D, LSTUPDUSR_CF, timestamp) values ('SEC_QUALIFIER2', 19,'SECQUA2_CF', 'Section qualifier 2', '1', '3', 'CTRQUA2_CF', getDate(), 'UBEU', getDate(), 'UBEU', null)
insert into TSEGCRITERIA (SGTCRI_CF, SGTCRISUBCAT_NT, SGTUWCOL_CF, SGTCRI_LS, SGTCRITYP_CT, SGTCRICTL_CT, SGTCRIPAR_LS, CRE_D, CREUSR_CF, LSTUPD_D, LSTUPDUSR_CF, timestamp) values ('SEC_QUALIFIER3', 19,'SECQUA3_CF', 'Section qualifier 3', '1', '3', 'CTRQUA3_CF', getDate(), 'UBEU', getDate(), 'UBEU', null)
insert into TSEGCRITERIA (SGTCRI_CF, SGTCRISUBCAT_NT, SGTUWCOL_CF, SGTCRI_LS, SGTCRITYP_CT, SGTCRICTL_CT, SGTCRIPAR_LS, CRE_D, CREUSR_CF, LSTUPD_D, LSTUPDUSR_CF, timestamp) values ('SEC_QUALIFIER4', 19,'SECQUA4_CF', 'Section qualifier 4', '1', '3', 'CTRQUA4_CF', getDate(), 'UBEU', getDate(), 'UBEU', null)
insert into TSEGCRITERIA (SGTCRI_CF, SGTCRISUBCAT_NT, SGTUWCOL_CF, SGTCRI_LS, SGTCRITYP_CT, SGTCRICTL_CT, SGTCRIPAR_LS, CRE_D, CREUSR_CF, LSTUPD_D, LSTUPDUSR_CF, timestamp) values ('SEC_QUALIFIER5', 19,'SECQUA5_CF', 'Section qualifier 5', '1', '3', 'CTRQUA5_CF', getDate(), 'UBEU', getDate(), 'UBEU', null)
insert into TSEGCRITERIA (SGTCRI_CF, SGTCRISUBCAT_NT, SGTUWCOL_CF, SGTCRI_LS, SGTCRITYP_CT, SGTCRICTL_CT, SGTCRIPAR_LS, CRE_D, CREUSR_CF, LSTUPD_D, LSTUPDUSR_CF, timestamp) values ('SEC_QUALIFIER6', 19,'SECQUA6_CF', 'Section qualifier 6', '1', '3', 'CTRQUA6_CF', getDate(), 'UBEU', getDate(), 'UBEU', null)
insert into TSEGCRITERIA (SGTCRI_CF, SGTCRISUBCAT_NT, SGTUWCOL_CF, SGTCRI_LS, SGTCRITYP_CT, SGTCRICTL_CT, SGTCRIPAR_LS, CRE_D, CREUSR_CF, LSTUPD_D, LSTUPDUSR_CF, timestamp) values ('SEC_QUALIFIER7', 19,'SECQUA7_CF', 'Section qualifier 7', '1', '3', 'CTRQUA7_CF', getDate(), 'UBEU', getDate(), 'UBEU', null)
insert into TSEGCRITERIA (SGTCRI_CF, SGTCRISUBCAT_NT, SGTUWCOL_CF, SGTCRI_LS, SGTCRITYP_CT, SGTCRICTL_CT, SGTCRIPAR_LS, CRE_D, CREUSR_CF, LSTUPD_D, LSTUPDUSR_CF, timestamp) values ('SEC_QUALIFIER8', 19,'SECQUA8_CF', 'Section qualifier 8', '1', '3', 'CTRQUA8_CF', getDate(), 'UBEU', getDate(), 'UBEU', null)
insert into TSEGCRITERIA (SGTCRI_CF, SGTCRISUBCAT_NT, SGTUWCOL_CF, SGTCRI_LS, SGTCRITYP_CT, SGTCRICTL_CT, SGTCRIPAR_LS, CRE_D, CREUSR_CF, LSTUPD_D, LSTUPDUSR_CF, timestamp) values ('SEC_QUALIFIER9', 19,'SECQUA9_CF', 'Section qualifier 9', '1', '3', 'CTRQUA9_CF', getDate(), 'UBEU', getDate(), 'UBEU', null)
insert into TSEGCRITERIA (SGTCRI_CF, SGTCRISUBCAT_NT, SGTUWCOL_CF, SGTCRI_LS, SGTCRITYP_CT, SGTCRICTL_CT, SGTCRIPAR_LS, CRE_D, CREUSR_CF, LSTUPD_D, LSTUPDUSR_CF, timestamp) values ('SIGNED_SHARE', 21,'SIGSHA_R', 'Signed share', '5', '1', null, getDate(), 'UBEU', getDate(), 'UBEU', null)
insert into TSEGCRITERIA (SGTCRI_CF, SGTCRISUBCAT_NT, SGTUWCOL_CF, SGTCRI_LS, SGTCRITYP_CT, SGTCRICTL_CT, SGTCRIPAR_LS, CRE_D, CREUSR_CF, LSTUPD_D, LSTUPDUSR_CF, timestamp) values ('SOB', 3,'SOB_CF', 'SOB', '2', '5', 'TSOBL', getDate(), 'UBEU', getDate(), 'UBEU', null)
insert into TSEGCRITERIA (SGTCRI_CF, SGTCRISUBCAT_NT, SGTUWCOL_CF, SGTCRI_LS, SGTCRITYP_CT, SGTCRICTL_CT, SGTCRIPAR_LS, CRE_D, CREUSR_CF, LSTUPD_D, LSTUPDUSR_CF, timestamp) values ('CLI_SUBSIDIARY_SEGMENT', 1,'SORDNBR_NT', 'Client - Subsidiary segment', '1', '1', null, getDate(), 'UBEU', getDate(), 'UBEU', null)
insert into TSEGCRITERIA (SGTCRI_CF, SGTCRISUBCAT_NT, SGTUWCOL_CF, SGTCRI_LS, SGTCRITYP_CT, SGTCRICTL_CT, SGTCRIPAR_LS, CRE_D, CREUSR_CF, LSTUPD_D, LSTUPDUSR_CF, timestamp) values ('RATING_SP', 3,'SPCURRAT_CT', 'S&P current rating', '1', '3', 'SPCURRAT_CT', getDate(), 'UBEU', getDate(), 'UBEU', null)
insert into TSEGCRITERIA (SGTCRI_CF, SGTCRISUBCAT_NT, SGTUWCOL_CF, SGTCRI_LS, SGTCRITYP_CT, SGTCRICTL_CT, SGTCRIPAR_LS, CRE_D, CREUSR_CF, LSTUPD_D, LSTUPDUSR_CF, timestamp) values ('LEDGER', 3,'SSD_ESB', 'Ledger', '2', '1', null, getDate(), 'UBEU', getDate(), 'UBEU', null)
insert into TSEGCRITERIA (SGTCRI_CF, SGTCRISUBCAT_NT, SGTUWCOL_CF, SGTCRI_LS, SGTCRITYP_CT, SGTCRICTL_CT, SGTCRIPAR_LS, CRE_D, CREUSR_CF, LSTUPD_D, LSTUPDUSR_CF, timestamp) values ('PRG_STORM', 11,'STOCNDEXI_B', 'Storm conditions? (Y/N)', '3', '1', null, getDate(), 'UBEU', getDate(), 'UBEU', null)
insert into TSEGCRITERIA (SGTCRI_CF, SGTCRISUBCAT_NT, SGTUWCOL_CF, SGTCRI_LS, SGTCRITYP_CT, SGTCRICTL_CT, SGTCRIPAR_LS, CRE_D, CREUSR_CF, LSTUPD_D, LSTUPDUSR_CF, timestamp) values ('SEC_SUBNAT', 3,'SUBNAT_CF', 'Sub nature', '2', '5', 'TCTRSNL', getDate(), 'UBEU', getDate(), 'UBEU', null)
--insert into TSEGCRITERIA (SGTCRI_CF, SGTCRISUBCAT_NT, SGTUWCOL_CF, SGTCRI_LS, SGTCRITYP_CT, SGTCRICTL_CT, SGTCRIPAR_LS, CRE_D, CREUSR_CF, LSTUPD_D, LSTUPDUSR_CF, timestamp) values ('TTY_FAC_LIFE', 4,'TFL_IND', 'Treaty fac life', '2', '1', null, getDate(), 'UBEU', getDate(), 'UBEU', null)
insert into TSEGCRITERIA (SGTCRI_CF, SGTCRISUBCAT_NT, SGTUWCOL_CF, SGTCRI_LS, SGTCRITYP_CT, SGTCRICTL_CT, SGTCRIPAR_LS, CRE_D, CREUSR_CF, LSTUPD_D, LSTUPDUSR_CF, timestamp) values ('TTY_FAC_LIFE', 4,'TFL_IND', 'Treaty fac life', '2', '2', 'TFL_CT', getDate(), 'UBEU', getDate(), 'UBEU', null)
insert into TSEGCRITERIA (SGTCRI_CF, SGTCRISUBCAT_NT, SGTUWCOL_CF, SGTCRI_LS, SGTCRITYP_CT, SGTCRICTL_CT, SGTCRIPAR_LS, CRE_D, CREUSR_CF, LSTUPD_D, LSTUPDUSR_CF, timestamp) values ('EDI', 11,'EDI_CALC', 'EDI Management', '2', '1', null, getDate(), 'UBEU', getDate(), 'UBEU', null)
insert into TSEGCRITERIA (SGTCRI_CF, SGTCRISUBCAT_NT, SGTUWCOL_CF, SGTCRI_LS, SGTCRITYP_CT, SGTCRICTL_CT, SGTCRIPAR_LS, CRE_D, CREUSR_CF, LSTUPD_D, LSTUPDUSR_CF, timestamp) values ('CAT_RISK_COVERED', 11,'CAT_RISK_COVERED_CALC', 'Cat risk covered? (Y/N)', '3', '1', null, getDate(), 'UBEU', getDate(), 'UBEU', null)
insert into TSEGCRITERIA (SGTCRI_CF, SGTCRISUBCAT_NT, SGTUWCOL_CF, SGTCRI_LS, SGTCRITYP_CT, SGTCRICTL_CT, SGTCRIPAR_LS, CRE_D, CREUSR_CF, LSTUPD_D, LSTUPDUSR_CF, timestamp) values ('SBS_ADMIN', 10,'SBS_ADMIN_CALC', 'SBS administration', '2', '1', null, getDate(), 'UBEU', getDate(), 'UBEU', null)
insert into TSEGCRITERIA (SGTCRI_CF, SGTCRISUBCAT_NT, SGTUWCOL_CF, SGTCRI_LS, SGTCRITYP_CT, SGTCRICTL_CT, SGTCRIPAR_LS, CRE_D, CREUSR_CF, LSTUPD_D, LSTUPDUSR_CF, timestamp) values ('GAL_CONSO', 9,'GAL_CONSO_CALC', 'GAL Det - Consolidated MPL', '5', '1', null, getDate(), 'UBEU', getDate(), 'UBEU', null)
insert into TSEGCRITERIA (SGTCRI_CF, SGTCRISUBCAT_NT, SGTUWCOL_CF, SGTCRI_LS, SGTCRITYP_CT, SGTCRICTL_CT, SGTCRIPAR_LS, CRE_D, CREUSR_CF, LSTUPD_D, LSTUPDUSR_CF, timestamp) values ('GAL_RETRO', 9,'GAL_RETRO_CALC', 'GAL Det - RetroGAL', '5', '1', null, getDate(), 'UBEU', getDate(), 'UBEU', null)
insert into TSEGCRITERIA (SGTCRI_CF, SGTCRISUBCAT_NT, SGTUWCOL_CF, SGTCRI_LS, SGTCRITYP_CT, SGTCRICTL_CT, SGTCRIPAR_LS, CRE_D, CREUSR_CF, LSTUPD_D, LSTUPDUSR_CF, timestamp) values ('SCOR_SHARE_ORG', 21,'SCOR_SHARE_ORG_CALC', 'Current SCOR share (original)', '5', '1', null, getDate(), 'UBEU', getDate(), 'UBEU', null)
insert into TSEGCRITERIA (SGTCRI_CF, SGTCRISUBCAT_NT, SGTUWCOL_CF, SGTCRI_LS, SGTCRITYP_CT, SGTCRICTL_CT, SGTCRIPAR_LS, CRE_D, CREUSR_CF, LSTUPD_D, LSTUPDUSR_CF, timestamp) values ('GAL_CBI', 9,'GAL_CBI_CALC', 'GAL Det - CBI', '5', '1', null, getDate(), 'UBEU', getDate(), 'UBEU', null)
insert into TSEGCRITERIA (SGTCRI_CF, SGTCRISUBCAT_NT, SGTUWCOL_CF, SGTCRI_LS, SGTCRITYP_CT, SGTCRICTL_CT, SGTCRIPAR_LS, CRE_D, CREUSR_CF, LSTUPD_D, LSTUPDUSR_CF, timestamp) values ('GAL_JV', 9,'GAL_JV_CALC', 'GAL Det - Joint venture', '5', '1', null, getDate(), 'UBEU', getDate(), 'UBEU', null)
insert into TSEGCRITERIA (SGTCRI_CF, SGTCRISUBCAT_NT, SGTUWCOL_CF, SGTCRI_LS, SGTCRITYP_CT, SGTCRICTL_CT, SGTCRIPAR_LS, CRE_D, CREUSR_CF, LSTUPD_D, LSTUPDUSR_CF, timestamp) values ('GAL_FAC_IMPACT', 9,'GAL_FAC_IMPACT_CALC', 'GAL Det - Fac impact', '5', '1', null, getDate(), 'UBEU', getDate(), 'UBEU', null)
insert into TSEGCRITERIA (SGTCRI_CF, SGTCRISUBCAT_NT, SGTUWCOL_CF, SGTCRI_LS, SGTCRITYP_CT, SGTCRICTL_CT, SGTCRIPAR_LS, CRE_D, CREUSR_CF, LSTUPD_D, LSTUPDUSR_CF, timestamp) values ('GAL_NEIGHBORHOOD', 9,'GAL_NEIGHBORHOOD_CALC', 'GAL Det - Neighborhood', '5', '1', null, getDate(), 'UBEU', getDate(), 'UBEU', null)
insert into TSEGCRITERIA (SGTCRI_CF, SGTCRISUBCAT_NT, SGTUWCOL_CF, SGTCRI_LS, SGTCRITYP_CT, SGTCRICTL_CT, SGTCRIPAR_LS, CRE_D, CREUSR_CF, LSTUPD_D, LSTUPDUSR_CF, timestamp) values ('GAL_OTHER_LOB', 9,'GAL_OTHER_LOB_CALC', 'GAL Det - Other LOB', '5', '1', null, getDate(), 'UBEU', getDate(), 'UBEU', null)
insert into TSEGCRITERIA (SGTCRI_CF, SGTCRISUBCAT_NT, SGTUWCOL_CF, SGTCRI_LS, SGTCRITYP_CT, SGTCRICTL_CT, SGTCRIPAR_LS, CRE_D, CREUSR_CF, LSTUPD_D, LSTUPDUSR_CF, timestamp) values ('GAL_OTHER_PART', 9,'GAL_OTHER_PART_CALC', 'GAL Det - Other participations', '5', '1', null, getDate(), 'UBEU', getDate(), 'UBEU', null)
insert into TSEGCRITERIA (SGTCRI_CF, SGTCRISUBCAT_NT, SGTUWCOL_CF, SGTCRI_LS, SGTCRITYP_CT, SGTCRICTL_CT, SGTCRIPAR_LS, CRE_D, CREUSR_CF, LSTUPD_D, LSTUPDUSR_CF, timestamp) values ('SCOR_SHARE_CEDED', 21,'SCOR_SHARE_CEDED_CALC', 'Current SCOR share (ceded)', '5', '1', null, getDate(), 'UBEU', getDate(), 'UBEU', null)
insert into TSEGCRITERIA (SGTCRI_CF, SGTCRISUBCAT_NT, SGTUWCOL_CF, SGTCRI_LS, SGTCRITYP_CT, SGTCRICTL_CT, SGTCRIPAR_LS, CRE_D, CREUSR_CF, LSTUPD_D, LSTUPDUSR_CF, timestamp) values ('SEC_RETRO_RATIO', 21,'SEC_RETRO_RATIO_CALC', 'Section retrocessionaire rate', '5', '1', null, getDate(), 'UBEU', getDate(), 'UBEU', null)
insert into TSEGCRITERIA (SGTCRI_CF, SGTCRISUBCAT_NT, SGTUWCOL_CF, SGTCRI_LS, SGTCRITYP_CT, SGTCRICTL_CT, SGTCRIPAR_LS, CRE_D, CREUSR_CF, LSTUPD_D, LSTUPDUSR_CF, timestamp) values ('CEDED_SHARE', 21,'CEDED_SHARE_CALC', 'Ceded share', '5', '1', null, getDate(), 'UBEU', getDate(), 'UBEU', null)
insert into TSEGCRITERIA (SGTCRI_CF, SGTCRISUBCAT_NT, SGTUWCOL_CF, SGTCRI_LS, SGTCRITYP_CT, SGTCRICTL_CT, SGTCRIPAR_LS, CRE_D, CREUSR_CF, LSTUPD_D, LSTUPDUSR_CF, timestamp) values ('IO_CLIENT_SCOR', 13,'IO_CLIENT_SCOR_CALC', 'Client subsidiary SCOR? (Y/N)', '3', '1', null, getDate(), 'UBEU', getDate(), 'UBEU', null)
insert into TSEGCRITERIA (SGTCRI_CF, SGTCRISUBCAT_NT, SGTUWCOL_CF, SGTCRI_LS, SGTCRITYP_CT, SGTCRICTL_CT, SGTCRIPAR_LS, CRE_D, CREUSR_CF, LSTUPD_D, LSTUPDUSR_CF, timestamp) values ('COM_PC_EXPENSES', 14,'COM_PC_EXPENSES_CALC', 'Management expenses rate', '5', '1', null, getDate(), 'UBEU', getDate(), 'UBEU', null)
insert into TSEGCRITERIA (SGTCRI_CF, SGTCRISUBCAT_NT, SGTUWCOL_CF, SGTCRI_LS, SGTCRITYP_CT, SGTCRICTL_CT, SGTCRIPAR_LS, CRE_D, CREUSR_CF, LSTUPD_D, LSTUPDUSR_CF, timestamp) values ('COM_FIX', 16,'COM_FIX_CALC', 'Fixed commission rate', '5', '1', null, getDate(), 'UBEU', getDate(), 'UBEU', null)
insert into TSEGCRITERIA (SGTCRI_CF, SGTCRISUBCAT_NT, SGTUWCOL_CF, SGTCRI_LS, SGTCRITYP_CT, SGTCRICTL_CT, SGTCRIPAR_LS, CRE_D, CREUSR_CF, LSTUPD_D, LSTUPDUSR_CF, timestamp) values ('COM_PC_LOSS', 16,'COM_PC_LOSS_CALC', 'Fixed loss commission rate', '5', '1', null, getDate(), 'UBEU', getDate(), 'UBEU', null)
insert into TSEGCRITERIA (SGTCRI_CF, SGTCRISUBCAT_NT, SGTUWCOL_CF, SGTCRI_LS, SGTCRITYP_CT, SGTCRICTL_CT, SGTCRIPAR_LS, CRE_D, CREUSR_CF, LSTUPD_D, LSTUPDUSR_CF, timestamp) values ('COM_VARIABLE_MAX', 2,'COM_VARIABLE_MAX_CALC', 'Maximum commission rate', '5', '1', null, getDate(), 'UBEU', getDate(), 'UBEU', null)
insert into TSEGCRITERIA (SGTCRI_CF, SGTCRISUBCAT_NT, SGTUWCOL_CF, SGTCRI_LS, SGTCRITYP_CT, SGTCRICTL_CT, SGTCRIPAR_LS, CRE_D, CREUSR_CF, LSTUPD_D, LSTUPDUSR_CF, timestamp) values ('LR_VARIABLE_MAX', 2,'LR_VARIABLE_MAX_CALC', 'Maximum loss ratio', '5', '1', null, getDate(), 'UBEU', getDate(), 'UBEU', null)
insert into TSEGCRITERIA (SGTCRI_CF, SGTCRISUBCAT_NT, SGTUWCOL_CF, SGTCRI_LS, SGTCRITYP_CT, SGTCRICTL_CT, SGTCRIPAR_LS, CRE_D, CREUSR_CF, LSTUPD_D, LSTUPDUSR_CF, timestamp) values ('COM_VARIABLE_MIN', 2,'COM_VARIABLE_MIN_CALC', 'Minimum commission rate', '5', '1', null, getDate(), 'UBEU', getDate(), 'UBEU', null)
insert into TSEGCRITERIA (SGTCRI_CF, SGTCRISUBCAT_NT, SGTUWCOL_CF, SGTCRI_LS, SGTCRITYP_CT, SGTCRICTL_CT, SGTCRIPAR_LS, CRE_D, CREUSR_CF, LSTUPD_D, LSTUPDUSR_CF, timestamp) values ('LR_VARIABLE_MIN', 2,'LR_VARIABLE_MIN_CALC', 'Minimum loss ratio', '5', '1', null, getDate(), 'UBEU', getDate(), 'UBEU', null)
insert into TSEGCRITERIA (SGTCRI_CF, SGTCRISUBCAT_NT, SGTUWCOL_CF, SGTCRI_LS, SGTCRITYP_CT, SGTCRICTL_CT, SGTCRIPAR_LS, CRE_D, CREUSR_CF, LSTUPD_D, LSTUPDUSR_CF, timestamp) values ('COM_OVERRIDER', 2,'COM_OVERRIDER_CALC', 'Overrider comm. rate', '5', '1', null, getDate(), 'UBEU', getDate(), 'UBEU', null)
insert into TSEGCRITERIA (SGTCRI_CF, SGTCRISUBCAT_NT, SGTUWCOL_CF, SGTCRI_LS, SGTCRITYP_CT, SGTCRICTL_CT, SGTCRIPAR_LS, CRE_D, CREUSR_CF, LSTUPD_D, LSTUPDUSR_CF, timestamp) values ('COM_PC_PROFIT', 2,'COM_PC_PROFIT_CALC', 'Fixed profit commission rate', '5', '1', null, getDate(), 'UBEU', getDate(), 'UBEU', null)
insert into TSEGCRITERIA (SGTCRI_CF, SGTCRISUBCAT_NT, SGTUWCOL_CF, SGTCRI_LS, SGTCRITYP_CT, SGTCRICTL_CT, SGTCRIPAR_LS, CRE_D, CREUSR_CF, LSTUPD_D, LSTUPDUSR_CF, timestamp) values ('COM_VARIABLE_PROV', 2,'COM_VARIABLE_PROV_CALC', 'Provisional commission rate', '5', '1', null, getDate(), 'UBEU', getDate(), 'UBEU', null)
insert into TSEGCRITERIA (SGTCRI_CF, SGTCRISUBCAT_NT, SGTUWCOL_CF, SGTCRI_LS, SGTCRITYP_CT, SGTCRICTL_CT, SGTCRIPAR_LS, CRE_D, CREUSR_CF, LSTUPD_D, LSTUPDUSR_CF, timestamp) values ('COM_VARIABLE', 2,'COM_VARIABLE_CALC', 'Variable commission rate (actual)', '5', '1', null, getDate(), 'UBEU', getDate(), 'UBEU', null)
insert into TSEGCRITERIA (SGTCRI_CF, SGTCRISUBCAT_NT, SGTUWCOL_CF, SGTCRI_LS, SGTCRITYP_CT, SGTCRICTL_CT, SGTCRIPAR_LS, CRE_D, CREUSR_CF, LSTUPD_D, LSTUPDUSR_CF, timestamp) values ('AGG_DEDUCTIBLE', 2,'AGG_DEDUCTIBLE_CALC', 'Aggregate deductible', '5', '1', null, getDate(), 'UBEU', getDate(), 'UBEU', null)
insert into TSEGCRITERIA (SGTCRI_CF, SGTCRISUBCAT_NT, SGTUWCOL_CF, SGTCRI_LS, SGTCRITYP_CT, SGTCRICTL_CT, SGTCRIPAR_LS, CRE_D, CREUSR_CF, LSTUPD_D, LSTUPDUSR_CF, timestamp) values ('TOP', 3,'TOP_CF', 'TOP', '2', '5', 'TTOPL', getDate(), 'UBEU', getDate(), 'UBEU', null)
insert into TSEGCRITERIA (SGTCRI_CF, SGTCRISUBCAT_NT, SGTUWCOL_CF, SGTCRI_LS, SGTCRITYP_CT, SGTCRICTL_CT, SGTCRIPAR_LS, CRE_D, CREUSR_CF, LSTUPD_D, LSTUPDUSR_CF, timestamp) values ('CTR_TRANSFERED', 4,'TRFTRT_B', 'Transfered contract? (Y/N)', '3', '1', null, getDate(), 'UBEU', getDate(), 'UBEU', null)
--insert into TSEGCRITERIA (SGTCRI_CF, SGTCRISUBCAT_NT, SGTUWCOL_CF, SGTCRI_LS, SGTCRITYP_CT, SGTCRICTL_CT, SGTCRIPAR_LS, CRE_D, CREUSR_CF, LSTUPD_D, LSTUPDUSR_CF, timestamp) values ('RI_TYPE_STA', 4,'TYPREI_CF', 'Type of reinsurance STA', '1', '1', null, getDate(), 'UBEU', getDate(), 'UBEU', null)
insert into TSEGCRITERIA (SGTCRI_CF, SGTCRISUBCAT_NT, SGTUWCOL_CF, SGTCRI_LS, SGTCRITYP_CT, SGTCRICTL_CT, SGTCRIPAR_LS, CRE_D, CREUSR_CF, LSTUPD_D, LSTUPDUSR_CF, timestamp) values ('RI_TYPE_STA', 4,'TYPREI_CF', 'Type of reinsurance STA', '1', '3', 'TYPREI_CF', getDate(), 'UBEU', getDate(), 'UBEU', null)
insert into TSEGCRITERIA (SGTCRI_CF, SGTCRISUBCAT_NT, SGTUWCOL_CF, SGTCRI_LS, SGTCRITYP_CT, SGTCRICTL_CT, SGTCRIPAR_LS, CRE_D, CREUSR_CF, LSTUPD_D, LSTUPDUSR_CF, timestamp) values ('INSURED_GROUP_ULTIMATE', 12,'ULT_NF', 'Insured - Ultimate group', '1', '1', null, getDate(), 'UBEU', getDate(), 'UBEU', null)
insert into TSEGCRITERIA (SGTCRI_CF, SGTCRISUBCAT_NT, SGTUWCOL_CF, SGTCRI_LS, SGTCRITYP_CT, SGTCRICTL_CT, SGTCRIPAR_LS, CRE_D, CREUSR_CF, LSTUPD_D, LSTUPDUSR_CF, timestamp) values ('USGAAP_PROJECTIONTERM', 15,'USGAAP_CT', 'USGAAP / Term of Projection (SGL)', '1', '2', 'USGAAP_CT', getDate(), 'UBEU', getDate(), 'UBEU', null)
insert into TSEGCRITERIA (SGTCRI_CF, SGTCRISUBCAT_NT, SGTUWCOL_CF, SGTCRI_LS, SGTCRITYP_CT, SGTCRICTL_CT, SGTCRIPAR_LS, CRE_D, CREUSR_CF, LSTUPD_D, LSTUPDUSR_CF, timestamp) values ('USER_CRITERIA', 3,'USRCRTCOD_CT', 'User criteria', '1', '3', 'USRCRTCOD_CT', getDate(), 'UBEU', getDate(), 'UBEU', null)
insert into TSEGCRITERIA (SGTCRI_CF, SGTCRISUBCAT_NT, SGTUWCOL_CF, SGTCRI_LS, SGTCRITYP_CT, SGTCRICTL_CT, SGTCRIPAR_LS, CRE_D, CREUSR_CF, LSTUPD_D, LSTUPDUSR_CF, timestamp) values ('USER_CRITERIA_VALUE', 3,'USRCRTVAL_LM', 'User criteria value', '2', '1', null, getDate(), 'UBEU', getDate(), 'UBEU', null)
insert into TSEGCRITERIA (SGTCRI_CF, SGTCRISUBCAT_NT, SGTUWCOL_CF, SGTCRI_LS, SGTCRITYP_CT, SGTCRICTL_CT, SGTCRIPAR_LS, CRE_D, CREUSR_CF, LSTUPD_D, LSTUPDUSR_CF, timestamp) values ('UW_UNIT', 4,'UWGRP_CF', 'Underwriting Unit', '1', '5', 'TGRP2', getDate(), 'UBEU', getDate(), 'UBEU', null)
insert into TSEGCRITERIA (SGTCRI_CF, SGTCRISUBCAT_NT, SGTUWCOL_CF, SGTCRI_LS, SGTCRITYP_CT, SGTCRICTL_CT, SGTCRIPAR_LS, CRE_D, CREUSR_CF, LSTUPD_D, LSTUPDUSR_CF, timestamp) values ('UW_PFT_ORIGIN', 4,'UWORG_CF', 'Portfolio origin', '1', '3', 'UWORG_CF', getDate(), 'UBEU', getDate(), 'UBEU', null)
insert into TSEGCRITERIA (SGTCRI_CF, SGTCRISUBCAT_NT, SGTUWCOL_CF, SGTCRI_LS, SGTCRITYP_CT, SGTCRICTL_CT, SGTCRIPAR_LS, CRE_D, CREUSR_CF, LSTUPD_D, LSTUPDUSR_CF, timestamp) values ('WORKING_CAT', 4,'WRKCAT_CT', 'Working / CAT ?', '1', '2', 'WRKCAT_CT', getDate(), 'UBEU', getDate(), 'UBEU', null)
insert into TSEGCRITERIA (SGTCRI_CF, SGTCRISUBCAT_NT, SGTUWCOL_CF, SGTCRI_LS, SGTCRITYP_CT, SGTCRICTL_CT, SGTCRIPAR_LS, CRE_D, CREUSR_CF, LSTUPD_D, LSTUPDUSR_CF, timestamp) values ('CLI_STATE', 1,'CLIADDSTA_CF', 'Client - State', '2', '1', null, getDate(), 'UBEU', getDate(), 'UBEU', null)
insert into TSEGCRITERIA (SGTCRI_CF, SGTCRISUBCAT_NT, SGTUWCOL_CF, SGTCRI_LS, SGTCRITYP_CT, SGTCRICTL_CT, SGTCRIPAR_LS, CRE_D, CREUSR_CF, LSTUPD_D, LSTUPDUSR_CF, timestamp) values ('FAC_SOB_PRINCIPAL', 10,'PCPSOB_CF', 'Main SOB', '2', '5', 'TSOBL', getDate(), 'UBEU', getDate(), 'UBEU', null)

-- Retro Criteria
insert into TSEGCRITERIA (SGTCRI_CF, SGTCRISUBCAT_NT, SGTUWCOL_CF, SGTCRI_LS, SGTCRITYP_CT, SGTCRICTL_CT, SGTCRIPAR_LS, CRE_D, CREUSR_CF, LSTUPD_D, LSTUPDUSR_CF, timestamp) values ('RETROCESSIONAIRE', 17,'RTO_NF', 'Retrocessionaire number', '1', '1', null, getDate(), 'UBEU', getDate(), 'UBEU', null)
insert into TSEGCRITERIA (SGTCRI_CF, SGTCRISUBCAT_NT, SGTUWCOL_CF, SGTCRI_LS, SGTCRITYP_CT, SGTCRICTL_CT, SGTCRIPAR_LS, CRE_D, CREUSR_CF, LSTUPD_D, LSTUPDUSR_CF, timestamp) values ('PLACEMENT', 17,'PLC_NT', 'Placement number ', '1', '1', null, getDate(), 'UBEU', getDate(), 'UBEU', null)
insert into TSEGCRITERIA (SGTCRI_CF, SGTCRISUBCAT_NT, SGTUWCOL_CF, SGTCRI_LS, SGTCRITYP_CT, SGTCRICTL_CT, SGTCRIPAR_LS, CRE_D, CREUSR_CF, LSTUPD_D, LSTUPDUSR_CF, timestamp) values ('PLC_VERSION', 17,'PLCVER_NT', 'Placement Version', '1', '1', null, getDate(), 'UBEU', getDate(), 'UBEU', null)
insert into TSEGCRITERIA (SGTCRI_CF, SGTCRISUBCAT_NT, SGTUWCOL_CF, SGTCRI_LS, SGTCRITYP_CT, SGTCRICTL_CT, SGTCRIPAR_LS, CRE_D, CREUSR_CF, LSTUPD_D, LSTUPDUSR_CF, timestamp) values ('RETRO_CATEGORY', 5,'CTRCAT_CF', 'Retro category', '2', '3', 'RETCTRCAT_CF', getDate(), 'UBEU', getDate(), 'UBEU', null)
insert into TSEGCRITERIA (SGTCRI_CF, SGTCRISUBCAT_NT, SGTUWCOL_CF, SGTCRI_LS, SGTCRITYP_CT, SGTCRICTL_CT, SGTCRIPAR_LS, CRE_D, CREUSR_CF, LSTUPD_D, LSTUPDUSR_CF, timestamp) values ('RETRO_CLEAN_CUT_DELAY', 5,'CLECUTPER_B', 'Retro clean cut delay? (Y/N) (P)', '3', '1', null, getDate(), 'UBEU', getDate(), 'UBEU', null)
insert into TSEGCRITERIA (SGTCRI_CF, SGTCRISUBCAT_NT, SGTUWCOL_CF, SGTCRI_LS, SGTCRITYP_CT, SGTCRICTL_CT, SGTCRIPAR_LS, CRE_D, CREUSR_CF, LSTUPD_D, LSTUPDUSR_CF, timestamp) values ('RETRO_FUNDSHELD_PRESENT', 5,'DEPCON_B', 'Retro fundsheld present? (Y/N)', '3', '1', null, getDate(), 'UBEU', getDate(), 'UBEU', null)
insert into TSEGCRITERIA (SGTCRI_CF, SGTCRISUBCAT_NT, SGTUWCOL_CF, SGTCRI_LS, SGTCRITYP_CT, SGTCRICTL_CT, SGTCRIPAR_LS, CRE_D, CREUSR_CF, LSTUPD_D, LSTUPDUSR_CF, timestamp) values ('RETRO_CONVERSION_TYPE', 5,'EXCTYP_CF', 'Retro conversion type (P)', '1', '3', 'EXCTYP_CF', getDate(), 'UBEU', getDate(), 'UBEU', null)
insert into TSEGCRITERIA (SGTCRI_CF, SGTCRISUBCAT_NT, SGTUWCOL_CF, SGTCRI_LS, SGTCRITYP_CT, SGTCRICTL_CT, SGTCRIPAR_LS, CRE_D, CREUSR_CF, LSTUPD_D, LSTUPDUSR_CF, timestamp) values ('RETRO_MAIN_BROKER', 5,'FLABRK_NF', 'Retro main broker (NP)', '1', '1', null, getDate(), 'UBEU', getDate(), 'UBEU', null)
insert into TSEGCRITERIA (SGTCRI_CF, SGTCRISUBCAT_NT, SGTUWCOL_CF, SGTCRI_LS, SGTCRITYP_CT, SGTCRICTL_CT, SGTCRIPAR_LS, CRE_D, CREUSR_CF, LSTUPD_D, LSTUPDUSR_CF, timestamp) values ('PLC_BROKER', 17,'INT_NF', 'Placement broker / intermediary', '1', '1', null, getDate(), 'UBEU', getDate(), 'UBEU', null)
insert into TSEGCRITERIA (SGTCRI_CF, SGTCRISUBCAT_NT, SGTUWCOL_CF, SGTCRI_LS, SGTCRITYP_CT, SGTCRICTL_CT, SGTCRIPAR_LS, CRE_D, CREUSR_CF, LSTUPD_D, LSTUPDUSR_CF, timestamp) values ('RETRO_LIAB_EVENT', 5,'LIAEVT_B', 'Liability per event ? (Y/N) (NP)', '3', '1', null, getDate(), 'UBEU', getDate(), 'UBEU', null)
insert into TSEGCRITERIA (SGTCRI_CF, SGTCRISUBCAT_NT, SGTUWCOL_CF, SGTCRI_LS, SGTCRITYP_CT, SGTCRICTL_CT, SGTCRIPAR_LS, CRE_D, CREUSR_CF, LSTUPD_D, LSTUPDUSR_CF, timestamp) values ('RETRO_LIAB_RISK', 5,'LIARSK_B', 'Liability per risk ? (Y/N) (NP)', '3', '1', null, getDate(), 'UBEU', getDate(), 'UBEU', null)
insert into TSEGCRITERIA (SGTCRI_CF, SGTCRISUBCAT_NT, SGTUWCOL_CF, SGTCRI_LS, SGTCRITYP_CT, SGTCRICTL_CT, SGTCRIPAR_LS, CRE_D, CREUSR_CF, LSTUPD_D, LSTUPDUSR_CF, timestamp) values ('PLC_STATUS', 17,'PLCSTS_CT', 'Placement Status', '1', '2', 'PLCSTS_CT', getDate(), 'UBEU', getDate(), 'UBEU', null)
insert into TSEGCRITERIA (SGTCRI_CF, SGTCRISUBCAT_NT, SGTUWCOL_CF, SGTCRI_LS, SGTCRITYP_CT, SGTCRICTL_CT, SGTCRIPAR_LS, CRE_D, CREUSR_CF, LSTUPD_D, LSTUPDUSR_CF, timestamp) values ('RETRO_PROGRAM', 5,'PRG_NF', 'Retro program number', '2', '1', null, getDate(), 'UBEU', getDate(), 'UBEU', null)
insert into TSEGCRITERIA (SGTCRI_CF, SGTCRISUBCAT_NT, SGTUWCOL_CF, SGTCRI_LS, SGTCRITYP_CT, SGTCRICTL_CT, SGTCRIPAR_LS, CRE_D, CREUSR_CF, LSTUPD_D, LSTUPDUSR_CF, timestamp) values ('RETRO_PROP_CONTRACT_COVERED', 5,'PROTRTPRO_B', 'Retro prop contract covered? (Y/N)', '3', '1', null, getDate(), 'UBEU', getDate(), 'UBEU', null)
insert into TSEGCRITERIA (SGTCRI_CF, SGTCRISUBCAT_NT, SGTUWCOL_CF, SGTCRI_LS, SGTCRITYP_CT, SGTCRICTL_CT, SGTCRIPAR_LS, CRE_D, CREUSR_CF, LSTUPD_D, LSTUPDUSR_CF, timestamp) values ('RETRO_CANCELLATION_MODE', 5,'RETCANMOD_CT', 'Retro cancellation mode ', '1', '1', null, getDate(), 'UBEU', getDate(), 'UBEU', null)
insert into TSEGCRITERIA (SGTCRI_CF, SGTCRISUBCAT_NT, SGTUWCOL_CF, SGTCRI_LS, SGTCRITYP_CT, SGTCRICTL_CT, SGTCRIPAR_LS, CRE_D, CREUSR_CF, LSTUPD_D, LSTUPDUSR_CF, timestamp) values ('RETRO_QUALIFIER_1', 20,'SECQUA_CF', 'Retro Qualifier 1', '1', '3', 'CTRQUA_CF', getDate(), 'UBEU', getDate(), 'UBEU', null)
insert into TSEGCRITERIA (SGTCRI_CF, SGTCRISUBCAT_NT, SGTUWCOL_CF, SGTCRI_LS, SGTCRITYP_CT, SGTCRICTL_CT, SGTCRIPAR_LS, CRE_D, CREUSR_CF, LSTUPD_D, LSTUPDUSR_CF, timestamp) values ('RETRO_QUALIFIER_2', 20,'SECQUA2_CF', 'Retro Qualifier 2', '1', '3', 'CTRQUA2_CF', getDate(), 'UBEU', getDate(), 'UBEU', null)
insert into TSEGCRITERIA (SGTCRI_CF, SGTCRISUBCAT_NT, SGTUWCOL_CF, SGTCRI_LS, SGTCRITYP_CT, SGTCRICTL_CT, SGTCRIPAR_LS, CRE_D, CREUSR_CF, LSTUPD_D, LSTUPDUSR_CF, timestamp) values ('RETRO_QUALIFIER_3', 20,'SECQUA3_CF', 'Retro Qualifier 3', '1', '3', 'CTRQUA3_CF', getDate(), 'UBEU', getDate(), 'UBEU', null)
insert into TSEGCRITERIA (SGTCRI_CF, SGTCRISUBCAT_NT, SGTUWCOL_CF, SGTCRI_LS, SGTCRITYP_CT, SGTCRICTL_CT, SGTCRIPAR_LS, CRE_D, CREUSR_CF, LSTUPD_D, LSTUPDUSR_CF, timestamp) values ('RETRO_QUALIFIER_4', 20,'SECQUA4_CF', 'Retro Qualifier 4', '1', '3', 'CTRQUA4_CF', getDate(), 'UBEU', getDate(), 'UBEU', null)
insert into TSEGCRITERIA (SGTCRI_CF, SGTCRISUBCAT_NT, SGTUWCOL_CF, SGTCRI_LS, SGTCRITYP_CT, SGTCRICTL_CT, SGTCRIPAR_LS, CRE_D, CREUSR_CF, LSTUPD_D, LSTUPDUSR_CF, timestamp) values ('RETRO_QUALIFIER_5', 20,'SECQUA5_CF', 'Retro Qualifier 5', '1', '3', 'CTRQUA5_CF', getDate(), 'UBEU', getDate(), 'UBEU', null)
insert into TSEGCRITERIA (SGTCRI_CF, SGTCRISUBCAT_NT, SGTUWCOL_CF, SGTCRI_LS, SGTCRITYP_CT, SGTCRICTL_CT, SGTCRIPAR_LS, CRE_D, CREUSR_CF, LSTUPD_D, LSTUPDUSR_CF, timestamp) values ('RETRO_SUPER_PROGRAM', 5,'SUPPRG_NF', 'Retro super program', '2', '1', null, getDate(), 'UBEU', getDate(), 'UBEU', null)
insert into TSEGCRITERIA (SGTCRI_CF, SGTCRISUBCAT_NT, SGTUWCOL_CF, SGTCRI_LS, SGTCRITYP_CT, SGTCRICTL_CT, SGTCRIPAR_LS, CRE_D, CREUSR_CF, LSTUPD_D, LSTUPDUSR_CF, timestamp) values ('PLC_UW_AGENCY', 17,'UDWAGE_NF', 'Placement UW agency', '1', '1', null, getDate(), 'UBEU', getDate(), 'UBEU', null)
go