use BEST
go 

delete from TSEGTYPE where SGTTYP_NT = 5
go
delete from TSEGMENTATION where SGT_NT = 105
go
delete from  TSEGMT where SGT_NT = 105
go
delete from  TSEGMENTLVL where SGT_NT = 105
go
delete from  TSEGMENTEXCEPT where SGT_NT = 105
go
delete from  TSEGMENTRULE2TYPE where SGT_NT = 105
go
delete from  TSEGMENTRULE2CRI where SGT_NT = 105
go
delete from  TSEGMENTRULE where SGT_NT = 105
go
delete from  TSEG2ESB where SGT_NT = 105
go
delete from  TSEG2CTRSTS where SGT_NT = 105
go
delete from  TSEG2CTRCAT where SGT_NT = 105
go
delete from  TSEG2SECSTS where SGT_NT = 105
go
delete from  TSEG2SECACCSTS where SGT_NT = 105
go


/*==============================================================*/
/* Table: Segmentation 105 - 1 */
/*==============================================================*/
INSERT INTO TSEGTYPE values (5,'GEO','1','1','1',1, getDate(),'DBEU',getDate(),'DBEU',null)
INSERT INTO TSEGMENTATION values (105,1,5,'GEO','GEO',null,null,'3','3',0,1,0,3,4020,'DBEU','1','0',1,1,1,1,'1',null,null,getDate(),null,getDate(),'DBEU',getDate(),'DBEU',null)

 --- insertion Hierarchy Levels 105
insert into TSEGMENTLVL (SGTLVL_CT, SGT_NT, SGTVER_NT, LVL_LS, LVL_LM, CRE_D, CREUSR_CF, LSTUPD_D, LSTUPDUSR_CF, timestamp) values (0, 105,1,'GEON1','GEON1',getDate(),'DBEU',getDate(),'DBEU',null)
insert into TSEGMENTLVL (SGTLVL_CT, SGT_NT, SGTVER_NT, LVL_LS, LVL_LM, CRE_D, CREUSR_CF, LSTUPD_D, LSTUPDUSR_CF, timestamp) values (1, 105,1,'GEON2','GEON2',getDate(),'DBEU',getDate(),'DBEU',null)
insert into TSEGMENTLVL (SGTLVL_CT, SGT_NT, SGTVER_NT, LVL_LS, LVL_LM, CRE_D, CREUSR_CF, LSTUPD_D, LSTUPDUSR_CF, timestamp) values (2, 105,1,'GEON3','GEON3',getDate(),'DBEU',getDate(),'DBEU',null)
insert into TSEGMENTLVL (SGTLVL_CT, SGT_NT, SGTVER_NT, LVL_LS, LVL_LM, CRE_D, CREUSR_CF, LSTUPD_D, LSTUPDUSR_CF, timestamp) values (3, 105,1,'Region','Region',getDate(),'DBEU',getDate(),'DBEU',null)

 --- insertion Segments 105
insert into TSEGMT (SGMT_NF, SGT_NT, SGTVER_NT, SGMT_LS, SGMT_LL, SGTLVL_NT, PARSGMT_CF, BALAIMGT_CT, CRE_D, CREUSR_CF, LSTUPD_D, LSTUPDUSR_CF, timestamp) values (1,105,1,'800','Indian S. Cont',0,101,null,getDate(),'DBEU',getDate(),'DBEU',null)
insert into TSEGMT (SGMT_NF, SGT_NT, SGTVER_NT, SGMT_LS, SGMT_LL, SGTLVL_NT, PARSGMT_CF, BALAIMGT_CT, CRE_D, CREUSR_CF, LSTUPD_D, LSTUPDUSR_CF, timestamp) values (2,105,1,'802','English Africa',0,102,null,getDate(),'DBEU',getDate(),'DBEU',null)
insert into TSEGMT (SGMT_NF, SGT_NT, SGTVER_NT, SGMT_LS, SGMT_LL, SGTLVL_NT, PARSGMT_CF, BALAIMGT_CT, CRE_D, CREUSR_CF, LSTUPD_D, LSTUPDUSR_CF, timestamp) values (3,105,1,'804','Caribbean',0,103,null,getDate(),'DBEU',getDate(),'DBEU',null)
insert into TSEGMT (SGMT_NF, SGT_NT, SGTVER_NT, SGMT_LS, SGMT_LL, SGTLVL_NT, PARSGMT_CF, BALAIMGT_CT, CRE_D, CREUSR_CF, LSTUPD_D, LSTUPDUSR_CF, timestamp) values (4,105,1,'805','North Eastern Eu',0,104,null,getDate(),'DBEU',getDate(),'DBEU',null)
insert into TSEGMT (SGMT_NF, SGT_NT, SGTVER_NT, SGMT_LS, SGMT_LL, SGTLVL_NT, PARSGMT_CF, BALAIMGT_CT, CRE_D, CREUSR_CF, LSTUPD_D, LSTUPDUSR_CF, timestamp) values (5,105,1,'806','South Eastern Eu',0,104,null,getDate(),'DBEU',getDate(),'DBEU',null)
insert into TSEGMT (SGMT_NF, SGT_NT, SGTVER_NT, SGMT_LS, SGMT_LL, SGTLVL_NT, PARSGMT_CF, BALAIMGT_CT, CRE_D, CREUSR_CF, LSTUPD_D, LSTUPDUSR_CF, timestamp) values (6,105,1,'808','Spain & Portugal',0,105,null,getDate(),'DBEU',getDate(),'DBEU',null)
insert into TSEGMT (SGMT_NF, SGT_NT, SGTVER_NT, SGMT_LS, SGMT_LL, SGTLVL_NT, PARSGMT_CF, BALAIMGT_CT, CRE_D, CREUSR_CF, LSTUPD_D, LSTUPDUSR_CF, timestamp) values (7,105,1,'809','Close East',0,102,null,getDate(),'DBEU',getDate(),'DBEU',null)
insert into TSEGMT (SGMT_NF, SGT_NT, SGTVER_NT, SGMT_LS, SGMT_LL, SGTLVL_NT, PARSGMT_CF, BALAIMGT_CT, CRE_D, CREUSR_CF, LSTUPD_D, LSTUPDUSR_CF, timestamp) values (8,105,1,'810','French Africa',0,102,null,getDate(),'DBEU',getDate(),'DBEU',null)
insert into TSEGMT (SGMT_NF, SGT_NT, SGTVER_NT, SGMT_LS, SGMT_LL, SGTLVL_NT, PARSGMT_CF, BALAIMGT_CT, CRE_D, CREUSR_CF, LSTUPD_D, LSTUPDUSR_CF, timestamp) values (9,105,1,'811','Middle East',0,102,null,getDate(),'DBEU',getDate(),'DBEU',null)
insert into TSEGMT (SGMT_NF, SGT_NT, SGTVER_NT, SGMT_LS, SGMT_LL, SGTLVL_NT, PARSGMT_CF, BALAIMGT_CT, CRE_D, CREUSR_CF, LSTUPD_D, LSTUPDUSR_CF, timestamp) values (10,105,1,'812','South America 2',0,103,null,getDate(),'DBEU',getDate(),'DBEU',null)
insert into TSEGMT (SGMT_NF, SGT_NT, SGTVER_NT, SGMT_LS, SGMT_LL, SGTLVL_NT, PARSGMT_CF, BALAIMGT_CT, CRE_D, CREUSR_CF, LSTUPD_D, LSTUPDUSR_CF, timestamp) values (11,105,1,'814','C.E.I',0,104,null,getDate(),'DBEU',getDate(),'DBEU',null)
insert into TSEGMT (SGMT_NF, SGT_NT, SGTVER_NT, SGMT_LS, SGMT_LL, SGTLVL_NT, PARSGMT_CF, BALAIMGT_CT, CRE_D, CREUSR_CF, LSTUPD_D, LSTUPDUSR_CF, timestamp) values (12,105,1,'815','Hong Kong',0,101,null,getDate(),'DBEU',getDate(),'DBEU',null)
insert into TSEGMT (SGMT_NF, SGT_NT, SGTVER_NT, SGMT_LS, SGMT_LL, SGTLVL_NT, PARSGMT_CF, BALAIMGT_CT, CRE_D, CREUSR_CF, LSTUPD_D, LSTUPDUSR_CF, timestamp) values (13,105,1,'816','Australia',0,101,null,getDate(),'DBEU',getDate(),'DBEU',null)
insert into TSEGMT (SGMT_NF, SGT_NT, SGTVER_NT, SGMT_LS, SGMT_LL, SGTLVL_NT, PARSGMT_CF, BALAIMGT_CT, CRE_D, CREUSR_CF, LSTUPD_D, LSTUPDUSR_CF, timestamp) values (14,105,1,'817','China',0,101,null,getDate(),'DBEU',getDate(),'DBEU',null)
insert into TSEGMT (SGMT_NF, SGT_NT, SGTVER_NT, SGMT_LS, SGMT_LL, SGTLVL_NT, PARSGMT_CF, BALAIMGT_CT, CRE_D, CREUSR_CF, LSTUPD_D, LSTUPDUSR_CF, timestamp) values (15,105,1,'818','Austria',0,106,null,getDate(),'DBEU',getDate(),'DBEU',null)
insert into TSEGMT (SGMT_NF, SGT_NT, SGTVER_NT, SGMT_LS, SGMT_LL, SGTLVL_NT, PARSGMT_CF, BALAIMGT_CT, CRE_D, CREUSR_CF, LSTUPD_D, LSTUPDUSR_CF, timestamp) values (16,105,1,'820','Belg Lux Netherl',0,106,null,getDate(),'DBEU',getDate(),'DBEU',null)
insert into TSEGMT (SGMT_NF, SGT_NT, SGTVER_NT, SGMT_LS, SGMT_LL, SGTLVL_NT, PARSGMT_CF, BALAIMGT_CT, CRE_D, CREUSR_CF, LSTUPD_D, LSTUPDUSR_CF, timestamp) values (17,105,1,'822','Canada',0,107,null,getDate(),'DBEU',getDate(),'DBEU',null)
insert into TSEGMT (SGMT_NF, SGT_NT, SGTVER_NT, SGMT_LS, SGMT_LL, SGTLVL_NT, PARSGMT_CF, BALAIMGT_CT, CRE_D, CREUSR_CF, LSTUPD_D, LSTUPDUSR_CF, timestamp) values (18,105,1,'824','Switzerland',0,106,null,getDate(),'DBEU',getDate(),'DBEU',null)
insert into TSEGMT (SGMT_NF, SGT_NT, SGTVER_NT, SGMT_LS, SGMT_LL, SGTLVL_NT, PARSGMT_CF, BALAIMGT_CT, CRE_D, CREUSR_CF, LSTUPD_D, LSTUPDUSR_CF, timestamp) values (19,105,1,'826','Deutschland',0,108,null,getDate(),'DBEU',getDate(),'DBEU',null)
insert into TSEGMT (SGMT_NF, SGT_NT, SGTVER_NT, SGMT_LS, SGMT_LL, SGTLVL_NT, PARSGMT_CF, BALAIMGT_CT, CRE_D, CREUSR_CF, LSTUPD_D, LSTUPDUSR_CF, timestamp) values (20,105,1,'828','Scandinavia',0,106,null,getDate(),'DBEU',getDate(),'DBEU',null)
insert into TSEGMT (SGMT_NF, SGT_NT, SGTVER_NT, SGMT_LS, SGMT_LL, SGTLVL_NT, PARSGMT_CF, BALAIMGT_CT, CRE_D, CREUSR_CF, LSTUPD_D, LSTUPDUSR_CF, timestamp) values (21,105,1,'830','France',0,109,null,getDate(),'DBEU',getDate(),'DBEU',null)
insert into TSEGMT (SGMT_NF, SGT_NT, SGTVER_NT, SGMT_LS, SGMT_LL, SGTLVL_NT, PARSGMT_CF, BALAIMGT_CT, CRE_D, CREUSR_CF, LSTUPD_D, LSTUPDUSR_CF, timestamp) values (22,105,1,'832','UK',0,110,null,getDate(),'DBEU',getDate(),'DBEU',null)
insert into TSEGMT (SGMT_NF, SGT_NT, SGTVER_NT, SGMT_LS, SGMT_LL, SGTLVL_NT, PARSGMT_CF, BALAIMGT_CT, CRE_D, CREUSR_CF, LSTUPD_D, LSTUPDUSR_CF, timestamp) values (23,105,1,'834','Greece Malta Cyp',0,104,null,getDate(),'DBEU',getDate(),'DBEU',null)
insert into TSEGMT (SGMT_NF, SGT_NT, SGTVER_NT, SGMT_LS, SGMT_LL, SGTLVL_NT, PARSGMT_CF, BALAIMGT_CT, CRE_D, CREUSR_CF, LSTUPD_D, LSTUPDUSR_CF, timestamp) values (24,105,1,'836','Italia',0,111,null,getDate(),'DBEU',getDate(),'DBEU',null)
insert into TSEGMT (SGMT_NF, SGT_NT, SGTVER_NT, SGMT_LS, SGMT_LL, SGTLVL_NT, PARSGMT_CF, BALAIMGT_CT, CRE_D, CREUSR_CF, LSTUPD_D, LSTUPDUSR_CF, timestamp) values (25,105,1,'837','USA',0,112,null,getDate(),'DBEU',getDate(),'DBEU',null)
insert into TSEGMT (SGMT_NF, SGT_NT, SGTVER_NT, SGMT_LS, SGMT_LL, SGTLVL_NT, PARSGMT_CF, BALAIMGT_CT, CRE_D, CREUSR_CF, LSTUPD_D, LSTUPDUSR_CF, timestamp) values (26,105,1,'838','Japan',0,113,null,getDate(),'DBEU',getDate(),'DBEU',null)
insert into TSEGMT (SGMT_NF, SGT_NT, SGTVER_NT, SGMT_LS, SGMT_LL, SGTLVL_NT, PARSGMT_CF, BALAIMGT_CT, CRE_D, CREUSR_CF, LSTUPD_D, LSTUPDUSR_CF, timestamp) values (27,105,1,'839','USA 1',0,112,null,getDate(),'DBEU',getDate(),'DBEU',null)
insert into TSEGMT (SGMT_NF, SGT_NT, SGTVER_NT, SGMT_LS, SGMT_LL, SGTLVL_NT, PARSGMT_CF, BALAIMGT_CT, CRE_D, CREUSR_CF, LSTUPD_D, LSTUPDUSR_CF, timestamp) values (28,105,1,'840','USA 2',0,112,null,getDate(),'DBEU',getDate(),'DBEU',null)
insert into TSEGMT (SGMT_NF, SGT_NT, SGTVER_NT, SGMT_LS, SGMT_LL, SGTLVL_NT, PARSGMT_CF, BALAIMGT_CT, CRE_D, CREUSR_CF, LSTUPD_D, LSTUPDUSR_CF, timestamp) values (29,105,1,'841','Mexico C America',0,103,null,getDate(),'DBEU',getDate(),'DBEU',null)
insert into TSEGMT (SGMT_NF, SGT_NT, SGTVER_NT, SGMT_LS, SGMT_LL, SGTLVL_NT, PARSGMT_CF, BALAIMGT_CT, CRE_D, CREUSR_CF, LSTUPD_D, LSTUPDUSR_CF, timestamp) values (30,105,1,'842','Rio - Sao Paulo',0,103,null,getDate(),'DBEU',getDate(),'DBEU',null)
insert into TSEGMT (SGMT_NF, SGT_NT, SGTVER_NT, SGMT_LS, SGMT_LL, SGTLVL_NT, PARSGMT_CF, BALAIMGT_CT, CRE_D, CREUSR_CF, LSTUPD_D, LSTUPDUSR_CF, timestamp) values (31,105,1,'843','South America 1',0,103,null,getDate(),'DBEU',getDate(),'DBEU',null)
insert into TSEGMT (SGMT_NF, SGT_NT, SGTVER_NT, SGMT_LS, SGMT_LL, SGTLVL_NT, PARSGMT_CF, BALAIMGT_CT, CRE_D, CREUSR_CF, LSTUPD_D, LSTUPDUSR_CF, timestamp) values (32,105,1,'844','Korea',0,101,null,getDate(),'DBEU',getDate(),'DBEU',null)
insert into TSEGMT (SGMT_NF, SGT_NT, SGTVER_NT, SGMT_LS, SGMT_LL, SGTLVL_NT, PARSGMT_CF, BALAIMGT_CT, CRE_D, CREUSR_CF, LSTUPD_D, LSTUPDUSR_CF, timestamp) values (33,105,1,'845','S.I.T.',0,101,null,getDate(),'DBEU',getDate(),'DBEU',null)
insert into TSEGMT (SGMT_NF, SGT_NT, SGTVER_NT, SGMT_LS, SGMT_LL, SGTLVL_NT, PARSGMT_CF, BALAIMGT_CT, CRE_D, CREUSR_CF, LSTUPD_D, LSTUPDUSR_CF, timestamp) values (34,105,1,'846','Malaysia',0,101,null,getDate(),'DBEU',getDate(),'DBEU',null)
insert into TSEGMT (SGMT_NF, SGT_NT, SGTVER_NT, SGMT_LS, SGMT_LL, SGTLVL_NT, PARSGMT_CF, BALAIMGT_CT, CRE_D, CREUSR_CF, LSTUPD_D, LSTUPDUSR_CF, timestamp) values (35,105,1,'9AS','Asia excl Japan',0,114,null,getDate(),'DBEU',getDate(),'DBEU',null)
insert into TSEGMT (SGMT_NF, SGT_NT, SGTVER_NT, SGMT_LS, SGMT_LL, SGTLVL_NT, PARSGMT_CF, BALAIMGT_CT, CRE_D, CREUSR_CF, LSTUPD_D, LSTUPDUSR_CF, timestamp) values (36,105,1,'9BX','Benelux',0,115,null,getDate(),'DBEU',getDate(),'DBEU',null)
insert into TSEGMT (SGMT_NF, SGT_NT, SGTVER_NT, SGMT_LS, SGMT_LL, SGTLVL_NT, PARSGMT_CF, BALAIMGT_CT, CRE_D, CREUSR_CF, LSTUPD_D, LSTUPDUSR_CF, timestamp) values (37,105,1,'9CB','Caribbean',0,116,null,getDate(),'DBEU',getDate(),'DBEU',null)
insert into TSEGMT (SGMT_NF, SGT_NT, SGTVER_NT, SGMT_LS, SGMT_LL, SGTLVL_NT, PARSGMT_CF, BALAIMGT_CT, CRE_D, CREUSR_CF, LSTUPD_D, LSTUPDUSR_CF, timestamp) values (38,105,1,'9CD','Canada',0,117,null,getDate(),'DBEU',getDate(),'DBEU',null)
insert into TSEGMT (SGMT_NF, SGT_NT, SGTVER_NT, SGMT_LS, SGMT_LL, SGTLVL_NT, PARSGMT_CF, BALAIMGT_CT, CRE_D, CREUSR_CF, LSTUPD_D, LSTUPDUSR_CF, timestamp) values (39,105,1,'9CN','Central Europe',0,118,null,getDate(),'DBEU',getDate(),'DBEU',null)
insert into TSEGMT (SGMT_NF, SGT_NT, SGTVER_NT, SGMT_LS, SGMT_LL, SGTLVL_NT, PARSGMT_CF, BALAIMGT_CT, CRE_D, CREUSR_CF, LSTUPD_D, LSTUPDUSR_CF, timestamp) values (40,105,1,'9DE','Germany',0,118,null,getDate(),'DBEU',getDate(),'DBEU',null)
insert into TSEGMT (SGMT_NF, SGT_NT, SGTVER_NT, SGMT_LS, SGMT_LL, SGTLVL_NT, PARSGMT_CF, BALAIMGT_CT, CRE_D, CREUSR_CF, LSTUPD_D, LSTUPDUSR_CF, timestamp) values (41,105,1,'9EE','Eastern Europe',0,118,null,getDate(),'DBEU',getDate(),'DBEU',null)
insert into TSEGMT (SGMT_NF, SGT_NT, SGTVER_NT, SGMT_LS, SGMT_LL, SGTLVL_NT, PARSGMT_CF, BALAIMGT_CT, CRE_D, CREUSR_CF, LSTUPD_D, LSTUPDUSR_CF, timestamp) values (42,105,1,'9FR','France',0,115,null,getDate(),'DBEU',getDate(),'DBEU',null)
insert into TSEGMT (SGMT_NF, SGT_NT, SGTVER_NT, SGMT_LS, SGMT_LL, SGTLVL_NT, PARSGMT_CF, BALAIMGT_CT, CRE_D, CREUSR_CF, LSTUPD_D, LSTUPDUSR_CF, timestamp) values (43,105,1,'9FS','French Speaking',0,115,null,getDate(),'DBEU',getDate(),'DBEU',null)
insert into TSEGMT (SGMT_NF, SGT_NT, SGTVER_NT, SGMT_LS, SGMT_LL, SGTLVL_NT, PARSGMT_CF, BALAIMGT_CT, CRE_D, CREUSR_CF, LSTUPD_D, LSTUPDUSR_CF, timestamp) values (44,105,1,'9IB','Iberia',0,115,null,getDate(),'DBEU',getDate(),'DBEU',null)
insert into TSEGMT (SGMT_NF, SGT_NT, SGTVER_NT, SGMT_LS, SGMT_LL, SGTLVL_NT, PARSGMT_CF, BALAIMGT_CT, CRE_D, CREUSR_CF, LSTUPD_D, LSTUPDUSR_CF, timestamp) values (45,105,1,'9IT','Italy',0,115,null,getDate(),'DBEU',getDate(),'DBEU',null)
insert into TSEGMT (SGMT_NF, SGT_NT, SGTVER_NT, SGMT_LS, SGMT_LL, SGTLVL_NT, PARSGMT_CF, BALAIMGT_CT, CRE_D, CREUSR_CF, LSTUPD_D, LSTUPDUSR_CF, timestamp) values (46,105,1,'9JN','Japan',0,114,null,getDate(),'DBEU',getDate(),'DBEU',null)
insert into TSEGMT (SGMT_NF, SGT_NT, SGTVER_NT, SGMT_LS, SGMT_LL, SGTLVL_NT, PARSGMT_CF, BALAIMGT_CT, CRE_D, CREUSR_CF, LSTUPD_D, LSTUPDUSR_CF, timestamp) values (47,105,1,'9MC','Mexico / Central',0,116,null,getDate(),'DBEU',getDate(),'DBEU',null)
insert into TSEGMT (SGMT_NF, SGT_NT, SGTVER_NT, SGMT_LS, SGMT_LL, SGTLVL_NT, PARSGMT_CF, BALAIMGT_CT, CRE_D, CREUSR_CF, LSTUPD_D, LSTUPDUSR_CF, timestamp) values (48,105,1,'9ME','Middle East',0,118,null,getDate(),'DBEU',getDate(),'DBEU',null)
insert into TSEGMT (SGMT_NF, SGT_NT, SGTVER_NT, SGMT_LS, SGMT_LL, SGTLVL_NT, PARSGMT_CF, BALAIMGT_CT, CRE_D, CREUSR_CF, LSTUPD_D, LSTUPDUSR_CF, timestamp) values (49,105,1,'9NF','Non French Speak',0,118,null,getDate(),'DBEU',getDate(),'DBEU',null)
insert into TSEGMT (SGMT_NF, SGT_NT, SGTVER_NT, SGMT_LS, SGMT_LL, SGTLVL_NT, PARSGMT_CF, BALAIMGT_CT, CRE_D, CREUSR_CF, LSTUPD_D, LSTUPDUSR_CF, timestamp) values (50,105,1,'9PA','Pacific',0,114,null,getDate(),'DBEU',getDate(),'DBEU',null)
insert into TSEGMT (SGMT_NF, SGT_NT, SGTVER_NT, SGMT_LS, SGMT_LL, SGTLVL_NT, PARSGMT_CF, BALAIMGT_CT, CRE_D, CREUSR_CF, LSTUPD_D, LSTUPDUSR_CF, timestamp) values (51,105,1,'9SC','Scandinavia',0,119,null,getDate(),'DBEU',getDate(),'DBEU',null)
insert into TSEGMT (SGMT_NF, SGT_NT, SGTVER_NT, SGMT_LS, SGMT_LL, SGTLVL_NT, PARSGMT_CF, BALAIMGT_CT, CRE_D, CREUSR_CF, LSTUPD_D, LSTUPDUSR_CF, timestamp) values (52,105,1,'9SO','South America',0,116,null,getDate(),'DBEU',getDate(),'DBEU',null)
insert into TSEGMT (SGMT_NF, SGT_NT, SGTVER_NT, SGMT_LS, SGMT_LL, SGTLVL_NT, PARSGMT_CF, BALAIMGT_CT, CRE_D, CREUSR_CF, LSTUPD_D, LSTUPDUSR_CF, timestamp) values (53,105,1,'9UK','UK / Ireland',0,120,null,getDate(),'DBEU',getDate(),'DBEU',null)
insert into TSEGMT (SGMT_NF, SGT_NT, SGTVER_NT, SGMT_LS, SGMT_LL, SGTLVL_NT, PARSGMT_CF, BALAIMGT_CT, CRE_D, CREUSR_CF, LSTUPD_D, LSTUPDUSR_CF, timestamp) values (54,105,1,'9UN','Unspecified',0,121,null,getDate(),'DBEU',getDate(),'DBEU',null)
insert into TSEGMT (SGMT_NF, SGT_NT, SGTVER_NT, SGMT_LS, SGMT_LL, SGTLVL_NT, PARSGMT_CF, BALAIMGT_CT, CRE_D, CREUSR_CF, LSTUPD_D, LSTUPDUSR_CF, timestamp) values (55,105,1,'9US','USA',0,117,null,getDate(),'DBEU',getDate(),'DBEU',null)
insert into TSEGMT (SGMT_NF, SGT_NT, SGTVER_NT, SGMT_LS, SGMT_LL, SGTLVL_NT, PARSGMT_CF, BALAIMGT_CT, CRE_D, CREUSR_CF, LSTUPD_D, LSTUPDUSR_CF, timestamp) values (101,105,1,'850','Asia excl Japan',1,201,null,getDate(),'DBEU',getDate(),'DBEU',null)
insert into TSEGMT (SGMT_NF, SGT_NT, SGTVER_NT, SGMT_LS, SGMT_LL, SGTLVL_NT, PARSGMT_CF, BALAIMGT_CT, CRE_D, CREUSR_CF, LSTUPD_D, LSTUPDUSR_CF, timestamp) values (102,105,1,'852','Afr+Mid East',1,202,null,getDate(),'DBEU',getDate(),'DBEU',null)
insert into TSEGMT (SGMT_NF, SGT_NT, SGTVER_NT, SGMT_LS, SGMT_LL, SGTLVL_NT, PARSGMT_CF, BALAIMGT_CT, CRE_D, CREUSR_CF, LSTUPD_D, LSTUPDUSR_CF, timestamp) values (103,105,1,'854','Mexico + Others',1,203,null,getDate(),'DBEU',getDate(),'DBEU',null)
insert into TSEGMT (SGMT_NF, SGT_NT, SGTVER_NT, SGMT_LS, SGMT_LL, SGTLVL_NT, PARSGMT_CF, BALAIMGT_CT, CRE_D, CREUSR_CF, LSTUPD_D, LSTUPDUSR_CF, timestamp) values (104,105,1,'856','Eastern Europe',1,204,null,getDate(),'DBEU',getDate(),'DBEU',null)
insert into TSEGMT (SGMT_NF, SGT_NT, SGTVER_NT, SGMT_LS, SGMT_LL, SGTLVL_NT, PARSGMT_CF, BALAIMGT_CT, CRE_D, CREUSR_CF, LSTUPD_D, LSTUPDUSR_CF, timestamp) values (105,105,1,'858','Spain & Portugal',1,204,null,getDate(),'DBEU',getDate(),'DBEU',null)
insert into TSEGMT (SGMT_NF, SGT_NT, SGTVER_NT, SGMT_LS, SGMT_LL, SGTLVL_NT, PARSGMT_CF, BALAIMGT_CT, CRE_D, CREUSR_CF, LSTUPD_D, LSTUPDUSR_CF, timestamp) values (106,105,1,'860','Northern Europe',1,204,null,getDate(),'DBEU',getDate(),'DBEU',null)
insert into TSEGMT (SGMT_NF, SGT_NT, SGTVER_NT, SGMT_LS, SGMT_LL, SGTLVL_NT, PARSGMT_CF, BALAIMGT_CT, CRE_D, CREUSR_CF, LSTUPD_D, LSTUPDUSR_CF, timestamp) values (107,105,1,'862','Canada',1,205,null,getDate(),'DBEU',getDate(),'DBEU',null)
insert into TSEGMT (SGMT_NF, SGT_NT, SGTVER_NT, SGMT_LS, SGMT_LL, SGTLVL_NT, PARSGMT_CF, BALAIMGT_CT, CRE_D, CREUSR_CF, LSTUPD_D, LSTUPDUSR_CF, timestamp) values (108,105,1,'864','Deutschland',1,204,null,getDate(),'DBEU',getDate(),'DBEU',null)
insert into TSEGMT (SGMT_NF, SGT_NT, SGTVER_NT, SGMT_LS, SGMT_LL, SGTLVL_NT, PARSGMT_CF, BALAIMGT_CT, CRE_D, CREUSR_CF, LSTUPD_D, LSTUPDUSR_CF, timestamp) values (109,105,1,'866','France',1,204,null,getDate(),'DBEU',getDate(),'DBEU',null)
insert into TSEGMT (SGMT_NF, SGT_NT, SGTVER_NT, SGMT_LS, SGMT_LL, SGTLVL_NT, PARSGMT_CF, BALAIMGT_CT, CRE_D, CREUSR_CF, LSTUPD_D, LSTUPDUSR_CF, timestamp) values (110,105,1,'868','UK',1,204,null,getDate(),'DBEU',getDate(),'DBEU',null)
insert into TSEGMT (SGMT_NF, SGT_NT, SGTVER_NT, SGMT_LS, SGMT_LL, SGTLVL_NT, PARSGMT_CF, BALAIMGT_CT, CRE_D, CREUSR_CF, LSTUPD_D, LSTUPDUSR_CF, timestamp) values (111,105,1,'870','Italia',1,204,null,getDate(),'DBEU',getDate(),'DBEU',null)
insert into TSEGMT (SGMT_NF, SGT_NT, SGTVER_NT, SGMT_LS, SGMT_LL, SGTLVL_NT, PARSGMT_CF, BALAIMGT_CT, CRE_D, CREUSR_CF, LSTUPD_D, LSTUPDUSR_CF, timestamp) values (112,105,1,'874','USA',1,206,null,getDate(),'DBEU',getDate(),'DBEU',null)
insert into TSEGMT (SGMT_NF, SGT_NT, SGTVER_NT, SGMT_LS, SGMT_LL, SGTLVL_NT, PARSGMT_CF, BALAIMGT_CT, CRE_D, CREUSR_CF, LSTUPD_D, LSTUPDUSR_CF, timestamp) values (113,105,1,'872','Japan',1,201,null,getDate(),'DBEU',getDate(),'DBEU',null)
insert into TSEGMT (SGMT_NF, SGT_NT, SGTVER_NT, SGMT_LS, SGMT_LL, SGTLVL_NT, PARSGMT_CF, BALAIMGT_CT, CRE_D, CREUSR_CF, LSTUPD_D, LSTUPDUSR_CF, timestamp) values (114,105,1,'9AP','Asia / Pacific',1,207,null,getDate(),'DBEU',getDate(),'DBEU',null)
insert into TSEGMT (SGMT_NF, SGT_NT, SGTVER_NT, SGMT_LS, SGMT_LL, SGTLVL_NT, PARSGMT_CF, BALAIMGT_CT, CRE_D, CREUSR_CF, LSTUPD_D, LSTUPDUSR_CF, timestamp) values (115,105,1,'9WE','WestSouth Europe',1,208,null,getDate(),'DBEU',getDate(),'DBEU',null)
insert into TSEGMT (SGMT_NF, SGT_NT, SGTVER_NT, SGMT_LS, SGMT_LL, SGTLVL_NT, PARSGMT_CF, BALAIMGT_CT, CRE_D, CREUSR_CF, LSTUPD_D, LSTUPDUSR_CF, timestamp) values (116,105,1,'9LA','Latin America',1,209,null,getDate(),'DBEU',getDate(),'DBEU',null)
insert into TSEGMT (SGMT_NF, SGT_NT, SGTVER_NT, SGMT_LS, SGMT_LL, SGTLVL_NT, PARSGMT_CF, BALAIMGT_CT, CRE_D, CREUSR_CF, LSTUPD_D, LSTUPDUSR_CF, timestamp) values (117,105,1,'9NA','North America',1,209,null,getDate(),'DBEU',getDate(),'DBEU',null)
insert into TSEGMT (SGMT_NF, SGT_NT, SGTVER_NT, SGMT_LS, SGMT_LL, SGTLVL_NT, PARSGMT_CF, BALAIMGT_CT, CRE_D, CREUSR_CF, LSTUPD_D, LSTUPDUSR_CF, timestamp) values (118,105,1,'9CE','CentralEast Euro',1,208,null,getDate(),'DBEU',getDate(),'DBEU',null)
insert into TSEGMT (SGMT_NF, SGT_NT, SGTVER_NT, SGMT_LS, SGMT_LL, SGTLVL_NT, PARSGMT_CF, BALAIMGT_CT, CRE_D, CREUSR_CF, LSTUPD_D, LSTUPDUSR_CF, timestamp) values (119,105,1,'9SC','Scandinavia',1,208,null,getDate(),'DBEU',getDate(),'DBEU',null)
insert into TSEGMT (SGMT_NF, SGT_NT, SGTVER_NT, SGMT_LS, SGMT_LL, SGTLVL_NT, PARSGMT_CF, BALAIMGT_CT, CRE_D, CREUSR_CF, LSTUPD_D, LSTUPDUSR_CF, timestamp) values (120,105,1,'9UK','UK Ireland',1,208,null,getDate(),'DBEU',getDate(),'DBEU',null)
insert into TSEGMT (SGMT_NF, SGT_NT, SGTVER_NT, SGMT_LS, SGMT_LL, SGTLVL_NT, PARSGMT_CF, BALAIMGT_CT, CRE_D, CREUSR_CF, LSTUPD_D, LSTUPDUSR_CF, timestamp) values (121,105,1,'9UN','Unspecified',1,210,null,getDate(),'DBEU',getDate(),'DBEU',null)
insert into TSEGMT (SGMT_NF, SGT_NT, SGTVER_NT, SGMT_LS, SGMT_LL, SGTLVL_NT, PARSGMT_CF, BALAIMGT_CT, CRE_D, CREUSR_CF, LSTUPD_D, LSTUPDUSR_CF, timestamp) values (201,105,1,'905','Asia',2,301,null,getDate(),'DBEU',getDate(),'DBEU',null)
insert into TSEGMT (SGMT_NF, SGT_NT, SGTVER_NT, SGMT_LS, SGMT_LL, SGTLVL_NT, PARSGMT_CF, BALAIMGT_CT, CRE_D, CREUSR_CF, LSTUPD_D, LSTUPDUSR_CF, timestamp) values (202,105,1,'900','Africa+Mid East',2,302,null,getDate(),'DBEU',getDate(),'DBEU',null)
insert into TSEGMT (SGMT_NF, SGT_NT, SGTVER_NT, SGMT_LS, SGMT_LL, SGTLVL_NT, PARSGMT_CF, BALAIMGT_CT, CRE_D, CREUSR_CF, LSTUPD_D, LSTUPDUSR_CF, timestamp) values (203,105,1,'902','Latin America',2,303,null,getDate(),'DBEU',getDate(),'DBEU',null)
insert into TSEGMT (SGMT_NF, SGT_NT, SGTVER_NT, SGMT_LS, SGMT_LL, SGTLVL_NT, PARSGMT_CF, BALAIMGT_CT, CRE_D, CREUSR_CF, LSTUPD_D, LSTUPDUSR_CF, timestamp) values (204,105,1,'904','Europe',2,302,null,getDate(),'DBEU',getDate(),'DBEU',null)
insert into TSEGMT (SGMT_NF, SGT_NT, SGTVER_NT, SGMT_LS, SGMT_LL, SGTLVL_NT, PARSGMT_CF, BALAIMGT_CT, CRE_D, CREUSR_CF, LSTUPD_D, LSTUPDUSR_CF, timestamp) values (205,105,1,'901','Canada',2,303,null,getDate(),'DBEU',getDate(),'DBEU',null)
insert into TSEGMT (SGMT_NF, SGT_NT, SGTVER_NT, SGMT_LS, SGMT_LL, SGTLVL_NT, PARSGMT_CF, BALAIMGT_CT, CRE_D, CREUSR_CF, LSTUPD_D, LSTUPDUSR_CF, timestamp) values (206,105,1,'903','USA',2,303,null,getDate(),'DBEU',getDate(),'DBEU',null)
insert into TSEGMT (SGMT_NF, SGT_NT, SGTVER_NT, SGMT_LS, SGMT_LL, SGTLVL_NT, PARSGMT_CF, BALAIMGT_CT, CRE_D, CREUSR_CF, LSTUPD_D, LSTUPDUSR_CF, timestamp) values (207,105,1,'9AA','Asia / Australia / Oceania',2,304,null,getDate(),'DBEU',getDate(),'DBEU',null)
insert into TSEGMT (SGMT_NF, SGT_NT, SGTVER_NT, SGMT_LS, SGMT_LL, SGTLVL_NT, PARSGMT_CF, BALAIMGT_CT, CRE_D, CREUSR_CF, LSTUPD_D, LSTUPDUSR_CF, timestamp) values (208,105,1,'9EU','Europe / Middle East / Africa',2,304,null,getDate(),'DBEU',getDate(),'DBEU',null)
insert into TSEGMT (SGMT_NF, SGT_NT, SGTVER_NT, SGMT_LS, SGMT_LL, SGTLVL_NT, PARSGMT_CF, BALAIMGT_CT, CRE_D, CREUSR_CF, LSTUPD_D, LSTUPDUSR_CF, timestamp) values (209,105,1,'9AM','Americas',2,304,null,getDate(),'DBEU',getDate(),'DBEU',null)
insert into TSEGMT (SGMT_NF, SGT_NT, SGTVER_NT, SGMT_LS, SGMT_LL, SGTLVL_NT, PARSGMT_CF, BALAIMGT_CT, CRE_D, CREUSR_CF, LSTUPD_D, LSTUPDUSR_CF, timestamp) values (210,105,1,'9UN','Unspecified',2,304,null,getDate(),'DBEU',getDate(),'DBEU',null)
insert into TSEGMT (SGMT_NF, SGT_NT, SGTVER_NT, SGMT_LS, SGMT_LL, SGTLVL_NT, PARSGMT_CF, BALAIMGT_CT, CRE_D, CREUSR_CF, LSTUPD_D, LSTUPDUSR_CF, timestamp) values (301,105,1,'400','Asia',3,null,null,getDate(),'DBEU',getDate(),'DBEU',null)
insert into TSEGMT (SGMT_NF, SGT_NT, SGTVER_NT, SGMT_LS, SGMT_LL, SGTLVL_NT, PARSGMT_CF, BALAIMGT_CT, CRE_D, CREUSR_CF, LSTUPD_D, LSTUPDUSR_CF, timestamp) values (302,105,1,'100','EMEA',3,null,null,getDate(),'DBEU',getDate(),'DBEU',null)
insert into TSEGMT (SGMT_NF, SGT_NT, SGTVER_NT, SGMT_LS, SGMT_LL, SGTLVL_NT, PARSGMT_CF, BALAIMGT_CT, CRE_D, CREUSR_CF, LSTUPD_D, LSTUPDUSR_CF, timestamp) values (303,105,1,'200','Americas',3,null,null,getDate(),'DBEU',getDate(),'DBEU',null)
insert into TSEGMT (SGMT_NF, SGT_NT, SGTVER_NT, SGMT_LS, SGMT_LL, SGTLVL_NT, PARSGMT_CF, BALAIMGT_CT, CRE_D, CREUSR_CF, LSTUPD_D, LSTUPDUSR_CF, timestamp) values (304,105,1,'0','UNSPECIFIED',3,null,null,getDate(),'DBEU',getDate(),'DBEU',null)

go

----------
insert into TSEGMENTRULE (SGTRUL_NT, SGMT_NF, SGT_NT, SGTVER_NT, RULE_LS, RULPRIO_CT, FUNCDEF_T, TECHDEF_T, CRE_D, CREUSR_CF, LSTUPD_D, LSTUPDUSR_CF, timestamp) values (1,1,105,1,'',121,'Geo_Grouping_3_SSD=''IND''','StringUtils.equals(c.getSegLabel20Lvl0(), "IND")',getDate(),'DBEU',getDate(),'DBEU',null)
insert into TSEGMENTRULE (SGTRUL_NT, SGMT_NF, SGT_NT, SGTVER_NT, RULE_LS, RULPRIO_CT, FUNCDEF_T, TECHDEF_T, CRE_D, CREUSR_CF, LSTUPD_D, LSTUPDUSR_CF, timestamp) values (2,1,105,1,'',168,'Geo_Grouping_3_SSD=''OSI''','StringUtils.equals(c.getSegLabel20Lvl0(), "OSI")',getDate(),'DBEU',getDate(),'DBEU',null)
insert into TSEGMENTRULE (SGTRUL_NT, SGMT_NF, SGT_NT, SGTVER_NT, RULE_LS, RULPRIO_CT, FUNCDEF_T, TECHDEF_T, CRE_D, CREUSR_CF, LSTUPD_D, LSTUPDUSR_CF, timestamp) values (3,1,105,1,'',169,'Geo_Grouping_3_SSD=''PAK''','StringUtils.equals(c.getSegLabel20Lvl0(), "PAK")',getDate(),'DBEU',getDate(),'DBEU',null)
insert into TSEGMENTRULE (SGTRUL_NT, SGMT_NF, SGT_NT, SGTVER_NT, RULE_LS, RULPRIO_CT, FUNCDEF_T, TECHDEF_T, CRE_D, CREUSR_CF, LSTUPD_D, LSTUPDUSR_CF, timestamp) values (1,2,105,1,'',46,'Geo_Grouping_3_SSD=''AGO''','StringUtils.equals(c.getSegLabel20Lvl0(), "AGO")',getDate(),'DBEU',getDate(),'DBEU',null)
insert into TSEGMENTRULE (SGTRUL_NT, SGMT_NF, SGT_NT, SGTVER_NT, RULE_LS, RULPRIO_CT, FUNCDEF_T, TECHDEF_T, CRE_D, CREUSR_CF, LSTUPD_D, LSTUPDUSR_CF, timestamp) values (2,2,105,1,'',67,'Geo_Grouping_3_SSD=''BWA''','StringUtils.equals(c.getSegLabel20Lvl0(), "BWA")',getDate(),'DBEU',getDate(),'DBEU',null)
insert into TSEGMENTRULE (SGTRUL_NT, SGMT_NF, SGT_NT, SGTVER_NT, RULE_LS, RULPRIO_CT, FUNCDEF_T, TECHDEF_T, CRE_D, CREUSR_CF, LSTUPD_D, LSTUPDUSR_CF, timestamp) values (3,2,105,1,'',96,'Geo_Grouping_3_SSD=''ERI''','StringUtils.equals(c.getSegLabel20Lvl0(), "ERI")',getDate(),'DBEU',getDate(),'DBEU',null)
insert into TSEGMENTRULE (SGTRUL_NT, SGMT_NF, SGT_NT, SGTVER_NT, RULE_LS, RULPRIO_CT, FUNCDEF_T, TECHDEF_T, CRE_D, CREUSR_CF, LSTUPD_D, LSTUPDUSR_CF, timestamp) values (4,2,105,1,'',99,'Geo_Grouping_3_SSD=''ETH''','StringUtils.equals(c.getSegLabel20Lvl0(), "ETH")',getDate(),'DBEU',getDate(),'DBEU',null)
insert into TSEGMENTRULE (SGTRUL_NT, SGMT_NF, SGT_NT, SGTVER_NT, RULE_LS, RULPRIO_CT, FUNCDEF_T, TECHDEF_T, CRE_D, CREUSR_CF, LSTUPD_D, LSTUPDUSR_CF, timestamp) values (5,2,105,1,'',106,'Geo_Grouping_3_SSD=''GHA''','StringUtils.equals(c.getSegLabel20Lvl0(), "GHA")',getDate(),'DBEU',getDate(),'DBEU',null)
insert into TSEGMENTRULE (SGTRUL_NT, SGMT_NF, SGT_NT, SGTVER_NT, RULE_LS, RULPRIO_CT, FUNCDEF_T, TECHDEF_T, CRE_D, CREUSR_CF, LSTUPD_D, LSTUPDUSR_CF, timestamp) values (6,2,105,1,'',109,'Geo_Grouping_3_SSD=''GMB''','StringUtils.equals(c.getSegLabel20Lvl0(), "GMB")',getDate(),'DBEU',getDate(),'DBEU',null)
insert into TSEGMENTRULE (SGTRUL_NT, SGMT_NF, SGT_NT, SGTVER_NT, RULE_LS, RULPRIO_CT, FUNCDEF_T, TECHDEF_T, CRE_D, CREUSR_CF, LSTUPD_D, LSTUPDUSR_CF, timestamp) values (7,2,105,1,'',110,'Geo_Grouping_3_SSD=''GNB''','StringUtils.equals(c.getSegLabel20Lvl0(), "GNB")',getDate(),'DBEU',getDate(),'DBEU',null)
insert into TSEGMENTRULE (SGTRUL_NT, SGMT_NF, SGT_NT, SGTVER_NT, RULE_LS, RULPRIO_CT, FUNCDEF_T, TECHDEF_T, CRE_D, CREUSR_CF, LSTUPD_D, LSTUPDUSR_CF, timestamp) values (8,2,105,1,'',122,'Geo_Grouping_3_SSD=''IOT''','StringUtils.equals(c.getSegLabel20Lvl0(), "IOT")',getDate(),'DBEU',getDate(),'DBEU',null)
insert into TSEGMENTRULE (SGTRUL_NT, SGMT_NF, SGT_NT, SGTVER_NT, RULE_LS, RULPRIO_CT, FUNCDEF_T, TECHDEF_T, CRE_D, CREUSR_CF, LSTUPD_D, LSTUPDUSR_CF, timestamp) values (9,2,105,1,'',133,'Geo_Grouping_3_SSD=''KEN''','StringUtils.equals(c.getSegLabel20Lvl0(), "KEN")',getDate(),'DBEU',getDate(),'DBEU',null)
insert into TSEGMENTRULE (SGTRUL_NT, SGMT_NF, SGT_NT, SGTVER_NT, RULE_LS, RULPRIO_CT, FUNCDEF_T, TECHDEF_T, CRE_D, CREUSR_CF, LSTUPD_D, LSTUPDUSR_CF, timestamp) values (10,2,105,1,'',138,'Geo_Grouping_3_SSD=''LBR''','StringUtils.equals(c.getSegLabel20Lvl0(), "LBR")',getDate(),'DBEU',getDate(),'DBEU',null)
insert into TSEGMENTRULE (SGTRUL_NT, SGMT_NF, SGT_NT, SGTVER_NT, RULE_LS, RULPRIO_CT, FUNCDEF_T, TECHDEF_T, CRE_D, CREUSR_CF, LSTUPD_D, LSTUPDUSR_CF, timestamp) values (11,2,105,1,'',141,'Geo_Grouping_3_SSD=''LSO''','StringUtils.equals(c.getSegLabel20Lvl0(), "LSO")',getDate(),'DBEU',getDate(),'DBEU',null)
insert into TSEGMENTRULE (SGTRUL_NT, SGMT_NF, SGT_NT, SGTVER_NT, RULE_LS, RULPRIO_CT, FUNCDEF_T, TECHDEF_T, CRE_D, CREUSR_CF, LSTUPD_D, LSTUPDUSR_CF, timestamp) values (12,2,105,1,'',156,'Geo_Grouping_3_SSD=''MOZ''','StringUtils.equals(c.getSegLabel20Lvl0(), "MOZ")',getDate(),'DBEU',getDate(),'DBEU',null)
insert into TSEGMENTRULE (SGTRUL_NT, SGMT_NF, SGT_NT, SGTVER_NT, RULE_LS, RULPRIO_CT, FUNCDEF_T, TECHDEF_T, CRE_D, CREUSR_CF, LSTUPD_D, LSTUPDUSR_CF, timestamp) values (13,2,105,1,'',158,'Geo_Grouping_3_SSD=''MUS''','StringUtils.equals(c.getSegLabel20Lvl0(), "MUS")',getDate(),'DBEU',getDate(),'DBEU',null)
insert into TSEGMENTRULE (SGTRUL_NT, SGMT_NF, SGT_NT, SGTVER_NT, RULE_LS, RULPRIO_CT, FUNCDEF_T, TECHDEF_T, CRE_D, CREUSR_CF, LSTUPD_D, LSTUPDUSR_CF, timestamp) values (14,2,105,1,'',159,'Geo_Grouping_3_SSD=''MWI''','StringUtils.equals(c.getSegLabel20Lvl0(), "MWI")',getDate(),'DBEU',getDate(),'DBEU',null)
insert into TSEGMENTRULE (SGTRUL_NT, SGMT_NF, SGT_NT, SGTVER_NT, RULE_LS, RULPRIO_CT, FUNCDEF_T, TECHDEF_T, CRE_D, CREUSR_CF, LSTUPD_D, LSTUPDUSR_CF, timestamp) values (15,2,105,1,'',160,'Geo_Grouping_3_SSD=''NAM''','StringUtils.equals(c.getSegLabel20Lvl0(), "NAM")',getDate(),'DBEU',getDate(),'DBEU',null)
insert into TSEGMENTRULE (SGTRUL_NT, SGMT_NF, SGT_NT, SGTVER_NT, RULE_LS, RULPRIO_CT, FUNCDEF_T, TECHDEF_T, CRE_D, CREUSR_CF, LSTUPD_D, LSTUPDUSR_CF, timestamp) values (16,2,105,1,'',162,'Geo_Grouping_3_SSD=''NGA''','StringUtils.equals(c.getSegLabel20Lvl0(), "NGA")',getDate(),'DBEU',getDate(),'DBEU',null)
insert into TSEGMENTRULE (SGTRUL_NT, SGMT_NF, SGT_NT, SGTVER_NT, RULE_LS, RULPRIO_CT, FUNCDEF_T, TECHDEF_T, CRE_D, CREUSR_CF, LSTUPD_D, LSTUPDUSR_CF, timestamp) values (17,2,105,1,'',182,'Geo_Grouping_3_SSD=''SDN''','StringUtils.equals(c.getSegLabel20Lvl0(), "SDN")',getDate(),'DBEU',getDate(),'DBEU',null)
insert into TSEGMENTRULE (SGTRUL_NT, SGMT_NF, SGT_NT, SGTVER_NT, RULE_LS, RULPRIO_CT, FUNCDEF_T, TECHDEF_T, CRE_D, CREUSR_CF, LSTUPD_D, LSTUPDUSR_CF, timestamp) values (18,2,105,1,'',185,'Geo_Grouping_3_SSD=''SLE''','StringUtils.equals(c.getSegLabel20Lvl0(), "SLE")',getDate(),'DBEU',getDate(),'DBEU',null)
insert into TSEGMENTRULE (SGTRUL_NT, SGMT_NF, SGT_NT, SGTVER_NT, RULE_LS, RULPRIO_CT, FUNCDEF_T, TECHDEF_T, CRE_D, CREUSR_CF, LSTUPD_D, LSTUPDUSR_CF, timestamp) values (19,2,105,1,'',191,'Geo_Grouping_3_SSD=''STP''','StringUtils.equals(c.getSegLabel20Lvl0(), "STP")',getDate(),'DBEU',getDate(),'DBEU',null)
insert into TSEGMENTRULE (SGTRUL_NT, SGMT_NF, SGT_NT, SGTVER_NT, RULE_LS, RULPRIO_CT, FUNCDEF_T, TECHDEF_T, CRE_D, CREUSR_CF, LSTUPD_D, LSTUPDUSR_CF, timestamp) values (20,2,105,1,'',195,'Geo_Grouping_3_SSD=''SWZ''','StringUtils.equals(c.getSegLabel20Lvl0(), "SWZ")',getDate(),'DBEU',getDate(),'DBEU',null)
insert into TSEGMENTRULE (SGTRUL_NT, SGMT_NF, SGT_NT, SGTVER_NT, RULE_LS, RULPRIO_CT, FUNCDEF_T, TECHDEF_T, CRE_D, CREUSR_CF, LSTUPD_D, LSTUPDUSR_CF, timestamp) values (21,2,105,1,'',196,'Geo_Grouping_3_SSD=''SYC''','StringUtils.equals(c.getSegLabel20Lvl0(), "SYC")',getDate(),'DBEU',getDate(),'DBEU',null)
insert into TSEGMENTRULE (SGTRUL_NT, SGMT_NF, SGT_NT, SGTVER_NT, RULE_LS, RULPRIO_CT, FUNCDEF_T, TECHDEF_T, CRE_D, CREUSR_CF, LSTUPD_D, LSTUPDUSR_CF, timestamp) values (22,2,105,1,'',206,'Geo_Grouping_3_SSD=''TZA''','StringUtils.equals(c.getSegLabel20Lvl0(), "TZA")',getDate(),'DBEU',getDate(),'DBEU',null)
insert into TSEGMENTRULE (SGTRUL_NT, SGMT_NF, SGT_NT, SGTVER_NT, RULE_LS, RULPRIO_CT, FUNCDEF_T, TECHDEF_T, CRE_D, CREUSR_CF, LSTUPD_D, LSTUPDUSR_CF, timestamp) values (23,2,105,1,'',207,'Geo_Grouping_3_SSD=''UGA''','StringUtils.equals(c.getSegLabel20Lvl0(), "UGA")',getDate(),'DBEU',getDate(),'DBEU',null)
insert into TSEGMENTRULE (SGTRUL_NT, SGMT_NF, SGT_NT, SGTVER_NT, RULE_LS, RULPRIO_CT, FUNCDEF_T, TECHDEF_T, CRE_D, CREUSR_CF, LSTUPD_D, LSTUPDUSR_CF, timestamp) values (24,2,105,1,'',245,'Geo_Grouping_3_SSD=''ZAF''','StringUtils.equals(c.getSegLabel20Lvl0(), "ZAF")',getDate(),'DBEU',getDate(),'DBEU',null)
insert into TSEGMENTRULE (SGTRUL_NT, SGMT_NF, SGT_NT, SGTVER_NT, RULE_LS, RULPRIO_CT, FUNCDEF_T, TECHDEF_T, CRE_D, CREUSR_CF, LSTUPD_D, LSTUPDUSR_CF, timestamp) values (25,2,105,1,'',247,'Geo_Grouping_3_SSD=''ZMB''','StringUtils.equals(c.getSegLabel20Lvl0(), "ZMB")',getDate(),'DBEU',getDate(),'DBEU',null)
insert into TSEGMENTRULE (SGTRUL_NT, SGMT_NF, SGT_NT, SGTVER_NT, RULE_LS, RULPRIO_CT, FUNCDEF_T, TECHDEF_T, CRE_D, CREUSR_CF, LSTUPD_D, LSTUPDUSR_CF, timestamp) values (26,2,105,1,'',248,'Geo_Grouping_3_SSD=''ZWE''','StringUtils.equals(c.getSegLabel20Lvl0(), "ZWE")',getDate(),'DBEU',getDate(),'DBEU',null)
insert into TSEGMENTRULE (SGTRUL_NT, SGMT_NF, SGT_NT, SGTVER_NT, RULE_LS, RULPRIO_CT, FUNCDEF_T, TECHDEF_T, CRE_D, CREUSR_CF, LSTUPD_D, LSTUPDUSR_CF, timestamp) values (27,2,105,1,'',251,'Geo_Grouping_3_SSD=''SSD''','StringUtils.equals(c.getSegLabel20Lvl0(), "SSD")',getDate(),'DBEU',getDate(),'DBEU',null)
insert into TSEGMENTRULE (SGTRUL_NT, SGMT_NF, SGT_NT, SGTVER_NT, RULE_LS, RULPRIO_CT, FUNCDEF_T, TECHDEF_T, CRE_D, CREUSR_CF, LSTUPD_D, LSTUPDUSR_CF, timestamp) values (1,3,105,1,'',64,'Geo_Grouping_3_SSD=''BMU''','StringUtils.equals(c.getSegLabel20Lvl0(), "BMU")',getDate(),'DBEU',getDate(),'DBEU',null)
insert into TSEGMENTRULE (SGTRUL_NT, SGMT_NF, SGT_NT, SGTVER_NT, RULE_LS, RULPRIO_CT, FUNCDEF_T, TECHDEF_T, CRE_D, CREUSR_CF, LSTUPD_D, LSTUPDUSR_CF, timestamp) values (2,3,105,1,'',68,'Geo_Grouping_3_SSD=''CA1''','StringUtils.equals(c.getSegLabel20Lvl0(), "CA1")',getDate(),'DBEU',getDate(),'DBEU',null)
insert into TSEGMENTRULE (SGTRUL_NT, SGMT_NF, SGT_NT, SGTVER_NT, RULE_LS, RULPRIO_CT, FUNCDEF_T, TECHDEF_T, CRE_D, CREUSR_CF, LSTUPD_D, LSTUPDUSR_CF, timestamp) values (3,3,105,1,'',69,'Geo_Grouping_3_SSD=''CA2''','StringUtils.equals(c.getSegLabel20Lvl0(), "CA2")',getDate(),'DBEU',getDate(),'DBEU',null)
insert into TSEGMENTRULE (SGTRUL_NT, SGMT_NF, SGT_NT, SGTVER_NT, RULE_LS, RULPRIO_CT, FUNCDEF_T, TECHDEF_T, CRE_D, CREUSR_CF, LSTUPD_D, LSTUPDUSR_CF, timestamp) values (4,3,105,1,'',70,'Geo_Grouping_3_SSD=''CA3''','StringUtils.equals(c.getSegLabel20Lvl0(), "CA3")',getDate(),'DBEU',getDate(),'DBEU',null)
insert into TSEGMENTRULE (SGTRUL_NT, SGMT_NF, SGT_NT, SGTVER_NT, RULE_LS, RULPRIO_CT, FUNCDEF_T, TECHDEF_T, CRE_D, CREUSR_CF, LSTUPD_D, LSTUPDUSR_CF, timestamp) values (5,3,105,1,'',71,'Geo_Grouping_3_SSD=''CA4''','StringUtils.equals(c.getSegLabel20Lvl0(), "CA4")',getDate(),'DBEU',getDate(),'DBEU',null)
insert into TSEGMENTRULE (SGTRUL_NT, SGMT_NF, SGT_NT, SGTVER_NT, RULE_LS, RULPRIO_CT, FUNCDEF_T, TECHDEF_T, CRE_D, CREUSR_CF, LSTUPD_D, LSTUPDUSR_CF, timestamp) values (6,3,105,1,'',72,'Geo_Grouping_3_SSD=''CA5''','StringUtils.equals(c.getSegLabel20Lvl0(), "CA5")',getDate(),'DBEU',getDate(),'DBEU',null)
insert into TSEGMENTRULE (SGTRUL_NT, SGMT_NF, SGT_NT, SGTVER_NT, RULE_LS, RULPRIO_CT, FUNCDEF_T, TECHDEF_T, CRE_D, CREUSR_CF, LSTUPD_D, LSTUPDUSR_CF, timestamp) values (7,3,105,1,'',73,'Geo_Grouping_3_SSD=''CA6''','StringUtils.equals(c.getSegLabel20Lvl0(), "CA6")',getDate(),'DBEU',getDate(),'DBEU',null)
insert into TSEGMENTRULE (SGTRUL_NT, SGMT_NF, SGT_NT, SGTVER_NT, RULE_LS, RULPRIO_CT, FUNCDEF_T, TECHDEF_T, CRE_D, CREUSR_CF, LSTUPD_D, LSTUPDUSR_CF, timestamp) values (8,3,105,1,'',74,'Geo_Grouping_3_SSD=''CA7''','StringUtils.equals(c.getSegLabel20Lvl0(), "CA7")',getDate(),'DBEU',getDate(),'DBEU',null)
insert into TSEGMENTRULE (SGTRUL_NT, SGMT_NF, SGT_NT, SGTVER_NT, RULE_LS, RULPRIO_CT, FUNCDEF_T, TECHDEF_T, CRE_D, CREUSR_CF, LSTUPD_D, LSTUPDUSR_CF, timestamp) values (9,3,105,1,'',87,'Geo_Grouping_3_SSD=''CUB''','StringUtils.equals(c.getSegLabel20Lvl0(), "CUB")',getDate(),'DBEU',getDate(),'DBEU',null)
insert into TSEGMENTRULE (SGTRUL_NT, SGMT_NF, SGT_NT, SGTVER_NT, RULE_LS, RULPRIO_CT, FUNCDEF_T, TECHDEF_T, CRE_D, CREUSR_CF, LSTUPD_D, LSTUPDUSR_CF, timestamp) values (10,3,105,1,'',116,'Geo_Grouping_3_SSD=''GYS''','StringUtils.equals(c.getSegLabel20Lvl0(), "GYS")',getDate(),'DBEU',getDate(),'DBEU',null)
insert into TSEGMENTRULE (SGTRUL_NT, SGMT_NF, SGT_NT, SGTVER_NT, RULE_LS, RULPRIO_CT, FUNCDEF_T, TECHDEF_T, CRE_D, CREUSR_CF, LSTUPD_D, LSTUPDUSR_CF, timestamp) values (1,4,105,1,'',89,'Geo_Grouping_3_SSD=''CZE''','StringUtils.equals(c.getSegLabel20Lvl0(), "CZE")',getDate(),'DBEU',getDate(),'DBEU',null)
insert into TSEGMENTRULE (SGTRUL_NT, SGMT_NF, SGT_NT, SGTVER_NT, RULE_LS, RULPRIO_CT, FUNCDEF_T, TECHDEF_T, CRE_D, CREUSR_CF, LSTUPD_D, LSTUPDUSR_CF, timestamp) values (2,4,105,1,'',98,'Geo_Grouping_3_SSD=''EST''','StringUtils.equals(c.getSegLabel20Lvl0(), "EST")',getDate(),'DBEU',getDate(),'DBEU',null)
insert into TSEGMENTRULE (SGTRUL_NT, SGMT_NF, SGT_NT, SGTVER_NT, RULE_LS, RULPRIO_CT, FUNCDEF_T, TECHDEF_T, CRE_D, CREUSR_CF, LSTUPD_D, LSTUPDUSR_CF, timestamp) values (3,4,105,1,'',119,'Geo_Grouping_3_SSD=''HUN''','StringUtils.equals(c.getSegLabel20Lvl0(), "HUN")',getDate(),'DBEU',getDate(),'DBEU',null)
insert into TSEGMENTRULE (SGTRUL_NT, SGMT_NF, SGT_NT, SGTVER_NT, RULE_LS, RULPRIO_CT, FUNCDEF_T, TECHDEF_T, CRE_D, CREUSR_CF, LSTUPD_D, LSTUPDUSR_CF, timestamp) values (4,4,105,1,'',142,'Geo_Grouping_3_SSD=''LTU''','StringUtils.equals(c.getSegLabel20Lvl0(), "LTU")',getDate(),'DBEU',getDate(),'DBEU',null)
insert into TSEGMENTRULE (SGTRUL_NT, SGMT_NF, SGT_NT, SGTVER_NT, RULE_LS, RULPRIO_CT, FUNCDEF_T, TECHDEF_T, CRE_D, CREUSR_CF, LSTUPD_D, LSTUPDUSR_CF, timestamp) values (5,4,105,1,'',144,'Geo_Grouping_3_SSD=''LVA''','StringUtils.equals(c.getSegLabel20Lvl0(), "LVA")',getDate(),'DBEU',getDate(),'DBEU',null)
go
insert into TSEGMENTRULE (SGTRUL_NT, SGMT_NF, SGT_NT, SGTVER_NT, RULE_LS, RULPRIO_CT, FUNCDEF_T, TECHDEF_T, CRE_D, CREUSR_CF, LSTUPD_D, LSTUPDUSR_CF, timestamp) values (6,4,105,1,'',174,'Geo_Grouping_3_SSD=''POL''','StringUtils.equals(c.getSegLabel20Lvl0(), "POL")',getDate(),'DBEU',getDate(),'DBEU',null)
insert into TSEGMENTRULE (SGTRUL_NT, SGMT_NF, SGT_NT, SGTVER_NT, RULE_LS, RULPRIO_CT, FUNCDEF_T, TECHDEF_T, CRE_D, CREUSR_CF, LSTUPD_D, LSTUPDUSR_CF, timestamp) values (7,4,105,1,'',192,'Geo_Grouping_3_SSD=''SVK''','StringUtils.equals(c.getSegLabel20Lvl0(), "SVK")',getDate(),'DBEU',getDate(),'DBEU',null)
insert into TSEGMENTRULE (SGTRUL_NT, SGMT_NF, SGT_NT, SGTVER_NT, RULE_LS, RULPRIO_CT, FUNCDEF_T, TECHDEF_T, CRE_D, CREUSR_CF, LSTUPD_D, LSTUPDUSR_CF, timestamp) values (1,5,105,1,'',47,'Geo_Grouping_3_SSD=''ALB''','StringUtils.equals(c.getSegLabel20Lvl0(), "ALB")',getDate(),'DBEU',getDate(),'DBEU',null)
insert into TSEGMENTRULE (SGTRUL_NT, SGMT_NF, SGT_NT, SGTVER_NT, RULE_LS, RULPRIO_CT, FUNCDEF_T, TECHDEF_T, CRE_D, CREUSR_CF, LSTUPD_D, LSTUPDUSR_CF, timestamp) values (2,5,105,1,'',59,'Geo_Grouping_3_SSD=''BGR''','StringUtils.equals(c.getSegLabel20Lvl0(), "BGR")',getDate(),'DBEU',getDate(),'DBEU',null)
insert into TSEGMENTRULE (SGTRUL_NT, SGMT_NF, SGT_NT, SGTVER_NT, RULE_LS, RULPRIO_CT, FUNCDEF_T, TECHDEF_T, CRE_D, CREUSR_CF, LSTUPD_D, LSTUPDUSR_CF, timestamp) values (3,5,105,1,'',62,'Geo_Grouping_3_SSD=''BIH''','StringUtils.equals(c.getSegLabel20Lvl0(), "BIH")',getDate(),'DBEU',getDate(),'DBEU',null)
insert into TSEGMENTRULE (SGTRUL_NT, SGMT_NF, SGT_NT, SGTVER_NT, RULE_LS, RULPRIO_CT, FUNCDEF_T, TECHDEF_T, CRE_D, CREUSR_CF, LSTUPD_D, LSTUPDUSR_CF, timestamp) values (4,5,105,1,'',118,'Geo_Grouping_3_SSD=''HRV''','StringUtils.equals(c.getSegLabel20Lvl0(), "HRV")',getDate(),'DBEU',getDate(),'DBEU',null)
insert into TSEGMENTRULE (SGTRUL_NT, SGMT_NF, SGT_NT, SGTVER_NT, RULE_LS, RULPRIO_CT, FUNCDEF_T, TECHDEF_T, CRE_D, CREUSR_CF, LSTUPD_D, LSTUPDUSR_CF, timestamp) values (5,5,105,1,'',151,'Geo_Grouping_3_SSD=''MKD''','StringUtils.equals(c.getSegLabel20Lvl0(), "MKD")',getDate(),'DBEU',getDate(),'DBEU',null)
insert into TSEGMENTRULE (SGTRUL_NT, SGMT_NF, SGT_NT, SGTVER_NT, RULE_LS, RULPRIO_CT, FUNCDEF_T, TECHDEF_T, CRE_D, CREUSR_CF, LSTUPD_D, LSTUPDUSR_CF, timestamp) values (6,5,105,1,'',154,'Geo_Grouping_3_SSD=''MNE''','StringUtils.equals(c.getSegLabel20Lvl0(), "MNE")',getDate(),'DBEU',getDate(),'DBEU',null)
insert into TSEGMENTRULE (SGTRUL_NT, SGMT_NF, SGT_NT, SGTVER_NT, RULE_LS, RULPRIO_CT, FUNCDEF_T, TECHDEF_T, CRE_D, CREUSR_CF, LSTUPD_D, LSTUPDUSR_CF, timestamp) values (7,5,105,1,'',177,'Geo_Grouping_3_SSD=''ROM''','StringUtils.equals(c.getSegLabel20Lvl0(), "ROM")',getDate(),'DBEU',getDate(),'DBEU',null)
insert into TSEGMENTRULE (SGTRUL_NT, SGMT_NF, SGT_NT, SGTVER_NT, RULE_LS, RULPRIO_CT, FUNCDEF_T, TECHDEF_T, CRE_D, CREUSR_CF, LSTUPD_D, LSTUPDUSR_CF, timestamp) values (8,5,105,1,'',181,'Geo_Grouping_3_SSD=''SCG''','StringUtils.equals(c.getSegLabel20Lvl0(), "SCG")',getDate(),'DBEU',getDate(),'DBEU',null)
insert into TSEGMENTRULE (SGTRUL_NT, SGMT_NF, SGT_NT, SGTVER_NT, RULE_LS, RULPRIO_CT, FUNCDEF_T, TECHDEF_T, CRE_D, CREUSR_CF, LSTUPD_D, LSTUPDUSR_CF, timestamp) values (9,5,105,1,'',190,'Geo_Grouping_3_SSD=''SRB''','StringUtils.equals(c.getSegLabel20Lvl0(), "SRB")',getDate(),'DBEU',getDate(),'DBEU',null)
insert into TSEGMENTRULE (SGTRUL_NT, SGMT_NF, SGT_NT, SGTVER_NT, RULE_LS, RULPRIO_CT, FUNCDEF_T, TECHDEF_T, CRE_D, CREUSR_CF, LSTUPD_D, LSTUPDUSR_CF, timestamp) values (10,5,105,1,'',193,'Geo_Grouping_3_SSD=''SVN''','StringUtils.equals(c.getSegLabel20Lvl0(), "SVN")',getDate(),'DBEU',getDate(),'DBEU',null)
insert into TSEGMENTRULE (SGTRUL_NT, SGMT_NF, SGT_NT, SGTVER_NT, RULE_LS, RULPRIO_CT, FUNCDEF_T, TECHDEF_T, CRE_D, CREUSR_CF, LSTUPD_D, LSTUPDUSR_CF, timestamp) values (11,5,105,1,'',244,'Geo_Grouping_3_SSD=''YUG''','StringUtils.equals(c.getSegLabel20Lvl0(), "YUG")',getDate(),'DBEU',getDate(),'DBEU',null)
insert into TSEGMENTRULE (SGTRUL_NT, SGMT_NF, SGT_NT, SGTVER_NT, RULE_LS, RULPRIO_CT, FUNCDEF_T, TECHDEF_T, CRE_D, CREUSR_CF, LSTUPD_D, LSTUPDUSR_CF, timestamp) values (1,6,105,1,'',48,'Geo_Grouping_3_SSD=''AND''','StringUtils.equals(c.getSegLabel20Lvl0(), "AND")',getDate(),'DBEU',getDate(),'DBEU',null)
insert into TSEGMENTRULE (SGTRUL_NT, SGMT_NF, SGT_NT, SGTVER_NT, RULE_LS, RULPRIO_CT, FUNCDEF_T, TECHDEF_T, CRE_D, CREUSR_CF, LSTUPD_D, LSTUPDUSR_CF, timestamp) values (2,6,105,1,'',97,'Geo_Grouping_3_SSD=''ESP''','StringUtils.equals(c.getSegLabel20Lvl0(), "ESP")',getDate(),'DBEU',getDate(),'DBEU',null)
insert into TSEGMENTRULE (SGTRUL_NT, SGMT_NF, SGT_NT, SGTVER_NT, RULE_LS, RULPRIO_CT, FUNCDEF_T, TECHDEF_T, CRE_D, CREUSR_CF, LSTUPD_D, LSTUPDUSR_CF, timestamp) values (3,6,105,1,'',175,'Geo_Grouping_3_SSD=''PRT''','StringUtils.equals(c.getSegLabel20Lvl0(), "PRT")',getDate(),'DBEU',getDate(),'DBEU',null)
insert into TSEGMENTRULE (SGTRUL_NT, SGMT_NF, SGT_NT, SGTVER_NT, RULE_LS, RULPRIO_CT, FUNCDEF_T, TECHDEF_T, CRE_D, CREUSR_CF, LSTUPD_D, LSTUPDUSR_CF, timestamp) values (1,7,105,1,'',125,'Geo_Grouping_3_SSD=''IRN''','StringUtils.equals(c.getSegLabel20Lvl0(), "IRN")',getDate(),'DBEU',getDate(),'DBEU',null)
insert into TSEGMENTRULE (SGTRUL_NT, SGMT_NF, SGT_NT, SGTVER_NT, RULE_LS, RULPRIO_CT, FUNCDEF_T, TECHDEF_T, CRE_D, CREUSR_CF, LSTUPD_D, LSTUPDUSR_CF, timestamp) values (2,7,105,1,'',126,'Geo_Grouping_3_SSD=''IRQ''','StringUtils.equals(c.getSegLabel20Lvl0(), "IRQ")',getDate(),'DBEU',getDate(),'DBEU',null)
insert into TSEGMENTRULE (SGTRUL_NT, SGMT_NF, SGT_NT, SGTVER_NT, RULE_LS, RULPRIO_CT, FUNCDEF_T, TECHDEF_T, CRE_D, CREUSR_CF, LSTUPD_D, LSTUPDUSR_CF, timestamp) values (3,7,105,1,'',128,'Geo_Grouping_3_SSD=''ISR''','StringUtils.equals(c.getSegLabel20Lvl0(), "ISR")',getDate(),'DBEU',getDate(),'DBEU',null)
insert into TSEGMENTRULE (SGTRUL_NT, SGMT_NF, SGT_NT, SGTVER_NT, RULE_LS, RULPRIO_CT, FUNCDEF_T, TECHDEF_T, CRE_D, CREUSR_CF, LSTUPD_D, LSTUPDUSR_CF, timestamp) values (4,7,105,1,'',130,'Geo_Grouping_3_SSD=''JOR''','StringUtils.equals(c.getSegLabel20Lvl0(), "JOR")',getDate(),'DBEU',getDate(),'DBEU',null)
insert into TSEGMENTRULE (SGTRUL_NT, SGMT_NF, SGT_NT, SGTVER_NT, RULE_LS, RULPRIO_CT, FUNCDEF_T, TECHDEF_T, CRE_D, CREUSR_CF, LSTUPD_D, LSTUPDUSR_CF, timestamp) values (5,7,105,1,'',137,'Geo_Grouping_3_SSD=''LBN''','StringUtils.equals(c.getSegLabel20Lvl0(), "LBN")',getDate(),'DBEU',getDate(),'DBEU',null)
insert into TSEGMENTRULE (SGTRUL_NT, SGMT_NF, SGT_NT, SGTVER_NT, RULE_LS, RULPRIO_CT, FUNCDEF_T, TECHDEF_T, CRE_D, CREUSR_CF, LSTUPD_D, LSTUPDUSR_CF, timestamp) values (6,7,105,1,'',170,'Geo_Grouping_3_SSD=''PAL''','StringUtils.equals(c.getSegLabel20Lvl0(), "PAL")',getDate(),'DBEU',getDate(),'DBEU',null)
insert into TSEGMENTRULE (SGTRUL_NT, SGMT_NF, SGT_NT, SGTVER_NT, RULE_LS, RULPRIO_CT, FUNCDEF_T, TECHDEF_T, CRE_D, CREUSR_CF, LSTUPD_D, LSTUPDUSR_CF, timestamp) values (7,7,105,1,'',180,'Geo_Grouping_3_SSD=''SAU''','StringUtils.equals(c.getSegLabel20Lvl0(), "SAU")',getDate(),'DBEU',getDate(),'DBEU',null)
insert into TSEGMENTRULE (SGTRUL_NT, SGMT_NF, SGT_NT, SGTVER_NT, RULE_LS, RULPRIO_CT, FUNCDEF_T, TECHDEF_T, CRE_D, CREUSR_CF, LSTUPD_D, LSTUPDUSR_CF, timestamp) values (8,7,105,1,'',197,'Geo_Grouping_3_SSD=''SYR''','StringUtils.equals(c.getSegLabel20Lvl0(), "SYR")',getDate(),'DBEU',getDate(),'DBEU',null)
insert into TSEGMENTRULE (SGTRUL_NT, SGMT_NF, SGT_NT, SGTVER_NT, RULE_LS, RULPRIO_CT, FUNCDEF_T, TECHDEF_T, CRE_D, CREUSR_CF, LSTUPD_D, LSTUPDUSR_CF, timestamp) values (9,7,105,1,'',204,'Geo_Grouping_3_SSD=''TUR''','StringUtils.equals(c.getSegLabel20Lvl0(), "TUR")',getDate(),'DBEU',getDate(),'DBEU',null)
insert into TSEGMENTRULE (SGTRUL_NT, SGMT_NF, SGT_NT, SGTVER_NT, RULE_LS, RULPRIO_CT, FUNCDEF_T, TECHDEF_T, CRE_D, CREUSR_CF, LSTUPD_D, LSTUPDUSR_CF, timestamp) values (1,8,105,1,'',55,'Geo_Grouping_3_SSD=''BDI''','StringUtils.equals(c.getSegLabel20Lvl0(), "BDI")',getDate(),'DBEU',getDate(),'DBEU',null)
insert into TSEGMENTRULE (SGTRUL_NT, SGMT_NF, SGT_NT, SGTVER_NT, RULE_LS, RULPRIO_CT, FUNCDEF_T, TECHDEF_T, CRE_D, CREUSR_CF, LSTUPD_D, LSTUPDUSR_CF, timestamp) values (2,8,105,1,'',57,'Geo_Grouping_3_SSD=''BEN''','StringUtils.equals(c.getSegLabel20Lvl0(), "BEN")',getDate(),'DBEU',getDate(),'DBEU',null)
insert into TSEGMENTRULE (SGTRUL_NT, SGMT_NF, SGT_NT, SGTVER_NT, RULE_LS, RULPRIO_CT, FUNCDEF_T, TECHDEF_T, CRE_D, CREUSR_CF, LSTUPD_D, LSTUPDUSR_CF, timestamp) values (3,8,105,1,'',58,'Geo_Grouping_3_SSD=''BFA''','StringUtils.equals(c.getSegLabel20Lvl0(), "BFA")',getDate(),'DBEU',getDate(),'DBEU',null)
insert into TSEGMENTRULE (SGTRUL_NT, SGMT_NF, SGT_NT, SGTVER_NT, RULE_LS, RULPRIO_CT, FUNCDEF_T, TECHDEF_T, CRE_D, CREUSR_CF, LSTUPD_D, LSTUPDUSR_CF, timestamp) values (4,8,105,1,'',75,'Geo_Grouping_3_SSD=''CAF''','StringUtils.equals(c.getSegLabel20Lvl0(), "CAF")',getDate(),'DBEU',getDate(),'DBEU',null)
insert into TSEGMENTRULE (SGTRUL_NT, SGMT_NF, SGT_NT, SGTVER_NT, RULE_LS, RULPRIO_CT, FUNCDEF_T, TECHDEF_T, CRE_D, CREUSR_CF, LSTUPD_D, LSTUPDUSR_CF, timestamp) values (5,8,105,1,'',80,'Geo_Grouping_3_SSD=''CIV''','StringUtils.equals(c.getSegLabel20Lvl0(), "CIV")',getDate(),'DBEU',getDate(),'DBEU',null)
insert into TSEGMENTRULE (SGTRUL_NT, SGMT_NF, SGT_NT, SGTVER_NT, RULE_LS, RULPRIO_CT, FUNCDEF_T, TECHDEF_T, CRE_D, CREUSR_CF, LSTUPD_D, LSTUPDUSR_CF, timestamp) values (6,8,105,1,'',81,'Geo_Grouping_3_SSD=''CMR''','StringUtils.equals(c.getSegLabel20Lvl0(), "CMR")',getDate(),'DBEU',getDate(),'DBEU',null)
insert into TSEGMENTRULE (SGTRUL_NT, SGMT_NF, SGT_NT, SGTVER_NT, RULE_LS, RULPRIO_CT, FUNCDEF_T, TECHDEF_T, CRE_D, CREUSR_CF, LSTUPD_D, LSTUPDUSR_CF, timestamp) values (7,8,105,1,'',82,'Geo_Grouping_3_SSD=''COG''','StringUtils.equals(c.getSegLabel20Lvl0(), "COG")',getDate(),'DBEU',getDate(),'DBEU',null)
insert into TSEGMENTRULE (SGTRUL_NT, SGMT_NF, SGT_NT, SGTVER_NT, RULE_LS, RULPRIO_CT, FUNCDEF_T, TECHDEF_T, CRE_D, CREUSR_CF, LSTUPD_D, LSTUPDUSR_CF, timestamp) values (8,8,105,1,'',84,'Geo_Grouping_3_SSD=''COM''','StringUtils.equals(c.getSegLabel20Lvl0(), "COM")',getDate(),'DBEU',getDate(),'DBEU',null)
insert into TSEGMENTRULE (SGTRUL_NT, SGMT_NF, SGT_NT, SGTVER_NT, RULE_LS, RULPRIO_CT, FUNCDEF_T, TECHDEF_T, CRE_D, CREUSR_CF, LSTUPD_D, LSTUPDUSR_CF, timestamp) values (9,8,105,1,'',85,'Geo_Grouping_3_SSD=''CPV''','StringUtils.equals(c.getSegLabel20Lvl0(), "CPV")',getDate(),'DBEU',getDate(),'DBEU',null)
insert into TSEGMENTRULE (SGTRUL_NT, SGMT_NF, SGT_NT, SGTVER_NT, RULE_LS, RULPRIO_CT, FUNCDEF_T, TECHDEF_T, CRE_D, CREUSR_CF, LSTUPD_D, LSTUPDUSR_CF, timestamp) values (10,8,105,1,'',91,'Geo_Grouping_3_SSD=''DJI''','StringUtils.equals(c.getSegLabel20Lvl0(), "DJI")',getDate(),'DBEU',getDate(),'DBEU',null)
insert into TSEGMENTRULE (SGTRUL_NT, SGMT_NF, SGT_NT, SGTVER_NT, RULE_LS, RULPRIO_CT, FUNCDEF_T, TECHDEF_T, CRE_D, CREUSR_CF, LSTUPD_D, LSTUPDUSR_CF, timestamp) values (11,8,105,1,'',93,'Geo_Grouping_3_SSD=''DZA''','StringUtils.equals(c.getSegLabel20Lvl0(), "DZA")',getDate(),'DBEU',getDate(),'DBEU',null)
insert into TSEGMENTRULE (SGTRUL_NT, SGMT_NF, SGT_NT, SGTVER_NT, RULE_LS, RULPRIO_CT, FUNCDEF_T, TECHDEF_T, CRE_D, CREUSR_CF, LSTUPD_D, LSTUPDUSR_CF, timestamp) values (12,8,105,1,'',103,'Geo_Grouping_3_SSD=''GAB''','StringUtils.equals(c.getSegLabel20Lvl0(), "GAB")',getDate(),'DBEU',getDate(),'DBEU',null)
insert into TSEGMENTRULE (SGTRUL_NT, SGMT_NF, SGT_NT, SGTVER_NT, RULE_LS, RULPRIO_CT, FUNCDEF_T, TECHDEF_T, CRE_D, CREUSR_CF, LSTUPD_D, LSTUPDUSR_CF, timestamp) values (13,8,105,1,'',108,'Geo_Grouping_3_SSD=''GIN''','StringUtils.equals(c.getSegLabel20Lvl0(), "GIN")',getDate(),'DBEU',getDate(),'DBEU',null)
insert into TSEGMENTRULE (SGTRUL_NT, SGMT_NF, SGT_NT, SGTVER_NT, RULE_LS, RULPRIO_CT, FUNCDEF_T, TECHDEF_T, CRE_D, CREUSR_CF, LSTUPD_D, LSTUPDUSR_CF, timestamp) values (14,8,105,1,'',111,'Geo_Grouping_3_SSD=''GNQ''','StringUtils.equals(c.getSegLabel20Lvl0(), "GNQ")',getDate(),'DBEU',getDate(),'DBEU',null)
go
insert into TSEGMENTRULE (SGTRUL_NT, SGMT_NF, SGT_NT, SGTVER_NT, RULE_LS, RULPRIO_CT, FUNCDEF_T, TECHDEF_T, CRE_D, CREUSR_CF, LSTUPD_D, LSTUPDUSR_CF, timestamp) values (15,8,105,1,'',146,'Geo_Grouping_3_SSD=''MAR''','StringUtils.equals(c.getSegLabel20Lvl0(), "MAR")',getDate(),'DBEU',getDate(),'DBEU',null)
insert into TSEGMENTRULE (SGTRUL_NT, SGMT_NF, SGT_NT, SGTVER_NT, RULE_LS, RULPRIO_CT, FUNCDEF_T, TECHDEF_T, CRE_D, CREUSR_CF, LSTUPD_D, LSTUPDUSR_CF, timestamp) values (16,8,105,1,'',149,'Geo_Grouping_3_SSD=''MDG''','StringUtils.equals(c.getSegLabel20Lvl0(), "MDG")',getDate(),'DBEU',getDate(),'DBEU',null)
insert into TSEGMENTRULE (SGTRUL_NT, SGMT_NF, SGT_NT, SGTVER_NT, RULE_LS, RULPRIO_CT, FUNCDEF_T, TECHDEF_T, CRE_D, CREUSR_CF, LSTUPD_D, LSTUPDUSR_CF, timestamp) values (17,8,105,1,'',152,'Geo_Grouping_3_SSD=''MLI''','StringUtils.equals(c.getSegLabel20Lvl0(), "MLI")',getDate(),'DBEU',getDate(),'DBEU',null)
insert into TSEGMENTRULE (SGTRUL_NT, SGMT_NF, SGT_NT, SGTVER_NT, RULE_LS, RULPRIO_CT, FUNCDEF_T, TECHDEF_T, CRE_D, CREUSR_CF, LSTUPD_D, LSTUPDUSR_CF, timestamp) values (18,8,105,1,'',157,'Geo_Grouping_3_SSD=''MRT''','StringUtils.equals(c.getSegLabel20Lvl0(), "MRT")',getDate(),'DBEU',getDate(),'DBEU',null)
insert into TSEGMENTRULE (SGTRUL_NT, SGMT_NF, SGT_NT, SGTVER_NT, RULE_LS, RULPRIO_CT, FUNCDEF_T, TECHDEF_T, CRE_D, CREUSR_CF, LSTUPD_D, LSTUPDUSR_CF, timestamp) values (19,8,105,1,'',161,'Geo_Grouping_3_SSD=''NER''','StringUtils.equals(c.getSegLabel20Lvl0(), "NER")',getDate(),'DBEU',getDate(),'DBEU',null)
insert into TSEGMENTRULE (SGTRUL_NT, SGMT_NF, SGT_NT, SGTVER_NT, RULE_LS, RULPRIO_CT, FUNCDEF_T, TECHDEF_T, CRE_D, CREUSR_CF, LSTUPD_D, LSTUPDUSR_CF, timestamp) values (20,8,105,1,'',179,'Geo_Grouping_3_SSD=''RWA''','StringUtils.equals(c.getSegLabel20Lvl0(), "RWA")',getDate(),'DBEU',getDate(),'DBEU',null)
insert into TSEGMENTRULE (SGTRUL_NT, SGMT_NF, SGT_NT, SGTVER_NT, RULE_LS, RULPRIO_CT, FUNCDEF_T, TECHDEF_T, CRE_D, CREUSR_CF, LSTUPD_D, LSTUPDUSR_CF, timestamp) values (21,8,105,1,'',183,'Geo_Grouping_3_SSD=''SEN''','StringUtils.equals(c.getSegLabel20Lvl0(), "SEN")',getDate(),'DBEU',getDate(),'DBEU',null)
insert into TSEGMENTRULE (SGTRUL_NT, SGMT_NF, SGT_NT, SGTVER_NT, RULE_LS, RULPRIO_CT, FUNCDEF_T, TECHDEF_T, CRE_D, CREUSR_CF, LSTUPD_D, LSTUPDUSR_CF, timestamp) values (22,8,105,1,'',189,'Geo_Grouping_3_SSD=''SOM''','StringUtils.equals(c.getSegLabel20Lvl0(), "SOM")',getDate(),'DBEU',getDate(),'DBEU',null)
insert into TSEGMENTRULE (SGTRUL_NT, SGMT_NF, SGT_NT, SGTVER_NT, RULE_LS, RULPRIO_CT, FUNCDEF_T, TECHDEF_T, CRE_D, CREUSR_CF, LSTUPD_D, LSTUPDUSR_CF, timestamp) values (23,8,105,1,'',198,'Geo_Grouping_3_SSD=''TCD''','StringUtils.equals(c.getSegLabel20Lvl0(), "TCD")',getDate(),'DBEU',getDate(),'DBEU',null)
insert into TSEGMENTRULE (SGTRUL_NT, SGMT_NF, SGT_NT, SGTVER_NT, RULE_LS, RULPRIO_CT, FUNCDEF_T, TECHDEF_T, CRE_D, CREUSR_CF, LSTUPD_D, LSTUPDUSR_CF, timestamp) values (24,8,105,1,'',199,'Geo_Grouping_3_SSD=''TGO''','StringUtils.equals(c.getSegLabel20Lvl0(), "TGO")',getDate(),'DBEU',getDate(),'DBEU',null)
insert into TSEGMENTRULE (SGTRUL_NT, SGMT_NF, SGT_NT, SGTVER_NT, RULE_LS, RULPRIO_CT, FUNCDEF_T, TECHDEF_T, CRE_D, CREUSR_CF, LSTUPD_D, LSTUPDUSR_CF, timestamp) values (25,8,105,1,'',203,'Geo_Grouping_3_SSD=''TUN''','StringUtils.equals(c.getSegLabel20Lvl0(), "TUN")',getDate(),'DBEU',getDate(),'DBEU',null)
insert into TSEGMENTRULE (SGTRUL_NT, SGMT_NF, SGT_NT, SGTVER_NT, RULE_LS, RULPRIO_CT, FUNCDEF_T, TECHDEF_T, CRE_D, CREUSR_CF, LSTUPD_D, LSTUPDUSR_CF, timestamp) values (26,8,105,1,'',246,'Geo_Grouping_3_SSD=''ZAR''','StringUtils.equals(c.getSegLabel20Lvl0(), "ZAR")',getDate(),'DBEU',getDate(),'DBEU',null)
insert into TSEGMENTRULE (SGTRUL_NT, SGMT_NF, SGT_NT, SGTVER_NT, RULE_LS, RULPRIO_CT, FUNCDEF_T, TECHDEF_T, CRE_D, CREUSR_CF, LSTUPD_D, LSTUPDUSR_CF, timestamp) values (1,9,105,1,'',50,'Geo_Grouping_3_SSD=''ARE''','StringUtils.equals(c.getSegLabel20Lvl0(), "ARE")',getDate(),'DBEU',getDate(),'DBEU',null)
insert into TSEGMENTRULE (SGTRUL_NT, SGMT_NF, SGT_NT, SGTVER_NT, RULE_LS, RULPRIO_CT, FUNCDEF_T, TECHDEF_T, CRE_D, CREUSR_CF, LSTUPD_D, LSTUPDUSR_CF, timestamp) values (2,9,105,1,'',61,'Geo_Grouping_3_SSD=''BHR''','StringUtils.equals(c.getSegLabel20Lvl0(), "BHR")',getDate(),'DBEU',getDate(),'DBEU',null)
insert into TSEGMENTRULE (SGTRUL_NT, SGMT_NF, SGT_NT, SGTVER_NT, RULE_LS, RULPRIO_CT, FUNCDEF_T, TECHDEF_T, CRE_D, CREUSR_CF, LSTUPD_D, LSTUPDUSR_CF, timestamp) values (3,9,105,1,'',95,'Geo_Grouping_3_SSD=''EGY''','StringUtils.equals(c.getSegLabel20Lvl0(), "EGY")',getDate(),'DBEU',getDate(),'DBEU',null)
insert into TSEGMENTRULE (SGTRUL_NT, SGMT_NF, SGT_NT, SGTVER_NT, RULE_LS, RULPRIO_CT, FUNCDEF_T, TECHDEF_T, CRE_D, CREUSR_CF, LSTUPD_D, LSTUPDUSR_CF, timestamp) values (4,9,105,1,'',136,'Geo_Grouping_3_SSD=''KWT''','StringUtils.equals(c.getSegLabel20Lvl0(), "KWT")',getDate(),'DBEU',getDate(),'DBEU',null)
insert into TSEGMENTRULE (SGTRUL_NT, SGMT_NF, SGT_NT, SGTVER_NT, RULE_LS, RULPRIO_CT, FUNCDEF_T, TECHDEF_T, CRE_D, CREUSR_CF, LSTUPD_D, LSTUPDUSR_CF, timestamp) values (5,9,105,1,'',139,'Geo_Grouping_3_SSD=''LBY''','StringUtils.equals(c.getSegLabel20Lvl0(), "LBY")',getDate(),'DBEU',getDate(),'DBEU',null)
insert into TSEGMENTRULE (SGTRUL_NT, SGMT_NF, SGT_NT, SGTVER_NT, RULE_LS, RULPRIO_CT, FUNCDEF_T, TECHDEF_T, CRE_D, CREUSR_CF, LSTUPD_D, LSTUPDUSR_CF, timestamp) values (6,9,105,1,'',167,'Geo_Grouping_3_SSD=''OMN''','StringUtils.equals(c.getSegLabel20Lvl0(), "OMN")',getDate(),'DBEU',getDate(),'DBEU',null)
insert into TSEGMENTRULE (SGTRUL_NT, SGMT_NF, SGT_NT, SGTVER_NT, RULE_LS, RULPRIO_CT, FUNCDEF_T, TECHDEF_T, CRE_D, CREUSR_CF, LSTUPD_D, LSTUPDUSR_CF, timestamp) values (7,9,105,1,'',176,'Geo_Grouping_3_SSD=''QAT''','StringUtils.equals(c.getSegLabel20Lvl0(), "QAT")',getDate(),'DBEU',getDate(),'DBEU',null)
insert into TSEGMENTRULE (SGTRUL_NT, SGMT_NF, SGT_NT, SGTVER_NT, RULE_LS, RULPRIO_CT, FUNCDEF_T, TECHDEF_T, CRE_D, CREUSR_CF, LSTUPD_D, LSTUPDUSR_CF, timestamp) values (8,9,105,1,'',243,'Geo_Grouping_3_SSD=''YEM''','StringUtils.equals(c.getSegLabel20Lvl0(), "YEM")',getDate(),'DBEU',getDate(),'DBEU',null)
insert into TSEGMENTRULE (SGTRUL_NT, SGMT_NF, SGT_NT, SGTVER_NT, RULE_LS, RULPRIO_CT, FUNCDEF_T, TECHDEF_T, CRE_D, CREUSR_CF, LSTUPD_D, LSTUPDUSR_CF, timestamp) values (1,10,105,1,'',49,'Geo_Grouping_3_SSD=''APU''','StringUtils.equals(c.getSegLabel20Lvl0(), "APU")',getDate(),'DBEU',getDate(),'DBEU',null)
insert into TSEGMENTRULE (SGTRUL_NT, SGMT_NF, SGT_NT, SGTVER_NT, RULE_LS, RULPRIO_CT, FUNCDEF_T, TECHDEF_T, CRE_D, CREUSR_CF, LSTUPD_D, LSTUPDUSR_CF, timestamp) values (1,11,105,1,'',51,'Geo_Grouping_3_SSD=''ARM''','StringUtils.equals(c.getSegLabel20Lvl0(), "ARM")',getDate(),'DBEU',getDate(),'DBEU',null)
insert into TSEGMENTRULE (SGTRUL_NT, SGMT_NF, SGT_NT, SGTVER_NT, RULE_LS, RULPRIO_CT, FUNCDEF_T, TECHDEF_T, CRE_D, CREUSR_CF, LSTUPD_D, LSTUPDUSR_CF, timestamp) values (2,11,105,1,'',54,'Geo_Grouping_3_SSD=''AZE''','StringUtils.equals(c.getSegLabel20Lvl0(), "AZE")',getDate(),'DBEU',getDate(),'DBEU',null)
insert into TSEGMENTRULE (SGTRUL_NT, SGMT_NF, SGT_NT, SGTVER_NT, RULE_LS, RULPRIO_CT, FUNCDEF_T, TECHDEF_T, CRE_D, CREUSR_CF, LSTUPD_D, LSTUPDUSR_CF, timestamp) values (3,11,105,1,'',63,'Geo_Grouping_3_SSD=''BLR''','StringUtils.equals(c.getSegLabel20Lvl0(), "BLR")',getDate(),'DBEU',getDate(),'DBEU',null)
insert into TSEGMENTRULE (SGTRUL_NT, SGMT_NF, SGT_NT, SGTVER_NT, RULE_LS, RULPRIO_CT, FUNCDEF_T, TECHDEF_T, CRE_D, CREUSR_CF, LSTUPD_D, LSTUPDUSR_CF, timestamp) values (4,11,105,1,'',105,'Geo_Grouping_3_SSD=''GEO''','StringUtils.equals(c.getSegLabel20Lvl0(), "GEO")',getDate(),'DBEU',getDate(),'DBEU',null)
insert into TSEGMENTRULE (SGTRUL_NT, SGMT_NF, SGT_NT, SGTVER_NT, RULE_LS, RULPRIO_CT, FUNCDEF_T, TECHDEF_T, CRE_D, CREUSR_CF, LSTUPD_D, LSTUPDUSR_CF, timestamp) values (5,11,105,1,'',132,'Geo_Grouping_3_SSD=''KAZ''','StringUtils.equals(c.getSegLabel20Lvl0(), "KAZ")',getDate(),'DBEU',getDate(),'DBEU',null)
insert into TSEGMENTRULE (SGTRUL_NT, SGMT_NF, SGT_NT, SGTVER_NT, RULE_LS, RULPRIO_CT, FUNCDEF_T, TECHDEF_T, CRE_D, CREUSR_CF, LSTUPD_D, LSTUPDUSR_CF, timestamp) values (6,11,105,1,'',134,'Geo_Grouping_3_SSD=''KGZ''','StringUtils.equals(c.getSegLabel20Lvl0(), "KGZ")',getDate(),'DBEU',getDate(),'DBEU',null)
insert into TSEGMENTRULE (SGTRUL_NT, SGMT_NF, SGT_NT, SGTVER_NT, RULE_LS, RULPRIO_CT, FUNCDEF_T, TECHDEF_T, CRE_D, CREUSR_CF, LSTUPD_D, LSTUPDUSR_CF, timestamp) values (7,11,105,1,'',148,'Geo_Grouping_3_SSD=''MDA''','StringUtils.equals(c.getSegLabel20Lvl0(), "MDA")',getDate(),'DBEU',getDate(),'DBEU',null)
insert into TSEGMENTRULE (SGTRUL_NT, SGMT_NF, SGT_NT, SGTVER_NT, RULE_LS, RULPRIO_CT, FUNCDEF_T, TECHDEF_T, CRE_D, CREUSR_CF, LSTUPD_D, LSTUPDUSR_CF, timestamp) values (8,11,105,1,'',155,'Geo_Grouping_3_SSD=''MNG''','StringUtils.equals(c.getSegLabel20Lvl0(), "MNG")',getDate(),'DBEU',getDate(),'DBEU',null)
insert into TSEGMENTRULE (SGTRUL_NT, SGMT_NF, SGT_NT, SGTVER_NT, RULE_LS, RULPRIO_CT, FUNCDEF_T, TECHDEF_T, CRE_D, CREUSR_CF, LSTUPD_D, LSTUPDUSR_CF, timestamp) values (9,11,105,1,'',178,'Geo_Grouping_3_SSD=''RUS''','StringUtils.equals(c.getSegLabel20Lvl0(), "RUS")',getDate(),'DBEU',getDate(),'DBEU',null)
insert into TSEGMENTRULE (SGTRUL_NT, SGMT_NF, SGT_NT, SGTVER_NT, RULE_LS, RULPRIO_CT, FUNCDEF_T, TECHDEF_T, CRE_D, CREUSR_CF, LSTUPD_D, LSTUPDUSR_CF, timestamp) values (10,11,105,1,'',184,'Geo_Grouping_3_SSD=''SGS''','StringUtils.equals(c.getSegLabel20Lvl0(), "SGS")',getDate(),'DBEU',getDate(),'DBEU',null)
insert into TSEGMENTRULE (SGTRUL_NT, SGMT_NF, SGT_NT, SGTVER_NT, RULE_LS, RULPRIO_CT, FUNCDEF_T, TECHDEF_T, CRE_D, CREUSR_CF, LSTUPD_D, LSTUPDUSR_CF, timestamp) values (11,11,105,1,'',201,'Geo_Grouping_3_SSD=''TJK''','StringUtils.equals(c.getSegLabel20Lvl0(), "TJK")',getDate(),'DBEU',getDate(),'DBEU',null)
insert into TSEGMENTRULE (SGTRUL_NT, SGMT_NF, SGT_NT, SGTVER_NT, RULE_LS, RULPRIO_CT, FUNCDEF_T, TECHDEF_T, CRE_D, CREUSR_CF, LSTUPD_D, LSTUPDUSR_CF, timestamp) values (12,11,105,1,'',202,'Geo_Grouping_3_SSD=''TKM''','StringUtils.equals(c.getSegLabel20Lvl0(), "TKM")',getDate(),'DBEU',getDate(),'DBEU',null)
insert into TSEGMENTRULE (SGTRUL_NT, SGMT_NF, SGT_NT, SGTVER_NT, RULE_LS, RULPRIO_CT, FUNCDEF_T, TECHDEF_T, CRE_D, CREUSR_CF, LSTUPD_D, LSTUPDUSR_CF, timestamp) values (13,11,105,1,'',208,'Geo_Grouping_3_SSD=''UKR''','StringUtils.equals(c.getSegLabel20Lvl0(), "UKR")',getDate(),'DBEU',getDate(),'DBEU',null)
insert into TSEGMENTRULE (SGTRUL_NT, SGMT_NF, SGT_NT, SGTVER_NT, RULE_LS, RULPRIO_CT, FUNCDEF_T, TECHDEF_T, CRE_D, CREUSR_CF, LSTUPD_D, LSTUPDUSR_CF, timestamp) values (14,11,105,1,'',239,'Geo_Grouping_3_SSD=''UZB''','StringUtils.equals(c.getSegLabel20Lvl0(), "UZB")',getDate(),'DBEU',getDate(),'DBEU',null)
insert into TSEGMENTRULE (SGTRUL_NT, SGMT_NF, SGT_NT, SGTVER_NT, RULE_LS, RULPRIO_CT, FUNCDEF_T, TECHDEF_T, CRE_D, CREUSR_CF, LSTUPD_D, LSTUPDUSR_CF, timestamp) values (1,12,105,1,'',117,'Geo_Grouping_3_SSD=''HKM''','StringUtils.equals(c.getSegLabel20Lvl0(), "HKM")',getDate(),'DBEU',getDate(),'DBEU',null)
insert into TSEGMENTRULE (SGTRUL_NT, SGMT_NF, SGT_NT, SGTVER_NT, RULE_LS, RULPRIO_CT, FUNCDEF_T, TECHDEF_T, CRE_D, CREUSR_CF, LSTUPD_D, LSTUPDUSR_CF, timestamp) values (2,12,105,1,'',173,'Geo_Grouping_3_SSD=''PHL''','StringUtils.equals(c.getSegLabel20Lvl0(), "PHL")',getDate(),'DBEU',getDate(),'DBEU',null)
insert into TSEGMENTRULE (SGTRUL_NT, SGMT_NF, SGT_NT, SGTVER_NT, RULE_LS, RULPRIO_CT, FUNCDEF_T, TECHDEF_T, CRE_D, CREUSR_CF, LSTUPD_D, LSTUPDUSR_CF, timestamp) values (3,12,105,1,'',205,'Geo_Grouping_3_SSD=''TWN''','StringUtils.equals(c.getSegLabel20Lvl0(), "TWN")',getDate(),'DBEU',getDate(),'DBEU',null)
go
insert into TSEGMENTRULE (SGTRUL_NT, SGMT_NF, SGT_NT, SGTVER_NT, RULE_LS, RULPRIO_CT, FUNCDEF_T, TECHDEF_T, CRE_D, CREUSR_CF, LSTUPD_D, LSTUPDUSR_CF, timestamp) values (4,12,105,1,'',242,'Geo_Grouping_3_SSD=''VNM''','StringUtils.equals(c.getSegLabel20Lvl0(), "VNM")',getDate(),'DBEU',getDate(),'DBEU',null)
insert into TSEGMENTRULE (SGTRUL_NT, SGMT_NF, SGT_NT, SGTVER_NT, RULE_LS, RULPRIO_CT, FUNCDEF_T, TECHDEF_T, CRE_D, CREUSR_CF, LSTUPD_D, LSTUPDUSR_CF, timestamp) values (1,13,105,1,'',52,'Geo_Grouping_3_SSD=''AUS''','StringUtils.equals(c.getSegLabel20Lvl0(), "AUS")',getDate(),'DBEU',getDate(),'DBEU',null)
insert into TSEGMENTRULE (SGTRUL_NT, SGMT_NF, SGT_NT, SGTVER_NT, RULE_LS, RULPRIO_CT, FUNCDEF_T, TECHDEF_T, CRE_D, CREUSR_CF, LSTUPD_D, LSTUPDUSR_CF, timestamp) values (2,13,105,1,'',165,'Geo_Grouping_3_SSD=''NZL''','StringUtils.equals(c.getSegLabel20Lvl0(), "NZL")',getDate(),'DBEU',getDate(),'DBEU',null)
insert into TSEGMENTRULE (SGTRUL_NT, SGMT_NF, SGT_NT, SGTVER_NT, RULE_LS, RULPRIO_CT, FUNCDEF_T, TECHDEF_T, CRE_D, CREUSR_CF, LSTUPD_D, LSTUPDUSR_CF, timestamp) values (3,13,105,1,'',166,'Geo_Grouping_3_SSD=''OCE''','StringUtils.equals(c.getSegLabel20Lvl0(), "OCE")',getDate(),'DBEU',getDate(),'DBEU',null)
insert into TSEGMENTRULE (SGTRUL_NT, SGMT_NF, SGT_NT, SGTVER_NT, RULE_LS, RULPRIO_CT, FUNCDEF_T, TECHDEF_T, CRE_D, CREUSR_CF, LSTUPD_D, LSTUPDUSR_CF, timestamp) values (1,14,105,1,'',79,'Geo_Grouping_3_SSD=''CHN''','StringUtils.equals(c.getSegLabel20Lvl0(), "CHN")',getDate(),'DBEU',getDate(),'DBEU',null)
insert into TSEGMENTRULE (SGTRUL_NT, SGMT_NF, SGT_NT, SGTVER_NT, RULE_LS, RULPRIO_CT, FUNCDEF_T, TECHDEF_T, CRE_D, CREUSR_CF, LSTUPD_D, LSTUPDUSR_CF, timestamp) values (1,15,105,1,'',53,'Geo_Grouping_3_SSD=''AUT''','StringUtils.equals(c.getSegLabel20Lvl0(), "AUT")',getDate(),'DBEU',getDate(),'DBEU',null)
insert into TSEGMENTRULE (SGTRUL_NT, SGMT_NF, SGT_NT, SGTVER_NT, RULE_LS, RULPRIO_CT, FUNCDEF_T, TECHDEF_T, CRE_D, CREUSR_CF, LSTUPD_D, LSTUPDUSR_CF, timestamp) values (1,16,105,1,'',56,'Geo_Grouping_3_SSD=''BEL''','StringUtils.equals(c.getSegLabel20Lvl0(), "BEL")',getDate(),'DBEU',getDate(),'DBEU',null)
insert into TSEGMENTRULE (SGTRUL_NT, SGMT_NF, SGT_NT, SGTVER_NT, RULE_LS, RULPRIO_CT, FUNCDEF_T, TECHDEF_T, CRE_D, CREUSR_CF, LSTUPD_D, LSTUPDUSR_CF, timestamp) values (2,16,105,1,'',143,'Geo_Grouping_3_SSD=''LUX''','StringUtils.equals(c.getSegLabel20Lvl0(), "LUX")',getDate(),'DBEU',getDate(),'DBEU',null)
insert into TSEGMENTRULE (SGTRUL_NT, SGMT_NF, SGT_NT, SGTVER_NT, RULE_LS, RULPRIO_CT, FUNCDEF_T, TECHDEF_T, CRE_D, CREUSR_CF, LSTUPD_D, LSTUPDUSR_CF, timestamp) values (3,16,105,1,'',163,'Geo_Grouping_3_SSD=''NLD''','StringUtils.equals(c.getSegLabel20Lvl0(), "NLD")',getDate(),'DBEU',getDate(),'DBEU',null)
insert into TSEGMENTRULE (SGTRUL_NT, SGMT_NF, SGT_NT, SGTVER_NT, RULE_LS, RULPRIO_CT, FUNCDEF_T, TECHDEF_T, CRE_D, CREUSR_CF, LSTUPD_D, LSTUPDUSR_CF, timestamp) values (1,17,105,1,'',76,'Geo_Grouping_3_SSD=''CAN''','StringUtils.equals(c.getSegLabel20Lvl0(), "CAN")',getDate(),'DBEU',getDate(),'DBEU',null)
insert into TSEGMENTRULE (SGTRUL_NT, SGMT_NF, SGT_NT, SGTVER_NT, RULE_LS, RULPRIO_CT, FUNCDEF_T, TECHDEF_T, CRE_D, CREUSR_CF, LSTUPD_D, LSTUPDUSR_CF, timestamp) values (1,18,105,1,'',77,'Geo_Grouping_3_SSD=''CHE''','StringUtils.equals(c.getSegLabel20Lvl0(), "CHE")',getDate(),'DBEU',getDate(),'DBEU',null)
insert into TSEGMENTRULE (SGTRUL_NT, SGMT_NF, SGT_NT, SGTVER_NT, RULE_LS, RULPRIO_CT, FUNCDEF_T, TECHDEF_T, CRE_D, CREUSR_CF, LSTUPD_D, LSTUPDUSR_CF, timestamp) values (2,18,105,1,'',140,'Geo_Grouping_3_SSD=''LIE''','StringUtils.equals(c.getSegLabel20Lvl0(), "LIE")',getDate(),'DBEU',getDate(),'DBEU',null)
insert into TSEGMENTRULE (SGTRUL_NT, SGMT_NF, SGT_NT, SGTVER_NT, RULE_LS, RULPRIO_CT, FUNCDEF_T, TECHDEF_T, CRE_D, CREUSR_CF, LSTUPD_D, LSTUPDUSR_CF, timestamp) values (1,19,105,1,'',90,'Geo_Grouping_3_SSD=''DEU''','StringUtils.equals(c.getSegLabel20Lvl0(), "DEU")',getDate(),'DBEU',getDate(),'DBEU',null)
insert into TSEGMENTRULE (SGTRUL_NT, SGMT_NF, SGT_NT, SGTVER_NT, RULE_LS, RULPRIO_CT, FUNCDEF_T, TECHDEF_T, CRE_D, CREUSR_CF, LSTUPD_D, LSTUPDUSR_CF, timestamp) values (1,20,105,1,'',92,'Geo_Grouping_3_SSD=''DNK''','StringUtils.equals(c.getSegLabel20Lvl0(), "DNK")',getDate(),'DBEU',getDate(),'DBEU',null)
insert into TSEGMENTRULE (SGTRUL_NT, SGMT_NF, SGT_NT, SGTVER_NT, RULE_LS, RULPRIO_CT, FUNCDEF_T, TECHDEF_T, CRE_D, CREUSR_CF, LSTUPD_D, LSTUPDUSR_CF, timestamp) values (2,20,105,1,'',100,'Geo_Grouping_3_SSD=''FIN''','StringUtils.equals(c.getSegLabel20Lvl0(), "FIN")',getDate(),'DBEU',getDate(),'DBEU',null)
insert into TSEGMENTRULE (SGTRUL_NT, SGMT_NF, SGT_NT, SGTVER_NT, RULE_LS, RULPRIO_CT, FUNCDEF_T, TECHDEF_T, CRE_D, CREUSR_CF, LSTUPD_D, LSTUPDUSR_CF, timestamp) values (3,20,105,1,'',102,'Geo_Grouping_3_SSD=''FRO''','StringUtils.equals(c.getSegLabel20Lvl0(), "FRO")',getDate(),'DBEU',getDate(),'DBEU',null)
insert into TSEGMENTRULE (SGTRUL_NT, SGMT_NF, SGT_NT, SGTVER_NT, RULE_LS, RULPRIO_CT, FUNCDEF_T, TECHDEF_T, CRE_D, CREUSR_CF, LSTUPD_D, LSTUPDUSR_CF, timestamp) values (4,20,105,1,'',113,'Geo_Grouping_3_SSD=''GRL''','StringUtils.equals(c.getSegLabel20Lvl0(), "GRL")',getDate(),'DBEU',getDate(),'DBEU',null)
insert into TSEGMENTRULE (SGTRUL_NT, SGMT_NF, SGT_NT, SGTVER_NT, RULE_LS, RULPRIO_CT, FUNCDEF_T, TECHDEF_T, CRE_D, CREUSR_CF, LSTUPD_D, LSTUPDUSR_CF, timestamp) values (5,20,105,1,'',127,'Geo_Grouping_3_SSD=''ISL''','StringUtils.equals(c.getSegLabel20Lvl0(), "ISL")',getDate(),'DBEU',getDate(),'DBEU',null)
insert into TSEGMENTRULE (SGTRUL_NT, SGMT_NF, SGT_NT, SGTVER_NT, RULE_LS, RULPRIO_CT, FUNCDEF_T, TECHDEF_T, CRE_D, CREUSR_CF, LSTUPD_D, LSTUPDUSR_CF, timestamp) values (6,20,105,1,'',164,'Geo_Grouping_3_SSD=''NOR''','StringUtils.equals(c.getSegLabel20Lvl0(), "NOR")',getDate(),'DBEU',getDate(),'DBEU',null)
insert into TSEGMENTRULE (SGTRUL_NT, SGMT_NF, SGT_NT, SGTVER_NT, RULE_LS, RULPRIO_CT, FUNCDEF_T, TECHDEF_T, CRE_D, CREUSR_CF, LSTUPD_D, LSTUPDUSR_CF, timestamp) values (7,20,105,1,'',194,'Geo_Grouping_3_SSD=''SWE''','StringUtils.equals(c.getSegLabel20Lvl0(), "SWE")',getDate(),'DBEU',getDate(),'DBEU',null)
insert into TSEGMENTRULE (SGTRUL_NT, SGMT_NF, SGT_NT, SGTVER_NT, RULE_LS, RULPRIO_CT, FUNCDEF_T, TECHDEF_T, CRE_D, CREUSR_CF, LSTUPD_D, LSTUPDUSR_CF, timestamp) values (1,21,105,1,'',101,'Geo_Grouping_3_SSD=''FRA''','StringUtils.equals(c.getSegLabel20Lvl0(), "FRA")',getDate(),'DBEU',getDate(),'DBEU',null)
insert into TSEGMENTRULE (SGTRUL_NT, SGMT_NF, SGT_NT, SGTVER_NT, RULE_LS, RULPRIO_CT, FUNCDEF_T, TECHDEF_T, CRE_D, CREUSR_CF, LSTUPD_D, LSTUPDUSR_CF, timestamp) values (2,21,105,1,'',147,'Geo_Grouping_3_SSD=''MCO''','StringUtils.equals(c.getSegLabel20Lvl0(), "MCO")',getDate(),'DBEU',getDate(),'DBEU',null)
insert into TSEGMENTRULE (SGTRUL_NT, SGMT_NF, SGT_NT, SGTVER_NT, RULE_LS, RULPRIO_CT, FUNCDEF_T, TECHDEF_T, CRE_D, CREUSR_CF, LSTUPD_D, LSTUPDUSR_CF, timestamp) values (1,22,105,1,'',104,'Geo_Grouping_3_SSD=''GBR''','StringUtils.equals(c.getSegLabel20Lvl0(), "GBR")',getDate(),'DBEU',getDate(),'DBEU',null)
insert into TSEGMENTRULE (SGTRUL_NT, SGMT_NF, SGT_NT, SGTVER_NT, RULE_LS, RULPRIO_CT, FUNCDEF_T, TECHDEF_T, CRE_D, CREUSR_CF, LSTUPD_D, LSTUPDUSR_CF, timestamp) values (2,22,105,1,'',107,'Geo_Grouping_3_SSD=''GIB''','StringUtils.equals(c.getSegLabel20Lvl0(), "GIB")',getDate(),'DBEU',getDate(),'DBEU',null)
insert into TSEGMENTRULE (SGTRUL_NT, SGMT_NF, SGT_NT, SGTVER_NT, RULE_LS, RULPRIO_CT, FUNCDEF_T, TECHDEF_T, CRE_D, CREUSR_CF, LSTUPD_D, LSTUPDUSR_CF, timestamp) values (3,22,105,1,'',123,'Geo_Grouping_3_SSD=''IRL''','StringUtils.equals(c.getSegLabel20Lvl0(), "IRL")',getDate(),'DBEU',getDate(),'DBEU',null)
insert into TSEGMENTRULE (SGTRUL_NT, SGMT_NF, SGT_NT, SGTVER_NT, RULE_LS, RULPRIO_CT, FUNCDEF_T, TECHDEF_T, CRE_D, CREUSR_CF, LSTUPD_D, LSTUPDUSR_CF, timestamp) values (4,22,105,1,'',124,'Geo_Grouping_3_SSD=''JEY''','StringUtils.equals(c.getSegLabel20Lvl0(), "JEY")',getDate(),'DBEU',getDate(),'DBEU',null)
insert into TSEGMENTRULE (SGTRUL_NT, SGMT_NF, SGT_NT, SGTVER_NT, RULE_LS, RULPRIO_CT, FUNCDEF_T, TECHDEF_T, CRE_D, CREUSR_CF, LSTUPD_D, LSTUPDUSR_CF, timestamp) values (5,22,105,1,'',249,'Geo_Grouping_3_SSD=''GGY''','StringUtils.equals(c.getSegLabel20Lvl0(), "GGY")',getDate(),'DBEU',getDate(),'DBEU',null)
insert into TSEGMENTRULE (SGTRUL_NT, SGMT_NF, SGT_NT, SGTVER_NT, RULE_LS, RULPRIO_CT, FUNCDEF_T, TECHDEF_T, CRE_D, CREUSR_CF, LSTUPD_D, LSTUPDUSR_CF, timestamp) values (6,22,105,1,'',250,'Geo_Grouping_3_SSD=''IMN''','StringUtils.equals(c.getSegLabel20Lvl0(), "IMN")',getDate(),'DBEU',getDate(),'DBEU',null)
insert into TSEGMENTRULE (SGTRUL_NT, SGMT_NF, SGT_NT, SGTVER_NT, RULE_LS, RULPRIO_CT, FUNCDEF_T, TECHDEF_T, CRE_D, CREUSR_CF, LSTUPD_D, LSTUPDUSR_CF, timestamp) values (1,23,105,1,'',88,'Geo_Grouping_3_SSD=''CYP''','StringUtils.equals(c.getSegLabel20Lvl0(), "CYP")',getDate(),'DBEU',getDate(),'DBEU',null)
insert into TSEGMENTRULE (SGTRUL_NT, SGMT_NF, SGT_NT, SGTVER_NT, RULE_LS, RULPRIO_CT, FUNCDEF_T, TECHDEF_T, CRE_D, CREUSR_CF, LSTUPD_D, LSTUPDUSR_CF, timestamp) values (2,23,105,1,'',112,'Geo_Grouping_3_SSD=''GRC''','StringUtils.equals(c.getSegLabel20Lvl0(), "GRC")',getDate(),'DBEU',getDate(),'DBEU',null)
insert into TSEGMENTRULE (SGTRUL_NT, SGMT_NF, SGT_NT, SGTVER_NT, RULE_LS, RULPRIO_CT, FUNCDEF_T, TECHDEF_T, CRE_D, CREUSR_CF, LSTUPD_D, LSTUPDUSR_CF, timestamp) values (3,23,105,1,'',153,'Geo_Grouping_3_SSD=''MLT''','StringUtils.equals(c.getSegLabel20Lvl0(), "MLT")',getDate(),'DBEU',getDate(),'DBEU',null)
insert into TSEGMENTRULE (SGTRUL_NT, SGMT_NF, SGT_NT, SGTVER_NT, RULE_LS, RULPRIO_CT, FUNCDEF_T, TECHDEF_T, CRE_D, CREUSR_CF, LSTUPD_D, LSTUPDUSR_CF, timestamp) values (1,24,105,1,'',129,'Geo_Grouping_3_SSD=''ITA''','StringUtils.equals(c.getSegLabel20Lvl0(), "ITA")',getDate(),'DBEU',getDate(),'DBEU',null)
insert into TSEGMENTRULE (SGTRUL_NT, SGMT_NF, SGT_NT, SGTVER_NT, RULE_LS, RULPRIO_CT, FUNCDEF_T, TECHDEF_T, CRE_D, CREUSR_CF, LSTUPD_D, LSTUPDUSR_CF, timestamp) values (2,24,105,1,'',187,'Geo_Grouping_3_SSD=''SMR''','StringUtils.equals(c.getSegLabel20Lvl0(), "SMR")',getDate(),'DBEU',getDate(),'DBEU',null)
insert into TSEGMENTRULE (SGTRUL_NT, SGMT_NF, SGT_NT, SGTVER_NT, RULE_LS, RULPRIO_CT, FUNCDEF_T, TECHDEF_T, CRE_D, CREUSR_CF, LSTUPD_D, LSTUPDUSR_CF, timestamp) values (3,24,105,1,'',240,'Geo_Grouping_3_SSD=''VAT''','StringUtils.equals(c.getSegLabel20Lvl0(), "VAT")',getDate(),'DBEU',getDate(),'DBEU',null)
insert into TSEGMENTRULE (SGTRUL_NT, SGMT_NF, SGT_NT, SGTVER_NT, RULE_LS, RULPRIO_CT, FUNCDEF_T, TECHDEF_T, CRE_D, CREUSR_CF, LSTUPD_D, LSTUPDUSR_CF, timestamp) values (1,25,105,1,'',209,'Geo_Grouping_3_SSD=''UNW'' AND Group_Division=''100''','StringUtils.equals(c.getSegLabel20Lvl0(), "UNW") && StringUtils.equals(c.getSegLabel18Lvl0(), "100")',getDate(),'DBEU',getDate(),'DBEU',null)
insert into TSEGMENTRULE (SGTRUL_NT, SGMT_NF, SGT_NT, SGTVER_NT, RULE_LS, RULPRIO_CT, FUNCDEF_T, TECHDEF_T, CRE_D, CREUSR_CF, LSTUPD_D, LSTUPDUSR_CF, timestamp) values (2,25,105,1,'',210,'Geo_Grouping_3_SSD=''UOT'' AND Group_Division=''100''','StringUtils.equals(c.getSegLabel20Lvl0(), "UOT") && StringUtils.equals(c.getSegLabel18Lvl0(), "100")',getDate(),'DBEU',getDate(),'DBEU',null)
insert into TSEGMENTRULE (SGTRUL_NT, SGMT_NF, SGT_NT, SGTVER_NT, RULE_LS, RULPRIO_CT, FUNCDEF_T, TECHDEF_T, CRE_D, CREUSR_CF, LSTUPD_D, LSTUPDUSR_CF, timestamp) values (3,25,105,1,'',211,'Geo_Grouping_3_SSD=''USM'' AND Group_Division=''100''','StringUtils.equals(c.getSegLabel20Lvl0(), "USM") && StringUtils.equals(c.getSegLabel18Lvl0(), "100")',getDate(),'DBEU',getDate(),'DBEU',null)
insert into TSEGMENTRULE (SGTRUL_NT, SGMT_NF, SGT_NT, SGTVER_NT, RULE_LS, RULPRIO_CT, FUNCDEF_T, TECHDEF_T, CRE_D, CREUSR_CF, LSTUPD_D, LSTUPDUSR_CF, timestamp) values (4,25,105,1,'',212,'Geo_Grouping_3_SSD=''UMR'' AND Group_Division=''100''','StringUtils.equals(c.getSegLabel20Lvl0(), "UMR") && StringUtils.equals(c.getSegLabel18Lvl0(), "100")',getDate(),'DBEU',getDate(),'DBEU',null)
insert into TSEGMENTRULE (SGTRUL_NT, SGMT_NF, SGT_NT, SGTVER_NT, RULE_LS, RULPRIO_CT, FUNCDEF_T, TECHDEF_T, CRE_D, CREUSR_CF, LSTUPD_D, LSTUPDUSR_CF, timestamp) values (5,25,105,1,'',213,'Geo_Grouping_3_SSD=''USR'' AND Group_Division=''100''','StringUtils.equals(c.getSegLabel20Lvl0(), "USR") && StringUtils.equals(c.getSegLabel18Lvl0(), "100")',getDate(),'DBEU',getDate(),'DBEU',null)
insert into TSEGMENTRULE (SGTRUL_NT, SGMT_NF, SGT_NT, SGTVER_NT, RULE_LS, RULPRIO_CT, FUNCDEF_T, TECHDEF_T, CRE_D, CREUSR_CF, LSTUPD_D, LSTUPDUSR_CF, timestamp) values (6,25,105,1,'',214,'Geo_Grouping_3_SSD=''URR'' AND Group_Division=''100''','StringUtils.equals(c.getSegLabel20Lvl0(), "URR") && StringUtils.equals(c.getSegLabel18Lvl0(), "100")',getDate(),'DBEU',getDate(),'DBEU',null)
insert into TSEGMENTRULE (SGTRUL_NT, SGMT_NF, SGT_NT, SGTVER_NT, RULE_LS, RULPRIO_CT, FUNCDEF_T, TECHDEF_T, CRE_D, CREUSR_CF, LSTUPD_D, LSTUPDUSR_CF, timestamp) values (7,25,105,1,'',215,'Geo_Grouping_3_SSD=''UNC'' AND Group_Division=''100''','StringUtils.equals(c.getSegLabel20Lvl0(), "UNC") && StringUtils.equals(c.getSegLabel18Lvl0(), "100")',getDate(),'DBEU',getDate(),'DBEU',null)
insert into TSEGMENTRULE (SGTRUL_NT, SGMT_NF, SGT_NT, SGTVER_NT, RULE_LS, RULPRIO_CT, FUNCDEF_T, TECHDEF_T, CRE_D, CREUSR_CF, LSTUPD_D, LSTUPDUSR_CF, timestamp) values (8,25,105,1,'',216,'Geo_Grouping_3_SSD=''USP'' AND Group_Division=''100''','StringUtils.equals(c.getSegLabel20Lvl0(), "USP") && StringUtils.equals(c.getSegLabel18Lvl0(), "100")',getDate(),'DBEU',getDate(),'DBEU',null)
insert into TSEGMENTRULE (SGTRUL_NT, SGMT_NF, SGT_NT, SGTVER_NT, RULE_LS, RULPRIO_CT, FUNCDEF_T, TECHDEF_T, CRE_D, CREUSR_CF, LSTUPD_D, LSTUPDUSR_CF, timestamp) values (9,25,105,1,'',217,'Geo_Grouping_3_SSD=''UES'' AND Group_Division=''100''','StringUtils.equals(c.getSegLabel20Lvl0(), "UES") && StringUtils.equals(c.getSegLabel18Lvl0(), "100")',getDate(),'DBEU',getDate(),'DBEU',null)
insert into TSEGMENTRULE (SGTRUL_NT, SGMT_NF, SGT_NT, SGTVER_NT, RULE_LS, RULPRIO_CT, FUNCDEF_T, TECHDEF_T, CRE_D, CREUSR_CF, LSTUPD_D, LSTUPDUSR_CF, timestamp) values (10,25,105,1,'',218,'Geo_Grouping_3_SSD=''UDC'' AND Group_Division=''100''','StringUtils.equals(c.getSegLabel20Lvl0(), "UDC") && StringUtils.equals(c.getSegLabel18Lvl0(), "100")',getDate(),'DBEU',getDate(),'DBEU',null)
go
insert into TSEGMENTRULE (SGTRUL_NT, SGMT_NF, SGT_NT, SGTVER_NT, RULE_LS, RULPRIO_CT, FUNCDEF_T, TECHDEF_T, CRE_D, CREUSR_CF, LSTUPD_D, LSTUPDUSR_CF, timestamp) values (11,25,105,1,'',219,'Geo_Grouping_3_SSD=''UNW'' AND Group_Division=''600''','StringUtils.equals(c.getSegLabel20Lvl0(), "UNW") && StringUtils.equals(c.getSegLabel18Lvl0(), "600")',getDate(),'DBEU',getDate(),'DBEU',null)
insert into TSEGMENTRULE (SGTRUL_NT, SGMT_NF, SGT_NT, SGTVER_NT, RULE_LS, RULPRIO_CT, FUNCDEF_T, TECHDEF_T, CRE_D, CREUSR_CF, LSTUPD_D, LSTUPDUSR_CF, timestamp) values (12,25,105,1,'',220,'Geo_Grouping_3_SSD=''UOT'' AND Group_Division=''600''','StringUtils.equals(c.getSegLabel20Lvl0(), "UOT") && StringUtils.equals(c.getSegLabel18Lvl0(), "600")',getDate(),'DBEU',getDate(),'DBEU',null)
insert into TSEGMENTRULE (SGTRUL_NT, SGMT_NF, SGT_NT, SGTVER_NT, RULE_LS, RULPRIO_CT, FUNCDEF_T, TECHDEF_T, CRE_D, CREUSR_CF, LSTUPD_D, LSTUPDUSR_CF, timestamp) values (13,25,105,1,'',221,'Geo_Grouping_3_SSD=''USM'' AND Group_Division=''600''','StringUtils.equals(c.getSegLabel20Lvl0(), "USM") && StringUtils.equals(c.getSegLabel18Lvl0(), "600")',getDate(),'DBEU',getDate(),'DBEU',null)
insert into TSEGMENTRULE (SGTRUL_NT, SGMT_NF, SGT_NT, SGTVER_NT, RULE_LS, RULPRIO_CT, FUNCDEF_T, TECHDEF_T, CRE_D, CREUSR_CF, LSTUPD_D, LSTUPDUSR_CF, timestamp) values (14,25,105,1,'',222,'Geo_Grouping_3_SSD=''UMR'' AND Group_Division=''600''','StringUtils.equals(c.getSegLabel20Lvl0(), "UMR") && StringUtils.equals(c.getSegLabel18Lvl0(), "600")',getDate(),'DBEU',getDate(),'DBEU',null)
insert into TSEGMENTRULE (SGTRUL_NT, SGMT_NF, SGT_NT, SGTVER_NT, RULE_LS, RULPRIO_CT, FUNCDEF_T, TECHDEF_T, CRE_D, CREUSR_CF, LSTUPD_D, LSTUPDUSR_CF, timestamp) values (15,25,105,1,'',223,'Geo_Grouping_3_SSD=''USR'' AND Group_Division=''600''','StringUtils.equals(c.getSegLabel20Lvl0(), "USR") && StringUtils.equals(c.getSegLabel18Lvl0(), "600")',getDate(),'DBEU',getDate(),'DBEU',null)
insert into TSEGMENTRULE (SGTRUL_NT, SGMT_NF, SGT_NT, SGTVER_NT, RULE_LS, RULPRIO_CT, FUNCDEF_T, TECHDEF_T, CRE_D, CREUSR_CF, LSTUPD_D, LSTUPDUSR_CF, timestamp) values (16,25,105,1,'',224,'Geo_Grouping_3_SSD=''URR'' AND Group_Division=''600''','StringUtils.equals(c.getSegLabel20Lvl0(), "URR") && StringUtils.equals(c.getSegLabel18Lvl0(), "600")',getDate(),'DBEU',getDate(),'DBEU',null)
insert into TSEGMENTRULE (SGTRUL_NT, SGMT_NF, SGT_NT, SGTVER_NT, RULE_LS, RULPRIO_CT, FUNCDEF_T, TECHDEF_T, CRE_D, CREUSR_CF, LSTUPD_D, LSTUPDUSR_CF, timestamp) values (17,25,105,1,'',225,'Geo_Grouping_3_SSD=''UNC'' AND Group_Division=''600''','StringUtils.equals(c.getSegLabel20Lvl0(), "UNC") && StringUtils.equals(c.getSegLabel18Lvl0(), "600")',getDate(),'DBEU',getDate(),'DBEU',null)
insert into TSEGMENTRULE (SGTRUL_NT, SGMT_NF, SGT_NT, SGTVER_NT, RULE_LS, RULPRIO_CT, FUNCDEF_T, TECHDEF_T, CRE_D, CREUSR_CF, LSTUPD_D, LSTUPDUSR_CF, timestamp) values (18,25,105,1,'',226,'Geo_Grouping_3_SSD=''USP'' AND Group_Division=''600''','StringUtils.equals(c.getSegLabel20Lvl0(), "USP") && StringUtils.equals(c.getSegLabel18Lvl0(), "600")',getDate(),'DBEU',getDate(),'DBEU',null)
insert into TSEGMENTRULE (SGTRUL_NT, SGMT_NF, SGT_NT, SGTVER_NT, RULE_LS, RULPRIO_CT, FUNCDEF_T, TECHDEF_T, CRE_D, CREUSR_CF, LSTUPD_D, LSTUPDUSR_CF, timestamp) values (19,25,105,1,'',227,'Geo_Grouping_3_SSD=''UES'' AND Group_Division=''600''','StringUtils.equals(c.getSegLabel20Lvl0(), "UES") && StringUtils.equals(c.getSegLabel18Lvl0(), "600")',getDate(),'DBEU',getDate(),'DBEU',null)
insert into TSEGMENTRULE (SGTRUL_NT, SGMT_NF, SGT_NT, SGTVER_NT, RULE_LS, RULPRIO_CT, FUNCDEF_T, TECHDEF_T, CRE_D, CREUSR_CF, LSTUPD_D, LSTUPDUSR_CF, timestamp) values (20,25,105,1,'',228,'Geo_Grouping_3_SSD=''UDC'' AND Group_Division=''600''','StringUtils.equals(c.getSegLabel20Lvl0(), "UDC") && StringUtils.equals(c.getSegLabel18Lvl0(), "600")',getDate(),'DBEU',getDate(),'DBEU',null)
insert into TSEGMENTRULE (SGTRUL_NT, SGMT_NF, SGT_NT, SGTVER_NT, RULE_LS, RULPRIO_CT, FUNCDEF_T, TECHDEF_T, CRE_D, CREUSR_CF, LSTUPD_D, LSTUPDUSR_CF, timestamp) values (1,26,105,1,'',131,'Geo_Grouping_3_SSD=''JPN''','StringUtils.equals(c.getSegLabel20Lvl0(), "JPN")',getDate(),'DBEU',getDate(),'DBEU',null)
insert into TSEGMENTRULE (SGTRUL_NT, SGMT_NF, SGT_NT, SGTVER_NT, RULE_LS, RULPRIO_CT, FUNCDEF_T, TECHDEF_T, CRE_D, CREUSR_CF, LSTUPD_D, LSTUPDUSR_CF, timestamp) values (1,27,105,1,'',115,'Geo_Grouping_3_SSD=''GUM''','StringUtils.equals(c.getSegLabel20Lvl0(), "GUM")',getDate(),'DBEU',getDate(),'DBEU',null)
insert into TSEGMENTRULE (SGTRUL_NT, SGMT_NF, SGT_NT, SGTVER_NT, RULE_LS, RULPRIO_CT, FUNCDEF_T, TECHDEF_T, CRE_D, CREUSR_CF, LSTUPD_D, LSTUPDUSR_CF, timestamp) values (2,27,105,1,'',230,'Geo_Grouping_3_SSD=''UMR'' AND Group_Division=''200''','StringUtils.equals(c.getSegLabel20Lvl0(), "UMR") && StringUtils.equals(c.getSegLabel18Lvl0(), "200")',getDate(),'DBEU',getDate(),'DBEU',null)
insert into TSEGMENTRULE (SGTRUL_NT, SGMT_NF, SGT_NT, SGTVER_NT, RULE_LS, RULPRIO_CT, FUNCDEF_T, TECHDEF_T, CRE_D, CREUSR_CF, LSTUPD_D, LSTUPDUSR_CF, timestamp) values (3,27,105,1,'',231,'Geo_Grouping_3_SSD=''UNC'' AND Group_Division=''200''','StringUtils.equals(c.getSegLabel20Lvl0(), "UNC") && StringUtils.equals(c.getSegLabel18Lvl0(), "200")',getDate(),'DBEU',getDate(),'DBEU',null)
insert into TSEGMENTRULE (SGTRUL_NT, SGMT_NF, SGT_NT, SGTVER_NT, RULE_LS, RULPRIO_CT, FUNCDEF_T, TECHDEF_T, CRE_D, CREUSR_CF, LSTUPD_D, LSTUPDUSR_CF, timestamp) values (4,27,105,1,'',232,'Geo_Grouping_3_SSD=''USP'' AND Group_Division=''200''','StringUtils.equals(c.getSegLabel20Lvl0(), "USP") && StringUtils.equals(c.getSegLabel18Lvl0(), "200")',getDate(),'DBEU',getDate(),'DBEU',null)
insert into TSEGMENTRULE (SGTRUL_NT, SGMT_NF, SGT_NT, SGTVER_NT, RULE_LS, RULPRIO_CT, FUNCDEF_T, TECHDEF_T, CRE_D, CREUSR_CF, LSTUPD_D, LSTUPDUSR_CF, timestamp) values (5,27,105,1,'',233,'Geo_Grouping_3_SSD=''UES'' AND Group_Division=''200''','StringUtils.equals(c.getSegLabel20Lvl0(), "UES") && StringUtils.equals(c.getSegLabel18Lvl0(), "200")',getDate(),'DBEU',getDate(),'DBEU',null)
insert into TSEGMENTRULE (SGTRUL_NT, SGMT_NF, SGT_NT, SGTVER_NT, RULE_LS, RULPRIO_CT, FUNCDEF_T, TECHDEF_T, CRE_D, CREUSR_CF, LSTUPD_D, LSTUPDUSR_CF, timestamp) values (6,27,105,1,'',234,'Geo_Grouping_3_SSD=''UDC'' AND Group_Division=''200''','StringUtils.equals(c.getSegLabel20Lvl0(), "UDC") && StringUtils.equals(c.getSegLabel18Lvl0(), "200")',getDate(),'DBEU',getDate(),'DBEU',null)
insert into TSEGMENTRULE (SGTRUL_NT, SGMT_NF, SGT_NT, SGTVER_NT, RULE_LS, RULPRIO_CT, FUNCDEF_T, TECHDEF_T, CRE_D, CREUSR_CF, LSTUPD_D, LSTUPDUSR_CF, timestamp) values (7,27,105,1,'',235,'Geo_Grouping_3_SSD=''UOT'' AND Group_Division=''200''','StringUtils.equals(c.getSegLabel20Lvl0(), "UOT") && StringUtils.equals(c.getSegLabel18Lvl0(), "200")',getDate(),'DBEU',getDate(),'DBEU',null)
insert into TSEGMENTRULE (SGTRUL_NT, SGMT_NF, SGT_NT, SGTVER_NT, RULE_LS, RULPRIO_CT, FUNCDEF_T, TECHDEF_T, CRE_D, CREUSR_CF, LSTUPD_D, LSTUPDUSR_CF, timestamp) values (8,27,105,1,'',236,'Geo_Grouping_3_SSD=''URR'' AND Group_Division=''200''','StringUtils.equals(c.getSegLabel20Lvl0(), "URR") && StringUtils.equals(c.getSegLabel18Lvl0(), "200")',getDate(),'DBEU',getDate(),'DBEU',null)
insert into TSEGMENTRULE (SGTRUL_NT, SGMT_NF, SGT_NT, SGTVER_NT, RULE_LS, RULPRIO_CT, FUNCDEF_T, TECHDEF_T, CRE_D, CREUSR_CF, LSTUPD_D, LSTUPDUSR_CF, timestamp) values (9,27,105,1,'',237,'Geo_Grouping_3_SSD=''USM'' AND Group_Division=''200''','StringUtils.equals(c.getSegLabel20Lvl0(), "USM") && StringUtils.equals(c.getSegLabel18Lvl0(), "200")',getDate(),'DBEU',getDate(),'DBEU',null)
insert into TSEGMENTRULE (SGTRUL_NT, SGMT_NF, SGT_NT, SGTVER_NT, RULE_LS, RULPRIO_CT, FUNCDEF_T, TECHDEF_T, CRE_D, CREUSR_CF, LSTUPD_D, LSTUPDUSR_CF, timestamp) values (10,27,105,1,'',238,'Geo_Grouping_3_SSD=''USR'' AND Group_Division=''200''','StringUtils.equals(c.getSegLabel20Lvl0(), "USR") && StringUtils.equals(c.getSegLabel18Lvl0(), "200")',getDate(),'DBEU',getDate(),'DBEU',null)
insert into TSEGMENTRULE (SGTRUL_NT, SGMT_NF, SGT_NT, SGTVER_NT, RULE_LS, RULPRIO_CT, FUNCDEF_T, TECHDEF_T, CRE_D, CREUSR_CF, LSTUPD_D, LSTUPDUSR_CF, timestamp) values (1,28,105,1,'',229,'Geo_Grouping_3_SSD=''UNW'' AND Group_Division=''200''','StringUtils.equals(c.getSegLabel20Lvl0(), "UNW") && StringUtils.equals(c.getSegLabel18Lvl0(), "200")',getDate(),'DBEU',getDate(),'DBEU',null)
insert into TSEGMENTRULE (SGTRUL_NT, SGMT_NF, SGT_NT, SGTVER_NT, RULE_LS, RULPRIO_CT, FUNCDEF_T, TECHDEF_T, CRE_D, CREUSR_CF, LSTUPD_D, LSTUPDUSR_CF, timestamp) values (1,29,105,1,'',60,'Geo_Grouping_3_SSD=''BHN''','StringUtils.equals(c.getSegLabel20Lvl0(), "BHN")',getDate(),'DBEU',getDate(),'DBEU',null)
insert into TSEGMENTRULE (SGTRUL_NT, SGMT_NF, SGT_NT, SGTVER_NT, RULE_LS, RULPRIO_CT, FUNCDEF_T, TECHDEF_T, CRE_D, CREUSR_CF, LSTUPD_D, LSTUPDUSR_CF, timestamp) values (2,29,105,1,'',86,'Geo_Grouping_3_SSD=''CRI''','StringUtils.equals(c.getSegLabel20Lvl0(), "CRI")',getDate(),'DBEU',getDate(),'DBEU',null)
insert into TSEGMENTRULE (SGTRUL_NT, SGMT_NF, SGT_NT, SGTVER_NT, RULE_LS, RULPRIO_CT, FUNCDEF_T, TECHDEF_T, CRE_D, CREUSR_CF, LSTUPD_D, LSTUPDUSR_CF, timestamp) values (3,29,105,1,'',114,'Geo_Grouping_3_SSD=''GTM''','StringUtils.equals(c.getSegLabel20Lvl0(), "GTM")',getDate(),'DBEU',getDate(),'DBEU',null)
insert into TSEGMENTRULE (SGTRUL_NT, SGMT_NF, SGT_NT, SGTVER_NT, RULE_LS, RULPRIO_CT, FUNCDEF_T, TECHDEF_T, CRE_D, CREUSR_CF, LSTUPD_D, LSTUPDUSR_CF, timestamp) values (4,29,105,1,'',150,'Geo_Grouping_3_SSD=''MEX''','StringUtils.equals(c.getSegLabel20Lvl0(), "MEX")',getDate(),'DBEU',getDate(),'DBEU',null)
insert into TSEGMENTRULE (SGTRUL_NT, SGMT_NF, SGT_NT, SGTVER_NT, RULE_LS, RULPRIO_CT, FUNCDEF_T, TECHDEF_T, CRE_D, CREUSR_CF, LSTUPD_D, LSTUPDUSR_CF, timestamp) values (5,29,105,1,'',171,'Geo_Grouping_3_SSD=''PAN''','StringUtils.equals(c.getSegLabel20Lvl0(), "PAN")',getDate(),'DBEU',getDate(),'DBEU',null)
insert into TSEGMENTRULE (SGTRUL_NT, SGMT_NF, SGT_NT, SGTVER_NT, RULE_LS, RULPRIO_CT, FUNCDEF_T, TECHDEF_T, CRE_D, CREUSR_CF, LSTUPD_D, LSTUPDUSR_CF, timestamp) values (6,29,105,1,'',186,'Geo_Grouping_3_SSD=''SLV''','StringUtils.equals(c.getSegLabel20Lvl0(), "SLV")',getDate(),'DBEU',getDate(),'DBEU',null)
insert into TSEGMENTRULE (SGTRUL_NT, SGMT_NF, SGT_NT, SGTVER_NT, RULE_LS, RULPRIO_CT, FUNCDEF_T, TECHDEF_T, CRE_D, CREUSR_CF, LSTUPD_D, LSTUPDUSR_CF, timestamp) values (1,30,105,1,'',66,'Geo_Grouping_3_SSD=''BRA''','StringUtils.equals(c.getSegLabel20Lvl0(), "BRA")',getDate(),'DBEU',getDate(),'DBEU',null)
insert into TSEGMENTRULE (SGTRUL_NT, SGMT_NF, SGT_NT, SGTVER_NT, RULE_LS, RULPRIO_CT, FUNCDEF_T, TECHDEF_T, CRE_D, CREUSR_CF, LSTUPD_D, LSTUPDUSR_CF, timestamp) values (1,31,105,1,'',65,'Geo_Grouping_3_SSD=''BOL''','StringUtils.equals(c.getSegLabel20Lvl0(), "BOL")',getDate(),'DBEU',getDate(),'DBEU',null)
insert into TSEGMENTRULE (SGTRUL_NT, SGMT_NF, SGT_NT, SGTVER_NT, RULE_LS, RULPRIO_CT, FUNCDEF_T, TECHDEF_T, CRE_D, CREUSR_CF, LSTUPD_D, LSTUPDUSR_CF, timestamp) values (2,31,105,1,'',78,'Geo_Grouping_3_SSD=''CHL''','StringUtils.equals(c.getSegLabel20Lvl0(), "CHL")',getDate(),'DBEU',getDate(),'DBEU',null)
insert into TSEGMENTRULE (SGTRUL_NT, SGMT_NF, SGT_NT, SGTVER_NT, RULE_LS, RULPRIO_CT, FUNCDEF_T, TECHDEF_T, CRE_D, CREUSR_CF, LSTUPD_D, LSTUPDUSR_CF, timestamp) values (3,31,105,1,'',83,'Geo_Grouping_3_SSD=''COL''','StringUtils.equals(c.getSegLabel20Lvl0(), "COL")',getDate(),'DBEU',getDate(),'DBEU',null)
insert into TSEGMENTRULE (SGTRUL_NT, SGMT_NF, SGT_NT, SGTVER_NT, RULE_LS, RULPRIO_CT, FUNCDEF_T, TECHDEF_T, CRE_D, CREUSR_CF, LSTUPD_D, LSTUPDUSR_CF, timestamp) values (4,31,105,1,'',94,'Geo_Grouping_3_SSD=''ECU''','StringUtils.equals(c.getSegLabel20Lvl0(), "ECU")',getDate(),'DBEU',getDate(),'DBEU',null)
insert into TSEGMENTRULE (SGTRUL_NT, SGMT_NF, SGT_NT, SGTVER_NT, RULE_LS, RULPRIO_CT, FUNCDEF_T, TECHDEF_T, CRE_D, CREUSR_CF, LSTUPD_D, LSTUPDUSR_CF, timestamp) values (5,31,105,1,'',172,'Geo_Grouping_3_SSD=''PER''','StringUtils.equals(c.getSegLabel20Lvl0(), "PER")',getDate(),'DBEU',getDate(),'DBEU',null)
insert into TSEGMENTRULE (SGTRUL_NT, SGMT_NF, SGT_NT, SGTVER_NT, RULE_LS, RULPRIO_CT, FUNCDEF_T, TECHDEF_T, CRE_D, CREUSR_CF, LSTUPD_D, LSTUPDUSR_CF, timestamp) values (6,31,105,1,'',241,'Geo_Grouping_3_SSD=''VEN''','StringUtils.equals(c.getSegLabel20Lvl0(), "VEN")',getDate(),'DBEU',getDate(),'DBEU',null)
insert into TSEGMENTRULE (SGTRUL_NT, SGMT_NF, SGT_NT, SGTVER_NT, RULE_LS, RULPRIO_CT, FUNCDEF_T, TECHDEF_T, CRE_D, CREUSR_CF, LSTUPD_D, LSTUPDUSR_CF, timestamp) values (1,32,105,1,'',135,'Geo_Grouping_3_SSD=''KRA''','StringUtils.equals(c.getSegLabel20Lvl0(), "KRA")',getDate(),'DBEU',getDate(),'DBEU',null)
insert into TSEGMENTRULE (SGTRUL_NT, SGMT_NF, SGT_NT, SGTVER_NT, RULE_LS, RULPRIO_CT, FUNCDEF_T, TECHDEF_T, CRE_D, CREUSR_CF, LSTUPD_D, LSTUPDUSR_CF, timestamp) values (1,33,105,1,'',120,'Geo_Grouping_3_SSD=''IDN''','StringUtils.equals(c.getSegLabel20Lvl0(), "IDN")',getDate(),'DBEU',getDate(),'DBEU',null)
insert into TSEGMENTRULE (SGTRUL_NT, SGMT_NF, SGT_NT, SGTVER_NT, RULE_LS, RULPRIO_CT, FUNCDEF_T, TECHDEF_T, CRE_D, CREUSR_CF, LSTUPD_D, LSTUPDUSR_CF, timestamp) values (2,33,105,1,'',188,'Geo_Grouping_3_SSD=''SNG''','StringUtils.equals(c.getSegLabel20Lvl0(), "SNG")',getDate(),'DBEU',getDate(),'DBEU',null)
insert into TSEGMENTRULE (SGTRUL_NT, SGMT_NF, SGT_NT, SGTVER_NT, RULE_LS, RULPRIO_CT, FUNCDEF_T, TECHDEF_T, CRE_D, CREUSR_CF, LSTUPD_D, LSTUPDUSR_CF, timestamp) values (3,33,105,1,'',200,'Geo_Grouping_3_SSD=''THA''','StringUtils.equals(c.getSegLabel20Lvl0(), "THA")',getDate(),'DBEU',getDate(),'DBEU',null)
insert into TSEGMENTRULE (SGTRUL_NT, SGMT_NF, SGT_NT, SGTVER_NT, RULE_LS, RULPRIO_CT, FUNCDEF_T, TECHDEF_T, CRE_D, CREUSR_CF, LSTUPD_D, LSTUPDUSR_CF, timestamp) values (1,34,105,1,'',145,'Geo_Grouping_3_SSD=''MAL''','StringUtils.equals(c.getSegLabel20Lvl0(), "MAL")',getDate(),'DBEU',getDate(),'DBEU',null)
insert into TSEGMENTRULE (SGTRUL_NT, SGMT_NF, SGT_NT, SGTVER_NT, RULE_LS, RULPRIO_CT, FUNCDEF_T, TECHDEF_T, CRE_D, CREUSR_CF, LSTUPD_D, LSTUPDUSR_CF, timestamp) values (1,35,105,1,'',9,'Geo_Grouping_3_SSD=''9CH'' AND Group_Division=''400''','StringUtils.equals(c.getSegLabel20Lvl0(), "9CH") && StringUtils.equals(c.getSegLabel18Lvl0(), "400")',getDate(),'DBEU',getDate(),'DBEU',null)
insert into TSEGMENTRULE (SGTRUL_NT, SGMT_NF, SGT_NT, SGTVER_NT, RULE_LS, RULPRIO_CT, FUNCDEF_T, TECHDEF_T, CRE_D, CREUSR_CF, LSTUPD_D, LSTUPDUSR_CF, timestamp) values (2,35,105,1,'',16,'Geo_Grouping_3_SSD=''9HK'' AND Group_Division=''400''','StringUtils.equals(c.getSegLabel20Lvl0(), "9HK") && StringUtils.equals(c.getSegLabel18Lvl0(), "400")',getDate(),'DBEU',getDate(),'DBEU',null)
insert into TSEGMENTRULE (SGTRUL_NT, SGMT_NF, SGT_NT, SGTVER_NT, RULE_LS, RULPRIO_CT, FUNCDEF_T, TECHDEF_T, CRE_D, CREUSR_CF, LSTUPD_D, LSTUPDUSR_CF, timestamp) values (3,35,105,1,'',18,'Geo_Grouping_3_SSD=''9IN'' AND Group_Division=''400''','StringUtils.equals(c.getSegLabel20Lvl0(), "9IN") && StringUtils.equals(c.getSegLabel18Lvl0(), "400")',getDate(),'DBEU',getDate(),'DBEU',null)
insert into TSEGMENTRULE (SGTRUL_NT, SGMT_NF, SGT_NT, SGTVER_NT, RULE_LS, RULPRIO_CT, FUNCDEF_T, TECHDEF_T, CRE_D, CREUSR_CF, LSTUPD_D, LSTUPDUSR_CF, timestamp) values (4,35,105,1,'',23,'Geo_Grouping_3_SSD=''9KO'' AND Group_Division=''400''','StringUtils.equals(c.getSegLabel20Lvl0(), "9KO") && StringUtils.equals(c.getSegLabel18Lvl0(), "400")',getDate(),'DBEU',getDate(),'DBEU',null)
go
insert into TSEGMENTRULE (SGTRUL_NT, SGMT_NF, SGT_NT, SGTVER_NT, RULE_LS, RULPRIO_CT, FUNCDEF_T, TECHDEF_T, CRE_D, CREUSR_CF, LSTUPD_D, LSTUPDUSR_CF, timestamp) values (5,35,105,1,'',25,'Geo_Grouping_3_SSD=''9ML'' AND Group_Division=''400''','StringUtils.equals(c.getSegLabel20Lvl0(), "9ML") && StringUtils.equals(c.getSegLabel18Lvl0(), "400")',getDate(),'DBEU',getDate(),'DBEU',null)
insert into TSEGMENTRULE (SGTRUL_NT, SGMT_NF, SGT_NT, SGTVER_NT, RULE_LS, RULPRIO_CT, FUNCDEF_T, TECHDEF_T, CRE_D, CREUSR_CF, LSTUPD_D, LSTUPDUSR_CF, timestamp) values (6,35,105,1,'',31,'Geo_Grouping_3_SSD=''9RA'' AND Group_Division=''400''','StringUtils.equals(c.getSegLabel20Lvl0(), "9RA") && StringUtils.equals(c.getSegLabel18Lvl0(), "400")',getDate(),'DBEU',getDate(),'DBEU',null)
insert into TSEGMENTRULE (SGTRUL_NT, SGMT_NF, SGT_NT, SGTVER_NT, RULE_LS, RULPRIO_CT, FUNCDEF_T, TECHDEF_T, CRE_D, CREUSR_CF, LSTUPD_D, LSTUPDUSR_CF, timestamp) values (7,35,105,1,'',36,'Geo_Grouping_3_SSD=''9SG'' AND Group_Division=''400''','StringUtils.equals(c.getSegLabel20Lvl0(), "9SG") && StringUtils.equals(c.getSegLabel18Lvl0(), "400")',getDate(),'DBEU',getDate(),'DBEU',null)
insert into TSEGMENTRULE (SGTRUL_NT, SGMT_NF, SGT_NT, SGTVER_NT, RULE_LS, RULPRIO_CT, FUNCDEF_T, TECHDEF_T, CRE_D, CREUSR_CF, LSTUPD_D, LSTUPDUSR_CF, timestamp) values (8,35,105,1,'',40,'Geo_Grouping_3_SSD=''9TH'' AND Group_Division=''400''','StringUtils.equals(c.getSegLabel20Lvl0(), "9TH") && StringUtils.equals(c.getSegLabel18Lvl0(), "400")',getDate(),'DBEU',getDate(),'DBEU',null)
insert into TSEGMENTRULE (SGTRUL_NT, SGMT_NF, SGT_NT, SGTVER_NT, RULE_LS, RULPRIO_CT, FUNCDEF_T, TECHDEF_T, CRE_D, CREUSR_CF, LSTUPD_D, LSTUPDUSR_CF, timestamp) values (9,35,105,1,'',41,'Geo_Grouping_3_SSD=''9TW'' AND Group_Division=''400''','StringUtils.equals(c.getSegLabel20Lvl0(), "9TW") && StringUtils.equals(c.getSegLabel18Lvl0(), "400")',getDate(),'DBEU',getDate(),'DBEU',null)
insert into TSEGMENTRULE (SGTRUL_NT, SGMT_NF, SGT_NT, SGTVER_NT, RULE_LS, RULPRIO_CT, FUNCDEF_T, TECHDEF_T, CRE_D, CREUSR_CF, LSTUPD_D, LSTUPDUSR_CF, timestamp) values (1,36,105,1,'',4,'Geo_Grouping_3_SSD=''9BE'' AND Group_Division=''400''','StringUtils.equals(c.getSegLabel20Lvl0(), "9BE") && StringUtils.equals(c.getSegLabel18Lvl0(), "400")',getDate(),'DBEU',getDate(),'DBEU',null)
insert into TSEGMENTRULE (SGTRUL_NT, SGMT_NF, SGT_NT, SGTVER_NT, RULE_LS, RULPRIO_CT, FUNCDEF_T, TECHDEF_T, CRE_D, CREUSR_CF, LSTUPD_D, LSTUPDUSR_CF, timestamp) values (2,36,105,1,'',24,'Geo_Grouping_3_SSD=''9LX'' AND Group_Division=''400''','StringUtils.equals(c.getSegLabel20Lvl0(), "9LX") && StringUtils.equals(c.getSegLabel18Lvl0(), "400")',getDate(),'DBEU',getDate(),'DBEU',null)
insert into TSEGMENTRULE (SGTRUL_NT, SGMT_NF, SGT_NT, SGTVER_NT, RULE_LS, RULPRIO_CT, FUNCDEF_T, TECHDEF_T, CRE_D, CREUSR_CF, LSTUPD_D, LSTUPDUSR_CF, timestamp) values (3,36,105,1,'',28,'Geo_Grouping_3_SSD=''9NS'' AND Group_Division=''400''','StringUtils.equals(c.getSegLabel20Lvl0(), "9NS") && StringUtils.equals(c.getSegLabel18Lvl0(), "400")',getDate(),'DBEU',getDate(),'DBEU',null)
insert into TSEGMENTRULE (SGTRUL_NT, SGMT_NF, SGT_NT, SGTVER_NT, RULE_LS, RULPRIO_CT, FUNCDEF_T, TECHDEF_T, CRE_D, CREUSR_CF, LSTUPD_D, LSTUPDUSR_CF, timestamp) values (1,37,105,1,'',7,'Geo_Grouping_3_SSD=''9CB'' AND Group_Division=''400''','StringUtils.equals(c.getSegLabel20Lvl0(), "9CB") && StringUtils.equals(c.getSegLabel18Lvl0(), "400")',getDate(),'DBEU',getDate(),'DBEU',null)
insert into TSEGMENTRULE (SGTRUL_NT, SGMT_NF, SGT_NT, SGTVER_NT, RULE_LS, RULPRIO_CT, FUNCDEF_T, TECHDEF_T, CRE_D, CREUSR_CF, LSTUPD_D, LSTUPDUSR_CF, timestamp) values (1,38,105,1,'',8,'Geo_Grouping_3_SSD=''9CD'' AND Group_Division=''400''','StringUtils.equals(c.getSegLabel20Lvl0(), "9CD") && StringUtils.equals(c.getSegLabel18Lvl0(), "400")',getDate(),'DBEU',getDate(),'DBEU',null)
insert into TSEGMENTRULE (SGTRUL_NT, SGMT_NF, SGT_NT, SGTVER_NT, RULE_LS, RULPRIO_CT, FUNCDEF_T, TECHDEF_T, CRE_D, CREUSR_CF, LSTUPD_D, LSTUPDUSR_CF, timestamp) values (1,39,105,1,'',2,'Geo_Grouping_3_SSD=''9AT'' AND Group_Division=''400''','StringUtils.equals(c.getSegLabel20Lvl0(), "9AT") && StringUtils.equals(c.getSegLabel18Lvl0(), "400")',getDate(),'DBEU',getDate(),'DBEU',null)
insert into TSEGMENTRULE (SGTRUL_NT, SGMT_NF, SGT_NT, SGTVER_NT, RULE_LS, RULPRIO_CT, FUNCDEF_T, TECHDEF_T, CRE_D, CREUSR_CF, LSTUPD_D, LSTUPDUSR_CF, timestamp) values (2,39,105,1,'',19,'Geo_Grouping_3_SSD=''9IS'' AND Group_Division=''400''','StringUtils.equals(c.getSegLabel20Lvl0(), "9IS") && StringUtils.equals(c.getSegLabel18Lvl0(), "400")',getDate(),'DBEU',getDate(),'DBEU',null)
insert into TSEGMENTRULE (SGTRUL_NT, SGMT_NF, SGT_NT, SGTVER_NT, RULE_LS, RULPRIO_CT, FUNCDEF_T, TECHDEF_T, CRE_D, CREUSR_CF, LSTUPD_D, LSTUPDUSR_CF, timestamp) values (3,39,105,1,'',38,'Geo_Grouping_3_SSD=''9SW'' AND Group_Division=''400''','StringUtils.equals(c.getSegLabel20Lvl0(), "9SW") && StringUtils.equals(c.getSegLabel18Lvl0(), "400")',getDate(),'DBEU',getDate(),'DBEU',null)
insert into TSEGMENTRULE (SGTRUL_NT, SGMT_NF, SGT_NT, SGTVER_NT, RULE_LS, RULPRIO_CT, FUNCDEF_T, TECHDEF_T, CRE_D, CREUSR_CF, LSTUPD_D, LSTUPDUSR_CF, timestamp) values (4,39,105,1,'',39,'Geo_Grouping_3_SSD=''9TG'' AND Group_Division=''400''','StringUtils.equals(c.getSegLabel20Lvl0(), "9TG") && StringUtils.equals(c.getSegLabel18Lvl0(), "400")',getDate(),'DBEU',getDate(),'DBEU',null)
insert into TSEGMENTRULE (SGTRUL_NT, SGMT_NF, SGT_NT, SGTVER_NT, RULE_LS, RULPRIO_CT, FUNCDEF_T, TECHDEF_T, CRE_D, CREUSR_CF, LSTUPD_D, LSTUPDUSR_CF, timestamp) values (1,40,105,1,'',11,'Geo_Grouping_3_SSD=''9DE'' AND Group_Division=''400''','StringUtils.equals(c.getSegLabel20Lvl0(), "9DE") && StringUtils.equals(c.getSegLabel18Lvl0(), "400")',getDate(),'DBEU',getDate(),'DBEU',null)
insert into TSEGMENTRULE (SGTRUL_NT, SGMT_NF, SGT_NT, SGTVER_NT, RULE_LS, RULPRIO_CT, FUNCDEF_T, TECHDEF_T, CRE_D, CREUSR_CF, LSTUPD_D, LSTUPDUSR_CF, timestamp) values (1,41,105,1,'',10,'Geo_Grouping_3_SSD=''9CI'' AND Group_Division=''400''','StringUtils.equals(c.getSegLabel20Lvl0(), "9CI") && StringUtils.equals(c.getSegLabel18Lvl0(), "400")',getDate(),'DBEU',getDate(),'DBEU',null)
insert into TSEGMENTRULE (SGTRUL_NT, SGMT_NF, SGT_NT, SGTVER_NT, RULE_LS, RULPRIO_CT, FUNCDEF_T, TECHDEF_T, CRE_D, CREUSR_CF, LSTUPD_D, LSTUPDUSR_CF, timestamp) values (2,41,105,1,'',13,'Geo_Grouping_3_SSD=''9ES'' AND Group_Division=''400''','StringUtils.equals(c.getSegLabel20Lvl0(), "9ES") && StringUtils.equals(c.getSegLabel18Lvl0(), "400")',getDate(),'DBEU',getDate(),'DBEU',null)
insert into TSEGMENTRULE (SGTRUL_NT, SGMT_NF, SGT_NT, SGTVER_NT, RULE_LS, RULPRIO_CT, FUNCDEF_T, TECHDEF_T, CRE_D, CREUSR_CF, LSTUPD_D, LSTUPDUSR_CF, timestamp) values (3,41,105,1,'',27,'Geo_Grouping_3_SSD=''9NE'' AND Group_Division=''400''','StringUtils.equals(c.getSegLabel20Lvl0(), "9NE") && StringUtils.equals(c.getSegLabel18Lvl0(), "400")',getDate(),'DBEU',getDate(),'DBEU',null)
insert into TSEGMENTRULE (SGTRUL_NT, SGMT_NF, SGT_NT, SGTVER_NT, RULE_LS, RULPRIO_CT, FUNCDEF_T, TECHDEF_T, CRE_D, CREUSR_CF, LSTUPD_D, LSTUPDUSR_CF, timestamp) values (1,42,105,1,'',14,'Geo_Grouping_3_SSD=''9FR'' AND Group_Division=''400''','StringUtils.equals(c.getSegLabel20Lvl0(), "9FR") && StringUtils.equals(c.getSegLabel18Lvl0(), "400")',getDate(),'DBEU',getDate(),'DBEU',null)
insert into TSEGMENTRULE (SGTRUL_NT, SGMT_NF, SGT_NT, SGTVER_NT, RULE_LS, RULPRIO_CT, FUNCDEF_T, TECHDEF_T, CRE_D, CREUSR_CF, LSTUPD_D, LSTUPDUSR_CF, timestamp) values (1,43,105,1,'',15,'Geo_Grouping_3_SSD=''9FS'' AND Group_Division=''400''','StringUtils.equals(c.getSegLabel20Lvl0(), "9FS") && StringUtils.equals(c.getSegLabel18Lvl0(), "400")',getDate(),'DBEU',getDate(),'DBEU',null)
insert into TSEGMENTRULE (SGTRUL_NT, SGMT_NF, SGT_NT, SGTVER_NT, RULE_LS, RULPRIO_CT, FUNCDEF_T, TECHDEF_T, CRE_D, CREUSR_CF, LSTUPD_D, LSTUPDUSR_CF, timestamp) values (1,44,105,1,'',17,'Geo_Grouping_3_SSD=''9IB'' AND Group_Division=''400''','StringUtils.equals(c.getSegLabel20Lvl0(), "9IB") && StringUtils.equals(c.getSegLabel18Lvl0(), "400")',getDate(),'DBEU',getDate(),'DBEU',null)
insert into TSEGMENTRULE (SGTRUL_NT, SGMT_NF, SGT_NT, SGTVER_NT, RULE_LS, RULPRIO_CT, FUNCDEF_T, TECHDEF_T, CRE_D, CREUSR_CF, LSTUPD_D, LSTUPDUSR_CF, timestamp) values (1,45,105,1,'',20,'Geo_Grouping_3_SSD=''9IT'' AND Group_Division=''400''','StringUtils.equals(c.getSegLabel20Lvl0(), "9IT") && StringUtils.equals(c.getSegLabel18Lvl0(), "400")',getDate(),'DBEU',getDate(),'DBEU',null)
insert into TSEGMENTRULE (SGTRUL_NT, SGMT_NF, SGT_NT, SGTVER_NT, RULE_LS, RULPRIO_CT, FUNCDEF_T, TECHDEF_T, CRE_D, CREUSR_CF, LSTUPD_D, LSTUPDUSR_CF, timestamp) values (1,46,105,1,'',21,'Geo_Grouping_3_SSD=''9JN'' AND Group_Division=''400''','StringUtils.equals(c.getSegLabel20Lvl0(), "9JN") && StringUtils.equals(c.getSegLabel18Lvl0(), "400")',getDate(),'DBEU',getDate(),'DBEU',null)
insert into TSEGMENTRULE (SGTRUL_NT, SGMT_NF, SGT_NT, SGTVER_NT, RULE_LS, RULPRIO_CT, FUNCDEF_T, TECHDEF_T, CRE_D, CREUSR_CF, LSTUPD_D, LSTUPDUSR_CF, timestamp) values (1,47,105,1,'',6,'Geo_Grouping_3_SSD=''9CA'' AND Group_Division=''400''','StringUtils.equals(c.getSegLabel20Lvl0(), "9CA") && StringUtils.equals(c.getSegLabel18Lvl0(), "400")',getDate(),'DBEU',getDate(),'DBEU',null)
insert into TSEGMENTRULE (SGTRUL_NT, SGMT_NF, SGT_NT, SGTVER_NT, RULE_LS, RULPRIO_CT, FUNCDEF_T, TECHDEF_T, CRE_D, CREUSR_CF, LSTUPD_D, LSTUPDUSR_CF, timestamp) values (2,47,105,1,'',26,'Geo_Grouping_3_SSD=''9MX'' AND Group_Division=''400''','StringUtils.equals(c.getSegLabel20Lvl0(), "9MX") && StringUtils.equals(c.getSegLabel18Lvl0(), "400")',getDate(),'DBEU',getDate(),'DBEU',null)
insert into TSEGMENTRULE (SGTRUL_NT, SGMT_NF, SGT_NT, SGTVER_NT, RULE_LS, RULPRIO_CT, FUNCDEF_T, TECHDEF_T, CRE_D, CREUSR_CF, LSTUPD_D, LSTUPDUSR_CF, timestamp) values (1,48,105,1,'',1,'Geo_Grouping_3_SSD=''9AR'' AND Group_Division=''400''','StringUtils.equals(c.getSegLabel20Lvl0(), "9AR") && StringUtils.equals(c.getSegLabel18Lvl0(), "400")',getDate(),'DBEU',getDate(),'DBEU',null)
insert into TSEGMENTRULE (SGTRUL_NT, SGMT_NF, SGT_NT, SGTVER_NT, RULE_LS, RULPRIO_CT, FUNCDEF_T, TECHDEF_T, CRE_D, CREUSR_CF, LSTUPD_D, LSTUPDUSR_CF, timestamp) values (2,48,105,1,'',12,'Geo_Grouping_3_SSD=''9EG'' AND Group_Division=''400''','StringUtils.equals(c.getSegLabel20Lvl0(), "9EG") && StringUtils.equals(c.getSegLabel18Lvl0(), "400")',getDate(),'DBEU',getDate(),'DBEU',null)
insert into TSEGMENTRULE (SGTRUL_NT, SGMT_NF, SGT_NT, SGTVER_NT, RULE_LS, RULPRIO_CT, FUNCDEF_T, TECHDEF_T, CRE_D, CREUSR_CF, LSTUPD_D, LSTUPDUSR_CF, timestamp) values (3,48,105,1,'',22,'Geo_Grouping_3_SSD=''9JO'' AND Group_Division=''400''','StringUtils.equals(c.getSegLabel20Lvl0(), "9JO") && StringUtils.equals(c.getSegLabel18Lvl0(), "400")',getDate(),'DBEU',getDate(),'DBEU',null)
insert into TSEGMENTRULE (SGTRUL_NT, SGMT_NF, SGT_NT, SGTVER_NT, RULE_LS, RULPRIO_CT, FUNCDEF_T, TECHDEF_T, CRE_D, CREUSR_CF, LSTUPD_D, LSTUPDUSR_CF, timestamp) values (4,48,105,1,'',32,'Geo_Grouping_3_SSD=''9RM'' AND Group_Division=''400''','StringUtils.equals(c.getSegLabel20Lvl0(), "9RM") && StringUtils.equals(c.getSegLabel18Lvl0(), "400")',getDate(),'DBEU',getDate(),'DBEU',null)
insert into TSEGMENTRULE (SGTRUL_NT, SGMT_NF, SGT_NT, SGTVER_NT, RULE_LS, RULPRIO_CT, FUNCDEF_T, TECHDEF_T, CRE_D, CREUSR_CF, LSTUPD_D, LSTUPDUSR_CF, timestamp) values (5,48,105,1,'',42,'Geo_Grouping_3_SSD=''9UA'' AND Group_Division=''400''','StringUtils.equals(c.getSegLabel20Lvl0(), "9UA") && StringUtils.equals(c.getSegLabel18Lvl0(), "400")',getDate(),'DBEU',getDate(),'DBEU',null)
insert into TSEGMENTRULE (SGTRUL_NT, SGMT_NF, SGT_NT, SGTVER_NT, RULE_LS, RULPRIO_CT, FUNCDEF_T, TECHDEF_T, CRE_D, CREUSR_CF, LSTUPD_D, LSTUPDUSR_CF, timestamp) values (1,49,105,1,'',33,'Geo_Grouping_3_SSD=''9RN'' AND Group_Division=''400''','StringUtils.equals(c.getSegLabel20Lvl0(), "9RN") && StringUtils.equals(c.getSegLabel18Lvl0(), "400")',getDate(),'DBEU',getDate(),'DBEU',null)
insert into TSEGMENTRULE (SGTRUL_NT, SGMT_NF, SGT_NT, SGTVER_NT, RULE_LS, RULPRIO_CT, FUNCDEF_T, TECHDEF_T, CRE_D, CREUSR_CF, LSTUPD_D, LSTUPDUSR_CF, timestamp) values (2,49,105,1,'',37,'Geo_Grouping_3_SSD=''9SH'' AND Group_Division=''400''','StringUtils.equals(c.getSegLabel20Lvl0(), "9SH") && StringUtils.equals(c.getSegLabel18Lvl0(), "400")',getDate(),'DBEU',getDate(),'DBEU',null)
insert into TSEGMENTRULE (SGTRUL_NT, SGMT_NF, SGT_NT, SGTVER_NT, RULE_LS, RULPRIO_CT, FUNCDEF_T, TECHDEF_T, CRE_D, CREUSR_CF, LSTUPD_D, LSTUPDUSR_CF, timestamp) values (1,50,105,1,'',3,'Geo_Grouping_3_SSD=''9AU'' AND Group_Division=''400''','StringUtils.equals(c.getSegLabel20Lvl0(), "9AU") && StringUtils.equals(c.getSegLabel18Lvl0(), "400")',getDate(),'DBEU',getDate(),'DBEU',null)
insert into TSEGMENTRULE (SGTRUL_NT, SGMT_NF, SGT_NT, SGTVER_NT, RULE_LS, RULPRIO_CT, FUNCDEF_T, TECHDEF_T, CRE_D, CREUSR_CF, LSTUPD_D, LSTUPDUSR_CF, timestamp) values (2,50,105,1,'',29,'Geo_Grouping_3_SSD=''9NZ'' AND Group_Division=''400''','StringUtils.equals(c.getSegLabel20Lvl0(), "9NZ") && StringUtils.equals(c.getSegLabel18Lvl0(), "400")',getDate(),'DBEU',getDate(),'DBEU',null)
insert into TSEGMENTRULE (SGTRUL_NT, SGMT_NF, SGT_NT, SGTVER_NT, RULE_LS, RULPRIO_CT, FUNCDEF_T, TECHDEF_T, CRE_D, CREUSR_CF, LSTUPD_D, LSTUPDUSR_CF, timestamp) values (3,50,105,1,'',30,'Geo_Grouping_3_SSD=''9OC'' AND Group_Division=''400''','StringUtils.equals(c.getSegLabel20Lvl0(), "9OC") && StringUtils.equals(c.getSegLabel18Lvl0(), "400")',getDate(),'DBEU',getDate(),'DBEU',null)
insert into TSEGMENTRULE (SGTRUL_NT, SGMT_NF, SGT_NT, SGTVER_NT, RULE_LS, RULPRIO_CT, FUNCDEF_T, TECHDEF_T, CRE_D, CREUSR_CF, LSTUPD_D, LSTUPDUSR_CF, timestamp) values (1,51,105,1,'',35,'Geo_Grouping_3_SSD=''9SC'' AND Group_Division=''400''','StringUtils.equals(c.getSegLabel20Lvl0(), "9SC") && StringUtils.equals(c.getSegLabel18Lvl0(), "400")',getDate(),'DBEU',getDate(),'DBEU',null)
insert into TSEGMENTRULE (SGTRUL_NT, SGMT_NF, SGT_NT, SGTVER_NT, RULE_LS, RULPRIO_CT, FUNCDEF_T, TECHDEF_T, CRE_D, CREUSR_CF, LSTUPD_D, LSTUPDUSR_CF, timestamp) values (1,52,105,1,'',5,'Geo_Grouping_3_SSD=''9BZ'' AND Group_Division=''400''','StringUtils.equals(c.getSegLabel20Lvl0(), "9BZ") && StringUtils.equals(c.getSegLabel18Lvl0(), "400")',getDate(),'DBEU',getDate(),'DBEU',null)
insert into TSEGMENTRULE (SGTRUL_NT, SGMT_NF, SGT_NT, SGTVER_NT, RULE_LS, RULPRIO_CT, FUNCDEF_T, TECHDEF_T, CRE_D, CREUSR_CF, LSTUPD_D, LSTUPDUSR_CF, timestamp) values (2,52,105,1,'',34,'Geo_Grouping_3_SSD=''9SA'' AND Group_Division=''400''','StringUtils.equals(c.getSegLabel20Lvl0(), "9SA") && StringUtils.equals(c.getSegLabel18Lvl0(), "400")',getDate(),'DBEU',getDate(),'DBEU',null)
insert into TSEGMENTRULE (SGTRUL_NT, SGMT_NF, SGT_NT, SGTVER_NT, RULE_LS, RULPRIO_CT, FUNCDEF_T, TECHDEF_T, CRE_D, CREUSR_CF, LSTUPD_D, LSTUPDUSR_CF, timestamp) values (1,53,105,1,'',43,'Geo_Grouping_3_SSD=''9UK'' AND Group_Division=''400''','StringUtils.equals(c.getSegLabel20Lvl0(), "9UK") && StringUtils.equals(c.getSegLabel18Lvl0(), "400")',getDate(),'DBEU',getDate(),'DBEU',null)
insert into TSEGMENTRULE (SGTRUL_NT, SGMT_NF, SGT_NT, SGTVER_NT, RULE_LS, RULPRIO_CT, FUNCDEF_T, TECHDEF_T, CRE_D, CREUSR_CF, LSTUPD_D, LSTUPDUSR_CF, timestamp) values (1,54,105,1,'',44,'Geo_Grouping_3_SSD=''9UN'' AND Group_Division=''400''','StringUtils.equals(c.getSegLabel20Lvl0(), "9UN") && StringUtils.equals(c.getSegLabel18Lvl0(), "400")',getDate(),'DBEU',getDate(),'DBEU',null)
insert into TSEGMENTRULE (SGTRUL_NT, SGMT_NF, SGT_NT, SGTVER_NT, RULE_LS, RULPRIO_CT, FUNCDEF_T, TECHDEF_T, CRE_D, CREUSR_CF, LSTUPD_D, LSTUPDUSR_CF, timestamp) values (1,55,105,1,'',45,'Geo_Grouping_3_SSD=''9US'' AND Group_Division=''400''','StringUtils.equals(c.getSegLabel20Lvl0(), "9US") && StringUtils.equals(c.getSegLabel18Lvl0(), "400")',getDate(),'DBEU',getDate(),'DBEU',null)
go

-- Update the Rule label with the label of the segment (TSEGMT.SGMT_LS)
UPDATE TSEGMENTRULE SET RULE_LS=SGMT_LS
FROM TSEGMENTRULE, TSEGMT
WHERE TSEGMT.SGT_NT = TSEGMENTRULE.SGT_NT AND TSEGMT.SGTVER_NT = TSEGMENTRULE.SGTVER_NT AND TSEGMENTRULE.SGMT_NF = TSEGMT.SGMT_NF
and TSEGMENTRULE.SGT_NT = 105
go
insert into TSEGMENTRULE2TYPE (SGTRUL_NT, SGMT_NF, SGT_NT, SGTVER_NT, SGTTYP_NT, CRE_D, CREUSR_CF) values (1,1,105,1,20,getDate(),'DBEU')
insert into TSEGMENTRULE2TYPE (SGTRUL_NT, SGMT_NF, SGT_NT, SGTVER_NT, SGTTYP_NT, CRE_D, CREUSR_CF) values (2,1,105,1,20,getDate(),'DBEU')
insert into TSEGMENTRULE2TYPE (SGTRUL_NT, SGMT_NF, SGT_NT, SGTVER_NT, SGTTYP_NT, CRE_D, CREUSR_CF) values (3,1,105,1,20,getDate(),'DBEU')
go
insert into TSEGMENTRULE2TYPE (SGTRUL_NT, SGMT_NF, SGT_NT, SGTVER_NT, SGTTYP_NT, CRE_D, CREUSR_CF) values (1,2,105,1,20,getDate(),'DBEU')
insert into TSEGMENTRULE2TYPE (SGTRUL_NT, SGMT_NF, SGT_NT, SGTVER_NT, SGTTYP_NT, CRE_D, CREUSR_CF) values (2,2,105,1,20,getDate(),'DBEU')
insert into TSEGMENTRULE2TYPE (SGTRUL_NT, SGMT_NF, SGT_NT, SGTVER_NT, SGTTYP_NT, CRE_D, CREUSR_CF) values (3,2,105,1,20,getDate(),'DBEU')
insert into TSEGMENTRULE2TYPE (SGTRUL_NT, SGMT_NF, SGT_NT, SGTVER_NT, SGTTYP_NT, CRE_D, CREUSR_CF) values (4,2,105,1,20,getDate(),'DBEU')
insert into TSEGMENTRULE2TYPE (SGTRUL_NT, SGMT_NF, SGT_NT, SGTVER_NT, SGTTYP_NT, CRE_D, CREUSR_CF) values (5,2,105,1,20,getDate(),'DBEU')
insert into TSEGMENTRULE2TYPE (SGTRUL_NT, SGMT_NF, SGT_NT, SGTVER_NT, SGTTYP_NT, CRE_D, CREUSR_CF) values (6,2,105,1,20,getDate(),'DBEU')
insert into TSEGMENTRULE2TYPE (SGTRUL_NT, SGMT_NF, SGT_NT, SGTVER_NT, SGTTYP_NT, CRE_D, CREUSR_CF) values (7,2,105,1,20,getDate(),'DBEU')
insert into TSEGMENTRULE2TYPE (SGTRUL_NT, SGMT_NF, SGT_NT, SGTVER_NT, SGTTYP_NT, CRE_D, CREUSR_CF) values (8,2,105,1,20,getDate(),'DBEU')
insert into TSEGMENTRULE2TYPE (SGTRUL_NT, SGMT_NF, SGT_NT, SGTVER_NT, SGTTYP_NT, CRE_D, CREUSR_CF) values (9,2,105,1,20,getDate(),'DBEU')
insert into TSEGMENTRULE2TYPE (SGTRUL_NT, SGMT_NF, SGT_NT, SGTVER_NT, SGTTYP_NT, CRE_D, CREUSR_CF) values (10,2,105,1,20,getDate(),'DBEU')
insert into TSEGMENTRULE2TYPE (SGTRUL_NT, SGMT_NF, SGT_NT, SGTVER_NT, SGTTYP_NT, CRE_D, CREUSR_CF) values (11,2,105,1,20,getDate(),'DBEU')
insert into TSEGMENTRULE2TYPE (SGTRUL_NT, SGMT_NF, SGT_NT, SGTVER_NT, SGTTYP_NT, CRE_D, CREUSR_CF) values (12,2,105,1,20,getDate(),'DBEU')
insert into TSEGMENTRULE2TYPE (SGTRUL_NT, SGMT_NF, SGT_NT, SGTVER_NT, SGTTYP_NT, CRE_D, CREUSR_CF) values (13,2,105,1,20,getDate(),'DBEU')
insert into TSEGMENTRULE2TYPE (SGTRUL_NT, SGMT_NF, SGT_NT, SGTVER_NT, SGTTYP_NT, CRE_D, CREUSR_CF) values (14,2,105,1,20,getDate(),'DBEU')
insert into TSEGMENTRULE2TYPE (SGTRUL_NT, SGMT_NF, SGT_NT, SGTVER_NT, SGTTYP_NT, CRE_D, CREUSR_CF) values (15,2,105,1,20,getDate(),'DBEU')
insert into TSEGMENTRULE2TYPE (SGTRUL_NT, SGMT_NF, SGT_NT, SGTVER_NT, SGTTYP_NT, CRE_D, CREUSR_CF) values (16,2,105,1,20,getDate(),'DBEU')
insert into TSEGMENTRULE2TYPE (SGTRUL_NT, SGMT_NF, SGT_NT, SGTVER_NT, SGTTYP_NT, CRE_D, CREUSR_CF) values (17,2,105,1,20,getDate(),'DBEU')
insert into TSEGMENTRULE2TYPE (SGTRUL_NT, SGMT_NF, SGT_NT, SGTVER_NT, SGTTYP_NT, CRE_D, CREUSR_CF) values (18,2,105,1,20,getDate(),'DBEU')
insert into TSEGMENTRULE2TYPE (SGTRUL_NT, SGMT_NF, SGT_NT, SGTVER_NT, SGTTYP_NT, CRE_D, CREUSR_CF) values (19,2,105,1,20,getDate(),'DBEU')
insert into TSEGMENTRULE2TYPE (SGTRUL_NT, SGMT_NF, SGT_NT, SGTVER_NT, SGTTYP_NT, CRE_D, CREUSR_CF) values (20,2,105,1,20,getDate(),'DBEU')
insert into TSEGMENTRULE2TYPE (SGTRUL_NT, SGMT_NF, SGT_NT, SGTVER_NT, SGTTYP_NT, CRE_D, CREUSR_CF) values (21,2,105,1,20,getDate(),'DBEU')
insert into TSEGMENTRULE2TYPE (SGTRUL_NT, SGMT_NF, SGT_NT, SGTVER_NT, SGTTYP_NT, CRE_D, CREUSR_CF) values (22,2,105,1,20,getDate(),'DBEU')
insert into TSEGMENTRULE2TYPE (SGTRUL_NT, SGMT_NF, SGT_NT, SGTVER_NT, SGTTYP_NT, CRE_D, CREUSR_CF) values (23,2,105,1,20,getDate(),'DBEU')
insert into TSEGMENTRULE2TYPE (SGTRUL_NT, SGMT_NF, SGT_NT, SGTVER_NT, SGTTYP_NT, CRE_D, CREUSR_CF) values (24,2,105,1,20,getDate(),'DBEU')
insert into TSEGMENTRULE2TYPE (SGTRUL_NT, SGMT_NF, SGT_NT, SGTVER_NT, SGTTYP_NT, CRE_D, CREUSR_CF) values (25,2,105,1,20,getDate(),'DBEU')
insert into TSEGMENTRULE2TYPE (SGTRUL_NT, SGMT_NF, SGT_NT, SGTVER_NT, SGTTYP_NT, CRE_D, CREUSR_CF) values (26,2,105,1,20,getDate(),'DBEU')
insert into TSEGMENTRULE2TYPE (SGTRUL_NT, SGMT_NF, SGT_NT, SGTVER_NT, SGTTYP_NT, CRE_D, CREUSR_CF) values (27,2,105,1,20,getDate(),'DBEU')
go
insert into TSEGMENTRULE2TYPE (SGTRUL_NT, SGMT_NF, SGT_NT, SGTVER_NT, SGTTYP_NT, CRE_D, CREUSR_CF) values (1,3,105,1,20,getDate(),'DBEU')
insert into TSEGMENTRULE2TYPE (SGTRUL_NT, SGMT_NF, SGT_NT, SGTVER_NT, SGTTYP_NT, CRE_D, CREUSR_CF) values (2,3,105,1,20,getDate(),'DBEU')
insert into TSEGMENTRULE2TYPE (SGTRUL_NT, SGMT_NF, SGT_NT, SGTVER_NT, SGTTYP_NT, CRE_D, CREUSR_CF) values (3,3,105,1,20,getDate(),'DBEU')
insert into TSEGMENTRULE2TYPE (SGTRUL_NT, SGMT_NF, SGT_NT, SGTVER_NT, SGTTYP_NT, CRE_D, CREUSR_CF) values (4,3,105,1,20,getDate(),'DBEU')
insert into TSEGMENTRULE2TYPE (SGTRUL_NT, SGMT_NF, SGT_NT, SGTVER_NT, SGTTYP_NT, CRE_D, CREUSR_CF) values (5,3,105,1,20,getDate(),'DBEU')
insert into TSEGMENTRULE2TYPE (SGTRUL_NT, SGMT_NF, SGT_NT, SGTVER_NT, SGTTYP_NT, CRE_D, CREUSR_CF) values (6,3,105,1,20,getDate(),'DBEU')
insert into TSEGMENTRULE2TYPE (SGTRUL_NT, SGMT_NF, SGT_NT, SGTVER_NT, SGTTYP_NT, CRE_D, CREUSR_CF) values (7,3,105,1,20,getDate(),'DBEU')
insert into TSEGMENTRULE2TYPE (SGTRUL_NT, SGMT_NF, SGT_NT, SGTVER_NT, SGTTYP_NT, CRE_D, CREUSR_CF) values (8,3,105,1,20,getDate(),'DBEU')
insert into TSEGMENTRULE2TYPE (SGTRUL_NT, SGMT_NF, SGT_NT, SGTVER_NT, SGTTYP_NT, CRE_D, CREUSR_CF) values (9,3,105,1,20,getDate(),'DBEU')
insert into TSEGMENTRULE2TYPE (SGTRUL_NT, SGMT_NF, SGT_NT, SGTVER_NT, SGTTYP_NT, CRE_D, CREUSR_CF) values (10,3,105,1,20,getDate(),'DBEU')
go
insert into TSEGMENTRULE2TYPE (SGTRUL_NT, SGMT_NF, SGT_NT, SGTVER_NT, SGTTYP_NT, CRE_D, CREUSR_CF) values (1,4,105,1,20,getDate(),'DBEU')
insert into TSEGMENTRULE2TYPE (SGTRUL_NT, SGMT_NF, SGT_NT, SGTVER_NT, SGTTYP_NT, CRE_D, CREUSR_CF) values (2,4,105,1,20,getDate(),'DBEU')
insert into TSEGMENTRULE2TYPE (SGTRUL_NT, SGMT_NF, SGT_NT, SGTVER_NT, SGTTYP_NT, CRE_D, CREUSR_CF) values (3,4,105,1,20,getDate(),'DBEU')
insert into TSEGMENTRULE2TYPE (SGTRUL_NT, SGMT_NF, SGT_NT, SGTVER_NT, SGTTYP_NT, CRE_D, CREUSR_CF) values (4,4,105,1,20,getDate(),'DBEU')
insert into TSEGMENTRULE2TYPE (SGTRUL_NT, SGMT_NF, SGT_NT, SGTVER_NT, SGTTYP_NT, CRE_D, CREUSR_CF) values (5,4,105,1,20,getDate(),'DBEU')
insert into TSEGMENTRULE2TYPE (SGTRUL_NT, SGMT_NF, SGT_NT, SGTVER_NT, SGTTYP_NT, CRE_D, CREUSR_CF) values (6,4,105,1,20,getDate(),'DBEU')
insert into TSEGMENTRULE2TYPE (SGTRUL_NT, SGMT_NF, SGT_NT, SGTVER_NT, SGTTYP_NT, CRE_D, CREUSR_CF) values (7,4,105,1,20,getDate(),'DBEU')
go
insert into TSEGMENTRULE2TYPE (SGTRUL_NT, SGMT_NF, SGT_NT, SGTVER_NT, SGTTYP_NT, CRE_D, CREUSR_CF) values (1,5,105,1,20,getDate(),'DBEU')
insert into TSEGMENTRULE2TYPE (SGTRUL_NT, SGMT_NF, SGT_NT, SGTVER_NT, SGTTYP_NT, CRE_D, CREUSR_CF) values (2,5,105,1,20,getDate(),'DBEU')
insert into TSEGMENTRULE2TYPE (SGTRUL_NT, SGMT_NF, SGT_NT, SGTVER_NT, SGTTYP_NT, CRE_D, CREUSR_CF) values (3,5,105,1,20,getDate(),'DBEU')
insert into TSEGMENTRULE2TYPE (SGTRUL_NT, SGMT_NF, SGT_NT, SGTVER_NT, SGTTYP_NT, CRE_D, CREUSR_CF) values (4,5,105,1,20,getDate(),'DBEU')
insert into TSEGMENTRULE2TYPE (SGTRUL_NT, SGMT_NF, SGT_NT, SGTVER_NT, SGTTYP_NT, CRE_D, CREUSR_CF) values (5,5,105,1,20,getDate(),'DBEU')
insert into TSEGMENTRULE2TYPE (SGTRUL_NT, SGMT_NF, SGT_NT, SGTVER_NT, SGTTYP_NT, CRE_D, CREUSR_CF) values (6,5,105,1,20,getDate(),'DBEU')
insert into TSEGMENTRULE2TYPE (SGTRUL_NT, SGMT_NF, SGT_NT, SGTVER_NT, SGTTYP_NT, CRE_D, CREUSR_CF) values (7,5,105,1,20,getDate(),'DBEU')
insert into TSEGMENTRULE2TYPE (SGTRUL_NT, SGMT_NF, SGT_NT, SGTVER_NT, SGTTYP_NT, CRE_D, CREUSR_CF) values (8,5,105,1,20,getDate(),'DBEU')
insert into TSEGMENTRULE2TYPE (SGTRUL_NT, SGMT_NF, SGT_NT, SGTVER_NT, SGTTYP_NT, CRE_D, CREUSR_CF) values (9,5,105,1,20,getDate(),'DBEU')
insert into TSEGMENTRULE2TYPE (SGTRUL_NT, SGMT_NF, SGT_NT, SGTVER_NT, SGTTYP_NT, CRE_D, CREUSR_CF) values (10,5,105,1,20,getDate(),'DBEU')
insert into TSEGMENTRULE2TYPE (SGTRUL_NT, SGMT_NF, SGT_NT, SGTVER_NT, SGTTYP_NT, CRE_D, CREUSR_CF) values (11,5,105,1,20,getDate(),'DBEU')
go
insert into TSEGMENTRULE2TYPE (SGTRUL_NT, SGMT_NF, SGT_NT, SGTVER_NT, SGTTYP_NT, CRE_D, CREUSR_CF) values (1,6,105,1,20,getDate(),'DBEU')
insert into TSEGMENTRULE2TYPE (SGTRUL_NT, SGMT_NF, SGT_NT, SGTVER_NT, SGTTYP_NT, CRE_D, CREUSR_CF) values (2,6,105,1,20,getDate(),'DBEU')
insert into TSEGMENTRULE2TYPE (SGTRUL_NT, SGMT_NF, SGT_NT, SGTVER_NT, SGTTYP_NT, CRE_D, CREUSR_CF) values (3,6,105,1,20,getDate(),'DBEU')
go
insert into TSEGMENTRULE2TYPE (SGTRUL_NT, SGMT_NF, SGT_NT, SGTVER_NT, SGTTYP_NT, CRE_D, CREUSR_CF) values (1,7,105,1,20,getDate(),'DBEU')
insert into TSEGMENTRULE2TYPE (SGTRUL_NT, SGMT_NF, SGT_NT, SGTVER_NT, SGTTYP_NT, CRE_D, CREUSR_CF) values (2,7,105,1,20,getDate(),'DBEU')
insert into TSEGMENTRULE2TYPE (SGTRUL_NT, SGMT_NF, SGT_NT, SGTVER_NT, SGTTYP_NT, CRE_D, CREUSR_CF) values (3,7,105,1,20,getDate(),'DBEU')
insert into TSEGMENTRULE2TYPE (SGTRUL_NT, SGMT_NF, SGT_NT, SGTVER_NT, SGTTYP_NT, CRE_D, CREUSR_CF) values (4,7,105,1,20,getDate(),'DBEU')
insert into TSEGMENTRULE2TYPE (SGTRUL_NT, SGMT_NF, SGT_NT, SGTVER_NT, SGTTYP_NT, CRE_D, CREUSR_CF) values (5,7,105,1,20,getDate(),'DBEU')
insert into TSEGMENTRULE2TYPE (SGTRUL_NT, SGMT_NF, SGT_NT, SGTVER_NT, SGTTYP_NT, CRE_D, CREUSR_CF) values (6,7,105,1,20,getDate(),'DBEU')
insert into TSEGMENTRULE2TYPE (SGTRUL_NT, SGMT_NF, SGT_NT, SGTVER_NT, SGTTYP_NT, CRE_D, CREUSR_CF) values (7,7,105,1,20,getDate(),'DBEU')
insert into TSEGMENTRULE2TYPE (SGTRUL_NT, SGMT_NF, SGT_NT, SGTVER_NT, SGTTYP_NT, CRE_D, CREUSR_CF) values (8,7,105,1,20,getDate(),'DBEU')
insert into TSEGMENTRULE2TYPE (SGTRUL_NT, SGMT_NF, SGT_NT, SGTVER_NT, SGTTYP_NT, CRE_D, CREUSR_CF) values (9,7,105,1,20,getDate(),'DBEU')
go
insert into TSEGMENTRULE2TYPE (SGTRUL_NT, SGMT_NF, SGT_NT, SGTVER_NT, SGTTYP_NT, CRE_D, CREUSR_CF) values (1,8,105,1,20,getDate(),'DBEU')
insert into TSEGMENTRULE2TYPE (SGTRUL_NT, SGMT_NF, SGT_NT, SGTVER_NT, SGTTYP_NT, CRE_D, CREUSR_CF) values (2,8,105,1,20,getDate(),'DBEU')
insert into TSEGMENTRULE2TYPE (SGTRUL_NT, SGMT_NF, SGT_NT, SGTVER_NT, SGTTYP_NT, CRE_D, CREUSR_CF) values (3,8,105,1,20,getDate(),'DBEU')
insert into TSEGMENTRULE2TYPE (SGTRUL_NT, SGMT_NF, SGT_NT, SGTVER_NT, SGTTYP_NT, CRE_D, CREUSR_CF) values (4,8,105,1,20,getDate(),'DBEU')
insert into TSEGMENTRULE2TYPE (SGTRUL_NT, SGMT_NF, SGT_NT, SGTVER_NT, SGTTYP_NT, CRE_D, CREUSR_CF) values (5,8,105,1,20,getDate(),'DBEU')
insert into TSEGMENTRULE2TYPE (SGTRUL_NT, SGMT_NF, SGT_NT, SGTVER_NT, SGTTYP_NT, CRE_D, CREUSR_CF) values (6,8,105,1,20,getDate(),'DBEU')
insert into TSEGMENTRULE2TYPE (SGTRUL_NT, SGMT_NF, SGT_NT, SGTVER_NT, SGTTYP_NT, CRE_D, CREUSR_CF) values (7,8,105,1,20,getDate(),'DBEU')
insert into TSEGMENTRULE2TYPE (SGTRUL_NT, SGMT_NF, SGT_NT, SGTVER_NT, SGTTYP_NT, CRE_D, CREUSR_CF) values (8,8,105,1,20,getDate(),'DBEU')
insert into TSEGMENTRULE2TYPE (SGTRUL_NT, SGMT_NF, SGT_NT, SGTVER_NT, SGTTYP_NT, CRE_D, CREUSR_CF) values (9,8,105,1,20,getDate(),'DBEU')
insert into TSEGMENTRULE2TYPE (SGTRUL_NT, SGMT_NF, SGT_NT, SGTVER_NT, SGTTYP_NT, CRE_D, CREUSR_CF) values (10,8,105,1,20,getDate(),'DBEU')
insert into TSEGMENTRULE2TYPE (SGTRUL_NT, SGMT_NF, SGT_NT, SGTVER_NT, SGTTYP_NT, CRE_D, CREUSR_CF) values (11,8,105,1,20,getDate(),'DBEU')
insert into TSEGMENTRULE2TYPE (SGTRUL_NT, SGMT_NF, SGT_NT, SGTVER_NT, SGTTYP_NT, CRE_D, CREUSR_CF) values (12,8,105,1,20,getDate(),'DBEU')
insert into TSEGMENTRULE2TYPE (SGTRUL_NT, SGMT_NF, SGT_NT, SGTVER_NT, SGTTYP_NT, CRE_D, CREUSR_CF) values (13,8,105,1,20,getDate(),'DBEU')
insert into TSEGMENTRULE2TYPE (SGTRUL_NT, SGMT_NF, SGT_NT, SGTVER_NT, SGTTYP_NT, CRE_D, CREUSR_CF) values (14,8,105,1,20,getDate(),'DBEU')
insert into TSEGMENTRULE2TYPE (SGTRUL_NT, SGMT_NF, SGT_NT, SGTVER_NT, SGTTYP_NT, CRE_D, CREUSR_CF) values (15,8,105,1,20,getDate(),'DBEU')
insert into TSEGMENTRULE2TYPE (SGTRUL_NT, SGMT_NF, SGT_NT, SGTVER_NT, SGTTYP_NT, CRE_D, CREUSR_CF) values (16,8,105,1,20,getDate(),'DBEU')
insert into TSEGMENTRULE2TYPE (SGTRUL_NT, SGMT_NF, SGT_NT, SGTVER_NT, SGTTYP_NT, CRE_D, CREUSR_CF) values (17,8,105,1,20,getDate(),'DBEU')
insert into TSEGMENTRULE2TYPE (SGTRUL_NT, SGMT_NF, SGT_NT, SGTVER_NT, SGTTYP_NT, CRE_D, CREUSR_CF) values (18,8,105,1,20,getDate(),'DBEU')
insert into TSEGMENTRULE2TYPE (SGTRUL_NT, SGMT_NF, SGT_NT, SGTVER_NT, SGTTYP_NT, CRE_D, CREUSR_CF) values (19,8,105,1,20,getDate(),'DBEU')
insert into TSEGMENTRULE2TYPE (SGTRUL_NT, SGMT_NF, SGT_NT, SGTVER_NT, SGTTYP_NT, CRE_D, CREUSR_CF) values (20,8,105,1,20,getDate(),'DBEU')
insert into TSEGMENTRULE2TYPE (SGTRUL_NT, SGMT_NF, SGT_NT, SGTVER_NT, SGTTYP_NT, CRE_D, CREUSR_CF) values (21,8,105,1,20,getDate(),'DBEU')
insert into TSEGMENTRULE2TYPE (SGTRUL_NT, SGMT_NF, SGT_NT, SGTVER_NT, SGTTYP_NT, CRE_D, CREUSR_CF) values (22,8,105,1,20,getDate(),'DBEU')
insert into TSEGMENTRULE2TYPE (SGTRUL_NT, SGMT_NF, SGT_NT, SGTVER_NT, SGTTYP_NT, CRE_D, CREUSR_CF) values (23,8,105,1,20,getDate(),'DBEU')
insert into TSEGMENTRULE2TYPE (SGTRUL_NT, SGMT_NF, SGT_NT, SGTVER_NT, SGTTYP_NT, CRE_D, CREUSR_CF) values (24,8,105,1,20,getDate(),'DBEU')
insert into TSEGMENTRULE2TYPE (SGTRUL_NT, SGMT_NF, SGT_NT, SGTVER_NT, SGTTYP_NT, CRE_D, CREUSR_CF) values (25,8,105,1,20,getDate(),'DBEU')
insert into TSEGMENTRULE2TYPE (SGTRUL_NT, SGMT_NF, SGT_NT, SGTVER_NT, SGTTYP_NT, CRE_D, CREUSR_CF) values (26,8,105,1,20,getDate(),'DBEU')
go
insert into TSEGMENTRULE2TYPE (SGTRUL_NT, SGMT_NF, SGT_NT, SGTVER_NT, SGTTYP_NT, CRE_D, CREUSR_CF) values (1,9,105,1,20,getDate(),'DBEU')
insert into TSEGMENTRULE2TYPE (SGTRUL_NT, SGMT_NF, SGT_NT, SGTVER_NT, SGTTYP_NT, CRE_D, CREUSR_CF) values (2,9,105,1,20,getDate(),'DBEU')
insert into TSEGMENTRULE2TYPE (SGTRUL_NT, SGMT_NF, SGT_NT, SGTVER_NT, SGTTYP_NT, CRE_D, CREUSR_CF) values (3,9,105,1,20,getDate(),'DBEU')
insert into TSEGMENTRULE2TYPE (SGTRUL_NT, SGMT_NF, SGT_NT, SGTVER_NT, SGTTYP_NT, CRE_D, CREUSR_CF) values (4,9,105,1,20,getDate(),'DBEU')
insert into TSEGMENTRULE2TYPE (SGTRUL_NT, SGMT_NF, SGT_NT, SGTVER_NT, SGTTYP_NT, CRE_D, CREUSR_CF) values (5,9,105,1,20,getDate(),'DBEU')
insert into TSEGMENTRULE2TYPE (SGTRUL_NT, SGMT_NF, SGT_NT, SGTVER_NT, SGTTYP_NT, CRE_D, CREUSR_CF) values (6,9,105,1,20,getDate(),'DBEU')
insert into TSEGMENTRULE2TYPE (SGTRUL_NT, SGMT_NF, SGT_NT, SGTVER_NT, SGTTYP_NT, CRE_D, CREUSR_CF) values (7,9,105,1,20,getDate(),'DBEU')
insert into TSEGMENTRULE2TYPE (SGTRUL_NT, SGMT_NF, SGT_NT, SGTVER_NT, SGTTYP_NT, CRE_D, CREUSR_CF) values (8,9,105,1,20,getDate(),'DBEU')
go
insert into TSEGMENTRULE2TYPE (SGTRUL_NT, SGMT_NF, SGT_NT, SGTVER_NT, SGTTYP_NT, CRE_D, CREUSR_CF) values (1,10,105,1,20,getDate(),'DBEU')
go
insert into TSEGMENTRULE2TYPE (SGTRUL_NT, SGMT_NF, SGT_NT, SGTVER_NT, SGTTYP_NT, CRE_D, CREUSR_CF) values (1,11,105,1,20,getDate(),'DBEU')
insert into TSEGMENTRULE2TYPE (SGTRUL_NT, SGMT_NF, SGT_NT, SGTVER_NT, SGTTYP_NT, CRE_D, CREUSR_CF) values (2,11,105,1,20,getDate(),'DBEU')
insert into TSEGMENTRULE2TYPE (SGTRUL_NT, SGMT_NF, SGT_NT, SGTVER_NT, SGTTYP_NT, CRE_D, CREUSR_CF) values (3,11,105,1,20,getDate(),'DBEU')
insert into TSEGMENTRULE2TYPE (SGTRUL_NT, SGMT_NF, SGT_NT, SGTVER_NT, SGTTYP_NT, CRE_D, CREUSR_CF) values (4,11,105,1,20,getDate(),'DBEU')
insert into TSEGMENTRULE2TYPE (SGTRUL_NT, SGMT_NF, SGT_NT, SGTVER_NT, SGTTYP_NT, CRE_D, CREUSR_CF) values (5,11,105,1,20,getDate(),'DBEU')
insert into TSEGMENTRULE2TYPE (SGTRUL_NT, SGMT_NF, SGT_NT, SGTVER_NT, SGTTYP_NT, CRE_D, CREUSR_CF) values (6,11,105,1,20,getDate(),'DBEU')
insert into TSEGMENTRULE2TYPE (SGTRUL_NT, SGMT_NF, SGT_NT, SGTVER_NT, SGTTYP_NT, CRE_D, CREUSR_CF) values (7,11,105,1,20,getDate(),'DBEU')
insert into TSEGMENTRULE2TYPE (SGTRUL_NT, SGMT_NF, SGT_NT, SGTVER_NT, SGTTYP_NT, CRE_D, CREUSR_CF) values (8,11,105,1,20,getDate(),'DBEU')
insert into TSEGMENTRULE2TYPE (SGTRUL_NT, SGMT_NF, SGT_NT, SGTVER_NT, SGTTYP_NT, CRE_D, CREUSR_CF) values (9,11,105,1,20,getDate(),'DBEU')
insert into TSEGMENTRULE2TYPE (SGTRUL_NT, SGMT_NF, SGT_NT, SGTVER_NT, SGTTYP_NT, CRE_D, CREUSR_CF) values (10,11,105,1,20,getDate(),'DBEU')
insert into TSEGMENTRULE2TYPE (SGTRUL_NT, SGMT_NF, SGT_NT, SGTVER_NT, SGTTYP_NT, CRE_D, CREUSR_CF) values (11,11,105,1,20,getDate(),'DBEU')
insert into TSEGMENTRULE2TYPE (SGTRUL_NT, SGMT_NF, SGT_NT, SGTVER_NT, SGTTYP_NT, CRE_D, CREUSR_CF) values (12,11,105,1,20,getDate(),'DBEU')
insert into TSEGMENTRULE2TYPE (SGTRUL_NT, SGMT_NF, SGT_NT, SGTVER_NT, SGTTYP_NT, CRE_D, CREUSR_CF) values (13,11,105,1,20,getDate(),'DBEU')
insert into TSEGMENTRULE2TYPE (SGTRUL_NT, SGMT_NF, SGT_NT, SGTVER_NT, SGTTYP_NT, CRE_D, CREUSR_CF) values (14,11,105,1,20,getDate(),'DBEU')
go
insert into TSEGMENTRULE2TYPE (SGTRUL_NT, SGMT_NF, SGT_NT, SGTVER_NT, SGTTYP_NT, CRE_D, CREUSR_CF) values (1,12,105,1,20,getDate(),'DBEU')
insert into TSEGMENTRULE2TYPE (SGTRUL_NT, SGMT_NF, SGT_NT, SGTVER_NT, SGTTYP_NT, CRE_D, CREUSR_CF) values (2,12,105,1,20,getDate(),'DBEU')
insert into TSEGMENTRULE2TYPE (SGTRUL_NT, SGMT_NF, SGT_NT, SGTVER_NT, SGTTYP_NT, CRE_D, CREUSR_CF) values (3,12,105,1,20,getDate(),'DBEU')
insert into TSEGMENTRULE2TYPE (SGTRUL_NT, SGMT_NF, SGT_NT, SGTVER_NT, SGTTYP_NT, CRE_D, CREUSR_CF) values (4,12,105,1,20,getDate(),'DBEU')
go
insert into TSEGMENTRULE2TYPE (SGTRUL_NT, SGMT_NF, SGT_NT, SGTVER_NT, SGTTYP_NT, CRE_D, CREUSR_CF) values (1,13,105,1,20,getDate(),'DBEU')
insert into TSEGMENTRULE2TYPE (SGTRUL_NT, SGMT_NF, SGT_NT, SGTVER_NT, SGTTYP_NT, CRE_D, CREUSR_CF) values (2,13,105,1,20,getDate(),'DBEU')
insert into TSEGMENTRULE2TYPE (SGTRUL_NT, SGMT_NF, SGT_NT, SGTVER_NT, SGTTYP_NT, CRE_D, CREUSR_CF) values (3,13,105,1,20,getDate(),'DBEU')
go
insert into TSEGMENTRULE2TYPE (SGTRUL_NT, SGMT_NF, SGT_NT, SGTVER_NT, SGTTYP_NT, CRE_D, CREUSR_CF) values (1,14,105,1,20,getDate(),'DBEU')
go
insert into TSEGMENTRULE2TYPE (SGTRUL_NT, SGMT_NF, SGT_NT, SGTVER_NT, SGTTYP_NT, CRE_D, CREUSR_CF) values (1,15,105,1,20,getDate(),'DBEU')
go
insert into TSEGMENTRULE2TYPE (SGTRUL_NT, SGMT_NF, SGT_NT, SGTVER_NT, SGTTYP_NT, CRE_D, CREUSR_CF) values (1,16,105,1,20,getDate(),'DBEU')
insert into TSEGMENTRULE2TYPE (SGTRUL_NT, SGMT_NF, SGT_NT, SGTVER_NT, SGTTYP_NT, CRE_D, CREUSR_CF) values (2,16,105,1,20,getDate(),'DBEU')
insert into TSEGMENTRULE2TYPE (SGTRUL_NT, SGMT_NF, SGT_NT, SGTVER_NT, SGTTYP_NT, CRE_D, CREUSR_CF) values (3,16,105,1,20,getDate(),'DBEU')
go
insert into TSEGMENTRULE2TYPE (SGTRUL_NT, SGMT_NF, SGT_NT, SGTVER_NT, SGTTYP_NT, CRE_D, CREUSR_CF) values (1,17,105,1,20,getDate(),'DBEU')
go
insert into TSEGMENTRULE2TYPE (SGTRUL_NT, SGMT_NF, SGT_NT, SGTVER_NT, SGTTYP_NT, CRE_D, CREUSR_CF) values (1,18,105,1,20,getDate(),'DBEU')
insert into TSEGMENTRULE2TYPE (SGTRUL_NT, SGMT_NF, SGT_NT, SGTVER_NT, SGTTYP_NT, CRE_D, CREUSR_CF) values (2,18,105,1,20,getDate(),'DBEU')
go
insert into TSEGMENTRULE2TYPE (SGTRUL_NT, SGMT_NF, SGT_NT, SGTVER_NT, SGTTYP_NT, CRE_D, CREUSR_CF) values (1,19,105,1,20,getDate(),'DBEU')
go
insert into TSEGMENTRULE2TYPE (SGTRUL_NT, SGMT_NF, SGT_NT, SGTVER_NT, SGTTYP_NT, CRE_D, CREUSR_CF) values (1,20,105,1,20,getDate(),'DBEU')
insert into TSEGMENTRULE2TYPE (SGTRUL_NT, SGMT_NF, SGT_NT, SGTVER_NT, SGTTYP_NT, CRE_D, CREUSR_CF) values (2,20,105,1,20,getDate(),'DBEU')
insert into TSEGMENTRULE2TYPE (SGTRUL_NT, SGMT_NF, SGT_NT, SGTVER_NT, SGTTYP_NT, CRE_D, CREUSR_CF) values (3,20,105,1,20,getDate(),'DBEU')
insert into TSEGMENTRULE2TYPE (SGTRUL_NT, SGMT_NF, SGT_NT, SGTVER_NT, SGTTYP_NT, CRE_D, CREUSR_CF) values (4,20,105,1,20,getDate(),'DBEU')
insert into TSEGMENTRULE2TYPE (SGTRUL_NT, SGMT_NF, SGT_NT, SGTVER_NT, SGTTYP_NT, CRE_D, CREUSR_CF) values (5,20,105,1,20,getDate(),'DBEU')
insert into TSEGMENTRULE2TYPE (SGTRUL_NT, SGMT_NF, SGT_NT, SGTVER_NT, SGTTYP_NT, CRE_D, CREUSR_CF) values (6,20,105,1,20,getDate(),'DBEU')
insert into TSEGMENTRULE2TYPE (SGTRUL_NT, SGMT_NF, SGT_NT, SGTVER_NT, SGTTYP_NT, CRE_D, CREUSR_CF) values (7,20,105,1,20,getDate(),'DBEU')
go
insert into TSEGMENTRULE2TYPE (SGTRUL_NT, SGMT_NF, SGT_NT, SGTVER_NT, SGTTYP_NT, CRE_D, CREUSR_CF) values (1,21,105,1,20,getDate(),'DBEU')
insert into TSEGMENTRULE2TYPE (SGTRUL_NT, SGMT_NF, SGT_NT, SGTVER_NT, SGTTYP_NT, CRE_D, CREUSR_CF) values (2,21,105,1,20,getDate(),'DBEU')
go
insert into TSEGMENTRULE2TYPE (SGTRUL_NT, SGMT_NF, SGT_NT, SGTVER_NT, SGTTYP_NT, CRE_D, CREUSR_CF) values (1,22,105,1,20,getDate(),'DBEU')
insert into TSEGMENTRULE2TYPE (SGTRUL_NT, SGMT_NF, SGT_NT, SGTVER_NT, SGTTYP_NT, CRE_D, CREUSR_CF) values (2,22,105,1,20,getDate(),'DBEU')
insert into TSEGMENTRULE2TYPE (SGTRUL_NT, SGMT_NF, SGT_NT, SGTVER_NT, SGTTYP_NT, CRE_D, CREUSR_CF) values (3,22,105,1,20,getDate(),'DBEU')
insert into TSEGMENTRULE2TYPE (SGTRUL_NT, SGMT_NF, SGT_NT, SGTVER_NT, SGTTYP_NT, CRE_D, CREUSR_CF) values (4,22,105,1,20,getDate(),'DBEU')
insert into TSEGMENTRULE2TYPE (SGTRUL_NT, SGMT_NF, SGT_NT, SGTVER_NT, SGTTYP_NT, CRE_D, CREUSR_CF) values (5,22,105,1,20,getDate(),'DBEU')
insert into TSEGMENTRULE2TYPE (SGTRUL_NT, SGMT_NF, SGT_NT, SGTVER_NT, SGTTYP_NT, CRE_D, CREUSR_CF) values (6,22,105,1,20,getDate(),'DBEU')
go
insert into TSEGMENTRULE2TYPE (SGTRUL_NT, SGMT_NF, SGT_NT, SGTVER_NT, SGTTYP_NT, CRE_D, CREUSR_CF) values (1,23,105,1,20,getDate(),'DBEU')
insert into TSEGMENTRULE2TYPE (SGTRUL_NT, SGMT_NF, SGT_NT, SGTVER_NT, SGTTYP_NT, CRE_D, CREUSR_CF) values (2,23,105,1,20,getDate(),'DBEU')
insert into TSEGMENTRULE2TYPE (SGTRUL_NT, SGMT_NF, SGT_NT, SGTVER_NT, SGTTYP_NT, CRE_D, CREUSR_CF) values (3,23,105,1,20,getDate(),'DBEU')
go
insert into TSEGMENTRULE2TYPE (SGTRUL_NT, SGMT_NF, SGT_NT, SGTVER_NT, SGTTYP_NT, CRE_D, CREUSR_CF) values (1,24,105,1,20,getDate(),'DBEU')
insert into TSEGMENTRULE2TYPE (SGTRUL_NT, SGMT_NF, SGT_NT, SGTVER_NT, SGTTYP_NT, CRE_D, CREUSR_CF) values (2,24,105,1,20,getDate(),'DBEU')
insert into TSEGMENTRULE2TYPE (SGTRUL_NT, SGMT_NF, SGT_NT, SGTVER_NT, SGTTYP_NT, CRE_D, CREUSR_CF) values (3,24,105,1,20,getDate(),'DBEU')
go
insert into TSEGMENTRULE2TYPE (SGTRUL_NT, SGMT_NF, SGT_NT, SGTVER_NT, SGTTYP_NT, CRE_D, CREUSR_CF) values (1,25,105,1,20,getDate(),'DBEU')
insert into TSEGMENTRULE2TYPE (SGTRUL_NT, SGMT_NF, SGT_NT, SGTVER_NT, SGTTYP_NT, CRE_D, CREUSR_CF) values (1,25,105,1,18,getDate(),'DBEU')
insert into TSEGMENTRULE2TYPE (SGTRUL_NT, SGMT_NF, SGT_NT, SGTVER_NT, SGTTYP_NT, CRE_D, CREUSR_CF) values (2,25,105,1,20,getDate(),'DBEU')
insert into TSEGMENTRULE2TYPE (SGTRUL_NT, SGMT_NF, SGT_NT, SGTVER_NT, SGTTYP_NT, CRE_D, CREUSR_CF) values (2,25,105,1,18,getDate(),'DBEU')
insert into TSEGMENTRULE2TYPE (SGTRUL_NT, SGMT_NF, SGT_NT, SGTVER_NT, SGTTYP_NT, CRE_D, CREUSR_CF) values (3,25,105,1,20,getDate(),'DBEU')
insert into TSEGMENTRULE2TYPE (SGTRUL_NT, SGMT_NF, SGT_NT, SGTVER_NT, SGTTYP_NT, CRE_D, CREUSR_CF) values (3,25,105,1,18,getDate(),'DBEU')
insert into TSEGMENTRULE2TYPE (SGTRUL_NT, SGMT_NF, SGT_NT, SGTVER_NT, SGTTYP_NT, CRE_D, CREUSR_CF) values (4,25,105,1,20,getDate(),'DBEU')
insert into TSEGMENTRULE2TYPE (SGTRUL_NT, SGMT_NF, SGT_NT, SGTVER_NT, SGTTYP_NT, CRE_D, CREUSR_CF) values (4,25,105,1,18,getDate(),'DBEU')
insert into TSEGMENTRULE2TYPE (SGTRUL_NT, SGMT_NF, SGT_NT, SGTVER_NT, SGTTYP_NT, CRE_D, CREUSR_CF) values (5,25,105,1,20,getDate(),'DBEU')
insert into TSEGMENTRULE2TYPE (SGTRUL_NT, SGMT_NF, SGT_NT, SGTVER_NT, SGTTYP_NT, CRE_D, CREUSR_CF) values (5,25,105,1,18,getDate(),'DBEU')
insert into TSEGMENTRULE2TYPE (SGTRUL_NT, SGMT_NF, SGT_NT, SGTVER_NT, SGTTYP_NT, CRE_D, CREUSR_CF) values (6,25,105,1,20,getDate(),'DBEU')
insert into TSEGMENTRULE2TYPE (SGTRUL_NT, SGMT_NF, SGT_NT, SGTVER_NT, SGTTYP_NT, CRE_D, CREUSR_CF) values (6,25,105,1,18,getDate(),'DBEU')
insert into TSEGMENTRULE2TYPE (SGTRUL_NT, SGMT_NF, SGT_NT, SGTVER_NT, SGTTYP_NT, CRE_D, CREUSR_CF) values (7,25,105,1,20,getDate(),'DBEU')
insert into TSEGMENTRULE2TYPE (SGTRUL_NT, SGMT_NF, SGT_NT, SGTVER_NT, SGTTYP_NT, CRE_D, CREUSR_CF) values (7,25,105,1,18,getDate(),'DBEU')
insert into TSEGMENTRULE2TYPE (SGTRUL_NT, SGMT_NF, SGT_NT, SGTVER_NT, SGTTYP_NT, CRE_D, CREUSR_CF) values (8,25,105,1,20,getDate(),'DBEU')
insert into TSEGMENTRULE2TYPE (SGTRUL_NT, SGMT_NF, SGT_NT, SGTVER_NT, SGTTYP_NT, CRE_D, CREUSR_CF) values (8,25,105,1,18,getDate(),'DBEU')
insert into TSEGMENTRULE2TYPE (SGTRUL_NT, SGMT_NF, SGT_NT, SGTVER_NT, SGTTYP_NT, CRE_D, CREUSR_CF) values (9,25,105,1,20,getDate(),'DBEU')
insert into TSEGMENTRULE2TYPE (SGTRUL_NT, SGMT_NF, SGT_NT, SGTVER_NT, SGTTYP_NT, CRE_D, CREUSR_CF) values (9,25,105,1,18,getDate(),'DBEU')
insert into TSEGMENTRULE2TYPE (SGTRUL_NT, SGMT_NF, SGT_NT, SGTVER_NT, SGTTYP_NT, CRE_D, CREUSR_CF) values (10,25,105,1,20,getDate(),'DBEU')
insert into TSEGMENTRULE2TYPE (SGTRUL_NT, SGMT_NF, SGT_NT, SGTVER_NT, SGTTYP_NT, CRE_D, CREUSR_CF) values (10,25,105,1,18,getDate(),'DBEU')
insert into TSEGMENTRULE2TYPE (SGTRUL_NT, SGMT_NF, SGT_NT, SGTVER_NT, SGTTYP_NT, CRE_D, CREUSR_CF) values (11,25,105,1,20,getDate(),'DBEU')
insert into TSEGMENTRULE2TYPE (SGTRUL_NT, SGMT_NF, SGT_NT, SGTVER_NT, SGTTYP_NT, CRE_D, CREUSR_CF) values (11,25,105,1,18,getDate(),'DBEU')
insert into TSEGMENTRULE2TYPE (SGTRUL_NT, SGMT_NF, SGT_NT, SGTVER_NT, SGTTYP_NT, CRE_D, CREUSR_CF) values (12,25,105,1,20,getDate(),'DBEU')
insert into TSEGMENTRULE2TYPE (SGTRUL_NT, SGMT_NF, SGT_NT, SGTVER_NT, SGTTYP_NT, CRE_D, CREUSR_CF) values (12,25,105,1,18,getDate(),'DBEU')
insert into TSEGMENTRULE2TYPE (SGTRUL_NT, SGMT_NF, SGT_NT, SGTVER_NT, SGTTYP_NT, CRE_D, CREUSR_CF) values (13,25,105,1,20,getDate(),'DBEU')
insert into TSEGMENTRULE2TYPE (SGTRUL_NT, SGMT_NF, SGT_NT, SGTVER_NT, SGTTYP_NT, CRE_D, CREUSR_CF) values (13,25,105,1,18,getDate(),'DBEU')
insert into TSEGMENTRULE2TYPE (SGTRUL_NT, SGMT_NF, SGT_NT, SGTVER_NT, SGTTYP_NT, CRE_D, CREUSR_CF) values (14,25,105,1,20,getDate(),'DBEU')
insert into TSEGMENTRULE2TYPE (SGTRUL_NT, SGMT_NF, SGT_NT, SGTVER_NT, SGTTYP_NT, CRE_D, CREUSR_CF) values (14,25,105,1,18,getDate(),'DBEU')
insert into TSEGMENTRULE2TYPE (SGTRUL_NT, SGMT_NF, SGT_NT, SGTVER_NT, SGTTYP_NT, CRE_D, CREUSR_CF) values (15,25,105,1,20,getDate(),'DBEU')
insert into TSEGMENTRULE2TYPE (SGTRUL_NT, SGMT_NF, SGT_NT, SGTVER_NT, SGTTYP_NT, CRE_D, CREUSR_CF) values (15,25,105,1,18,getDate(),'DBEU')
insert into TSEGMENTRULE2TYPE (SGTRUL_NT, SGMT_NF, SGT_NT, SGTVER_NT, SGTTYP_NT, CRE_D, CREUSR_CF) values (16,25,105,1,20,getDate(),'DBEU')
insert into TSEGMENTRULE2TYPE (SGTRUL_NT, SGMT_NF, SGT_NT, SGTVER_NT, SGTTYP_NT, CRE_D, CREUSR_CF) values (16,25,105,1,18,getDate(),'DBEU')
insert into TSEGMENTRULE2TYPE (SGTRUL_NT, SGMT_NF, SGT_NT, SGTVER_NT, SGTTYP_NT, CRE_D, CREUSR_CF) values (17,25,105,1,20,getDate(),'DBEU')
insert into TSEGMENTRULE2TYPE (SGTRUL_NT, SGMT_NF, SGT_NT, SGTVER_NT, SGTTYP_NT, CRE_D, CREUSR_CF) values (17,25,105,1,18,getDate(),'DBEU')
insert into TSEGMENTRULE2TYPE (SGTRUL_NT, SGMT_NF, SGT_NT, SGTVER_NT, SGTTYP_NT, CRE_D, CREUSR_CF) values (18,25,105,1,20,getDate(),'DBEU')
insert into TSEGMENTRULE2TYPE (SGTRUL_NT, SGMT_NF, SGT_NT, SGTVER_NT, SGTTYP_NT, CRE_D, CREUSR_CF) values (18,25,105,1,18,getDate(),'DBEU')
insert into TSEGMENTRULE2TYPE (SGTRUL_NT, SGMT_NF, SGT_NT, SGTVER_NT, SGTTYP_NT, CRE_D, CREUSR_CF) values (19,25,105,1,20,getDate(),'DBEU')
insert into TSEGMENTRULE2TYPE (SGTRUL_NT, SGMT_NF, SGT_NT, SGTVER_NT, SGTTYP_NT, CRE_D, CREUSR_CF) values (19,25,105,1,18,getDate(),'DBEU')
insert into TSEGMENTRULE2TYPE (SGTRUL_NT, SGMT_NF, SGT_NT, SGTVER_NT, SGTTYP_NT, CRE_D, CREUSR_CF) values (20,25,105,1,20,getDate(),'DBEU')
insert into TSEGMENTRULE2TYPE (SGTRUL_NT, SGMT_NF, SGT_NT, SGTVER_NT, SGTTYP_NT, CRE_D, CREUSR_CF) values (20,25,105,1,18,getDate(),'DBEU')
go
insert into TSEGMENTRULE2TYPE (SGTRUL_NT, SGMT_NF, SGT_NT, SGTVER_NT, SGTTYP_NT, CRE_D, CREUSR_CF) values (1,26,105,1,20,getDate(),'DBEU')
go
insert into TSEGMENTRULE2TYPE (SGTRUL_NT, SGMT_NF, SGT_NT, SGTVER_NT, SGTTYP_NT, CRE_D, CREUSR_CF) values (1,27,105,1,20,getDate(),'DBEU')
insert into TSEGMENTRULE2TYPE (SGTRUL_NT, SGMT_NF, SGT_NT, SGTVER_NT, SGTTYP_NT, CRE_D, CREUSR_CF) values (2,27,105,1,20,getDate(),'DBEU')
insert into TSEGMENTRULE2TYPE (SGTRUL_NT, SGMT_NF, SGT_NT, SGTVER_NT, SGTTYP_NT, CRE_D, CREUSR_CF) values (2,27,105,1,18,getDate(),'DBEU')
insert into TSEGMENTRULE2TYPE (SGTRUL_NT, SGMT_NF, SGT_NT, SGTVER_NT, SGTTYP_NT, CRE_D, CREUSR_CF) values (3,27,105,1,20,getDate(),'DBEU')
insert into TSEGMENTRULE2TYPE (SGTRUL_NT, SGMT_NF, SGT_NT, SGTVER_NT, SGTTYP_NT, CRE_D, CREUSR_CF) values (3,27,105,1,18,getDate(),'DBEU')
insert into TSEGMENTRULE2TYPE (SGTRUL_NT, SGMT_NF, SGT_NT, SGTVER_NT, SGTTYP_NT, CRE_D, CREUSR_CF) values (4,27,105,1,20,getDate(),'DBEU')
insert into TSEGMENTRULE2TYPE (SGTRUL_NT, SGMT_NF, SGT_NT, SGTVER_NT, SGTTYP_NT, CRE_D, CREUSR_CF) values (4,27,105,1,18,getDate(),'DBEU')
insert into TSEGMENTRULE2TYPE (SGTRUL_NT, SGMT_NF, SGT_NT, SGTVER_NT, SGTTYP_NT, CRE_D, CREUSR_CF) values (5,27,105,1,20,getDate(),'DBEU')
insert into TSEGMENTRULE2TYPE (SGTRUL_NT, SGMT_NF, SGT_NT, SGTVER_NT, SGTTYP_NT, CRE_D, CREUSR_CF) values (5,27,105,1,18,getDate(),'DBEU')
insert into TSEGMENTRULE2TYPE (SGTRUL_NT, SGMT_NF, SGT_NT, SGTVER_NT, SGTTYP_NT, CRE_D, CREUSR_CF) values (6,27,105,1,20,getDate(),'DBEU')
insert into TSEGMENTRULE2TYPE (SGTRUL_NT, SGMT_NF, SGT_NT, SGTVER_NT, SGTTYP_NT, CRE_D, CREUSR_CF) values (6,27,105,1,18,getDate(),'DBEU')
insert into TSEGMENTRULE2TYPE (SGTRUL_NT, SGMT_NF, SGT_NT, SGTVER_NT, SGTTYP_NT, CRE_D, CREUSR_CF) values (7,27,105,1,20,getDate(),'DBEU')
insert into TSEGMENTRULE2TYPE (SGTRUL_NT, SGMT_NF, SGT_NT, SGTVER_NT, SGTTYP_NT, CRE_D, CREUSR_CF) values (7,27,105,1,18,getDate(),'DBEU')
insert into TSEGMENTRULE2TYPE (SGTRUL_NT, SGMT_NF, SGT_NT, SGTVER_NT, SGTTYP_NT, CRE_D, CREUSR_CF) values (8,27,105,1,20,getDate(),'DBEU')
insert into TSEGMENTRULE2TYPE (SGTRUL_NT, SGMT_NF, SGT_NT, SGTVER_NT, SGTTYP_NT, CRE_D, CREUSR_CF) values (8,27,105,1,18,getDate(),'DBEU')
insert into TSEGMENTRULE2TYPE (SGTRUL_NT, SGMT_NF, SGT_NT, SGTVER_NT, SGTTYP_NT, CRE_D, CREUSR_CF) values (9,27,105,1,20,getDate(),'DBEU')
insert into TSEGMENTRULE2TYPE (SGTRUL_NT, SGMT_NF, SGT_NT, SGTVER_NT, SGTTYP_NT, CRE_D, CREUSR_CF) values (9,27,105,1,18,getDate(),'DBEU')
insert into TSEGMENTRULE2TYPE (SGTRUL_NT, SGMT_NF, SGT_NT, SGTVER_NT, SGTTYP_NT, CRE_D, CREUSR_CF) values (10,27,105,1,20,getDate(),'DBEU')
insert into TSEGMENTRULE2TYPE (SGTRUL_NT, SGMT_NF, SGT_NT, SGTVER_NT, SGTTYP_NT, CRE_D, CREUSR_CF) values (10,27,105,1,18,getDate(),'DBEU')
go
insert into TSEGMENTRULE2TYPE (SGTRUL_NT, SGMT_NF, SGT_NT, SGTVER_NT, SGTTYP_NT, CRE_D, CREUSR_CF) values (1,28,105,1,20,getDate(),'DBEU')
insert into TSEGMENTRULE2TYPE (SGTRUL_NT, SGMT_NF, SGT_NT, SGTVER_NT, SGTTYP_NT, CRE_D, CREUSR_CF) values (1,28,105,1,18,getDate(),'DBEU')
go
insert into TSEGMENTRULE2TYPE (SGTRUL_NT, SGMT_NF, SGT_NT, SGTVER_NT, SGTTYP_NT, CRE_D, CREUSR_CF) values (1,29,105,1,20,getDate(),'DBEU')
insert into TSEGMENTRULE2TYPE (SGTRUL_NT, SGMT_NF, SGT_NT, SGTVER_NT, SGTTYP_NT, CRE_D, CREUSR_CF) values (2,29,105,1,20,getDate(),'DBEU')
insert into TSEGMENTRULE2TYPE (SGTRUL_NT, SGMT_NF, SGT_NT, SGTVER_NT, SGTTYP_NT, CRE_D, CREUSR_CF) values (3,29,105,1,20,getDate(),'DBEU')
insert into TSEGMENTRULE2TYPE (SGTRUL_NT, SGMT_NF, SGT_NT, SGTVER_NT, SGTTYP_NT, CRE_D, CREUSR_CF) values (4,29,105,1,20,getDate(),'DBEU')
insert into TSEGMENTRULE2TYPE (SGTRUL_NT, SGMT_NF, SGT_NT, SGTVER_NT, SGTTYP_NT, CRE_D, CREUSR_CF) values (5,29,105,1,20,getDate(),'DBEU')
insert into TSEGMENTRULE2TYPE (SGTRUL_NT, SGMT_NF, SGT_NT, SGTVER_NT, SGTTYP_NT, CRE_D, CREUSR_CF) values (6,29,105,1,20,getDate(),'DBEU')
go
insert into TSEGMENTRULE2TYPE (SGTRUL_NT, SGMT_NF, SGT_NT, SGTVER_NT, SGTTYP_NT, CRE_D, CREUSR_CF) values (1,30,105,1,20,getDate(),'DBEU')
go
insert into TSEGMENTRULE2TYPE (SGTRUL_NT, SGMT_NF, SGT_NT, SGTVER_NT, SGTTYP_NT, CRE_D, CREUSR_CF) values (1,31,105,1,20,getDate(),'DBEU')
insert into TSEGMENTRULE2TYPE (SGTRUL_NT, SGMT_NF, SGT_NT, SGTVER_NT, SGTTYP_NT, CRE_D, CREUSR_CF) values (2,31,105,1,20,getDate(),'DBEU')
insert into TSEGMENTRULE2TYPE (SGTRUL_NT, SGMT_NF, SGT_NT, SGTVER_NT, SGTTYP_NT, CRE_D, CREUSR_CF) values (3,31,105,1,20,getDate(),'DBEU')
insert into TSEGMENTRULE2TYPE (SGTRUL_NT, SGMT_NF, SGT_NT, SGTVER_NT, SGTTYP_NT, CRE_D, CREUSR_CF) values (4,31,105,1,20,getDate(),'DBEU')
insert into TSEGMENTRULE2TYPE (SGTRUL_NT, SGMT_NF, SGT_NT, SGTVER_NT, SGTTYP_NT, CRE_D, CREUSR_CF) values (5,31,105,1,20,getDate(),'DBEU')
insert into TSEGMENTRULE2TYPE (SGTRUL_NT, SGMT_NF, SGT_NT, SGTVER_NT, SGTTYP_NT, CRE_D, CREUSR_CF) values (6,31,105,1,20,getDate(),'DBEU')
go
insert into TSEGMENTRULE2TYPE (SGTRUL_NT, SGMT_NF, SGT_NT, SGTVER_NT, SGTTYP_NT, CRE_D, CREUSR_CF) values (1,32,105,1,20,getDate(),'DBEU')
go
insert into TSEGMENTRULE2TYPE (SGTRUL_NT, SGMT_NF, SGT_NT, SGTVER_NT, SGTTYP_NT, CRE_D, CREUSR_CF) values (1,33,105,1,20,getDate(),'DBEU')
insert into TSEGMENTRULE2TYPE (SGTRUL_NT, SGMT_NF, SGT_NT, SGTVER_NT, SGTTYP_NT, CRE_D, CREUSR_CF) values (2,33,105,1,20,getDate(),'DBEU')
insert into TSEGMENTRULE2TYPE (SGTRUL_NT, SGMT_NF, SGT_NT, SGTVER_NT, SGTTYP_NT, CRE_D, CREUSR_CF) values (3,33,105,1,20,getDate(),'DBEU')
go
insert into TSEGMENTRULE2TYPE (SGTRUL_NT, SGMT_NF, SGT_NT, SGTVER_NT, SGTTYP_NT, CRE_D, CREUSR_CF) values (1,34,105,1,20,getDate(),'DBEU')
go
insert into TSEGMENTRULE2TYPE (SGTRUL_NT, SGMT_NF, SGT_NT, SGTVER_NT, SGTTYP_NT, CRE_D, CREUSR_CF) values (1,35,105,1,20,getDate(),'DBEU')
insert into TSEGMENTRULE2TYPE (SGTRUL_NT, SGMT_NF, SGT_NT, SGTVER_NT, SGTTYP_NT, CRE_D, CREUSR_CF) values (1,35,105,1,18,getDate(),'DBEU')
insert into TSEGMENTRULE2TYPE (SGTRUL_NT, SGMT_NF, SGT_NT, SGTVER_NT, SGTTYP_NT, CRE_D, CREUSR_CF) values (2,35,105,1,20,getDate(),'DBEU')
insert into TSEGMENTRULE2TYPE (SGTRUL_NT, SGMT_NF, SGT_NT, SGTVER_NT, SGTTYP_NT, CRE_D, CREUSR_CF) values (2,35,105,1,18,getDate(),'DBEU')
insert into TSEGMENTRULE2TYPE (SGTRUL_NT, SGMT_NF, SGT_NT, SGTVER_NT, SGTTYP_NT, CRE_D, CREUSR_CF) values (3,35,105,1,20,getDate(),'DBEU')
insert into TSEGMENTRULE2TYPE (SGTRUL_NT, SGMT_NF, SGT_NT, SGTVER_NT, SGTTYP_NT, CRE_D, CREUSR_CF) values (3,35,105,1,18,getDate(),'DBEU')
insert into TSEGMENTRULE2TYPE (SGTRUL_NT, SGMT_NF, SGT_NT, SGTVER_NT, SGTTYP_NT, CRE_D, CREUSR_CF) values (4,35,105,1,20,getDate(),'DBEU')
insert into TSEGMENTRULE2TYPE (SGTRUL_NT, SGMT_NF, SGT_NT, SGTVER_NT, SGTTYP_NT, CRE_D, CREUSR_CF) values (4,35,105,1,18,getDate(),'DBEU')
insert into TSEGMENTRULE2TYPE (SGTRUL_NT, SGMT_NF, SGT_NT, SGTVER_NT, SGTTYP_NT, CRE_D, CREUSR_CF) values (5,35,105,1,20,getDate(),'DBEU')
insert into TSEGMENTRULE2TYPE (SGTRUL_NT, SGMT_NF, SGT_NT, SGTVER_NT, SGTTYP_NT, CRE_D, CREUSR_CF) values (5,35,105,1,18,getDate(),'DBEU')
insert into TSEGMENTRULE2TYPE (SGTRUL_NT, SGMT_NF, SGT_NT, SGTVER_NT, SGTTYP_NT, CRE_D, CREUSR_CF) values (6,35,105,1,20,getDate(),'DBEU')
insert into TSEGMENTRULE2TYPE (SGTRUL_NT, SGMT_NF, SGT_NT, SGTVER_NT, SGTTYP_NT, CRE_D, CREUSR_CF) values (6,35,105,1,18,getDate(),'DBEU')
insert into TSEGMENTRULE2TYPE (SGTRUL_NT, SGMT_NF, SGT_NT, SGTVER_NT, SGTTYP_NT, CRE_D, CREUSR_CF) values (7,35,105,1,20,getDate(),'DBEU')
insert into TSEGMENTRULE2TYPE (SGTRUL_NT, SGMT_NF, SGT_NT, SGTVER_NT, SGTTYP_NT, CRE_D, CREUSR_CF) values (7,35,105,1,18,getDate(),'DBEU')
insert into TSEGMENTRULE2TYPE (SGTRUL_NT, SGMT_NF, SGT_NT, SGTVER_NT, SGTTYP_NT, CRE_D, CREUSR_CF) values (8,35,105,1,20,getDate(),'DBEU')
insert into TSEGMENTRULE2TYPE (SGTRUL_NT, SGMT_NF, SGT_NT, SGTVER_NT, SGTTYP_NT, CRE_D, CREUSR_CF) values (8,35,105,1,18,getDate(),'DBEU')
insert into TSEGMENTRULE2TYPE (SGTRUL_NT, SGMT_NF, SGT_NT, SGTVER_NT, SGTTYP_NT, CRE_D, CREUSR_CF) values (9,35,105,1,20,getDate(),'DBEU')
insert into TSEGMENTRULE2TYPE (SGTRUL_NT, SGMT_NF, SGT_NT, SGTVER_NT, SGTTYP_NT, CRE_D, CREUSR_CF) values (9,35,105,1,18,getDate(),'DBEU')
go
insert into TSEGMENTRULE2TYPE (SGTRUL_NT, SGMT_NF, SGT_NT, SGTVER_NT, SGTTYP_NT, CRE_D, CREUSR_CF) values (1,36,105,1,20,getDate(),'DBEU')
insert into TSEGMENTRULE2TYPE (SGTRUL_NT, SGMT_NF, SGT_NT, SGTVER_NT, SGTTYP_NT, CRE_D, CREUSR_CF) values (1,36,105,1,18,getDate(),'DBEU')
insert into TSEGMENTRULE2TYPE (SGTRUL_NT, SGMT_NF, SGT_NT, SGTVER_NT, SGTTYP_NT, CRE_D, CREUSR_CF) values (2,36,105,1,20,getDate(),'DBEU')
insert into TSEGMENTRULE2TYPE (SGTRUL_NT, SGMT_NF, SGT_NT, SGTVER_NT, SGTTYP_NT, CRE_D, CREUSR_CF) values (2,36,105,1,18,getDate(),'DBEU')
insert into TSEGMENTRULE2TYPE (SGTRUL_NT, SGMT_NF, SGT_NT, SGTVER_NT, SGTTYP_NT, CRE_D, CREUSR_CF) values (3,36,105,1,20,getDate(),'DBEU')
insert into TSEGMENTRULE2TYPE (SGTRUL_NT, SGMT_NF, SGT_NT, SGTVER_NT, SGTTYP_NT, CRE_D, CREUSR_CF) values (3,36,105,1,18,getDate(),'DBEU')
go
insert into TSEGMENTRULE2TYPE (SGTRUL_NT, SGMT_NF, SGT_NT, SGTVER_NT, SGTTYP_NT, CRE_D, CREUSR_CF) values (1,37,105,1,20,getDate(),'DBEU')
insert into TSEGMENTRULE2TYPE (SGTRUL_NT, SGMT_NF, SGT_NT, SGTVER_NT, SGTTYP_NT, CRE_D, CREUSR_CF) values (1,37,105,1,18,getDate(),'DBEU')
go
insert into TSEGMENTRULE2TYPE (SGTRUL_NT, SGMT_NF, SGT_NT, SGTVER_NT, SGTTYP_NT, CRE_D, CREUSR_CF) values (1,38,105,1,20,getDate(),'DBEU')
insert into TSEGMENTRULE2TYPE (SGTRUL_NT, SGMT_NF, SGT_NT, SGTVER_NT, SGTTYP_NT, CRE_D, CREUSR_CF) values (1,38,105,1,18,getDate(),'DBEU')
go
insert into TSEGMENTRULE2TYPE (SGTRUL_NT, SGMT_NF, SGT_NT, SGTVER_NT, SGTTYP_NT, CRE_D, CREUSR_CF) values (1,39,105,1,20,getDate(),'DBEU')
insert into TSEGMENTRULE2TYPE (SGTRUL_NT, SGMT_NF, SGT_NT, SGTVER_NT, SGTTYP_NT, CRE_D, CREUSR_CF) values (1,39,105,1,18,getDate(),'DBEU')
insert into TSEGMENTRULE2TYPE (SGTRUL_NT, SGMT_NF, SGT_NT, SGTVER_NT, SGTTYP_NT, CRE_D, CREUSR_CF) values (2,39,105,1,20,getDate(),'DBEU')
insert into TSEGMENTRULE2TYPE (SGTRUL_NT, SGMT_NF, SGT_NT, SGTVER_NT, SGTTYP_NT, CRE_D, CREUSR_CF) values (2,39,105,1,18,getDate(),'DBEU')
insert into TSEGMENTRULE2TYPE (SGTRUL_NT, SGMT_NF, SGT_NT, SGTVER_NT, SGTTYP_NT, CRE_D, CREUSR_CF) values (3,39,105,1,20,getDate(),'DBEU')
insert into TSEGMENTRULE2TYPE (SGTRUL_NT, SGMT_NF, SGT_NT, SGTVER_NT, SGTTYP_NT, CRE_D, CREUSR_CF) values (3,39,105,1,18,getDate(),'DBEU')
insert into TSEGMENTRULE2TYPE (SGTRUL_NT, SGMT_NF, SGT_NT, SGTVER_NT, SGTTYP_NT, CRE_D, CREUSR_CF) values (4,39,105,1,20,getDate(),'DBEU')
insert into TSEGMENTRULE2TYPE (SGTRUL_NT, SGMT_NF, SGT_NT, SGTVER_NT, SGTTYP_NT, CRE_D, CREUSR_CF) values (4,39,105,1,18,getDate(),'DBEU')
go
insert into TSEGMENTRULE2TYPE (SGTRUL_NT, SGMT_NF, SGT_NT, SGTVER_NT, SGTTYP_NT, CRE_D, CREUSR_CF) values (1,40,105,1,20,getDate(),'DBEU')
insert into TSEGMENTRULE2TYPE (SGTRUL_NT, SGMT_NF, SGT_NT, SGTVER_NT, SGTTYP_NT, CRE_D, CREUSR_CF) values (1,40,105,1,18,getDate(),'DBEU')
go
insert into TSEGMENTRULE2TYPE (SGTRUL_NT, SGMT_NF, SGT_NT, SGTVER_NT, SGTTYP_NT, CRE_D, CREUSR_CF) values (1,41,105,1,20,getDate(),'DBEU')
insert into TSEGMENTRULE2TYPE (SGTRUL_NT, SGMT_NF, SGT_NT, SGTVER_NT, SGTTYP_NT, CRE_D, CREUSR_CF) values (1,41,105,1,18,getDate(),'DBEU')
insert into TSEGMENTRULE2TYPE (SGTRUL_NT, SGMT_NF, SGT_NT, SGTVER_NT, SGTTYP_NT, CRE_D, CREUSR_CF) values (2,41,105,1,20,getDate(),'DBEU')
insert into TSEGMENTRULE2TYPE (SGTRUL_NT, SGMT_NF, SGT_NT, SGTVER_NT, SGTTYP_NT, CRE_D, CREUSR_CF) values (2,41,105,1,18,getDate(),'DBEU')
insert into TSEGMENTRULE2TYPE (SGTRUL_NT, SGMT_NF, SGT_NT, SGTVER_NT, SGTTYP_NT, CRE_D, CREUSR_CF) values (3,41,105,1,20,getDate(),'DBEU')
insert into TSEGMENTRULE2TYPE (SGTRUL_NT, SGMT_NF, SGT_NT, SGTVER_NT, SGTTYP_NT, CRE_D, CREUSR_CF) values (3,41,105,1,18,getDate(),'DBEU')
go
insert into TSEGMENTRULE2TYPE (SGTRUL_NT, SGMT_NF, SGT_NT, SGTVER_NT, SGTTYP_NT, CRE_D, CREUSR_CF) values (1,42,105,1,20,getDate(),'DBEU')
insert into TSEGMENTRULE2TYPE (SGTRUL_NT, SGMT_NF, SGT_NT, SGTVER_NT, SGTTYP_NT, CRE_D, CREUSR_CF) values (1,42,105,1,18,getDate(),'DBEU')
go
insert into TSEGMENTRULE2TYPE (SGTRUL_NT, SGMT_NF, SGT_NT, SGTVER_NT, SGTTYP_NT, CRE_D, CREUSR_CF) values (1,43,105,1,20,getDate(),'DBEU')
insert into TSEGMENTRULE2TYPE (SGTRUL_NT, SGMT_NF, SGT_NT, SGTVER_NT, SGTTYP_NT, CRE_D, CREUSR_CF) values (1,43,105,1,18,getDate(),'DBEU')
go
insert into TSEGMENTRULE2TYPE (SGTRUL_NT, SGMT_NF, SGT_NT, SGTVER_NT, SGTTYP_NT, CRE_D, CREUSR_CF) values (1,44,105,1,20,getDate(),'DBEU')
insert into TSEGMENTRULE2TYPE (SGTRUL_NT, SGMT_NF, SGT_NT, SGTVER_NT, SGTTYP_NT, CRE_D, CREUSR_CF) values (1,44,105,1,18,getDate(),'DBEU')
go
insert into TSEGMENTRULE2TYPE (SGTRUL_NT, SGMT_NF, SGT_NT, SGTVER_NT, SGTTYP_NT, CRE_D, CREUSR_CF) values (1,45,105,1,20,getDate(),'DBEU')
insert into TSEGMENTRULE2TYPE (SGTRUL_NT, SGMT_NF, SGT_NT, SGTVER_NT, SGTTYP_NT, CRE_D, CREUSR_CF) values (1,45,105,1,18,getDate(),'DBEU')
go
insert into TSEGMENTRULE2TYPE (SGTRUL_NT, SGMT_NF, SGT_NT, SGTVER_NT, SGTTYP_NT, CRE_D, CREUSR_CF) values (1,46,105,1,20,getDate(),'DBEU')
insert into TSEGMENTRULE2TYPE (SGTRUL_NT, SGMT_NF, SGT_NT, SGTVER_NT, SGTTYP_NT, CRE_D, CREUSR_CF) values (1,46,105,1,18,getDate(),'DBEU')
go
insert into TSEGMENTRULE2TYPE (SGTRUL_NT, SGMT_NF, SGT_NT, SGTVER_NT, SGTTYP_NT, CRE_D, CREUSR_CF) values (1,47,105,1,20,getDate(),'DBEU')
insert into TSEGMENTRULE2TYPE (SGTRUL_NT, SGMT_NF, SGT_NT, SGTVER_NT, SGTTYP_NT, CRE_D, CREUSR_CF) values (1,47,105,1,18,getDate(),'DBEU')
insert into TSEGMENTRULE2TYPE (SGTRUL_NT, SGMT_NF, SGT_NT, SGTVER_NT, SGTTYP_NT, CRE_D, CREUSR_CF) values (2,47,105,1,20,getDate(),'DBEU')
insert into TSEGMENTRULE2TYPE (SGTRUL_NT, SGMT_NF, SGT_NT, SGTVER_NT, SGTTYP_NT, CRE_D, CREUSR_CF) values (2,47,105,1,18,getDate(),'DBEU')
go
insert into TSEGMENTRULE2TYPE (SGTRUL_NT, SGMT_NF, SGT_NT, SGTVER_NT, SGTTYP_NT, CRE_D, CREUSR_CF) values (1,48,105,1,20,getDate(),'DBEU')
insert into TSEGMENTRULE2TYPE (SGTRUL_NT, SGMT_NF, SGT_NT, SGTVER_NT, SGTTYP_NT, CRE_D, CREUSR_CF) values (1,48,105,1,18,getDate(),'DBEU')
insert into TSEGMENTRULE2TYPE (SGTRUL_NT, SGMT_NF, SGT_NT, SGTVER_NT, SGTTYP_NT, CRE_D, CREUSR_CF) values (2,48,105,1,20,getDate(),'DBEU')
insert into TSEGMENTRULE2TYPE (SGTRUL_NT, SGMT_NF, SGT_NT, SGTVER_NT, SGTTYP_NT, CRE_D, CREUSR_CF) values (2,48,105,1,18,getDate(),'DBEU')
insert into TSEGMENTRULE2TYPE (SGTRUL_NT, SGMT_NF, SGT_NT, SGTVER_NT, SGTTYP_NT, CRE_D, CREUSR_CF) values (3,48,105,1,20,getDate(),'DBEU')
insert into TSEGMENTRULE2TYPE (SGTRUL_NT, SGMT_NF, SGT_NT, SGTVER_NT, SGTTYP_NT, CRE_D, CREUSR_CF) values (3,48,105,1,18,getDate(),'DBEU')
insert into TSEGMENTRULE2TYPE (SGTRUL_NT, SGMT_NF, SGT_NT, SGTVER_NT, SGTTYP_NT, CRE_D, CREUSR_CF) values (4,48,105,1,20,getDate(),'DBEU')
insert into TSEGMENTRULE2TYPE (SGTRUL_NT, SGMT_NF, SGT_NT, SGTVER_NT, SGTTYP_NT, CRE_D, CREUSR_CF) values (4,48,105,1,18,getDate(),'DBEU')
insert into TSEGMENTRULE2TYPE (SGTRUL_NT, SGMT_NF, SGT_NT, SGTVER_NT, SGTTYP_NT, CRE_D, CREUSR_CF) values (5,48,105,1,20,getDate(),'DBEU')
insert into TSEGMENTRULE2TYPE (SGTRUL_NT, SGMT_NF, SGT_NT, SGTVER_NT, SGTTYP_NT, CRE_D, CREUSR_CF) values (5,48,105,1,18,getDate(),'DBEU')
go
insert into TSEGMENTRULE2TYPE (SGTRUL_NT, SGMT_NF, SGT_NT, SGTVER_NT, SGTTYP_NT, CRE_D, CREUSR_CF) values (1,49,105,1,20,getDate(),'DBEU')
insert into TSEGMENTRULE2TYPE (SGTRUL_NT, SGMT_NF, SGT_NT, SGTVER_NT, SGTTYP_NT, CRE_D, CREUSR_CF) values (1,49,105,1,18,getDate(),'DBEU')
insert into TSEGMENTRULE2TYPE (SGTRUL_NT, SGMT_NF, SGT_NT, SGTVER_NT, SGTTYP_NT, CRE_D, CREUSR_CF) values (2,49,105,1,20,getDate(),'DBEU')
insert into TSEGMENTRULE2TYPE (SGTRUL_NT, SGMT_NF, SGT_NT, SGTVER_NT, SGTTYP_NT, CRE_D, CREUSR_CF) values (2,49,105,1,18,getDate(),'DBEU')
go
insert into TSEGMENTRULE2TYPE (SGTRUL_NT, SGMT_NF, SGT_NT, SGTVER_NT, SGTTYP_NT, CRE_D, CREUSR_CF) values (1,50,105,1,20,getDate(),'DBEU')
insert into TSEGMENTRULE2TYPE (SGTRUL_NT, SGMT_NF, SGT_NT, SGTVER_NT, SGTTYP_NT, CRE_D, CREUSR_CF) values (1,50,105,1,18,getDate(),'DBEU')
insert into TSEGMENTRULE2TYPE (SGTRUL_NT, SGMT_NF, SGT_NT, SGTVER_NT, SGTTYP_NT, CRE_D, CREUSR_CF) values (2,50,105,1,20,getDate(),'DBEU')
insert into TSEGMENTRULE2TYPE (SGTRUL_NT, SGMT_NF, SGT_NT, SGTVER_NT, SGTTYP_NT, CRE_D, CREUSR_CF) values (2,50,105,1,18,getDate(),'DBEU')
insert into TSEGMENTRULE2TYPE (SGTRUL_NT, SGMT_NF, SGT_NT, SGTVER_NT, SGTTYP_NT, CRE_D, CREUSR_CF) values (3,50,105,1,20,getDate(),'DBEU')
insert into TSEGMENTRULE2TYPE (SGTRUL_NT, SGMT_NF, SGT_NT, SGTVER_NT, SGTTYP_NT, CRE_D, CREUSR_CF) values (3,50,105,1,18,getDate(),'DBEU')
go
insert into TSEGMENTRULE2TYPE (SGTRUL_NT, SGMT_NF, SGT_NT, SGTVER_NT, SGTTYP_NT, CRE_D, CREUSR_CF) values (1,51,105,1,20,getDate(),'DBEU')
insert into TSEGMENTRULE2TYPE (SGTRUL_NT, SGMT_NF, SGT_NT, SGTVER_NT, SGTTYP_NT, CRE_D, CREUSR_CF) values (1,51,105,1,18,getDate(),'DBEU')
go
insert into TSEGMENTRULE2TYPE (SGTRUL_NT, SGMT_NF, SGT_NT, SGTVER_NT, SGTTYP_NT, CRE_D, CREUSR_CF) values (1,52,105,1,20,getDate(),'DBEU')
insert into TSEGMENTRULE2TYPE (SGTRUL_NT, SGMT_NF, SGT_NT, SGTVER_NT, SGTTYP_NT, CRE_D, CREUSR_CF) values (1,52,105,1,18,getDate(),'DBEU')
insert into TSEGMENTRULE2TYPE (SGTRUL_NT, SGMT_NF, SGT_NT, SGTVER_NT, SGTTYP_NT, CRE_D, CREUSR_CF) values (2,52,105,1,20,getDate(),'DBEU')
insert into TSEGMENTRULE2TYPE (SGTRUL_NT, SGMT_NF, SGT_NT, SGTVER_NT, SGTTYP_NT, CRE_D, CREUSR_CF) values (2,52,105,1,18,getDate(),'DBEU')
go
insert into TSEGMENTRULE2TYPE (SGTRUL_NT, SGMT_NF, SGT_NT, SGTVER_NT, SGTTYP_NT, CRE_D, CREUSR_CF) values (1,53,105,1,20,getDate(),'DBEU')
insert into TSEGMENTRULE2TYPE (SGTRUL_NT, SGMT_NF, SGT_NT, SGTVER_NT, SGTTYP_NT, CRE_D, CREUSR_CF) values (1,53,105,1,18,getDate(),'DBEU')
go
insert into TSEGMENTRULE2TYPE (SGTRUL_NT, SGMT_NF, SGT_NT, SGTVER_NT, SGTTYP_NT, CRE_D, CREUSR_CF) values (1,54,105,1,20,getDate(),'DBEU')
insert into TSEGMENTRULE2TYPE (SGTRUL_NT, SGMT_NF, SGT_NT, SGTVER_NT, SGTTYP_NT, CRE_D, CREUSR_CF) values (1,54,105,1,18,getDate(),'DBEU')
go
insert into TSEGMENTRULE2TYPE (SGTRUL_NT, SGMT_NF, SGT_NT, SGTVER_NT, SGTTYP_NT, CRE_D, CREUSR_CF) values (1,55,105,1,20,getDate(),'DBEU')
insert into TSEGMENTRULE2TYPE (SGTRUL_NT, SGMT_NF, SGT_NT, SGTVER_NT, SGTTYP_NT, CRE_D, CREUSR_CF) values (1,55,105,1,18,getDate(),'DBEU')
go