use BEST
go 

delete from TSEGTYPE where SGTTYP_NT = 31
go
delete from TSEGMENTATION where SGT_NT = 131
go
delete from  TSEGMT where SGT_NT = 131
go
delete from  TSEGMENTLVL where SGT_NT = 131
go
delete from  TSEGMENTEXCEPT where SGT_NT = 131
go
delete from  TSEGMENTRULE2TYPE where SGT_NT = 131
go
delete from  TSEGMENTRULE2CRI where SGT_NT = 131
go
delete from  TSEGMENTRULE where SGT_NT = 131
go
delete from  TSEG2ESB where SGT_NT = 131
go
delete from  TSEG2CTRSTS where SGT_NT = 131
go
delete from  TSEG2CTRCAT where SGT_NT = 131
go
delete from  TSEG2SECSTS where SGT_NT = 131
go
delete from  TSEG2SECACCSTS where SGT_NT = 131
go

/*==============================================================*/
/* Table: Segmentation 131 - 1 */
/*==============================================================*/
INSERT INTO TSEGTYPE values (31,'Retro LOB','1','2','1',1, getDate(),'DBEU',getDate(),'DBEU',null)
INSERT INTO TSEGMENTATION values (131,1,31,'Retro LOB','Retro LOB',null,null,'3','5',0,1,0,1,4020,'DBEU','1','0',1,1,1,1,'1',null,null,getDate(),null,getDate(),'DBEU',getDate(),'DBEU',null)

 ---SQL Statement
insert into TSEGMENTLVL (SGTLVL_CT, SGT_NT, SGTVER_NT, LVL_LS, LVL_LM, CRE_D, CREUSR_CF, LSTUPD_D, LSTUPDUSR_CF, timestamp) values (0, 131,1,'Retro LOBN1','Retro LOBN1',getDate(),'DBEU',getDate(),'DBEU',null)
insert into TSEGMENTLVL (SGTLVL_CT, SGT_NT, SGTVER_NT, LVL_LS, LVL_LM, CRE_D, CREUSR_CF, LSTUPD_D, LSTUPDUSR_CF, timestamp) values (1, 131,1,'Retro LOBN2','Retro LOBN2',getDate(),'DBEU',getDate(),'DBEU',null)

 ---SQL Statement
insert into TSEGMT (SGMT_NF, SGT_NT, SGTVER_NT, SGMT_LS, SGMT_LL, SGTLVL_NT, PARSGMT_CF, BALAIMGT_CT, CRE_D, CREUSR_CF, LSTUPD_D, LSTUPDUSR_CF, timestamp) values (1,131,1,'1011','Credit',0,56,null,getDate(),'DBEU',getDate(),'DBEU',null)
insert into TSEGMT (SGMT_NF, SGT_NT, SGTVER_NT, SGMT_LS, SGMT_LL, SGTLVL_NT, PARSGMT_CF, BALAIMGT_CT, CRE_D, CREUSR_CF, LSTUPD_D, LSTUPDUSR_CF, timestamp) values (2,131,1,'1021','Surety',0,56,null,getDate(),'DBEU',getDate(),'DBEU',null)
insert into TSEGMT (SGMT_NF, SGT_NT, SGTVER_NT, SGMT_LS, SGMT_LL, SGTLVL_NT, PARSGMT_CF, BALAIMGT_CT, CRE_D, CREUSR_CF, LSTUPD_D, LSTUPDUSR_CF, timestamp) values (3,131,1,'1041','LRA',0,57,null,getDate(),'DBEU',getDate(),'DBEU',null)
insert into TSEGMT (SGMT_NF, SGT_NT, SGTVER_NT, SGMT_LS, SGMT_LL, SGTLVL_NT, PARSGMT_CF, BALAIMGT_CT, CRE_D, CREUSR_CF, LSTUPD_D, LSTUPDUSR_CF, timestamp) values (4,131,1,'1051','GAUM',0,58,null,getDate(),'DBEU',getDate(),'DBEU',null)
insert into TSEGMT (SGMT_NF, SGT_NT, SGTVER_NT, SGMT_LS, SGMT_LL, SGTLVL_NT, PARSGMT_CF, BALAIMGT_CT, CRE_D, CREUSR_CF, LSTUPD_D, LSTUPDUSR_CF, timestamp) values (5,131,1,'1061','MDU',0,59,null,getDate(),'DBEU',getDate(),'DBEU',null)
insert into TSEGMT (SGMT_NF, SGT_NT, SGTVER_NT, SGMT_LS, SGMT_LL, SGTLVL_NT, PARSGMT_CF, BALAIMGT_CT, CRE_D, CREUSR_CF, LSTUPD_D, LSTUPDUSR_CF, timestamp) values (6,131,1,'1071','Lloyds',0,60,null,getDate(),'DBEU',getDate(),'DBEU',null)
insert into TSEGMT (SGMT_NF, SGT_NT, SGTVER_NT, SGMT_LS, SGMT_LL, SGTLVL_NT, PARSGMT_CF, BALAIMGT_CT, CRE_D, CREUSR_CF, LSTUPD_D, LSTUPDUSR_CF, timestamp) values (7,131,1,'1081','Inwards Retro',0,61,null,getDate(),'DBEU',getDate(),'DBEU',null)
insert into TSEGMT (SGMT_NF, SGT_NT, SGTVER_NT, SGMT_LS, SGMT_LL, SGTLVL_NT, PARSGMT_CF, BALAIMGT_CT, CRE_D, CREUSR_CF, LSTUPD_D, LSTUPDUSR_CF, timestamp) values (8,131,1,'1101','Agriculture',0,62,null,getDate(),'DBEU',getDate(),'DBEU',null)
insert into TSEGMT (SGMT_NF, SGT_NT, SGTVER_NT, SGMT_LS, SGMT_LL, SGTLVL_NT, PARSGMT_CF, BALAIMGT_CT, CRE_D, CREUSR_CF, LSTUPD_D, LSTUPDUSR_CF, timestamp) values (9,131,1,'1111','Decennial',0,63,null,getDate(),'DBEU',getDate(),'DBEU',null)
insert into TSEGMT (SGMT_NF, SGT_NT, SGTVER_NT, SGMT_LS, SGMT_LL, SGTLVL_NT, PARSGMT_CF, BALAIMGT_CT, CRE_D, CREUSR_CF, LSTUPD_D, LSTUPDUSR_CF, timestamp) values (10,131,1,'1121','Space',0,64,null,getDate(),'DBEU',getDate(),'DBEU',null)
insert into TSEGMT (SGMT_NF, SGT_NT, SGTVER_NT, SGMT_LS, SGMT_LL, SGTLVL_NT, PARSGMT_CF, BALAIMGT_CT, CRE_D, CREUSR_CF, LSTUPD_D, LSTUPDUSR_CF, timestamp) values (11,131,1,'1131','Aviation',0,65,null,getDate(),'DBEU',getDate(),'DBEU',null)
insert into TSEGMT (SGMT_NF, SGT_NT, SGTVER_NT, SGMT_LS, SGMT_LL, SGTLVL_NT, PARSGMT_CF, BALAIMGT_CT, CRE_D, CREUSR_CF, LSTUPD_D, LSTUPDUSR_CF, timestamp) values (12,131,1,'1161','Engineering',0,70,null,getDate(),'DBEU',getDate(),'DBEU',null)
insert into TSEGMT (SGMT_NF, SGT_NT, SGTVER_NT, SGMT_LS, SGMT_LL, SGTLVL_NT, PARSGMT_CF, BALAIMGT_CT, CRE_D, CREUSR_CF, LSTUPD_D, LSTUPDUSR_CF, timestamp) values (13,131,1,'1171','Contingency',0,66,null,getDate(),'DBEU',getDate(),'DBEU',null)
insert into TSEGMT (SGMT_NF, SGT_NT, SGTVER_NT, SGMT_LS, SGMT_LL, SGTLVL_NT, PARSGMT_CF, BALAIMGT_CT, CRE_D, CREUSR_CF, LSTUPD_D, LSTUPDUSR_CF, timestamp) values (14,131,1,'1181','US CAT NAT',0,67,null,getDate(),'DBEU',getDate(),'DBEU',null)
insert into TSEGMT (SGMT_NF, SGT_NT, SGTVER_NT, SGMT_LS, SGMT_LL, SGTLVL_NT, PARSGMT_CF, BALAIMGT_CT, CRE_D, CREUSR_CF, LSTUPD_D, LSTUPDUSR_CF, timestamp) values (15,131,1,'1201','Retro (LPT/ADC)',0,68,null,getDate(),'DBEU',getDate(),'DBEU',null)
insert into TSEGMT (SGMT_NF, SGT_NT, SGTVER_NT, SGMT_LS, SGMT_LL, SGTLVL_NT, PARSGMT_CF, BALAIMGT_CT, CRE_D, CREUSR_CF, LSTUPD_D, LSTUPDUSR_CF, timestamp) values (16,131,1,'1211','Structured QS',0,68,null,getDate(),'DBEU',getDate(),'DBEU',null)
insert into TSEGMT (SGMT_NF, SGT_NT, SGTVER_NT, SGMT_LS, SGMT_LL, SGTLVL_NT, PARSGMT_CF, BALAIMGT_CT, CRE_D, CREUSR_CF, LSTUPD_D, LSTUPDUSR_CF, timestamp) values (17,131,1,'1221','Agg XS/Stop Loss',0,68,null,getDate(),'DBEU',getDate(),'DBEU',null)
insert into TSEGMT (SGMT_NF, SGT_NT, SGTVER_NT, SGMT_LS, SGMT_LL, SGTLVL_NT, PARSGMT_CF, BALAIMGT_CT, CRE_D, CREUSR_CF, LSTUPD_D, LSTUPDUSR_CF, timestamp) values (18,131,1,'1231','Other SRT',0,68,null,getDate(),'DBEU',getDate(),'DBEU',null)
insert into TSEGMT (SGMT_NF, SGT_NT, SGTVER_NT, SGMT_LS, SGMT_LL, SGTLVL_NT, PARSGMT_CF, BALAIMGT_CT, CRE_D, CREUSR_CF, LSTUPD_D, LSTUPDUSR_CF, timestamp) values (19,131,1,'1241','Marine',0,69,null,getDate(),'DBEU',getDate(),'DBEU',null)
insert into TSEGMT (SGMT_NF, SGT_NT, SGTVER_NT, SGMT_LS, SGMT_LL, SGTLVL_NT, PARSGMT_CF, BALAIMGT_CT, CRE_D, CREUSR_CF, LSTUPD_D, LSTUPDUSR_CF, timestamp) values (20,131,1,'1251','Offshore',0,69,null,getDate(),'DBEU',getDate(),'DBEU',null)
insert into TSEGMT (SGMT_NF, SGT_NT, SGTVER_NT, SGMT_LS, SGMT_LL, SGTLVL_NT, PARSGMT_CF, BALAIMGT_CT, CRE_D, CREUSR_CF, LSTUPD_D, LSTUPDUSR_CF, timestamp) values (21,131,1,'2201','Ppty Non Energy',0,74,null,getDate(),'DBEU',getDate(),'DBEU',null)
insert into TSEGMT (SGMT_NF, SGT_NT, SGTVER_NT, SGMT_LS, SGMT_LL, SGTLVL_NT, PARSGMT_CF, BALAIMGT_CT, CRE_D, CREUSR_CF, LSTUPD_D, LSTUPDUSR_CF, timestamp) values (22,131,1,'2211','Property Energy',0,74,null,getDate(),'DBEU',getDate(),'DBEU',null)
insert into TSEGMT (SGMT_NF, SGT_NT, SGTVER_NT, SGMT_LS, SGMT_LL, SGTLVL_NT, PARSGMT_CF, BALAIMGT_CT, CRE_D, CREUSR_CF, LSTUPD_D, LSTUPDUSR_CF, timestamp) values (23,131,1,'2221','Engineering',0,70,null,getDate(),'DBEU',getDate(),'DBEU',null)
insert into TSEGMT (SGMT_NF, SGT_NT, SGTVER_NT, SGMT_LS, SGMT_LL, SGTLVL_NT, PARSGMT_CF, BALAIMGT_CT, CRE_D, CREUSR_CF, LSTUPD_D, LSTUPDUSR_CF, timestamp) values (24,131,1,'2231','GL (EL included)',0,76,null,getDate(),'DBEU',getDate(),'DBEU',null)
insert into TSEGMT (SGMT_NF, SGT_NT, SGTVER_NT, SGMT_LS, SGMT_LL, SGTLVL_NT, PARSGMT_CF, BALAIMGT_CT, CRE_D, CREUSR_CF, LSTUPD_D, LSTUPDUSR_CF, timestamp) values (25,131,1,'2291','Pers. Insurance',0,72,null,getDate(),'DBEU',getDate(),'DBEU',null)
insert into TSEGMT (SGMT_NF, SGT_NT, SGTVER_NT, SGMT_LS, SGMT_LL, SGTLVL_NT, PARSGMT_CF, BALAIMGT_CT, CRE_D, CREUSR_CF, LSTUPD_D, LSTUPDUSR_CF, timestamp) values (26,131,1,'2401','ARF',0,71,null,getDate(),'DBEU',getDate(),'DBEU',null)
insert into TSEGMT (SGMT_NF, SGT_NT, SGTVER_NT, SGMT_LS, SGMT_LL, SGTLVL_NT, PARSGMT_CF, BALAIMGT_CT, CRE_D, CREUSR_CF, LSTUPD_D, LSTUPDUSR_CF, timestamp) values (27,131,1,'2411','Offshore Operat.',0,72,null,getDate(),'DBEU',getDate(),'DBEU',null)
insert into TSEGMT (SGMT_NF, SGT_NT, SGTVER_NT, SGMT_LS, SGMT_LL, SGTLVL_NT, PARSGMT_CF, BALAIMGT_CT, CRE_D, CREUSR_CF, LSTUPD_D, LSTUPDUSR_CF, timestamp) values (28,131,1,'2421','Const.Offsh&Ship',0,72,null,getDate(),'DBEU',getDate(),'DBEU',null)
insert into TSEGMT (SGMT_NF, SGT_NT, SGTVER_NT, SGMT_LS, SGMT_LL, SGTLVL_NT, PARSGMT_CF, BALAIMGT_CT, CRE_D, CREUSR_CF, LSTUPD_D, LSTUPDUSR_CF, timestamp) values (29,131,1,'3001','Property P',0,74,null,getDate(),'DBEU',getDate(),'DBEU',null)
insert into TSEGMT (SGMT_NF, SGT_NT, SGTVER_NT, SGMT_LS, SGMT_LL, SGTLVL_NT, PARSGMT_CF, BALAIMGT_CT, CRE_D, CREUSR_CF, LSTUPD_D, LSTUPDUSR_CF, timestamp) values (30,131,1,'3011','Property NPW',0,74,null,getDate(),'DBEU',getDate(),'DBEU',null)
insert into TSEGMT (SGMT_NF, SGT_NT, SGTVER_NT, SGMT_LS, SGMT_LL, SGTLVL_NT, PARSGMT_CF, BALAIMGT_CT, CRE_D, CREUSR_CF, LSTUPD_D, LSTUPDUSR_CF, timestamp) values (31,131,1,'3021','Property CAT',0,73,null,getDate(),'DBEU',getDate(),'DBEU',null)
insert into TSEGMT (SGMT_NF, SGT_NT, SGTVER_NT, SGMT_LS, SGMT_LL, SGTLVL_NT, PARSGMT_CF, BALAIMGT_CT, CRE_D, CREUSR_CF, LSTUPD_D, LSTUPDUSR_CF, timestamp) values (32,131,1,'3031','Property Fac',0,74,null,getDate(),'DBEU',getDate(),'DBEU',null)
insert into TSEGMT (SGMT_NF, SGT_NT, SGTVER_NT, SGMT_LS, SGMT_LL, SGTLVL_NT, PARSGMT_CF, BALAIMGT_CT, CRE_D, CREUSR_CF, LSTUPD_D, LSTUPDUSR_CF, timestamp) values (33,131,1,'3041','Auto P',0,75,null,getDate(),'DBEU',getDate(),'DBEU',null)
insert into TSEGMT (SGMT_NF, SGT_NT, SGTVER_NT, SGMT_LS, SGMT_LL, SGTLVL_NT, PARSGMT_CF, BALAIMGT_CT, CRE_D, CREUSR_CF, LSTUPD_D, LSTUPDUSR_CF, timestamp) values (34,131,1,'3051','Auto NP',0,75,null,getDate(),'DBEU',getDate(),'DBEU',null)
insert into TSEGMT (SGMT_NF, SGT_NT, SGTVER_NT, SGMT_LS, SGMT_LL, SGTLVL_NT, PARSGMT_CF, BALAIMGT_CT, CRE_D, CREUSR_CF, LSTUPD_D, LSTUPDUSR_CF, timestamp) values (35,131,1,'3061','Liability P',0,76,null,getDate(),'DBEU',getDate(),'DBEU',null)
insert into TSEGMT (SGMT_NF, SGT_NT, SGTVER_NT, SGMT_LS, SGMT_LL, SGTLVL_NT, PARSGMT_CF, BALAIMGT_CT, CRE_D, CREUSR_CF, LSTUPD_D, LSTUPDUSR_CF, timestamp) values (36,131,1,'3071','Liability NP',0,76,null,getDate(),'DBEU',getDate(),'DBEU',null)
insert into TSEGMT (SGMT_NF, SGT_NT, SGTVER_NT, SGMT_LS, SGMT_LL, SGTLVL_NT, PARSGMT_CF, BALAIMGT_CT, CRE_D, CREUSR_CF, LSTUPD_D, LSTUPDUSR_CF, timestamp) values (37,131,1,'3081','Other Work. Comp',0,76,null,getDate(),'DBEU',getDate(),'DBEU',null)
insert into TSEGMT (SGMT_NF, SGT_NT, SGTVER_NT, SGMT_LS, SGMT_LL, SGTLVL_NT, PARSGMT_CF, BALAIMGT_CT, CRE_D, CREUSR_CF, LSTUPD_D, LSTUPDUSR_CF, timestamp) values (38,131,1,'3091','Liability Fac',0,76,null,getDate(),'DBEU',getDate(),'DBEU',null)
insert into TSEGMT (SGMT_NF, SGT_NT, SGTVER_NT, SGMT_LS, SGMT_LL, SGTLVL_NT, PARSGMT_CF, BALAIMGT_CT, CRE_D, CREUSR_CF, LSTUPD_D, LSTUPDUSR_CF, timestamp) values (39,131,1,'3121','Special Risks',0,72,null,getDate(),'DBEU',getDate(),'DBEU',null)
insert into TSEGMT (SGMT_NF, SGT_NT, SGTVER_NT, SGMT_LS, SGMT_LL, SGTLVL_NT, PARSGMT_CF, BALAIMGT_CT, CRE_D, CREUSR_CF, LSTUPD_D, LSTUPDUSR_CF, timestamp) values (40,131,1,'3131','Pers. Insurance',0,72,null,getDate(),'DBEU',getDate(),'DBEU',null)
insert into TSEGMT (SGMT_NF, SGT_NT, SGTVER_NT, SGMT_LS, SGMT_LL, SGTLVL_NT, PARSGMT_CF, BALAIMGT_CT, CRE_D, CREUSR_CF, LSTUPD_D, LSTUPDUSR_CF, timestamp) values (41,131,1,'5020','Life-Individual',0,77,null,getDate(),'DBEU',getDate(),'DBEU',null)
insert into TSEGMT (SGMT_NF, SGT_NT, SGTVER_NT, SGMT_LS, SGMT_LL, SGTLVL_NT, PARSGMT_CF, BALAIMGT_CT, CRE_D, CREUSR_CF, LSTUPD_D, LSTUPDUSR_CF, timestamp) values (42,131,1,'5030','Life-Group',0,77,null,getDate(),'DBEU',getDate(),'DBEU',null)
insert into TSEGMT (SGMT_NF, SGT_NT, SGTVER_NT, SGMT_LS, SGMT_LL, SGTLVL_NT, PARSGMT_CF, BALAIMGT_CT, CRE_D, CREUSR_CF, LSTUPD_D, LSTUPDUSR_CF, timestamp) values (43,131,1,'5040','Saving&Annuities',0,77,null,getDate(),'DBEU',getDate(),'DBEU',null)
insert into TSEGMT (SGMT_NF, SGT_NT, SGTVER_NT, SGMT_LS, SGMT_LL, SGTLVL_NT, PARSGMT_CF, BALAIMGT_CT, CRE_D, CREUSR_CF, LSTUPD_D, LSTUPDUSR_CF, timestamp) values (44,131,1,'5050','Accident',0,77,null,getDate(),'DBEU',getDate(),'DBEU',null)
insert into TSEGMT (SGMT_NF, SGT_NT, SGTVER_NT, SGMT_LS, SGMT_LL, SGTLVL_NT, PARSGMT_CF, BALAIMGT_CT, CRE_D, CREUSR_CF, LSTUPD_D, LSTUPDUSR_CF, timestamp) values (45,131,1,'5060','Health',0,77,null,getDate(),'DBEU',getDate(),'DBEU',null)
insert into TSEGMT (SGMT_NF, SGT_NT, SGTVER_NT, SGMT_LS, SGMT_LL, SGTLVL_NT, PARSGMT_CF, BALAIMGT_CT, CRE_D, CREUSR_CF, LSTUPD_D, LSTUPDUSR_CF, timestamp) values (46,131,1,'5070','Disability',0,77,null,getDate(),'DBEU',getDate(),'DBEU',null)
insert into TSEGMT (SGMT_NF, SGT_NT, SGTVER_NT, SGMT_LS, SGMT_LL, SGTLVL_NT, PARSGMT_CF, BALAIMGT_CT, CRE_D, CREUSR_CF, LSTUPD_D, LSTUPDUSR_CF, timestamp) values (47,131,1,'5080','Long Term Care',0,77,null,getDate(),'DBEU',getDate(),'DBEU',null)
insert into TSEGMT (SGMT_NF, SGT_NT, SGTVER_NT, SGMT_LS, SGMT_LL, SGTLVL_NT, PARSGMT_CF, BALAIMGT_CT, CRE_D, CREUSR_CF, LSTUPD_D, LSTUPDUSR_CF, timestamp) values (48,131,1,'5090','Critical Illness',0,77,null,getDate(),'DBEU',getDate(),'DBEU',null)
insert into TSEGMT (SGMT_NF, SGT_NT, SGTVER_NT, SGMT_LS, SGMT_LL, SGTLVL_NT, PARSGMT_CF, BALAIMGT_CT, CRE_D, CREUSR_CF, LSTUPD_D, LSTUPDUSR_CF, timestamp) values (49,131,1,'5100','Unemployment',0,77,null,getDate(),'DBEU',getDate(),'DBEU',null)
insert into TSEGMT (SGMT_NF, SGT_NT, SGTVER_NT, SGMT_LS, SGMT_LL, SGTLVL_NT, PARSGMT_CF, BALAIMGT_CT, CRE_D, CREUSR_CF, LSTUPD_D, LSTUPDUSR_CF, timestamp) values (50,131,1,'5110','Non Proportional',0,77,null,getDate(),'DBEU',getDate(),'DBEU',null)
insert into TSEGMT (SGMT_NF, SGT_NT, SGTVER_NT, SGMT_LS, SGMT_LL, SGTLVL_NT, PARSGMT_CF, BALAIMGT_CT, CRE_D, CREUSR_CF, LSTUPD_D, LSTUPDUSR_CF, timestamp) values (51,131,1,'5120','Remark',0,78,null,getDate(),'DBEU',getDate(),'DBEU',null)
insert into TSEGMT (SGMT_NF, SGT_NT, SGTVER_NT, SGMT_LS, SGMT_LL, SGTLVL_NT, PARSGMT_CF, BALAIMGT_CT, CRE_D, CREUSR_CF, LSTUPD_D, LSTUPDUSR_CF, timestamp) values (52,131,1,'5130','Financing-Others',0,78,null,getDate(),'DBEU',getDate(),'DBEU',null)
insert into TSEGMT (SGMT_NF, SGT_NT, SGTVER_NT, SGMT_LS, SGMT_LL, SGTLVL_NT, PARSGMT_CF, BALAIMGT_CT, CRE_D, CREUSR_CF, LSTUPD_D, LSTUPDUSR_CF, timestamp) values (53,131,1,'5140','Non RiskTransfer',0,79,null,getDate(),'DBEU',getDate(),'DBEU',null)
insert into TSEGMT (SGMT_NF, SGT_NT, SGTVER_NT, SGMT_LS, SGMT_LL, SGTLVL_NT, PARSGMT_CF, BALAIMGT_CT, CRE_D, CREUSR_CF, LSTUPD_D, LSTUPDUSR_CF, timestamp) values (54,131,1,'5900','SGL to segment',0,80,null,getDate(),'DBEU',getDate(),'DBEU',null)
insert into TSEGMT (SGMT_NF, SGT_NT, SGTVER_NT, SGMT_LS, SGMT_LL, SGTLVL_NT, PARSGMT_CF, BALAIMGT_CT, CRE_D, CREUSR_CF, LSTUPD_D, LSTUPDUSR_CF, timestamp) values (55,131,1,'9999','Unspecified',0,81,null,getDate(),'DBEU',getDate(),'DBEU',null)
insert into TSEGMT (SGMT_NF, SGT_NT, SGTVER_NT, SGMT_LS, SGMT_LL, SGTLVL_NT, PARSGMT_CF, BALAIMGT_CT, CRE_D, CREUSR_CF, LSTUPD_D, LSTUPDUSR_CF, timestamp) values (56,131,1,'1100','C&S',1,null,null,getDate(),'DBEU',getDate(),'DBEU',null)
insert into TSEGMT (SGMT_NF, SGT_NT, SGTVER_NT, SGMT_LS, SGMT_LL, SGTLVL_NT, PARSGMT_CF, BALAIMGT_CT, CRE_D, CREUSR_CF, LSTUPD_D, LSTUPDUSR_CF, timestamp) values (57,131,1,'2080','LRA',1,null,null,getDate(),'DBEU',getDate(),'DBEU',null)
insert into TSEGMT (SGMT_NF, SGT_NT, SGTVER_NT, SGMT_LS, SGMT_LL, SGTLVL_NT, PARSGMT_CF, BALAIMGT_CT, CRE_D, CREUSR_CF, LSTUPD_D, LSTUPDUSR_CF, timestamp) values (58,131,1,'2030','Gaum',1,null,null,getDate(),'DBEU',getDate(),'DBEU',null)
insert into TSEGMT (SGMT_NF, SGT_NT, SGTVER_NT, SGMT_LS, SGMT_LL, SGTLVL_NT, PARSGMT_CF, BALAIMGT_CT, CRE_D, CREUSR_CF, LSTUPD_D, LSTUPDUSR_CF, timestamp) values (59,131,1,'2040','MDU',1,null,null,getDate(),'DBEU',getDate(),'DBEU',null)
insert into TSEGMT (SGMT_NF, SGT_NT, SGTVER_NT, SGMT_LS, SGMT_LL, SGTLVL_NT, PARSGMT_CF, BALAIMGT_CT, CRE_D, CREUSR_CF, LSTUPD_D, LSTUPDUSR_CF, timestamp) values (60,131,1,'2050','Lloyds',1,null,null,getDate(),'DBEU',getDate(),'DBEU',null)
insert into TSEGMT (SGMT_NF, SGT_NT, SGTVER_NT, SGMT_LS, SGMT_LL, SGTLVL_NT, PARSGMT_CF, BALAIMGT_CT, CRE_D, CREUSR_CF, LSTUPD_D, LSTUPDUSR_CF, timestamp) values (61,131,1,'2070','Inwards Retro',1,null,null,getDate(),'DBEU',getDate(),'DBEU',null)
insert into TSEGMT (SGMT_NF, SGT_NT, SGTVER_NT, SGMT_LS, SGMT_LL, SGTLVL_NT, PARSGMT_CF, BALAIMGT_CT, CRE_D, CREUSR_CF, LSTUPD_D, LSTUPDUSR_CF, timestamp) values (62,131,1,'1000','Agriculture',1,null,null,getDate(),'DBEU',getDate(),'DBEU',null)
insert into TSEGMT (SGMT_NF, SGT_NT, SGTVER_NT, SGMT_LS, SGMT_LL, SGTLVL_NT, PARSGMT_CF, BALAIMGT_CT, CRE_D, CREUSR_CF, LSTUPD_D, LSTUPDUSR_CF, timestamp) values (63,131,1,'1300','Decennial',1,null,null,getDate(),'DBEU',getDate(),'DBEU',null)
insert into TSEGMT (SGMT_NF, SGT_NT, SGTVER_NT, SGMT_LS, SGMT_LL, SGTLVL_NT, PARSGMT_CF, BALAIMGT_CT, CRE_D, CREUSR_CF, LSTUPD_D, LSTUPDUSR_CF, timestamp) values (64,131,1,'1700','Space',1,null,null,getDate(),'DBEU',getDate(),'DBEU',null)
insert into TSEGMT (SGMT_NF, SGT_NT, SGTVER_NT, SGMT_LS, SGMT_LL, SGTLVL_NT, PARSGMT_CF, BALAIMGT_CT, CRE_D, CREUSR_CF, LSTUPD_D, LSTUPDUSR_CF, timestamp) values (65,131,1,'2010','Aviation',1,null,null,getDate(),'DBEU',getDate(),'DBEU',null)
insert into TSEGMT (SGMT_NF, SGT_NT, SGTVER_NT, SGMT_LS, SGMT_LL, SGTLVL_NT, PARSGMT_CF, BALAIMGT_CT, CRE_D, CREUSR_CF, LSTUPD_D, LSTUPDUSR_CF, timestamp) values (66,131,1,'2020','Contingency',1,null,null,getDate(),'DBEU',getDate(),'DBEU',null)
insert into TSEGMT (SGMT_NF, SGT_NT, SGTVER_NT, SGMT_LS, SGMT_LL, SGTLVL_NT, PARSGMT_CF, BALAIMGT_CT, CRE_D, CREUSR_CF, LSTUPD_D, LSTUPDUSR_CF, timestamp) values (67,131,1,'2060','US CAT NAT',1,null,null,getDate(),'DBEU',getDate(),'DBEU',null)
insert into TSEGMT (SGMT_NF, SGT_NT, SGTVER_NT, SGMT_LS, SGMT_LL, SGTLVL_NT, PARSGMT_CF, BALAIMGT_CT, CRE_D, CREUSR_CF, LSTUPD_D, LSTUPDUSR_CF, timestamp) values (68,131,1,'1800','Struct. Products',1,null,null,getDate(),'DBEU',getDate(),'DBEU',null)
insert into TSEGMT (SGMT_NF, SGT_NT, SGTVER_NT, SGMT_LS, SGMT_LL, SGTLVL_NT, PARSGMT_CF, BALAIMGT_CT, CRE_D, CREUSR_CF, LSTUPD_D, LSTUPDUSR_CF, timestamp) values (69,131,1,'2000','Marine&Offshore',1,null,null,getDate(),'DBEU',getDate(),'DBEU',null)
insert into TSEGMT (SGMT_NF, SGT_NT, SGTVER_NT, SGMT_LS, SGMT_LL, SGTLVL_NT, PARSGMT_CF, BALAIMGT_CT, CRE_D, CREUSR_CF, LSTUPD_D, LSTUPDUSR_CF, timestamp) values (70,131,1,'1400','Engineering',1,null,null,getDate(),'DBEU',getDate(),'DBEU',null)
insert into TSEGMT (SGMT_NF, SGT_NT, SGTVER_NT, SGMT_LS, SGMT_LL, SGTLVL_NT, PARSGMT_CF, BALAIMGT_CT, CRE_D, CREUSR_CF, LSTUPD_D, LSTUPDUSR_CF, timestamp) values (71,131,1,'1850','ARF',1,null,null,getDate(),'DBEU',getDate(),'DBEU',null)
insert into TSEGMT (SGMT_NF, SGT_NT, SGTVER_NT, SGMT_LS, SGMT_LL, SGTLVL_NT, PARSGMT_CF, BALAIMGT_CT, CRE_D, CREUSR_CF, LSTUPD_D, LSTUPDUSR_CF, timestamp) values (72,131,1,'1900','Others',1,null,null,getDate(),'DBEU',getDate(),'DBEU',null)
insert into TSEGMT (SGMT_NF, SGT_NT, SGTVER_NT, SGMT_LS, SGMT_LL, SGTLVL_NT, PARSGMT_CF, BALAIMGT_CT, CRE_D, CREUSR_CF, LSTUPD_D, LSTUPDUSR_CF, timestamp) values (73,131,1,'1650','Property CAT',1,null,null,getDate(),'DBEU',getDate(),'DBEU',null)
insert into TSEGMT (SGMT_NF, SGT_NT, SGTVER_NT, SGMT_LS, SGMT_LL, SGTLVL_NT, PARSGMT_CF, BALAIMGT_CT, CRE_D, CREUSR_CF, LSTUPD_D, LSTUPDUSR_CF, timestamp) values (74,131,1,'1600','Property',1,null,null,getDate(),'DBEU',getDate(),'DBEU',null)
insert into TSEGMT (SGMT_NF, SGT_NT, SGTVER_NT, SGMT_LS, SGMT_LL, SGTLVL_NT, PARSGMT_CF, BALAIMGT_CT, CRE_D, CREUSR_CF, LSTUPD_D, LSTUPDUSR_CF, timestamp) values (75,131,1,'1500','Motor',1,null,null,getDate(),'DBEU',getDate(),'DBEU',null)
insert into TSEGMT (SGMT_NF, SGT_NT, SGTVER_NT, SGMT_LS, SGMT_LL, SGTLVL_NT, PARSGMT_CF, BALAIMGT_CT, CRE_D, CREUSR_CF, LSTUPD_D, LSTUPDUSR_CF, timestamp) values (76,131,1,'1200','Casualty',1,null,null,getDate(),'DBEU',getDate(),'DBEU',null)
insert into TSEGMT (SGMT_NF, SGT_NT, SGTVER_NT, SGMT_LS, SGMT_LL, SGTLVL_NT, PARSGMT_CF, BALAIMGT_CT, CRE_D, CREUSR_CF, LSTUPD_D, LSTUPDUSR_CF, timestamp) values (77,131,1,'5000','Classical Bus.',1,null,null,getDate(),'DBEU',getDate(),'DBEU',null)
insert into TSEGMT (SGMT_NF, SGT_NT, SGTVER_NT, SGMT_LS, SGMT_LL, SGTLVL_NT, PARSGMT_CF, BALAIMGT_CT, CRE_D, CREUSR_CF, LSTUPD_D, LSTUPDUSR_CF, timestamp) values (78,131,1,'5010','Financing Bus.',1,null,null,getDate(),'DBEU',getDate(),'DBEU',null)
insert into TSEGMT (SGMT_NF, SGT_NT, SGTVER_NT, SGMT_LS, SGMT_LL, SGTLVL_NT, PARSGMT_CF, BALAIMGT_CT, CRE_D, CREUSR_CF, LSTUPD_D, LSTUPDUSR_CF, timestamp) values (79,131,1,'5020','IAS39',1,null,null,getDate(),'DBEU',getDate(),'DBEU',null)
insert into TSEGMT (SGMT_NF, SGT_NT, SGTVER_NT, SGMT_LS, SGMT_LL, SGTLVL_NT, PARSGMT_CF, BALAIMGT_CT, CRE_D, CREUSR_CF, LSTUPD_D, LSTUPDUSR_CF, timestamp) values (80,131,1,'5900','SGL to segment',1,null,null,getDate(),'DBEU',getDate(),'DBEU',null)
insert into TSEGMT (SGMT_NF, SGT_NT, SGTVER_NT, SGMT_LS, SGMT_LL, SGTLVL_NT, PARSGMT_CF, BALAIMGT_CT, CRE_D, CREUSR_CF, LSTUPD_D, LSTUPDUSR_CF, timestamp) values (81,131,1,'9999','UNSPECIFIED',1,null,null,getDate(),'DBEU',getDate(),'DBEU',null)
insert into TSEGMT (SGMT_NF, SGT_NT, SGTVER_NT, SGMT_LS, SGMT_LL, SGTLVL_NT, PARSGMT_CF, BALAIMGT_CT, CRE_D, CREUSR_CF, LSTUPD_D, LSTUPDUSR_CF, timestamp) values (100,131,1,'1031','Cred&Surety Fac',0,81,null,getDate(),'DBEU',getDate(),'DBEU',null)
insert into TSEGMT (SGMT_NF, SGT_NT, SGTVER_NT, SGMT_LS, SGMT_LL, SGTLVL_NT, PARSGMT_CF, BALAIMGT_CT, CRE_D, CREUSR_CF, LSTUPD_D, LSTUPDUSR_CF, timestamp) values (101,131,1,'1141','Credit & Surety',0,81,null,getDate(),'DBEU',getDate(),'DBEU',null)
insert into TSEGMT (SGMT_NF, SGT_NT, SGTVER_NT, SGMT_LS, SGMT_LL, SGTLVL_NT, PARSGMT_CF, BALAIMGT_CT, CRE_D, CREUSR_CF, LSTUPD_D, LSTUPDUSR_CF, timestamp) values (102,131,1,'1151','Marine & Offsh.',0,81,null,getDate(),'DBEU',getDate(),'DBEU',null)
insert into TSEGMT (SGMT_NF, SGT_NT, SGTVER_NT, SGMT_LS, SGMT_LL, SGTLVL_NT, PARSGMT_CF, BALAIMGT_CT, CRE_D, CREUSR_CF, LSTUPD_D, LSTUPDUSR_CF, timestamp) values (103,131,1,'2241','D&O, E&O',0,81,null,getDate(),'DBEU',getDate(),'DBEU',null)
insert into TSEGMT (SGMT_NF, SGT_NT, SGTVER_NT, SGMT_LS, SGMT_LL, SGTLVL_NT, PARSGMT_CF, BALAIMGT_CT, CRE_D, CREUSR_CF, LSTUPD_D, LSTUPDUSR_CF, timestamp) values (104,131,1,'2251','Offsh.&Shipbuild',0,81,null,getDate(),'DBEU',getDate(),'DBEU',null)
insert into TSEGMT (SGMT_NF, SGT_NT, SGTVER_NT, SGMT_LS, SGMT_LL, SGTLVL_NT, PARSGMT_CF, BALAIMGT_CT, CRE_D, CREUSR_CF, LSTUPD_D, LSTUPDUSR_CF, timestamp) values (105,131,1,'2261','Space/Aviat Fac',0,81,null,getDate(),'DBEU',getDate(),'DBEU',null)
insert into TSEGMT (SGMT_NF, SGT_NT, SGTVER_NT, SGMT_LS, SGMT_LL, SGTLVL_NT, PARSGMT_CF, BALAIMGT_CT, CRE_D, CREUSR_CF, LSTUPD_D, LSTUPDUSR_CF, timestamp) values (106,131,1,'2271','Decennial Fac',0,81,null,getDate(),'DBEU',getDate(),'DBEU',null)
insert into TSEGMT (SGMT_NF, SGT_NT, SGTVER_NT, SGMT_LS, SGMT_LL, SGTLVL_NT, PARSGMT_CF, BALAIMGT_CT, CRE_D, CREUSR_CF, LSTUPD_D, LSTUPDUSR_CF, timestamp) values (107,131,1,'2281','BS Treaties',0,81,null,getDate(),'DBEU',getDate(),'DBEU',null)
insert into TSEGMT (SGMT_NF, SGT_NT, SGTVER_NT, SGMT_LS, SGMT_LL, SGTLVL_NT, PARSGMT_CF, BALAIMGT_CT, CRE_D, CREUSR_CF, LSTUPD_D, LSTUPDUSR_CF, timestamp) values (108,131,1,'2301','Agriculture Fac',0,81,null,getDate(),'DBEU',getDate(),'DBEU',null)
insert into TSEGMT (SGMT_NF, SGT_NT, SGTVER_NT, SGMT_LS, SGMT_LL, SGTLVL_NT, PARSGMT_CF, BALAIMGT_CT, CRE_D, CREUSR_CF, LSTUPD_D, LSTUPDUSR_CF, timestamp) values (109,131,1,'3101','Transp./Offshore',0,81,null,getDate(),'DBEU',getDate(),'DBEU',null)
insert into TSEGMT (SGMT_NF, SGT_NT, SGTVER_NT, SGMT_LS, SGMT_LL, SGTLVL_NT, PARSGMT_CF, BALAIMGT_CT, CRE_D, CREUSR_CF, LSTUPD_D, LSTUPDUSR_CF, timestamp) values (110,131,1,'3111','Space/Aviat. Tty',0,81,null,getDate(),'DBEU',getDate(),'DBEU',null)
insert into TSEGMT (SGMT_NF, SGT_NT, SGTVER_NT, SGMT_LS, SGMT_LL, SGTLVL_NT, PARSGMT_CF, BALAIMGT_CT, CRE_D, CREUSR_CF, LSTUPD_D, LSTUPDUSR_CF, timestamp) values (111,131,1,'3141','Facs P&C',0,81,null,getDate(),'DBEU',getDate(),'DBEU',null)
insert into TSEGMT (SGMT_NF, SGT_NT, SGTVER_NT, SGMT_LS, SGMT_LL, SGTLVL_NT, PARSGMT_CF, BALAIMGT_CT, CRE_D, CREUSR_CF, LSTUPD_D, LSTUPDUSR_CF, timestamp) values (112,131,1,'3151','Agriculture Tty',0,81,null,getDate(),'DBEU',getDate(),'DBEU',null)
go

insert into TSEGMENTRULE (SGTRUL_NT, SGMT_NF, SGT_NT, SGTVER_NT, RULE_LS, RULPRIO_CT, FUNCDEF_T, TECHDEF_T, CRE_D, CREUSR_CF, LSTUPD_D, LSTUPDUSR_CF, timestamp) values (1,41,131,1,'',8,'LOB=''30'' AND P_NP=''P'' AND TOP=''900'' AND GUARANTEE=''900''','StringUtils.equals(c.getLobCf(), "30") && StringUtils.equals(c.getNatB(), "P") && StringUtils.equals(c.getTopCf(), "900") && StringUtils.equals(c.getGarCf(), "900")',getDate(),'DBEU',getDate(),'DBEU',null)
insert into TSEGMENTRULE2CRI (SGTRULE_NT, SGMT_NF, SGT_NT, SGTVER_NT, SGTCRI_CF, CRE_D, CREUSR_CF) values (1,41,131,1,'P_NP',getDate(),'DBEU')
insert into TSEGMENTRULE2CRI (SGTRULE_NT, SGMT_NF, SGT_NT, SGTVER_NT, SGTCRI_CF, CRE_D, CREUSR_CF) values (1,41,131,1,'TOP',getDate(),'DBEU')
insert into TSEGMENTRULE2CRI (SGTRULE_NT, SGMT_NF, SGT_NT, SGTVER_NT, SGTCRI_CF, CRE_D, CREUSR_CF) values (1,41,131,1,'LOB',getDate(),'DBEU')
insert into TSEGMENTRULE2CRI (SGTRULE_NT, SGMT_NF, SGT_NT, SGTVER_NT, SGTCRI_CF, CRE_D, CREUSR_CF) values (1,41,131,1,'GUARANTEE',getDate(),'DBEU')
insert into TSEGMENTRULE (SGTRUL_NT, SGMT_NF, SGT_NT, SGTVER_NT, RULE_LS, RULPRIO_CT, FUNCDEF_T, TECHDEF_T, CRE_D, CREUSR_CF, LSTUPD_D, LSTUPDUSR_CF, timestamp) values (2,41,131,1,'',9,'LOB=''30'' AND P_NP=''P'' AND TOP=''900'' AND GUARANTEE=''904''','StringUtils.equals(c.getLobCf(), "30") && StringUtils.equals(c.getNatB(), "P") && StringUtils.equals(c.getTopCf(), "900") && StringUtils.equals(c.getGarCf(), "904")',getDate(),'DBEU',getDate(),'DBEU',null)
insert into TSEGMENTRULE2CRI (SGTRULE_NT, SGMT_NF, SGT_NT, SGTVER_NT, SGTCRI_CF, CRE_D, CREUSR_CF) values (2,41,131,1,'P_NP',getDate(),'DBEU')
insert into TSEGMENTRULE2CRI (SGTRULE_NT, SGMT_NF, SGT_NT, SGTVER_NT, SGTCRI_CF, CRE_D, CREUSR_CF) values (2,41,131,1,'TOP',getDate(),'DBEU')
insert into TSEGMENTRULE2CRI (SGTRULE_NT, SGMT_NF, SGT_NT, SGTVER_NT, SGTCRI_CF, CRE_D, CREUSR_CF) values (2,41,131,1,'LOB',getDate(),'DBEU')
insert into TSEGMENTRULE2CRI (SGTRULE_NT, SGMT_NF, SGT_NT, SGTVER_NT, SGTCRI_CF, CRE_D, CREUSR_CF) values (2,41,131,1,'GUARANTEE',getDate(),'DBEU')
insert into TSEGMENTRULE (SGTRUL_NT, SGMT_NF, SGT_NT, SGTVER_NT, RULE_LS, RULPRIO_CT, FUNCDEF_T, TECHDEF_T, CRE_D, CREUSR_CF, LSTUPD_D, LSTUPDUSR_CF, timestamp) values (3,41,131,1,'',10,'LOB=''30'' AND P_NP=''P'' AND TOP=''900'' AND GUARANTEE=''906''','StringUtils.equals(c.getLobCf(), "30") && StringUtils.equals(c.getNatB(), "P") && StringUtils.equals(c.getTopCf(), "900") && StringUtils.equals(c.getGarCf(), "906")',getDate(),'DBEU',getDate(),'DBEU',null)
insert into TSEGMENTRULE2CRI (SGTRULE_NT, SGMT_NF, SGT_NT, SGTVER_NT, SGTCRI_CF, CRE_D, CREUSR_CF) values (3,41,131,1,'P_NP',getDate(),'DBEU')
insert into TSEGMENTRULE2CRI (SGTRULE_NT, SGMT_NF, SGT_NT, SGTVER_NT, SGTCRI_CF, CRE_D, CREUSR_CF) values (3,41,131,1,'TOP',getDate(),'DBEU')
insert into TSEGMENTRULE2CRI (SGTRULE_NT, SGMT_NF, SGT_NT, SGTVER_NT, SGTCRI_CF, CRE_D, CREUSR_CF) values (3,41,131,1,'LOB',getDate(),'DBEU')
insert into TSEGMENTRULE2CRI (SGTRULE_NT, SGMT_NF, SGT_NT, SGTVER_NT, SGTCRI_CF, CRE_D, CREUSR_CF) values (3,41,131,1,'GUARANTEE',getDate(),'DBEU')
insert into TSEGMENTRULE (SGTRUL_NT, SGMT_NF, SGT_NT, SGTVER_NT, RULE_LS, RULPRIO_CT, FUNCDEF_T, TECHDEF_T, CRE_D, CREUSR_CF, LSTUPD_D, LSTUPDUSR_CF, timestamp) values (4,41,131,1,'',11,'LOB=''30'' AND P_NP=''P'' AND TOP=''900'' AND GUARANTEE=''917''','StringUtils.equals(c.getLobCf(), "30") && StringUtils.equals(c.getNatB(), "P") && StringUtils.equals(c.getTopCf(), "900") && StringUtils.equals(c.getGarCf(), "917")',getDate(),'DBEU',getDate(),'DBEU',null)
insert into TSEGMENTRULE2CRI (SGTRULE_NT, SGMT_NF, SGT_NT, SGTVER_NT, SGTCRI_CF, CRE_D, CREUSR_CF) values (4,41,131,1,'P_NP',getDate(),'DBEU')
insert into TSEGMENTRULE2CRI (SGTRULE_NT, SGMT_NF, SGT_NT, SGTVER_NT, SGTCRI_CF, CRE_D, CREUSR_CF) values (4,41,131,1,'TOP',getDate(),'DBEU')
insert into TSEGMENTRULE2CRI (SGTRULE_NT, SGMT_NF, SGT_NT, SGTVER_NT, SGTCRI_CF, CRE_D, CREUSR_CF) values (4,41,131,1,'LOB',getDate(),'DBEU')
insert into TSEGMENTRULE2CRI (SGTRULE_NT, SGMT_NF, SGT_NT, SGTVER_NT, SGTCRI_CF, CRE_D, CREUSR_CF) values (4,41,131,1,'GUARANTEE',getDate(),'DBEU')
insert into TSEGMENTRULE (SGTRUL_NT, SGMT_NF, SGT_NT, SGTVER_NT, RULE_LS, RULPRIO_CT, FUNCDEF_T, TECHDEF_T, CRE_D, CREUSR_CF, LSTUPD_D, LSTUPDUSR_CF, timestamp) values (5,41,131,1,'',12,'LOB=''30'' AND P_NP=''P'' AND TOP=''900'' AND GUARANTEE=''918''','StringUtils.equals(c.getLobCf(), "30") && StringUtils.equals(c.getNatB(), "P") && StringUtils.equals(c.getTopCf(), "900") && StringUtils.equals(c.getGarCf(), "918")',getDate(),'DBEU',getDate(),'DBEU',null)
insert into TSEGMENTRULE2CRI (SGTRULE_NT, SGMT_NF, SGT_NT, SGTVER_NT, SGTCRI_CF, CRE_D, CREUSR_CF) values (5,41,131,1,'P_NP',getDate(),'DBEU')
insert into TSEGMENTRULE2CRI (SGTRULE_NT, SGMT_NF, SGT_NT, SGTVER_NT, SGTCRI_CF, CRE_D, CREUSR_CF) values (5,41,131,1,'TOP',getDate(),'DBEU')
insert into TSEGMENTRULE2CRI (SGTRULE_NT, SGMT_NF, SGT_NT, SGTVER_NT, SGTCRI_CF, CRE_D, CREUSR_CF) values (5,41,131,1,'LOB',getDate(),'DBEU')
insert into TSEGMENTRULE2CRI (SGTRULE_NT, SGMT_NF, SGT_NT, SGTVER_NT, SGTCRI_CF, CRE_D, CREUSR_CF) values (5,41,131,1,'GUARANTEE',getDate(),'DBEU')
insert into TSEGMENTRULE (SGTRUL_NT, SGMT_NF, SGT_NT, SGTVER_NT, RULE_LS, RULPRIO_CT, FUNCDEF_T, TECHDEF_T, CRE_D, CREUSR_CF, LSTUPD_D, LSTUPDUSR_CF, timestamp) values (6,41,131,1,'',13,'LOB=''30'' AND P_NP=''P'' AND TOP=''900'' AND GUARANTEE=''960''','StringUtils.equals(c.getLobCf(), "30") && StringUtils.equals(c.getNatB(), "P") && StringUtils.equals(c.getTopCf(), "900") && StringUtils.equals(c.getGarCf(), "960")',getDate(),'DBEU',getDate(),'DBEU',null)
insert into TSEGMENTRULE2CRI (SGTRULE_NT, SGMT_NF, SGT_NT, SGTVER_NT, SGTCRI_CF, CRE_D, CREUSR_CF) values (6,41,131,1,'P_NP',getDate(),'DBEU')
insert into TSEGMENTRULE2CRI (SGTRULE_NT, SGMT_NF, SGT_NT, SGTVER_NT, SGTCRI_CF, CRE_D, CREUSR_CF) values (6,41,131,1,'TOP',getDate(),'DBEU')
insert into TSEGMENTRULE2CRI (SGTRULE_NT, SGMT_NF, SGT_NT, SGTVER_NT, SGTCRI_CF, CRE_D, CREUSR_CF) values (6,41,131,1,'LOB',getDate(),'DBEU')
insert into TSEGMENTRULE2CRI (SGTRULE_NT, SGMT_NF, SGT_NT, SGTVER_NT, SGTCRI_CF, CRE_D, CREUSR_CF) values (6,41,131,1,'GUARANTEE',getDate(),'DBEU')
insert into TSEGMENTRULE (SGTRUL_NT, SGMT_NF, SGT_NT, SGTVER_NT, RULE_LS, RULPRIO_CT, FUNCDEF_T, TECHDEF_T, CRE_D, CREUSR_CF, LSTUPD_D, LSTUPDUSR_CF, timestamp) values (7,41,131,1,'',14,'LOB=''30'' AND P_NP=''P'' AND TOP=''900'' AND GUARANTEE=''080''','StringUtils.equals(c.getLobCf(), "30") && StringUtils.equals(c.getNatB(), "P") && StringUtils.equals(c.getTopCf(), "900") && StringUtils.equals(c.getGarCf(), "080")',getDate(),'DBEU',getDate(),'DBEU',null)
insert into TSEGMENTRULE2CRI (SGTRULE_NT, SGMT_NF, SGT_NT, SGTVER_NT, SGTCRI_CF, CRE_D, CREUSR_CF) values (7,41,131,1,'P_NP',getDate(),'DBEU')
insert into TSEGMENTRULE2CRI (SGTRULE_NT, SGMT_NF, SGT_NT, SGTVER_NT, SGTCRI_CF, CRE_D, CREUSR_CF) values (7,41,131,1,'TOP',getDate(),'DBEU')
insert into TSEGMENTRULE2CRI (SGTRULE_NT, SGMT_NF, SGT_NT, SGTVER_NT, SGTCRI_CF, CRE_D, CREUSR_CF) values (7,41,131,1,'LOB',getDate(),'DBEU')
insert into TSEGMENTRULE2CRI (SGTRULE_NT, SGMT_NF, SGT_NT, SGTVER_NT, SGTCRI_CF, CRE_D, CREUSR_CF) values (7,41,131,1,'GUARANTEE',getDate(),'DBEU')
insert into TSEGMENTRULE (SGTRUL_NT, SGMT_NF, SGT_NT, SGTVER_NT, RULE_LS, RULPRIO_CT, FUNCDEF_T, TECHDEF_T, CRE_D, CREUSR_CF, LSTUPD_D, LSTUPDUSR_CF, timestamp) values (8,41,131,1,'',15,'LOB=''30'' AND P_NP=''P'' AND TOP=''900'' AND GUARANTEE=''995''','StringUtils.equals(c.getLobCf(), "30") && StringUtils.equals(c.getNatB(), "P") && StringUtils.equals(c.getTopCf(), "900") && StringUtils.equals(c.getGarCf(), "995")',getDate(),'DBEU',getDate(),'DBEU',null)
insert into TSEGMENTRULE2CRI (SGTRULE_NT, SGMT_NF, SGT_NT, SGTVER_NT, SGTCRI_CF, CRE_D, CREUSR_CF) values (8,41,131,1,'P_NP',getDate(),'DBEU')
insert into TSEGMENTRULE2CRI (SGTRULE_NT, SGMT_NF, SGT_NT, SGTVER_NT, SGTCRI_CF, CRE_D, CREUSR_CF) values (8,41,131,1,'TOP',getDate(),'DBEU')
insert into TSEGMENTRULE2CRI (SGTRULE_NT, SGMT_NF, SGT_NT, SGTVER_NT, SGTCRI_CF, CRE_D, CREUSR_CF) values (8,41,131,1,'LOB',getDate(),'DBEU')
insert into TSEGMENTRULE2CRI (SGTRULE_NT, SGMT_NF, SGT_NT, SGTVER_NT, SGTCRI_CF, CRE_D, CREUSR_CF) values (8,41,131,1,'GUARANTEE',getDate(),'DBEU')
insert into TSEGMENTRULE (SGTRUL_NT, SGMT_NF, SGT_NT, SGTVER_NT, RULE_LS, RULPRIO_CT, FUNCDEF_T, TECHDEF_T, CRE_D, CREUSR_CF, LSTUPD_D, LSTUPDUSR_CF, timestamp) values (9,41,131,1,'',16,'LOB=''30'' AND P_NP=''P'' AND TOP=''900'' AND GUARANTEE=''999''','StringUtils.equals(c.getLobCf(), "30") && StringUtils.equals(c.getNatB(), "P") && StringUtils.equals(c.getTopCf(), "900") && StringUtils.equals(c.getGarCf(), "999")',getDate(),'DBEU',getDate(),'DBEU',null)
insert into TSEGMENTRULE2CRI (SGTRULE_NT, SGMT_NF, SGT_NT, SGTVER_NT, SGTCRI_CF, CRE_D, CREUSR_CF) values (9,41,131,1,'P_NP',getDate(),'DBEU')
insert into TSEGMENTRULE2CRI (SGTRULE_NT, SGMT_NF, SGT_NT, SGTVER_NT, SGTCRI_CF, CRE_D, CREUSR_CF) values (9,41,131,1,'TOP',getDate(),'DBEU')
insert into TSEGMENTRULE2CRI (SGTRULE_NT, SGMT_NF, SGT_NT, SGTVER_NT, SGTCRI_CF, CRE_D, CREUSR_CF) values (9,41,131,1,'LOB',getDate(),'DBEU')
insert into TSEGMENTRULE2CRI (SGTRULE_NT, SGMT_NF, SGT_NT, SGTVER_NT, SGTCRI_CF, CRE_D, CREUSR_CF) values (9,41,131,1,'GUARANTEE',getDate(),'DBEU')
insert into TSEGMENTRULE (SGTRUL_NT, SGMT_NF, SGT_NT, SGTVER_NT, RULE_LS, RULPRIO_CT, FUNCDEF_T, TECHDEF_T, CRE_D, CREUSR_CF, LSTUPD_D, LSTUPDUSR_CF, timestamp) values (10,41,131,1,'',17,'LOB=''30'' AND P_NP=''P'' AND TOP=''911'' AND GUARANTEE=''900''','StringUtils.equals(c.getLobCf(), "30") && StringUtils.equals(c.getNatB(), "P") && StringUtils.equals(c.getTopCf(), "911") && StringUtils.equals(c.getGarCf(), "900")',getDate(),'DBEU',getDate(),'DBEU',null)
insert into TSEGMENTRULE2CRI (SGTRULE_NT, SGMT_NF, SGT_NT, SGTVER_NT, SGTCRI_CF, CRE_D, CREUSR_CF) values (10,41,131,1,'P_NP',getDate(),'DBEU')
insert into TSEGMENTRULE2CRI (SGTRULE_NT, SGMT_NF, SGT_NT, SGTVER_NT, SGTCRI_CF, CRE_D, CREUSR_CF) values (10,41,131,1,'TOP',getDate(),'DBEU')
insert into TSEGMENTRULE2CRI (SGTRULE_NT, SGMT_NF, SGT_NT, SGTVER_NT, SGTCRI_CF, CRE_D, CREUSR_CF) values (10,41,131,1,'LOB',getDate(),'DBEU')
insert into TSEGMENTRULE2CRI (SGTRULE_NT, SGMT_NF, SGT_NT, SGTVER_NT, SGTCRI_CF, CRE_D, CREUSR_CF) values (10,41,131,1,'GUARANTEE',getDate(),'DBEU')
insert into TSEGMENTRULE (SGTRUL_NT, SGMT_NF, SGT_NT, SGTVER_NT, RULE_LS, RULPRIO_CT, FUNCDEF_T, TECHDEF_T, CRE_D, CREUSR_CF, LSTUPD_D, LSTUPDUSR_CF, timestamp) values (11,41,131,1,'',18,'LOB=''30'' AND P_NP=''P'' AND TOP=''911'' AND GUARANTEE=''904''','StringUtils.equals(c.getLobCf(), "30") && StringUtils.equals(c.getNatB(), "P") && StringUtils.equals(c.getTopCf(), "911") && StringUtils.equals(c.getGarCf(), "904")',getDate(),'DBEU',getDate(),'DBEU',null)
insert into TSEGMENTRULE2CRI (SGTRULE_NT, SGMT_NF, SGT_NT, SGTVER_NT, SGTCRI_CF, CRE_D, CREUSR_CF) values (11,41,131,1,'P_NP',getDate(),'DBEU')
insert into TSEGMENTRULE2CRI (SGTRULE_NT, SGMT_NF, SGT_NT, SGTVER_NT, SGTCRI_CF, CRE_D, CREUSR_CF) values (11,41,131,1,'TOP',getDate(),'DBEU')
insert into TSEGMENTRULE2CRI (SGTRULE_NT, SGMT_NF, SGT_NT, SGTVER_NT, SGTCRI_CF, CRE_D, CREUSR_CF) values (11,41,131,1,'LOB',getDate(),'DBEU')
insert into TSEGMENTRULE2CRI (SGTRULE_NT, SGMT_NF, SGT_NT, SGTVER_NT, SGTCRI_CF, CRE_D, CREUSR_CF) values (11,41,131,1,'GUARANTEE',getDate(),'DBEU')
insert into TSEGMENTRULE (SGTRUL_NT, SGMT_NF, SGT_NT, SGTVER_NT, RULE_LS, RULPRIO_CT, FUNCDEF_T, TECHDEF_T, CRE_D, CREUSR_CF, LSTUPD_D, LSTUPDUSR_CF, timestamp) values (12,41,131,1,'',19,'LOB=''30'' AND P_NP=''P'' AND TOP=''911'' AND GUARANTEE=''906''','StringUtils.equals(c.getLobCf(), "30") && StringUtils.equals(c.getNatB(), "P") && StringUtils.equals(c.getTopCf(), "911") && StringUtils.equals(c.getGarCf(), "906")',getDate(),'DBEU',getDate(),'DBEU',null)
insert into TSEGMENTRULE2CRI (SGTRULE_NT, SGMT_NF, SGT_NT, SGTVER_NT, SGTCRI_CF, CRE_D, CREUSR_CF) values (12,41,131,1,'P_NP',getDate(),'DBEU')
insert into TSEGMENTRULE2CRI (SGTRULE_NT, SGMT_NF, SGT_NT, SGTVER_NT, SGTCRI_CF, CRE_D, CREUSR_CF) values (12,41,131,1,'TOP',getDate(),'DBEU')
insert into TSEGMENTRULE2CRI (SGTRULE_NT, SGMT_NF, SGT_NT, SGTVER_NT, SGTCRI_CF, CRE_D, CREUSR_CF) values (12,41,131,1,'LOB',getDate(),'DBEU')
insert into TSEGMENTRULE2CRI (SGTRULE_NT, SGMT_NF, SGT_NT, SGTVER_NT, SGTCRI_CF, CRE_D, CREUSR_CF) values (12,41,131,1,'GUARANTEE',getDate(),'DBEU')
insert into TSEGMENTRULE (SGTRUL_NT, SGMT_NF, SGT_NT, SGTVER_NT, RULE_LS, RULPRIO_CT, FUNCDEF_T, TECHDEF_T, CRE_D, CREUSR_CF, LSTUPD_D, LSTUPDUSR_CF, timestamp) values (13,41,131,1,'',20,'LOB=''30'' AND P_NP=''P'' AND TOP=''911'' AND GUARANTEE=''917''','StringUtils.equals(c.getLobCf(), "30") && StringUtils.equals(c.getNatB(), "P") && StringUtils.equals(c.getTopCf(), "911") && StringUtils.equals(c.getGarCf(), "917")',getDate(),'DBEU',getDate(),'DBEU',null)
insert into TSEGMENTRULE2CRI (SGTRULE_NT, SGMT_NF, SGT_NT, SGTVER_NT, SGTCRI_CF, CRE_D, CREUSR_CF) values (13,41,131,1,'P_NP',getDate(),'DBEU')
insert into TSEGMENTRULE2CRI (SGTRULE_NT, SGMT_NF, SGT_NT, SGTVER_NT, SGTCRI_CF, CRE_D, CREUSR_CF) values (13,41,131,1,'TOP',getDate(),'DBEU')
insert into TSEGMENTRULE2CRI (SGTRULE_NT, SGMT_NF, SGT_NT, SGTVER_NT, SGTCRI_CF, CRE_D, CREUSR_CF) values (13,41,131,1,'LOB',getDate(),'DBEU')
insert into TSEGMENTRULE2CRI (SGTRULE_NT, SGMT_NF, SGT_NT, SGTVER_NT, SGTCRI_CF, CRE_D, CREUSR_CF) values (13,41,131,1,'GUARANTEE',getDate(),'DBEU')
insert into TSEGMENTRULE (SGTRUL_NT, SGMT_NF, SGT_NT, SGTVER_NT, RULE_LS, RULPRIO_CT, FUNCDEF_T, TECHDEF_T, CRE_D, CREUSR_CF, LSTUPD_D, LSTUPDUSR_CF, timestamp) values (14,41,131,1,'',21,'LOB=''30'' AND P_NP=''P'' AND TOP=''911'' AND GUARANTEE=''918''','StringUtils.equals(c.getLobCf(), "30") && StringUtils.equals(c.getNatB(), "P") && StringUtils.equals(c.getTopCf(), "911") && StringUtils.equals(c.getGarCf(), "918")',getDate(),'DBEU',getDate(),'DBEU',null)
insert into TSEGMENTRULE2CRI (SGTRULE_NT, SGMT_NF, SGT_NT, SGTVER_NT, SGTCRI_CF, CRE_D, CREUSR_CF) values (14,41,131,1,'P_NP',getDate(),'DBEU')
insert into TSEGMENTRULE2CRI (SGTRULE_NT, SGMT_NF, SGT_NT, SGTVER_NT, SGTCRI_CF, CRE_D, CREUSR_CF) values (14,41,131,1,'TOP',getDate(),'DBEU')
insert into TSEGMENTRULE2CRI (SGTRULE_NT, SGMT_NF, SGT_NT, SGTVER_NT, SGTCRI_CF, CRE_D, CREUSR_CF) values (14,41,131,1,'LOB',getDate(),'DBEU')
insert into TSEGMENTRULE2CRI (SGTRULE_NT, SGMT_NF, SGT_NT, SGTVER_NT, SGTCRI_CF, CRE_D, CREUSR_CF) values (14,41,131,1,'GUARANTEE',getDate(),'DBEU')
insert into TSEGMENTRULE (SGTRUL_NT, SGMT_NF, SGT_NT, SGTVER_NT, RULE_LS, RULPRIO_CT, FUNCDEF_T, TECHDEF_T, CRE_D, CREUSR_CF, LSTUPD_D, LSTUPDUSR_CF, timestamp) values (15,41,131,1,'',22,'LOB=''30'' AND P_NP=''P'' AND TOP=''911'' AND GUARANTEE=''960''','StringUtils.equals(c.getLobCf(), "30") && StringUtils.equals(c.getNatB(), "P") && StringUtils.equals(c.getTopCf(), "911") && StringUtils.equals(c.getGarCf(), "960")',getDate(),'DBEU',getDate(),'DBEU',null)
insert into TSEGMENTRULE2CRI (SGTRULE_NT, SGMT_NF, SGT_NT, SGTVER_NT, SGTCRI_CF, CRE_D, CREUSR_CF) values (15,41,131,1,'P_NP',getDate(),'DBEU')
insert into TSEGMENTRULE2CRI (SGTRULE_NT, SGMT_NF, SGT_NT, SGTVER_NT, SGTCRI_CF, CRE_D, CREUSR_CF) values (15,41,131,1,'TOP',getDate(),'DBEU')
insert into TSEGMENTRULE2CRI (SGTRULE_NT, SGMT_NF, SGT_NT, SGTVER_NT, SGTCRI_CF, CRE_D, CREUSR_CF) values (15,41,131,1,'LOB',getDate(),'DBEU')
insert into TSEGMENTRULE2CRI (SGTRULE_NT, SGMT_NF, SGT_NT, SGTVER_NT, SGTCRI_CF, CRE_D, CREUSR_CF) values (15,41,131,1,'GUARANTEE',getDate(),'DBEU')
go
insert into TSEGMENTRULE (SGTRUL_NT, SGMT_NF, SGT_NT, SGTVER_NT, RULE_LS, RULPRIO_CT, FUNCDEF_T, TECHDEF_T, CRE_D, CREUSR_CF, LSTUPD_D, LSTUPDUSR_CF, timestamp) values (16,41,131,1,'',23,'LOB=''30'' AND P_NP=''P'' AND TOP=''911'' AND GUARANTEE=''080''','StringUtils.equals(c.getLobCf(), "30") && StringUtils.equals(c.getNatB(), "P") && StringUtils.equals(c.getTopCf(), "911") && StringUtils.equals(c.getGarCf(), "080")',getDate(),'DBEU',getDate(),'DBEU',null)
insert into TSEGMENTRULE2CRI (SGTRULE_NT, SGMT_NF, SGT_NT, SGTVER_NT, SGTCRI_CF, CRE_D, CREUSR_CF) values (16,41,131,1,'P_NP',getDate(),'DBEU')
insert into TSEGMENTRULE2CRI (SGTRULE_NT, SGMT_NF, SGT_NT, SGTVER_NT, SGTCRI_CF, CRE_D, CREUSR_CF) values (16,41,131,1,'TOP',getDate(),'DBEU')
insert into TSEGMENTRULE2CRI (SGTRULE_NT, SGMT_NF, SGT_NT, SGTVER_NT, SGTCRI_CF, CRE_D, CREUSR_CF) values (16,41,131,1,'LOB',getDate(),'DBEU')
insert into TSEGMENTRULE2CRI (SGTRULE_NT, SGMT_NF, SGT_NT, SGTVER_NT, SGTCRI_CF, CRE_D, CREUSR_CF) values (16,41,131,1,'GUARANTEE',getDate(),'DBEU')
insert into TSEGMENTRULE (SGTRUL_NT, SGMT_NF, SGT_NT, SGTVER_NT, RULE_LS, RULPRIO_CT, FUNCDEF_T, TECHDEF_T, CRE_D, CREUSR_CF, LSTUPD_D, LSTUPDUSR_CF, timestamp) values (17,41,131,1,'',24,'LOB=''30'' AND P_NP=''P'' AND TOP=''911'' AND GUARANTEE=''995''','StringUtils.equals(c.getLobCf(), "30") && StringUtils.equals(c.getNatB(), "P") && StringUtils.equals(c.getTopCf(), "911") && StringUtils.equals(c.getGarCf(), "995")',getDate(),'DBEU',getDate(),'DBEU',null)
insert into TSEGMENTRULE2CRI (SGTRULE_NT, SGMT_NF, SGT_NT, SGTVER_NT, SGTCRI_CF, CRE_D, CREUSR_CF) values (17,41,131,1,'P_NP',getDate(),'DBEU')
insert into TSEGMENTRULE2CRI (SGTRULE_NT, SGMT_NF, SGT_NT, SGTVER_NT, SGTCRI_CF, CRE_D, CREUSR_CF) values (17,41,131,1,'TOP',getDate(),'DBEU')
insert into TSEGMENTRULE2CRI (SGTRULE_NT, SGMT_NF, SGT_NT, SGTVER_NT, SGTCRI_CF, CRE_D, CREUSR_CF) values (17,41,131,1,'LOB',getDate(),'DBEU')
insert into TSEGMENTRULE2CRI (SGTRULE_NT, SGMT_NF, SGT_NT, SGTVER_NT, SGTCRI_CF, CRE_D, CREUSR_CF) values (17,41,131,1,'GUARANTEE',getDate(),'DBEU')
insert into TSEGMENTRULE (SGTRUL_NT, SGMT_NF, SGT_NT, SGTVER_NT, RULE_LS, RULPRIO_CT, FUNCDEF_T, TECHDEF_T, CRE_D, CREUSR_CF, LSTUPD_D, LSTUPDUSR_CF, timestamp) values (18,41,131,1,'',25,'LOB=''30'' AND P_NP=''P'' AND TOP=''911'' AND GUARANTEE=''999''','StringUtils.equals(c.getLobCf(), "30") && StringUtils.equals(c.getNatB(), "P") && StringUtils.equals(c.getTopCf(), "911") && StringUtils.equals(c.getGarCf(), "999")',getDate(),'DBEU',getDate(),'DBEU',null)
insert into TSEGMENTRULE2CRI (SGTRULE_NT, SGMT_NF, SGT_NT, SGTVER_NT, SGTCRI_CF, CRE_D, CREUSR_CF) values (18,41,131,1,'P_NP',getDate(),'DBEU')
insert into TSEGMENTRULE2CRI (SGTRULE_NT, SGMT_NF, SGT_NT, SGTVER_NT, SGTCRI_CF, CRE_D, CREUSR_CF) values (18,41,131,1,'TOP',getDate(),'DBEU')
insert into TSEGMENTRULE2CRI (SGTRULE_NT, SGMT_NF, SGT_NT, SGTVER_NT, SGTCRI_CF, CRE_D, CREUSR_CF) values (18,41,131,1,'LOB',getDate(),'DBEU')
insert into TSEGMENTRULE2CRI (SGTRULE_NT, SGMT_NF, SGT_NT, SGTVER_NT, SGTCRI_CF, CRE_D, CREUSR_CF) values (18,41,131,1,'GUARANTEE',getDate(),'DBEU')
insert into TSEGMENTRULE (SGTRUL_NT, SGMT_NF, SGT_NT, SGTVER_NT, RULE_LS, RULPRIO_CT, FUNCDEF_T, TECHDEF_T, CRE_D, CREUSR_CF, LSTUPD_D, LSTUPDUSR_CF, timestamp) values (19,41,131,1,'',26,'LOB=''30'' AND P_NP=''P'' AND TOP=''940'' AND GUARANTEE=''900''','StringUtils.equals(c.getLobCf(), "30") && StringUtils.equals(c.getNatB(), "P") && StringUtils.equals(c.getTopCf(), "940") && StringUtils.equals(c.getGarCf(), "900")',getDate(),'DBEU',getDate(),'DBEU',null)
insert into TSEGMENTRULE2CRI (SGTRULE_NT, SGMT_NF, SGT_NT, SGTVER_NT, SGTCRI_CF, CRE_D, CREUSR_CF) values (19,41,131,1,'P_NP',getDate(),'DBEU')
insert into TSEGMENTRULE2CRI (SGTRULE_NT, SGMT_NF, SGT_NT, SGTVER_NT, SGTCRI_CF, CRE_D, CREUSR_CF) values (19,41,131,1,'TOP',getDate(),'DBEU')
insert into TSEGMENTRULE2CRI (SGTRULE_NT, SGMT_NF, SGT_NT, SGTVER_NT, SGTCRI_CF, CRE_D, CREUSR_CF) values (19,41,131,1,'LOB',getDate(),'DBEU')
insert into TSEGMENTRULE2CRI (SGTRULE_NT, SGMT_NF, SGT_NT, SGTVER_NT, SGTCRI_CF, CRE_D, CREUSR_CF) values (19,41,131,1,'GUARANTEE',getDate(),'DBEU')
insert into TSEGMENTRULE (SGTRUL_NT, SGMT_NF, SGT_NT, SGTVER_NT, RULE_LS, RULPRIO_CT, FUNCDEF_T, TECHDEF_T, CRE_D, CREUSR_CF, LSTUPD_D, LSTUPDUSR_CF, timestamp) values (20,41,131,1,'',27,'LOB=''30'' AND P_NP=''P'' AND TOP=''940'' AND GUARANTEE=''904''','StringUtils.equals(c.getLobCf(), "30") && StringUtils.equals(c.getNatB(), "P") && StringUtils.equals(c.getTopCf(), "940") && StringUtils.equals(c.getGarCf(), "904")',getDate(),'DBEU',getDate(),'DBEU',null)
insert into TSEGMENTRULE2CRI (SGTRULE_NT, SGMT_NF, SGT_NT, SGTVER_NT, SGTCRI_CF, CRE_D, CREUSR_CF) values (20,41,131,1,'P_NP',getDate(),'DBEU')
insert into TSEGMENTRULE2CRI (SGTRULE_NT, SGMT_NF, SGT_NT, SGTVER_NT, SGTCRI_CF, CRE_D, CREUSR_CF) values (20,41,131,1,'TOP',getDate(),'DBEU')
insert into TSEGMENTRULE2CRI (SGTRULE_NT, SGMT_NF, SGT_NT, SGTVER_NT, SGTCRI_CF, CRE_D, CREUSR_CF) values (20,41,131,1,'LOB',getDate(),'DBEU')
insert into TSEGMENTRULE2CRI (SGTRULE_NT, SGMT_NF, SGT_NT, SGTVER_NT, SGTCRI_CF, CRE_D, CREUSR_CF) values (20,41,131,1,'GUARANTEE',getDate(),'DBEU')
insert into TSEGMENTRULE (SGTRUL_NT, SGMT_NF, SGT_NT, SGTVER_NT, RULE_LS, RULPRIO_CT, FUNCDEF_T, TECHDEF_T, CRE_D, CREUSR_CF, LSTUPD_D, LSTUPDUSR_CF, timestamp) values (21,41,131,1,'',28,'LOB=''30'' AND P_NP=''P'' AND TOP=''940'' AND GUARANTEE=''906''','StringUtils.equals(c.getLobCf(), "30") && StringUtils.equals(c.getNatB(), "P") && StringUtils.equals(c.getTopCf(), "940") && StringUtils.equals(c.getGarCf(), "906")',getDate(),'DBEU',getDate(),'DBEU',null)
insert into TSEGMENTRULE2CRI (SGTRULE_NT, SGMT_NF, SGT_NT, SGTVER_NT, SGTCRI_CF, CRE_D, CREUSR_CF) values (21,41,131,1,'P_NP',getDate(),'DBEU')
insert into TSEGMENTRULE2CRI (SGTRULE_NT, SGMT_NF, SGT_NT, SGTVER_NT, SGTCRI_CF, CRE_D, CREUSR_CF) values (21,41,131,1,'TOP',getDate(),'DBEU')
insert into TSEGMENTRULE2CRI (SGTRULE_NT, SGMT_NF, SGT_NT, SGTVER_NT, SGTCRI_CF, CRE_D, CREUSR_CF) values (21,41,131,1,'LOB',getDate(),'DBEU')
insert into TSEGMENTRULE2CRI (SGTRULE_NT, SGMT_NF, SGT_NT, SGTVER_NT, SGTCRI_CF, CRE_D, CREUSR_CF) values (21,41,131,1,'GUARANTEE',getDate(),'DBEU')
insert into TSEGMENTRULE (SGTRUL_NT, SGMT_NF, SGT_NT, SGTVER_NT, RULE_LS, RULPRIO_CT, FUNCDEF_T, TECHDEF_T, CRE_D, CREUSR_CF, LSTUPD_D, LSTUPDUSR_CF, timestamp) values (22,41,131,1,'',29,'LOB=''30'' AND P_NP=''P'' AND TOP=''940'' AND GUARANTEE=''917''','StringUtils.equals(c.getLobCf(), "30") && StringUtils.equals(c.getNatB(), "P") && StringUtils.equals(c.getTopCf(), "940") && StringUtils.equals(c.getGarCf(), "917")',getDate(),'DBEU',getDate(),'DBEU',null)
insert into TSEGMENTRULE2CRI (SGTRULE_NT, SGMT_NF, SGT_NT, SGTVER_NT, SGTCRI_CF, CRE_D, CREUSR_CF) values (22,41,131,1,'P_NP',getDate(),'DBEU')
insert into TSEGMENTRULE2CRI (SGTRULE_NT, SGMT_NF, SGT_NT, SGTVER_NT, SGTCRI_CF, CRE_D, CREUSR_CF) values (22,41,131,1,'TOP',getDate(),'DBEU')
insert into TSEGMENTRULE2CRI (SGTRULE_NT, SGMT_NF, SGT_NT, SGTVER_NT, SGTCRI_CF, CRE_D, CREUSR_CF) values (22,41,131,1,'LOB',getDate(),'DBEU')
insert into TSEGMENTRULE2CRI (SGTRULE_NT, SGMT_NF, SGT_NT, SGTVER_NT, SGTCRI_CF, CRE_D, CREUSR_CF) values (22,41,131,1,'GUARANTEE',getDate(),'DBEU')
insert into TSEGMENTRULE (SGTRUL_NT, SGMT_NF, SGT_NT, SGTVER_NT, RULE_LS, RULPRIO_CT, FUNCDEF_T, TECHDEF_T, CRE_D, CREUSR_CF, LSTUPD_D, LSTUPDUSR_CF, timestamp) values (23,41,131,1,'',30,'LOB=''30'' AND P_NP=''P'' AND TOP=''940'' AND GUARANTEE=''918''','StringUtils.equals(c.getLobCf(), "30") && StringUtils.equals(c.getNatB(), "P") && StringUtils.equals(c.getTopCf(), "940") && StringUtils.equals(c.getGarCf(), "918")',getDate(),'DBEU',getDate(),'DBEU',null)
insert into TSEGMENTRULE2CRI (SGTRULE_NT, SGMT_NF, SGT_NT, SGTVER_NT, SGTCRI_CF, CRE_D, CREUSR_CF) values (23,41,131,1,'P_NP',getDate(),'DBEU')
insert into TSEGMENTRULE2CRI (SGTRULE_NT, SGMT_NF, SGT_NT, SGTVER_NT, SGTCRI_CF, CRE_D, CREUSR_CF) values (23,41,131,1,'TOP',getDate(),'DBEU')
insert into TSEGMENTRULE2CRI (SGTRULE_NT, SGMT_NF, SGT_NT, SGTVER_NT, SGTCRI_CF, CRE_D, CREUSR_CF) values (23,41,131,1,'LOB',getDate(),'DBEU')
insert into TSEGMENTRULE2CRI (SGTRULE_NT, SGMT_NF, SGT_NT, SGTVER_NT, SGTCRI_CF, CRE_D, CREUSR_CF) values (23,41,131,1,'GUARANTEE',getDate(),'DBEU')
insert into TSEGMENTRULE (SGTRUL_NT, SGMT_NF, SGT_NT, SGTVER_NT, RULE_LS, RULPRIO_CT, FUNCDEF_T, TECHDEF_T, CRE_D, CREUSR_CF, LSTUPD_D, LSTUPDUSR_CF, timestamp) values (24,41,131,1,'',31,'LOB=''30'' AND P_NP=''P'' AND TOP=''940'' AND GUARANTEE=''960''','StringUtils.equals(c.getLobCf(), "30") && StringUtils.equals(c.getNatB(), "P") && StringUtils.equals(c.getTopCf(), "940") && StringUtils.equals(c.getGarCf(), "960")',getDate(),'DBEU',getDate(),'DBEU',null)
insert into TSEGMENTRULE2CRI (SGTRULE_NT, SGMT_NF, SGT_NT, SGTVER_NT, SGTCRI_CF, CRE_D, CREUSR_CF) values (24,41,131,1,'P_NP',getDate(),'DBEU')
insert into TSEGMENTRULE2CRI (SGTRULE_NT, SGMT_NF, SGT_NT, SGTVER_NT, SGTCRI_CF, CRE_D, CREUSR_CF) values (24,41,131,1,'TOP',getDate(),'DBEU')
insert into TSEGMENTRULE2CRI (SGTRULE_NT, SGMT_NF, SGT_NT, SGTVER_NT, SGTCRI_CF, CRE_D, CREUSR_CF) values (24,41,131,1,'LOB',getDate(),'DBEU')
insert into TSEGMENTRULE2CRI (SGTRULE_NT, SGMT_NF, SGT_NT, SGTVER_NT, SGTCRI_CF, CRE_D, CREUSR_CF) values (24,41,131,1,'GUARANTEE',getDate(),'DBEU')
insert into TSEGMENTRULE (SGTRUL_NT, SGMT_NF, SGT_NT, SGTVER_NT, RULE_LS, RULPRIO_CT, FUNCDEF_T, TECHDEF_T, CRE_D, CREUSR_CF, LSTUPD_D, LSTUPDUSR_CF, timestamp) values (25,41,131,1,'',32,'LOB=''30'' AND P_NP=''P'' AND TOP=''940'' AND GUARANTEE=''080''','StringUtils.equals(c.getLobCf(), "30") && StringUtils.equals(c.getNatB(), "P") && StringUtils.equals(c.getTopCf(), "940") && StringUtils.equals(c.getGarCf(), "080")',getDate(),'DBEU',getDate(),'DBEU',null)
insert into TSEGMENTRULE2CRI (SGTRULE_NT, SGMT_NF, SGT_NT, SGTVER_NT, SGTCRI_CF, CRE_D, CREUSR_CF) values (25,41,131,1,'P_NP',getDate(),'DBEU')
insert into TSEGMENTRULE2CRI (SGTRULE_NT, SGMT_NF, SGT_NT, SGTVER_NT, SGTCRI_CF, CRE_D, CREUSR_CF) values (25,41,131,1,'TOP',getDate(),'DBEU')
insert into TSEGMENTRULE2CRI (SGTRULE_NT, SGMT_NF, SGT_NT, SGTVER_NT, SGTCRI_CF, CRE_D, CREUSR_CF) values (25,41,131,1,'LOB',getDate(),'DBEU')
insert into TSEGMENTRULE2CRI (SGTRULE_NT, SGMT_NF, SGT_NT, SGTVER_NT, SGTCRI_CF, CRE_D, CREUSR_CF) values (25,41,131,1,'GUARANTEE',getDate(),'DBEU')
insert into TSEGMENTRULE (SGTRUL_NT, SGMT_NF, SGT_NT, SGTVER_NT, RULE_LS, RULPRIO_CT, FUNCDEF_T, TECHDEF_T, CRE_D, CREUSR_CF, LSTUPD_D, LSTUPDUSR_CF, timestamp) values (26,41,131,1,'',33,'LOB=''30'' AND P_NP=''P'' AND TOP=''940'' AND GUARANTEE=''995''','StringUtils.equals(c.getLobCf(), "30") && StringUtils.equals(c.getNatB(), "P") && StringUtils.equals(c.getTopCf(), "940") && StringUtils.equals(c.getGarCf(), "995")',getDate(),'DBEU',getDate(),'DBEU',null)
insert into TSEGMENTRULE2CRI (SGTRULE_NT, SGMT_NF, SGT_NT, SGTVER_NT, SGTCRI_CF, CRE_D, CREUSR_CF) values (26,41,131,1,'P_NP',getDate(),'DBEU')
insert into TSEGMENTRULE2CRI (SGTRULE_NT, SGMT_NF, SGT_NT, SGTVER_NT, SGTCRI_CF, CRE_D, CREUSR_CF) values (26,41,131,1,'TOP',getDate(),'DBEU')
insert into TSEGMENTRULE2CRI (SGTRULE_NT, SGMT_NF, SGT_NT, SGTVER_NT, SGTCRI_CF, CRE_D, CREUSR_CF) values (26,41,131,1,'LOB',getDate(),'DBEU')
insert into TSEGMENTRULE2CRI (SGTRULE_NT, SGMT_NF, SGT_NT, SGTVER_NT, SGTCRI_CF, CRE_D, CREUSR_CF) values (26,41,131,1,'GUARANTEE',getDate(),'DBEU')
insert into TSEGMENTRULE (SGTRUL_NT, SGMT_NF, SGT_NT, SGTVER_NT, RULE_LS, RULPRIO_CT, FUNCDEF_T, TECHDEF_T, CRE_D, CREUSR_CF, LSTUPD_D, LSTUPDUSR_CF, timestamp) values (27,41,131,1,'',34,'LOB=''30'' AND P_NP=''P'' AND TOP=''940'' AND GUARANTEE=''999''','StringUtils.equals(c.getLobCf(), "30") && StringUtils.equals(c.getNatB(), "P") && StringUtils.equals(c.getTopCf(), "940") && StringUtils.equals(c.getGarCf(), "999")',getDate(),'DBEU',getDate(),'DBEU',null)
insert into TSEGMENTRULE2CRI (SGTRULE_NT, SGMT_NF, SGT_NT, SGTVER_NT, SGTCRI_CF, CRE_D, CREUSR_CF) values (27,41,131,1,'P_NP',getDate(),'DBEU')
insert into TSEGMENTRULE2CRI (SGTRULE_NT, SGMT_NF, SGT_NT, SGTVER_NT, SGTCRI_CF, CRE_D, CREUSR_CF) values (27,41,131,1,'TOP',getDate(),'DBEU')
insert into TSEGMENTRULE2CRI (SGTRULE_NT, SGMT_NF, SGT_NT, SGTVER_NT, SGTCRI_CF, CRE_D, CREUSR_CF) values (27,41,131,1,'LOB',getDate(),'DBEU')
insert into TSEGMENTRULE2CRI (SGTRULE_NT, SGMT_NF, SGT_NT, SGTVER_NT, SGTCRI_CF, CRE_D, CREUSR_CF) values (27,41,131,1,'GUARANTEE',getDate(),'DBEU')
go


insert into TSEGMENTRULE (SGTRUL_NT, SGMT_NF, SGT_NT, SGTVER_NT, RULE_LS, RULPRIO_CT, FUNCDEF_T, TECHDEF_T, CRE_D, CREUSR_CF, LSTUPD_D, LSTUPDUSR_CF, timestamp) values (1,42,131,1,'',35,'LOB=''30'' AND P_NP=''P'' AND GUARANTEE=''900''','StringUtils.equals(c.getLobCf(), "30") && StringUtils.equals(c.getNatB(), "P") && StringUtils.equals(c.getGarCf(), "900")',getDate(),'DBEU',getDate(),'DBEU',null)
insert into TSEGMENTRULE2CRI (SGTRULE_NT, SGMT_NF, SGT_NT, SGTVER_NT, SGTCRI_CF, CRE_D, CREUSR_CF) values (1,42,131,1,'P_NP',getDate(),'DBEU')
insert into TSEGMENTRULE2CRI (SGTRULE_NT, SGMT_NF, SGT_NT, SGTVER_NT, SGTCRI_CF, CRE_D, CREUSR_CF) values (1,42,131,1,'LOB',getDate(),'DBEU')
insert into TSEGMENTRULE2CRI (SGTRULE_NT, SGMT_NF, SGT_NT, SGTVER_NT, SGTCRI_CF, CRE_D, CREUSR_CF) values (1,42,131,1,'GUARANTEE',getDate(),'DBEU')
insert into TSEGMENTRULE (SGTRUL_NT, SGMT_NF, SGT_NT, SGTVER_NT, RULE_LS, RULPRIO_CT, FUNCDEF_T, TECHDEF_T, CRE_D, CREUSR_CF, LSTUPD_D, LSTUPDUSR_CF, timestamp) values (2,42,131,1,'',36,'LOB=''30'' AND P_NP=''P'' AND GUARANTEE=''904''','StringUtils.equals(c.getLobCf(), "30") && StringUtils.equals(c.getNatB(), "P") && StringUtils.equals(c.getGarCf(), "904")',getDate(),'DBEU',getDate(),'DBEU',null)
insert into TSEGMENTRULE2CRI (SGTRULE_NT, SGMT_NF, SGT_NT, SGTVER_NT, SGTCRI_CF, CRE_D, CREUSR_CF) values (2,42,131,1,'P_NP',getDate(),'DBEU')
insert into TSEGMENTRULE2CRI (SGTRULE_NT, SGMT_NF, SGT_NT, SGTVER_NT, SGTCRI_CF, CRE_D, CREUSR_CF) values (2,42,131,1,'LOB',getDate(),'DBEU')
insert into TSEGMENTRULE2CRI (SGTRULE_NT, SGMT_NF, SGT_NT, SGTVER_NT, SGTCRI_CF, CRE_D, CREUSR_CF) values (2,42,131,1,'GUARANTEE',getDate(),'DBEU')
insert into TSEGMENTRULE (SGTRUL_NT, SGMT_NF, SGT_NT, SGTVER_NT, RULE_LS, RULPRIO_CT, FUNCDEF_T, TECHDEF_T, CRE_D, CREUSR_CF, LSTUPD_D, LSTUPDUSR_CF, timestamp) values (3,42,131,1,'',37,'LOB=''30'' AND P_NP=''P'' AND GUARANTEE=''906''','StringUtils.equals(c.getLobCf(), "30") && StringUtils.equals(c.getNatB(), "P") && StringUtils.equals(c.getGarCf(), "906")',getDate(),'DBEU',getDate(),'DBEU',null)
insert into TSEGMENTRULE2CRI (SGTRULE_NT, SGMT_NF, SGT_NT, SGTVER_NT, SGTCRI_CF, CRE_D, CREUSR_CF) values (3,42,131,1,'P_NP',getDate(),'DBEU')
insert into TSEGMENTRULE2CRI (SGTRULE_NT, SGMT_NF, SGT_NT, SGTVER_NT, SGTCRI_CF, CRE_D, CREUSR_CF) values (3,42,131,1,'LOB',getDate(),'DBEU')
insert into TSEGMENTRULE2CRI (SGTRULE_NT, SGMT_NF, SGT_NT, SGTVER_NT, SGTCRI_CF, CRE_D, CREUSR_CF) values (3,42,131,1,'GUARANTEE',getDate(),'DBEU')
insert into TSEGMENTRULE (SGTRUL_NT, SGMT_NF, SGT_NT, SGTVER_NT, RULE_LS, RULPRIO_CT, FUNCDEF_T, TECHDEF_T, CRE_D, CREUSR_CF, LSTUPD_D, LSTUPDUSR_CF, timestamp) values (4,42,131,1,'',38,'LOB=''30'' AND P_NP=''P'' AND GUARANTEE=''917''','StringUtils.equals(c.getLobCf(), "30") && StringUtils.equals(c.getNatB(), "P") && StringUtils.equals(c.getGarCf(), "917")',getDate(),'DBEU',getDate(),'DBEU',null)
insert into TSEGMENTRULE2CRI (SGTRULE_NT, SGMT_NF, SGT_NT, SGTVER_NT, SGTCRI_CF, CRE_D, CREUSR_CF) values (4,42,131,1,'P_NP',getDate(),'DBEU')
insert into TSEGMENTRULE2CRI (SGTRULE_NT, SGMT_NF, SGT_NT, SGTVER_NT, SGTCRI_CF, CRE_D, CREUSR_CF) values (4,42,131,1,'LOB',getDate(),'DBEU')
insert into TSEGMENTRULE2CRI (SGTRULE_NT, SGMT_NF, SGT_NT, SGTVER_NT, SGTCRI_CF, CRE_D, CREUSR_CF) values (4,42,131,1,'GUARANTEE',getDate(),'DBEU')
insert into TSEGMENTRULE (SGTRUL_NT, SGMT_NF, SGT_NT, SGTVER_NT, RULE_LS, RULPRIO_CT, FUNCDEF_T, TECHDEF_T, CRE_D, CREUSR_CF, LSTUPD_D, LSTUPDUSR_CF, timestamp) values (5,42,131,1,'',39,'LOB=''30'' AND P_NP=''P'' AND GUARANTEE=''918''','StringUtils.equals(c.getLobCf(), "30") && StringUtils.equals(c.getNatB(), "P") && StringUtils.equals(c.getGarCf(), "918")',getDate(),'DBEU',getDate(),'DBEU',null)
insert into TSEGMENTRULE2CRI (SGTRULE_NT, SGMT_NF, SGT_NT, SGTVER_NT, SGTCRI_CF, CRE_D, CREUSR_CF) values (5,42,131,1,'P_NP',getDate(),'DBEU')
insert into TSEGMENTRULE2CRI (SGTRULE_NT, SGMT_NF, SGT_NT, SGTVER_NT, SGTCRI_CF, CRE_D, CREUSR_CF) values (5,42,131,1,'LOB',getDate(),'DBEU')
insert into TSEGMENTRULE2CRI (SGTRULE_NT, SGMT_NF, SGT_NT, SGTVER_NT, SGTCRI_CF, CRE_D, CREUSR_CF) values (5,42,131,1,'GUARANTEE',getDate(),'DBEU')
insert into TSEGMENTRULE (SGTRUL_NT, SGMT_NF, SGT_NT, SGTVER_NT, RULE_LS, RULPRIO_CT, FUNCDEF_T, TECHDEF_T, CRE_D, CREUSR_CF, LSTUPD_D, LSTUPDUSR_CF, timestamp) values (6,42,131,1,'',40,'LOB=''30'' AND P_NP=''P'' AND GUARANTEE=''960''','StringUtils.equals(c.getLobCf(), "30") && StringUtils.equals(c.getNatB(), "P") && StringUtils.equals(c.getGarCf(), "960")',getDate(),'DBEU',getDate(),'DBEU',null)
insert into TSEGMENTRULE2CRI (SGTRULE_NT, SGMT_NF, SGT_NT, SGTVER_NT, SGTCRI_CF, CRE_D, CREUSR_CF) values (6,42,131,1,'P_NP',getDate(),'DBEU')
insert into TSEGMENTRULE2CRI (SGTRULE_NT, SGMT_NF, SGT_NT, SGTVER_NT, SGTCRI_CF, CRE_D, CREUSR_CF) values (6,42,131,1,'LOB',getDate(),'DBEU')
insert into TSEGMENTRULE2CRI (SGTRULE_NT, SGMT_NF, SGT_NT, SGTVER_NT, SGTCRI_CF, CRE_D, CREUSR_CF) values (6,42,131,1,'GUARANTEE',getDate(),'DBEU')
insert into TSEGMENTRULE (SGTRUL_NT, SGMT_NF, SGT_NT, SGTVER_NT, RULE_LS, RULPRIO_CT, FUNCDEF_T, TECHDEF_T, CRE_D, CREUSR_CF, LSTUPD_D, LSTUPDUSR_CF, timestamp) values (7,42,131,1,'',41,'LOB=''30'' AND P_NP=''P'' AND GUARANTEE=''080''','StringUtils.equals(c.getLobCf(), "30") && StringUtils.equals(c.getNatB(), "P") && StringUtils.equals(c.getGarCf(), "080")',getDate(),'DBEU',getDate(),'DBEU',null)
insert into TSEGMENTRULE2CRI (SGTRULE_NT, SGMT_NF, SGT_NT, SGTVER_NT, SGTCRI_CF, CRE_D, CREUSR_CF) values (7,42,131,1,'P_NP',getDate(),'DBEU')
insert into TSEGMENTRULE2CRI (SGTRULE_NT, SGMT_NF, SGT_NT, SGTVER_NT, SGTCRI_CF, CRE_D, CREUSR_CF) values (7,42,131,1,'LOB',getDate(),'DBEU')
insert into TSEGMENTRULE2CRI (SGTRULE_NT, SGMT_NF, SGT_NT, SGTVER_NT, SGTCRI_CF, CRE_D, CREUSR_CF) values (7,42,131,1,'GUARANTEE',getDate(),'DBEU')
insert into TSEGMENTRULE (SGTRUL_NT, SGMT_NF, SGT_NT, SGTVER_NT, RULE_LS, RULPRIO_CT, FUNCDEF_T, TECHDEF_T, CRE_D, CREUSR_CF, LSTUPD_D, LSTUPDUSR_CF, timestamp) values (8,42,131,1,'',42,'LOB=''30'' AND P_NP=''P'' AND GUARANTEE=''995''','StringUtils.equals(c.getLobCf(), "30") && StringUtils.equals(c.getNatB(), "P") && StringUtils.equals(c.getGarCf(), "995")',getDate(),'DBEU',getDate(),'DBEU',null)
insert into TSEGMENTRULE2CRI (SGTRULE_NT, SGMT_NF, SGT_NT, SGTVER_NT, SGTCRI_CF, CRE_D, CREUSR_CF) values (8,42,131,1,'P_NP',getDate(),'DBEU')
insert into TSEGMENTRULE2CRI (SGTRULE_NT, SGMT_NF, SGT_NT, SGTVER_NT, SGTCRI_CF, CRE_D, CREUSR_CF) values (8,42,131,1,'LOB',getDate(),'DBEU')
insert into TSEGMENTRULE2CRI (SGTRULE_NT, SGMT_NF, SGT_NT, SGTVER_NT, SGTCRI_CF, CRE_D, CREUSR_CF) values (8,42,131,1,'GUARANTEE',getDate(),'DBEU')
insert into TSEGMENTRULE (SGTRUL_NT, SGMT_NF, SGT_NT, SGTVER_NT, RULE_LS, RULPRIO_CT, FUNCDEF_T, TECHDEF_T, CRE_D, CREUSR_CF, LSTUPD_D, LSTUPDUSR_CF, timestamp) values (9,42,131,1,'',43,'LOB=''30'' AND P_NP=''P'' AND GUARANTEE=''999''','StringUtils.equals(c.getLobCf(), "30") && StringUtils.equals(c.getNatB(), "P") && StringUtils.equals(c.getGarCf(), "999")',getDate(),'DBEU',getDate(),'DBEU',null)
insert into TSEGMENTRULE2CRI (SGTRULE_NT, SGMT_NF, SGT_NT, SGTVER_NT, SGTCRI_CF, CRE_D, CREUSR_CF) values (9,42,131,1,'P_NP',getDate(),'DBEU')
insert into TSEGMENTRULE2CRI (SGTRULE_NT, SGMT_NF, SGT_NT, SGTVER_NT, SGTCRI_CF, CRE_D, CREUSR_CF) values (9,42,131,1,'LOB',getDate(),'DBEU')
insert into TSEGMENTRULE2CRI (SGTRULE_NT, SGMT_NF, SGT_NT, SGTVER_NT, SGTCRI_CF, CRE_D, CREUSR_CF) values (9,42,131,1,'GUARANTEE',getDate(),'DBEU')
insert into TSEGMENTRULE (SGTRUL_NT, SGMT_NF, SGT_NT, SGTVER_NT, RULE_LS, RULPRIO_CT, FUNCDEF_T, TECHDEF_T, CRE_D, CREUSR_CF, LSTUPD_D, LSTUPDUSR_CF, timestamp) values (10,42,131,1,'',64,'LOB=''30'' AND P_NP=''P'' AND GUARANTEE=''905''','StringUtils.equals(c.getLobCf(), "30") && StringUtils.equals(c.getNatB(), "P") && StringUtils.equals(c.getGarCf(), "905")',getDate(),'DBEU',getDate(),'DBEU',null)
insert into TSEGMENTRULE2CRI (SGTRULE_NT, SGMT_NF, SGT_NT, SGTVER_NT, SGTCRI_CF, CRE_D, CREUSR_CF) values (10,42,131,1,'P_NP',getDate(),'DBEU')
insert into TSEGMENTRULE2CRI (SGTRULE_NT, SGMT_NF, SGT_NT, SGTVER_NT, SGTCRI_CF, CRE_D, CREUSR_CF) values (10,42,131,1,'LOB',getDate(),'DBEU')
insert into TSEGMENTRULE2CRI (SGTRULE_NT, SGMT_NF, SGT_NT, SGTVER_NT, SGTCRI_CF, CRE_D, CREUSR_CF) values (10,42,131,1,'GUARANTEE',getDate(),'DBEU')
insert into TSEGMENTRULE (SGTRUL_NT, SGMT_NF, SGT_NT, SGTVER_NT, RULE_LS, RULPRIO_CT, FUNCDEF_T, TECHDEF_T, CRE_D, CREUSR_CF, LSTUPD_D, LSTUPDUSR_CF, timestamp) values (11,42,131,1,'',65,'LOB=''30'' AND P_NP=''P'' AND GUARANTEE=''916''','StringUtils.equals(c.getLobCf(), "30") && StringUtils.equals(c.getNatB(), "P") && StringUtils.equals(c.getGarCf(), "916")',getDate(),'DBEU',getDate(),'DBEU',null)
insert into TSEGMENTRULE2CRI (SGTRULE_NT, SGMT_NF, SGT_NT, SGTVER_NT, SGTCRI_CF, CRE_D, CREUSR_CF) values (11,42,131,1,'P_NP',getDate(),'DBEU')
insert into TSEGMENTRULE2CRI (SGTRULE_NT, SGMT_NF, SGT_NT, SGTVER_NT, SGTCRI_CF, CRE_D, CREUSR_CF) values (11,42,131,1,'LOB',getDate(),'DBEU')
insert into TSEGMENTRULE2CRI (SGTRULE_NT, SGMT_NF, SGT_NT, SGTVER_NT, SGTCRI_CF, CRE_D, CREUSR_CF) values (11,42,131,1,'GUARANTEE',getDate(),'DBEU')
go


insert into TSEGMENTRULE (SGTRUL_NT, SGMT_NF, SGT_NT, SGTVER_NT, RULE_LS, RULPRIO_CT, FUNCDEF_T, TECHDEF_T, CRE_D, CREUSR_CF, LSTUPD_D, LSTUPDUSR_CF, timestamp) values (1,43,131,1,'',44,'LOB=''30'' AND P_NP=''P'' AND GUARANTEE=''908''','StringUtils.equals(c.getLobCf(), "30") && StringUtils.equals(c.getNatB(), "P") && StringUtils.equals(c.getGarCf(), "908")',getDate(),'DBEU',getDate(),'DBEU',null)
insert into TSEGMENTRULE2CRI (SGTRULE_NT, SGMT_NF, SGT_NT, SGTVER_NT, SGTCRI_CF, CRE_D, CREUSR_CF) values (1,43,131,1,'P_NP',getDate(),'DBEU')
insert into TSEGMENTRULE2CRI (SGTRULE_NT, SGMT_NF, SGT_NT, SGTVER_NT, SGTCRI_CF, CRE_D, CREUSR_CF) values (1,43,131,1,'LOB',getDate(),'DBEU')
insert into TSEGMENTRULE2CRI (SGTRULE_NT, SGMT_NF, SGT_NT, SGTVER_NT, SGTCRI_CF, CRE_D, CREUSR_CF) values (1,43,131,1,'GUARANTEE',getDate(),'DBEU')
insert into TSEGMENTRULE (SGTRUL_NT, SGMT_NF, SGT_NT, SGTVER_NT, RULE_LS, RULPRIO_CT, FUNCDEF_T, TECHDEF_T, CRE_D, CREUSR_CF, LSTUPD_D, LSTUPDUSR_CF, timestamp) values (2,43,131,1,'',45,'LOB=''30'' AND P_NP=''P'' AND GUARANTEE=''912''','StringUtils.equals(c.getLobCf(), "30") && StringUtils.equals(c.getNatB(), "P") && StringUtils.equals(c.getGarCf(), "912")',getDate(),'DBEU',getDate(),'DBEU',null)
insert into TSEGMENTRULE2CRI (SGTRULE_NT, SGMT_NF, SGT_NT, SGTVER_NT, SGTCRI_CF, CRE_D, CREUSR_CF) values (2,43,131,1,'P_NP',getDate(),'DBEU')
insert into TSEGMENTRULE2CRI (SGTRULE_NT, SGMT_NF, SGT_NT, SGTVER_NT, SGTCRI_CF, CRE_D, CREUSR_CF) values (2,43,131,1,'LOB',getDate(),'DBEU')
insert into TSEGMENTRULE2CRI (SGTRULE_NT, SGMT_NF, SGT_NT, SGTVER_NT, SGTCRI_CF, CRE_D, CREUSR_CF) values (2,43,131,1,'GUARANTEE',getDate(),'DBEU')
insert into TSEGMENTRULE (SGTRUL_NT, SGMT_NF, SGT_NT, SGTVER_NT, RULE_LS, RULPRIO_CT, FUNCDEF_T, TECHDEF_T, CRE_D, CREUSR_CF, LSTUPD_D, LSTUPDUSR_CF, timestamp) values (3,43,131,1,'',46,'LOB=''30'' AND P_NP=''P'' AND GUARANTEE=''963''','StringUtils.equals(c.getLobCf(), "30") && StringUtils.equals(c.getNatB(), "P") && StringUtils.equals(c.getGarCf(), "963")',getDate(),'DBEU',getDate(),'DBEU',null)
insert into TSEGMENTRULE2CRI (SGTRULE_NT, SGMT_NF, SGT_NT, SGTVER_NT, SGTCRI_CF, CRE_D, CREUSR_CF) values (3,43,131,1,'P_NP',getDate(),'DBEU')
insert into TSEGMENTRULE2CRI (SGTRULE_NT, SGMT_NF, SGT_NT, SGTVER_NT, SGTCRI_CF, CRE_D, CREUSR_CF) values (3,43,131,1,'LOB',getDate(),'DBEU')
insert into TSEGMENTRULE2CRI (SGTRULE_NT, SGMT_NF, SGT_NT, SGTVER_NT, SGTCRI_CF, CRE_D, CREUSR_CF) values (3,43,131,1,'GUARANTEE',getDate(),'DBEU')
go


insert into TSEGMENTRULE (SGTRUL_NT, SGMT_NF, SGT_NT, SGTVER_NT, RULE_LS, RULPRIO_CT, FUNCDEF_T, TECHDEF_T, CRE_D, CREUSR_CF, LSTUPD_D, LSTUPDUSR_CF, timestamp) values (1,44,131,1,'',49,'LOB=''31'' AND P_NP=''P'' AND GUARANTEE=''900''','StringUtils.equals(c.getLobCf(), "31") && StringUtils.equals(c.getNatB(), "P") && StringUtils.equals(c.getGarCf(), "900")',getDate(),'DBEU',getDate(),'DBEU',null)
insert into TSEGMENTRULE2CRI (SGTRULE_NT, SGMT_NF, SGT_NT, SGTVER_NT, SGTCRI_CF, CRE_D, CREUSR_CF) values (1,44,131,1,'P_NP',getDate(),'DBEU')
insert into TSEGMENTRULE2CRI (SGTRULE_NT, SGMT_NF, SGT_NT, SGTVER_NT, SGTCRI_CF, CRE_D, CREUSR_CF) values (1,44,131,1,'LOB',getDate(),'DBEU')
insert into TSEGMENTRULE2CRI (SGTRULE_NT, SGMT_NF, SGT_NT, SGTVER_NT, SGTCRI_CF, CRE_D, CREUSR_CF) values (1,44,131,1,'GUARANTEE',getDate(),'DBEU')
insert into TSEGMENTRULE (SGTRUL_NT, SGMT_NF, SGT_NT, SGTVER_NT, RULE_LS, RULPRIO_CT, FUNCDEF_T, TECHDEF_T, CRE_D, CREUSR_CF, LSTUPD_D, LSTUPDUSR_CF, timestamp) values (2,44,131,1,'',50,'LOB=''31'' AND P_NP=''P'' AND GUARANTEE=''916''','StringUtils.equals(c.getLobCf(), "31") && StringUtils.equals(c.getNatB(), "P") && StringUtils.equals(c.getGarCf(), "916")',getDate(),'DBEU',getDate(),'DBEU',null)
insert into TSEGMENTRULE2CRI (SGTRULE_NT, SGMT_NF, SGT_NT, SGTVER_NT, SGTCRI_CF, CRE_D, CREUSR_CF) values (2,44,131,1,'P_NP',getDate(),'DBEU')
insert into TSEGMENTRULE2CRI (SGTRULE_NT, SGMT_NF, SGT_NT, SGTVER_NT, SGTCRI_CF, CRE_D, CREUSR_CF) values (2,44,131,1,'LOB',getDate(),'DBEU')
insert into TSEGMENTRULE2CRI (SGTRULE_NT, SGMT_NF, SGT_NT, SGTVER_NT, SGTCRI_CF, CRE_D, CREUSR_CF) values (2,44,131,1,'GUARANTEE',getDate(),'DBEU')
insert into TSEGMENTRULE (SGTRUL_NT, SGMT_NF, SGT_NT, SGTVER_NT, RULE_LS, RULPRIO_CT, FUNCDEF_T, TECHDEF_T, CRE_D, CREUSR_CF, LSTUPD_D, LSTUPDUSR_CF, timestamp) values (3,44,131,1,'',51,'LOB=''31'' AND P_NP=''P'' AND GUARANTEE=''920''','StringUtils.equals(c.getLobCf(), "31") && StringUtils.equals(c.getNatB(), "P") && StringUtils.equals(c.getGarCf(), "920")',getDate(),'DBEU',getDate(),'DBEU',null)
insert into TSEGMENTRULE2CRI (SGTRULE_NT, SGMT_NF, SGT_NT, SGTVER_NT, SGTCRI_CF, CRE_D, CREUSR_CF) values (3,44,131,1,'P_NP',getDate(),'DBEU')
insert into TSEGMENTRULE2CRI (SGTRULE_NT, SGMT_NF, SGT_NT, SGTVER_NT, SGTCRI_CF, CRE_D, CREUSR_CF) values (3,44,131,1,'LOB',getDate(),'DBEU')
insert into TSEGMENTRULE2CRI (SGTRULE_NT, SGMT_NF, SGT_NT, SGTVER_NT, SGTCRI_CF, CRE_D, CREUSR_CF) values (3,44,131,1,'GUARANTEE',getDate(),'DBEU')
insert into TSEGMENTRULE (SGTRUL_NT, SGMT_NF, SGT_NT, SGTVER_NT, RULE_LS, RULPRIO_CT, FUNCDEF_T, TECHDEF_T, CRE_D, CREUSR_CF, LSTUPD_D, LSTUPDUSR_CF, timestamp) values (4,44,131,1,'',61,'LOB=''31'' AND P_NP=''P'' AND GUARANTEE=''080''','StringUtils.equals(c.getLobCf(), "31") && StringUtils.equals(c.getNatB(), "P") && StringUtils.equals(c.getGarCf(), "080")',getDate(),'DBEU',getDate(),'DBEU',null)
insert into TSEGMENTRULE2CRI (SGTRULE_NT, SGMT_NF, SGT_NT, SGTVER_NT, SGTCRI_CF, CRE_D, CREUSR_CF) values (4,44,131,1,'P_NP',getDate(),'DBEU')
insert into TSEGMENTRULE2CRI (SGTRULE_NT, SGMT_NF, SGT_NT, SGTVER_NT, SGTCRI_CF, CRE_D, CREUSR_CF) values (4,44,131,1,'LOB',getDate(),'DBEU')
insert into TSEGMENTRULE2CRI (SGTRULE_NT, SGMT_NF, SGT_NT, SGTVER_NT, SGTCRI_CF, CRE_D, CREUSR_CF) values (4,44,131,1,'GUARANTEE',getDate(),'DBEU')
insert into TSEGMENTRULE (SGTRUL_NT, SGMT_NF, SGT_NT, SGTVER_NT, RULE_LS, RULPRIO_CT, FUNCDEF_T, TECHDEF_T, CRE_D, CREUSR_CF, LSTUPD_D, LSTUPDUSR_CF, timestamp) values (5,44,131,1,'',62,'LOB=''31'' AND P_NP=''P'' AND GUARANTEE=''082''','StringUtils.equals(c.getLobCf(), "31") && StringUtils.equals(c.getNatB(), "P") && StringUtils.equals(c.getGarCf(), "082")',getDate(),'DBEU',getDate(),'DBEU',null)
insert into TSEGMENTRULE2CRI (SGTRULE_NT, SGMT_NF, SGT_NT, SGTVER_NT, SGTCRI_CF, CRE_D, CREUSR_CF) values (5,44,131,1,'P_NP',getDate(),'DBEU')
insert into TSEGMENTRULE2CRI (SGTRULE_NT, SGMT_NF, SGT_NT, SGTVER_NT, SGTCRI_CF, CRE_D, CREUSR_CF) values (5,44,131,1,'LOB',getDate(),'DBEU')
insert into TSEGMENTRULE2CRI (SGTRULE_NT, SGMT_NF, SGT_NT, SGTVER_NT, SGTCRI_CF, CRE_D, CREUSR_CF) values (5,44,131,1,'GUARANTEE',getDate(),'DBEU')
insert into TSEGMENTRULE (SGTRUL_NT, SGMT_NF, SGT_NT, SGTVER_NT, RULE_LS, RULPRIO_CT, FUNCDEF_T, TECHDEF_T, CRE_D, CREUSR_CF, LSTUPD_D, LSTUPDUSR_CF, timestamp) values (6,44,131,1,'',63,'LOB=''31'' AND P_NP=''P'' AND GUARANTEE=''445''','StringUtils.equals(c.getLobCf(), "31") && StringUtils.equals(c.getNatB(), "P") && StringUtils.equals(c.getGarCf(), "445")',getDate(),'DBEU',getDate(),'DBEU',null)
insert into TSEGMENTRULE2CRI (SGTRULE_NT, SGMT_NF, SGT_NT, SGTVER_NT, SGTCRI_CF, CRE_D, CREUSR_CF) values (6,44,131,1,'P_NP',getDate(),'DBEU')
insert into TSEGMENTRULE2CRI (SGTRULE_NT, SGMT_NF, SGT_NT, SGTVER_NT, SGTCRI_CF, CRE_D, CREUSR_CF) values (6,44,131,1,'LOB',getDate(),'DBEU')
insert into TSEGMENTRULE2CRI (SGTRULE_NT, SGMT_NF, SGT_NT, SGTVER_NT, SGTCRI_CF, CRE_D, CREUSR_CF) values (6,44,131,1,'GUARANTEE',getDate(),'DBEU')
insert into TSEGMENTRULE (SGTRUL_NT, SGMT_NF, SGT_NT, SGTVER_NT, RULE_LS, RULPRIO_CT, FUNCDEF_T, TECHDEF_T, CRE_D, CREUSR_CF, LSTUPD_D, LSTUPDUSR_CF, timestamp) values (7,44,131,1,'',66,'LOB=''31'' AND P_NP=''P'' AND GUARANTEE=''905''','StringUtils.equals(c.getLobCf(), "31") && StringUtils.equals(c.getNatB(), "P") && StringUtils.equals(c.getGarCf(), "905")',getDate(),'DBEU',getDate(),'DBEU',null)
insert into TSEGMENTRULE2CRI (SGTRULE_NT, SGMT_NF, SGT_NT, SGTVER_NT, SGTCRI_CF, CRE_D, CREUSR_CF) values (7,44,131,1,'P_NP',getDate(),'DBEU')
insert into TSEGMENTRULE2CRI (SGTRULE_NT, SGMT_NF, SGT_NT, SGTVER_NT, SGTCRI_CF, CRE_D, CREUSR_CF) values (7,44,131,1,'LOB',getDate(),'DBEU')
insert into TSEGMENTRULE2CRI (SGTRULE_NT, SGMT_NF, SGT_NT, SGTVER_NT, SGTCRI_CF, CRE_D, CREUSR_CF) values (7,44,131,1,'GUARANTEE',getDate(),'DBEU')
insert into TSEGMENTRULE (SGTRUL_NT, SGMT_NF, SGT_NT, SGTVER_NT, RULE_LS, RULPRIO_CT, FUNCDEF_T, TECHDEF_T, CRE_D, CREUSR_CF, LSTUPD_D, LSTUPDUSR_CF, timestamp) values (8,44,131,1,'',67,'LOB=''31'' AND P_NP=''P'' AND GUARANTEE=''995''','StringUtils.equals(c.getLobCf(), "31") && StringUtils.equals(c.getNatB(), "P") && StringUtils.equals(c.getGarCf(), "995")',getDate(),'DBEU',getDate(),'DBEU',null)
insert into TSEGMENTRULE2CRI (SGTRULE_NT, SGMT_NF, SGT_NT, SGTVER_NT, SGTCRI_CF, CRE_D, CREUSR_CF) values (8,44,131,1,'P_NP',getDate(),'DBEU')
insert into TSEGMENTRULE2CRI (SGTRULE_NT, SGMT_NF, SGT_NT, SGTVER_NT, SGTCRI_CF, CRE_D, CREUSR_CF) values (8,44,131,1,'LOB',getDate(),'DBEU')
insert into TSEGMENTRULE2CRI (SGTRULE_NT, SGMT_NF, SGT_NT, SGTVER_NT, SGTCRI_CF, CRE_D, CREUSR_CF) values (8,44,131,1,'GUARANTEE',getDate(),'DBEU')
insert into TSEGMENTRULE (SGTRUL_NT, SGMT_NF, SGT_NT, SGTVER_NT, RULE_LS, RULPRIO_CT, FUNCDEF_T, TECHDEF_T, CRE_D, CREUSR_CF, LSTUPD_D, LSTUPDUSR_CF, timestamp) values (9,44,131,1,'',68,'LOB=''31'' AND P_NP=''P'' AND GUARANTEE=''999''','StringUtils.equals(c.getLobCf(), "31") && StringUtils.equals(c.getNatB(), "P") && StringUtils.equals(c.getGarCf(), "999")',getDate(),'DBEU',getDate(),'DBEU',null)
insert into TSEGMENTRULE2CRI (SGTRULE_NT, SGMT_NF, SGT_NT, SGTVER_NT, SGTCRI_CF, CRE_D, CREUSR_CF) values (9,44,131,1,'P_NP',getDate(),'DBEU')
insert into TSEGMENTRULE2CRI (SGTRULE_NT, SGMT_NF, SGT_NT, SGTVER_NT, SGTCRI_CF, CRE_D, CREUSR_CF) values (9,44,131,1,'LOB',getDate(),'DBEU')
insert into TSEGMENTRULE2CRI (SGTRULE_NT, SGMT_NF, SGT_NT, SGTVER_NT, SGTCRI_CF, CRE_D, CREUSR_CF) values (9,44,131,1,'GUARANTEE',getDate(),'DBEU')
go


insert into TSEGMENTRULE (SGTRUL_NT, SGMT_NF, SGT_NT, SGTVER_NT, RULE_LS, RULPRIO_CT, FUNCDEF_T, TECHDEF_T, CRE_D, CREUSR_CF, LSTUPD_D, LSTUPDUSR_CF, timestamp) values (1,45,131,1,'',56,'LOB=''31'' AND P_NP=''P'' AND GUARANTEE=''936''','StringUtils.equals(c.getLobCf(), "31") && StringUtils.equals(c.getNatB(), "P") && StringUtils.equals(c.getGarCf(), "936")',getDate(),'DBEU',getDate(),'DBEU',null)
insert into TSEGMENTRULE2CRI (SGTRULE_NT, SGMT_NF, SGT_NT, SGTVER_NT, SGTCRI_CF, CRE_D, CREUSR_CF) values (1,45,131,1,'P_NP',getDate(),'DBEU')
insert into TSEGMENTRULE2CRI (SGTRULE_NT, SGMT_NF, SGT_NT, SGTVER_NT, SGTCRI_CF, CRE_D, CREUSR_CF) values (1,45,131,1,'LOB',getDate(),'DBEU')
insert into TSEGMENTRULE2CRI (SGTRULE_NT, SGMT_NF, SGT_NT, SGTVER_NT, SGTCRI_CF, CRE_D, CREUSR_CF) values (1,45,131,1,'GUARANTEE',getDate(),'DBEU')
insert into TSEGMENTRULE (SGTRUL_NT, SGMT_NF, SGT_NT, SGTVER_NT, RULE_LS, RULPRIO_CT, FUNCDEF_T, TECHDEF_T, CRE_D, CREUSR_CF, LSTUPD_D, LSTUPDUSR_CF, timestamp) values (2,45,131,1,'',57,'LOB=''31'' AND P_NP=''P'' AND GUARANTEE=''707''','StringUtils.equals(c.getLobCf(), "31") && StringUtils.equals(c.getNatB(), "P") && StringUtils.equals(c.getGarCf(), "707")',getDate(),'DBEU',getDate(),'DBEU',null)
insert into TSEGMENTRULE2CRI (SGTRULE_NT, SGMT_NF, SGT_NT, SGTVER_NT, SGTCRI_CF, CRE_D, CREUSR_CF) values (2,45,131,1,'P_NP',getDate(),'DBEU')
insert into TSEGMENTRULE2CRI (SGTRULE_NT, SGMT_NF, SGT_NT, SGTVER_NT, SGTCRI_CF, CRE_D, CREUSR_CF) values (2,45,131,1,'LOB',getDate(),'DBEU')
insert into TSEGMENTRULE2CRI (SGTRULE_NT, SGMT_NF, SGT_NT, SGTVER_NT, SGTCRI_CF, CRE_D, CREUSR_CF) values (2,45,131,1,'GUARANTEE',getDate(),'DBEU')
go


insert into TSEGMENTRULE (SGTRUL_NT, SGMT_NF, SGT_NT, SGTVER_NT, RULE_LS, RULPRIO_CT, FUNCDEF_T, TECHDEF_T, CRE_D, CREUSR_CF, LSTUPD_D, LSTUPDUSR_CF, timestamp) values (1,46,131,1,'',52,'LOB=''31'' AND P_NP=''P'' AND GUARANTEE=''924''','StringUtils.equals(c.getLobCf(), "31") && StringUtils.equals(c.getNatB(), "P") && StringUtils.equals(c.getGarCf(), "924")',getDate(),'DBEU',getDate(),'DBEU',null)
insert into TSEGMENTRULE2CRI (SGTRULE_NT, SGMT_NF, SGT_NT, SGTVER_NT, SGTCRI_CF, CRE_D, CREUSR_CF) values (1,46,131,1,'P_NP',getDate(),'DBEU')
insert into TSEGMENTRULE2CRI (SGTRULE_NT, SGMT_NF, SGT_NT, SGTVER_NT, SGTCRI_CF, CRE_D, CREUSR_CF) values (1,46,131,1,'LOB',getDate(),'DBEU')
insert into TSEGMENTRULE2CRI (SGTRULE_NT, SGMT_NF, SGT_NT, SGTVER_NT, SGTCRI_CF, CRE_D, CREUSR_CF) values (1,46,131,1,'GUARANTEE',getDate(),'DBEU')
insert into TSEGMENTRULE (SGTRUL_NT, SGMT_NF, SGT_NT, SGTVER_NT, RULE_LS, RULPRIO_CT, FUNCDEF_T, TECHDEF_T, CRE_D, CREUSR_CF, LSTUPD_D, LSTUPDUSR_CF, timestamp) values (2,46,131,1,'',53,'LOB=''31'' AND P_NP=''P'' AND GUARANTEE=''917''','StringUtils.equals(c.getLobCf(), "31") && StringUtils.equals(c.getNatB(), "P") && StringUtils.equals(c.getGarCf(), "917")',getDate(),'DBEU',getDate(),'DBEU',null)
insert into TSEGMENTRULE2CRI (SGTRULE_NT, SGMT_NF, SGT_NT, SGTVER_NT, SGTCRI_CF, CRE_D, CREUSR_CF) values (2,46,131,1,'P_NP',getDate(),'DBEU')
insert into TSEGMENTRULE2CRI (SGTRULE_NT, SGMT_NF, SGT_NT, SGTVER_NT, SGTCRI_CF, CRE_D, CREUSR_CF) values (2,46,131,1,'LOB',getDate(),'DBEU')
insert into TSEGMENTRULE2CRI (SGTRULE_NT, SGMT_NF, SGT_NT, SGTVER_NT, SGTCRI_CF, CRE_D, CREUSR_CF) values (2,46,131,1,'GUARANTEE',getDate(),'DBEU')
insert into TSEGMENTRULE (SGTRUL_NT, SGMT_NF, SGT_NT, SGTVER_NT, RULE_LS, RULPRIO_CT, FUNCDEF_T, TECHDEF_T, CRE_D, CREUSR_CF, LSTUPD_D, LSTUPDUSR_CF, timestamp) values (3,46,131,1,'',54,'LOB=''31'' AND P_NP=''P'' AND GUARANTEE=''928''','StringUtils.equals(c.getLobCf(), "31") && StringUtils.equals(c.getNatB(), "P") && StringUtils.equals(c.getGarCf(), "928")',getDate(),'DBEU',getDate(),'DBEU',null)
insert into TSEGMENTRULE2CRI (SGTRULE_NT, SGMT_NF, SGT_NT, SGTVER_NT, SGTCRI_CF, CRE_D, CREUSR_CF) values (3,46,131,1,'P_NP',getDate(),'DBEU')
insert into TSEGMENTRULE2CRI (SGTRULE_NT, SGMT_NF, SGT_NT, SGTVER_NT, SGTCRI_CF, CRE_D, CREUSR_CF) values (3,46,131,1,'LOB',getDate(),'DBEU')
insert into TSEGMENTRULE2CRI (SGTRULE_NT, SGMT_NF, SGT_NT, SGTVER_NT, SGTCRI_CF, CRE_D, CREUSR_CF) values (3,46,131,1,'GUARANTEE',getDate(),'DBEU')
insert into TSEGMENTRULE (SGTRUL_NT, SGMT_NF, SGT_NT, SGTVER_NT, RULE_LS, RULPRIO_CT, FUNCDEF_T, TECHDEF_T, CRE_D, CREUSR_CF, LSTUPD_D, LSTUPDUSR_CF, timestamp) values (4,46,131,1,'',55,'LOB=''31'' AND P_NP=''P'' AND GUARANTEE=''932''','StringUtils.equals(c.getLobCf(), "31") && StringUtils.equals(c.getNatB(), "P") && StringUtils.equals(c.getGarCf(), "932")',getDate(),'DBEU',getDate(),'DBEU',null)
insert into TSEGMENTRULE2CRI (SGTRULE_NT, SGMT_NF, SGT_NT, SGTVER_NT, SGTCRI_CF, CRE_D, CREUSR_CF) values (4,46,131,1,'P_NP',getDate(),'DBEU')
insert into TSEGMENTRULE2CRI (SGTRULE_NT, SGMT_NF, SGT_NT, SGTVER_NT, SGTCRI_CF, CRE_D, CREUSR_CF) values (4,46,131,1,'LOB',getDate(),'DBEU')
insert into TSEGMENTRULE2CRI (SGTRULE_NT, SGMT_NF, SGT_NT, SGTVER_NT, SGTCRI_CF, CRE_D, CREUSR_CF) values (4,46,131,1,'GUARANTEE',getDate(),'DBEU')
go


insert into TSEGMENTRULE (SGTRUL_NT, SGMT_NF, SGT_NT, SGTVER_NT, RULE_LS, RULPRIO_CT, FUNCDEF_T, TECHDEF_T, CRE_D, CREUSR_CF, LSTUPD_D, LSTUPDUSR_CF, timestamp) values (1,47,131,1,'',59,'LOB=''31'' AND P_NP=''P'' AND GUARANTEE=''944''','StringUtils.equals(c.getLobCf(), "31") && StringUtils.equals(c.getNatB(), "P") && StringUtils.equals(c.getGarCf(), "944")',getDate(),'DBEU',getDate(),'DBEU',null)
insert into TSEGMENTRULE2CRI (SGTRULE_NT, SGMT_NF, SGT_NT, SGTVER_NT, SGTCRI_CF, CRE_D, CREUSR_CF) values (1,47,131,1,'P_NP',getDate(),'DBEU')
insert into TSEGMENTRULE2CRI (SGTRULE_NT, SGMT_NF, SGT_NT, SGTVER_NT, SGTCRI_CF, CRE_D, CREUSR_CF) values (1,47,131,1,'LOB',getDate(),'DBEU')
insert into TSEGMENTRULE2CRI (SGTRULE_NT, SGMT_NF, SGT_NT, SGTVER_NT, SGTCRI_CF, CRE_D, CREUSR_CF) values (1,47,131,1,'GUARANTEE',getDate(),'DBEU')
insert into TSEGMENTRULE (SGTRUL_NT, SGMT_NF, SGT_NT, SGTVER_NT, RULE_LS, RULPRIO_CT, FUNCDEF_T, TECHDEF_T, CRE_D, CREUSR_CF, LSTUPD_D, LSTUPDUSR_CF, timestamp) values (2,47,131,1,'',60,'LOB=''31'' AND P_NP=''P'' AND GUARANTEE=''945''','StringUtils.equals(c.getLobCf(), "31") && StringUtils.equals(c.getNatB(), "P") && StringUtils.equals(c.getGarCf(), "945")',getDate(),'DBEU',getDate(),'DBEU',null)
insert into TSEGMENTRULE2CRI (SGTRULE_NT, SGMT_NF, SGT_NT, SGTVER_NT, SGTCRI_CF, CRE_D, CREUSR_CF) values (2,47,131,1,'P_NP',getDate(),'DBEU')
insert into TSEGMENTRULE2CRI (SGTRULE_NT, SGMT_NF, SGT_NT, SGTVER_NT, SGTCRI_CF, CRE_D, CREUSR_CF) values (2,47,131,1,'LOB',getDate(),'DBEU')
insert into TSEGMENTRULE2CRI (SGTRULE_NT, SGMT_NF, SGT_NT, SGTVER_NT, SGTCRI_CF, CRE_D, CREUSR_CF) values (2,47,131,1,'GUARANTEE',getDate(),'DBEU')
go


insert into TSEGMENTRULE (SGTRUL_NT, SGMT_NF, SGT_NT, SGTVER_NT, RULE_LS, RULPRIO_CT, FUNCDEF_T, TECHDEF_T, CRE_D, CREUSR_CF, LSTUPD_D, LSTUPDUSR_CF, timestamp) values (1,48,131,1,'',47,'LOB=''30'' AND P_NP=''P'' AND GUARANTEE=''947''','StringUtils.equals(c.getLobCf(), "30") && StringUtils.equals(c.getNatB(), "P") && StringUtils.equals(c.getGarCf(), "947")',getDate(),'DBEU',getDate(),'DBEU',null)
insert into TSEGMENTRULE2CRI (SGTRULE_NT, SGMT_NF, SGT_NT, SGTVER_NT, SGTCRI_CF, CRE_D, CREUSR_CF) values (1,48,131,1,'P_NP',getDate(),'DBEU')
insert into TSEGMENTRULE2CRI (SGTRULE_NT, SGMT_NF, SGT_NT, SGTVER_NT, SGTCRI_CF, CRE_D, CREUSR_CF) values (1,48,131,1,'LOB',getDate(),'DBEU')
insert into TSEGMENTRULE2CRI (SGTRULE_NT, SGMT_NF, SGT_NT, SGTVER_NT, SGTCRI_CF, CRE_D, CREUSR_CF) values (1,48,131,1,'GUARANTEE',getDate(),'DBEU')
insert into TSEGMENTRULE (SGTRUL_NT, SGMT_NF, SGT_NT, SGTVER_NT, RULE_LS, RULPRIO_CT, FUNCDEF_T, TECHDEF_T, CRE_D, CREUSR_CF, LSTUPD_D, LSTUPDUSR_CF, timestamp) values (2,48,131,1,'',48,'LOB=''31'' AND P_NP=''P'' AND GUARANTEE=''948''','StringUtils.equals(c.getLobCf(), "31") && StringUtils.equals(c.getNatB(), "P") && StringUtils.equals(c.getGarCf(), "948")',getDate(),'DBEU',getDate(),'DBEU',null)
insert into TSEGMENTRULE2CRI (SGTRULE_NT, SGMT_NF, SGT_NT, SGTVER_NT, SGTCRI_CF, CRE_D, CREUSR_CF) values (2,48,131,1,'P_NP',getDate(),'DBEU')
insert into TSEGMENTRULE2CRI (SGTRULE_NT, SGMT_NF, SGT_NT, SGTVER_NT, SGTCRI_CF, CRE_D, CREUSR_CF) values (2,48,131,1,'LOB',getDate(),'DBEU')
insert into TSEGMENTRULE2CRI (SGTRULE_NT, SGMT_NF, SGT_NT, SGTVER_NT, SGTCRI_CF, CRE_D, CREUSR_CF) values (2,48,131,1,'GUARANTEE',getDate(),'DBEU')
go


insert into TSEGMENTRULE (SGTRUL_NT, SGMT_NF, SGT_NT, SGTVER_NT, RULE_LS, RULPRIO_CT, FUNCDEF_T, TECHDEF_T, CRE_D, CREUSR_CF, LSTUPD_D, LSTUPDUSR_CF, timestamp) values (1,49,131,1,'',58,'LOB=''31'' AND P_NP=''P'' AND GUARANTEE=''940''','StringUtils.equals(c.getLobCf(), "31") && StringUtils.equals(c.getNatB(), "P") && StringUtils.equals(c.getGarCf(), "940")',getDate(),'DBEU',getDate(),'DBEU',null)
insert into TSEGMENTRULE2CRI (SGTRULE_NT, SGMT_NF, SGT_NT, SGTVER_NT, SGTCRI_CF, CRE_D, CREUSR_CF) values (1,49,131,1,'P_NP',getDate(),'DBEU')
insert into TSEGMENTRULE2CRI (SGTRULE_NT, SGMT_NF, SGT_NT, SGTVER_NT, SGTCRI_CF, CRE_D, CREUSR_CF) values (1,49,131,1,'LOB',getDate(),'DBEU')
insert into TSEGMENTRULE2CRI (SGTRULE_NT, SGMT_NF, SGT_NT, SGTVER_NT, SGTCRI_CF, CRE_D, CREUSR_CF) values (1,49,131,1,'GUARANTEE',getDate(),'DBEU')
go


insert into TSEGMENTRULE (SGTRUL_NT, SGMT_NF, SGT_NT, SGTVER_NT, RULE_LS, RULPRIO_CT, FUNCDEF_T, TECHDEF_T, CRE_D, CREUSR_CF, LSTUPD_D, LSTUPDUSR_CF, timestamp) values (1,50,131,1,'',7,'LOB in (''30'',''31'') AND P_NP=''N''','(StringUtils.equals(c.getLobCf(), "30") || StringUtils.equals(c.getLobCf(), "31")) && StringUtils.equals(c.getNatB(), "N")',getDate(),'DBEU',getDate(),'DBEU',null)
insert into TSEGMENTRULE2CRI (SGTRULE_NT, SGMT_NF, SGT_NT, SGTVER_NT, SGTCRI_CF, CRE_D, CREUSR_CF) values (1,50,131,1,'P_NP',getDate(),'DBEU')
go


insert into TSEGMENTRULE (SGTRUL_NT, SGMT_NF, SGT_NT, SGTVER_NT, RULE_LS, RULPRIO_CT, FUNCDEF_T, TECHDEF_T, CRE_D, CREUSR_CF, LSTUPD_D, LSTUPDUSR_CF, timestamp) values (1,51,131,1,'',1,'LOB in (''30'',''31'') AND LIFE_TREATY_TYPE=''A9''','(StringUtils.equals(c.getLobCf(), "30") || StringUtils.equals(c.getLobCf(), "31")) && StringUtils.equals(c.getLiftrttypCf(), "A9")',getDate(),'DBEU',getDate(),'DBEU',null)
insert into TSEGMENTRULE2CRI (SGTRULE_NT, SGMT_NF, SGT_NT, SGTVER_NT, SGTCRI_CF, CRE_D, CREUSR_CF) values (1,51,131,1,'LIFE_TREATY_TYPE',getDate(),'DBEU')
insert into TSEGMENTRULE2CRI (SGTRULE_NT, SGMT_NF, SGT_NT, SGTVER_NT, SGTCRI_CF, CRE_D, CREUSR_CF) values (1,51,131,1,'LOB',getDate(),'DBEU')
go


insert into TSEGMENTRULE (SGTRUL_NT, SGMT_NF, SGT_NT, SGTVER_NT, RULE_LS, RULPRIO_CT, FUNCDEF_T, TECHDEF_T, CRE_D, CREUSR_CF, LSTUPD_D, LSTUPDUSR_CF, timestamp) values (1,52,131,1,'',2,'LOB in (''30'',''31'') AND LIFE_TREATY_TYPE=''A4''','(StringUtils.equals(c.getLobCf(), "30") || StringUtils.equals(c.getLobCf(), "31")) && StringUtils.equals(c.getLiftrttypCf(), "A4")',getDate(),'DBEU',getDate(),'DBEU',null)
insert into TSEGMENTRULE2CRI (SGTRULE_NT, SGMT_NF, SGT_NT, SGTVER_NT, SGTCRI_CF, CRE_D, CREUSR_CF) values (1,52,131,1,'LIFE_TREATY_TYPE',getDate(),'DBEU')
insert into TSEGMENTRULE2CRI (SGTRULE_NT, SGMT_NF, SGT_NT, SGTVER_NT, SGTCRI_CF, CRE_D, CREUSR_CF) values (1,52,131,1,'LOB',getDate(),'DBEU')
insert into TSEGMENTRULE (SGTRUL_NT, SGMT_NF, SGT_NT, SGTVER_NT, RULE_LS, RULPRIO_CT, FUNCDEF_T, TECHDEF_T, CRE_D, CREUSR_CF, LSTUPD_D, LSTUPDUSR_CF, timestamp) values (2,52,131,1,'',3,'LOB in (''30'',''31'') AND LIFE_TREATY_TYPE=''A3''','(StringUtils.equals(c.getLobCf(), "30") || StringUtils.equals(c.getLobCf(), "31")) && StringUtils.equals(c.getLiftrttypCf(), "A3")',getDate(),'DBEU',getDate(),'DBEU',null)
insert into TSEGMENTRULE2CRI (SGTRULE_NT, SGMT_NF, SGT_NT, SGTVER_NT, SGTCRI_CF, CRE_D, CREUSR_CF) values (2,52,131,1,'LIFE_TREATY_TYPE',getDate(),'DBEU')
insert into TSEGMENTRULE2CRI (SGTRULE_NT, SGMT_NF, SGT_NT, SGTVER_NT, SGTCRI_CF, CRE_D, CREUSR_CF) values (2,52,131,1,'LOB',getDate(),'DBEU')
insert into TSEGMENTRULE (SGTRUL_NT, SGMT_NF, SGT_NT, SGTVER_NT, RULE_LS, RULPRIO_CT, FUNCDEF_T, TECHDEF_T, CRE_D, CREUSR_CF, LSTUPD_D, LSTUPDUSR_CF, timestamp) values (3,52,131,1,'',4,'LOB in (''30'',''31'') AND LIFE_TREATY_TYPE=''B2''','(StringUtils.equals(c.getLobCf(), "30") || StringUtils.equals(c.getLobCf(), "31")) && StringUtils.equals(c.getLiftrttypCf(), "B2")',getDate(),'DBEU',getDate(),'DBEU',null)
insert into TSEGMENTRULE2CRI (SGTRULE_NT, SGMT_NF, SGT_NT, SGTVER_NT, SGTCRI_CF, CRE_D, CREUSR_CF) values (3,52,131,1,'LIFE_TREATY_TYPE',getDate(),'DBEU')
insert into TSEGMENTRULE2CRI (SGTRULE_NT, SGMT_NF, SGT_NT, SGTVER_NT, SGTCRI_CF, CRE_D, CREUSR_CF) values (3,52,131,1,'LOB',getDate(),'DBEU')
insert into TSEGMENTRULE (SGTRUL_NT, SGMT_NF, SGT_NT, SGTVER_NT, RULE_LS, RULPRIO_CT, FUNCDEF_T, TECHDEF_T, CRE_D, CREUSR_CF, LSTUPD_D, LSTUPDUSR_CF, timestamp) values (4,52,131,1,'',5,'LOB in (''30'',''31'') AND LIFE_TREATY_TYPE=''B7''','(StringUtils.equals(c.getLobCf(), "30") || StringUtils.equals(c.getLobCf(), "31")) && StringUtils.equals(c.getLiftrttypCf(), "B7")',getDate(),'DBEU',getDate(),'DBEU',null)
insert into TSEGMENTRULE2CRI (SGTRULE_NT, SGMT_NF, SGT_NT, SGTVER_NT, SGTCRI_CF, CRE_D, CREUSR_CF) values (4,52,131,1,'LIFE_TREATY_TYPE',getDate(),'DBEU')
insert into TSEGMENTRULE2CRI (SGTRULE_NT, SGMT_NF, SGT_NT, SGTVER_NT, SGTCRI_CF, CRE_D, CREUSR_CF) values (4,52,131,1,'LOB',getDate(),'DBEU')
insert into TSEGMENTRULE (SGTRUL_NT, SGMT_NF, SGT_NT, SGTVER_NT, RULE_LS, RULPRIO_CT, FUNCDEF_T, TECHDEF_T, CRE_D, CREUSR_CF, LSTUPD_D, LSTUPDUSR_CF, timestamp) values (5,52,131,1,'',6,'LOB in (''30'',''31'') AND LIFE_TREATY_TYPE=''B8''','(StringUtils.equals(c.getLobCf(), "30") || StringUtils.equals(c.getLobCf(), "31")) && StringUtils.equals(c.getLiftrttypCf(), "B8")',getDate(),'DBEU',getDate(),'DBEU',null)
insert into TSEGMENTRULE2CRI (SGTRULE_NT, SGMT_NF, SGT_NT, SGTVER_NT, SGTCRI_CF, CRE_D, CREUSR_CF) values (5,52,131,1,'LIFE_TREATY_TYPE',getDate(),'DBEU')
insert into TSEGMENTRULE2CRI (SGTRULE_NT, SGMT_NF, SGT_NT, SGTVER_NT, SGTCRI_CF, CRE_D, CREUSR_CF) values (5,52,131,1,'LOB',getDate(),'DBEU')
go


insert into TSEGMENTRULE (SGTRUL_NT, SGMT_NF, SGT_NT, SGTVER_NT, RULE_LS, RULPRIO_CT, FUNCDEF_T, TECHDEF_T, CRE_D, CREUSR_CF, LSTUPD_D, LSTUPDUSR_CF, timestamp) values (1,54,131,1,'',69,'LOB=''30'' ','StringUtils.equals(c.getLobCf(), "30")',getDate(),'DBEU',getDate(),'DBEU',null)
insert into TSEGMENTRULE2CRI (SGTRULE_NT, SGMT_NF, SGT_NT, SGTVER_NT, SGTCRI_CF, CRE_D, CREUSR_CF) values (1,54,131,1,'LOB',getDate(),'DBEU')
insert into TSEGMENTRULE (SGTRUL_NT, SGMT_NF, SGT_NT, SGTVER_NT, RULE_LS, RULPRIO_CT, FUNCDEF_T, TECHDEF_T, CRE_D, CREUSR_CF, LSTUPD_D, LSTUPDUSR_CF, timestamp) values (2,54,131,1,'',70,'LOB=''31'' ','StringUtils.equals(c.getLobCf(), "31")',getDate(),'DBEU',getDate(),'DBEU',null)
insert into TSEGMENTRULE2CRI (SGTRULE_NT, SGMT_NF, SGT_NT, SGTVER_NT, SGTCRI_CF, CRE_D, CREUSR_CF) values (2,54,131,1,'LOB',getDate(),'DBEU')
go

-- Update the Rule label with the label of the segment (TSEGMT.SGMT_LS)
UPDATE TSEGMENTRULE SET RULE_LS=SGMT_LS
FROM TSEGMENTRULE, TSEGMT
WHERE TSEGMT.SGT_NT = TSEGMENTRULE.SGT_NT AND TSEGMT.SGTVER_NT = TSEGMENTRULE.SGTVER_NT AND TSEGMENTRULE.SGMT_NF = TSEGMT.SGMT_NF
and TSEGMENTRULE.SGT_NT = 131
go