
/*==============================================================*/
/* Table: Segmentation 102 - 1 */
/*==============================================================*/

use BEST
go 

delete from TSEGTYPE where SGTTYP_NT = 3
delete from TSEGMENTATION where SGT_NT = 102
delete from  TSEGMT where SGT_NT = 102
delete from  TSEGMENTLVL where SGT_NT = 102
delete from  TSEGMENTEXCEPT where SGT_NT = 102
delete from  TSEGMENTRULE2TYPE where SGT_NT = 102
delete from  TSEGMENTRULE2CRI where SGT_NT = 102
delete from  TSEGMENTRULE where SGT_NT = 102
delete from  TSEG2ESB where SGT_NT = 102
delete from  TSEG2CTRSTS where SGT_NT = 102
delete from  TSEG2CTRCAT where SGT_NT = 102
delete from  TSEG2SECSTS where SGT_NT = 102
delete from  TSEG2SECACCSTS where SGT_NT = 102
GO

INSERT INTO TSEGTYPE values (3,'Retro LOB SII','1','2','1',1, getDate(),'DBEU',getDate(),'DBEU',null)
INSERT INTO TSEGMENTATION values (102,1,3,'LOB SII','LOB SII',null,null,'3','5',0,1,0,0,4020,'DBEU','1','0',1,1,1,1,'1',null,null,getDate(),null,getDate(),'DBEU',getDate(),'DBEU',null)
insert into TSEGMENTLVL (SGTLVL_CT, SGT_NT, SGTVER_NT, LVL_LS, LVL_LM, CRE_D, CREUSR_CF, LSTUPD_D, LSTUPDUSR_CF, timestamp) values (0, 102,1,'lvl 0',null,getDate(),'DBEU',getDate(),'DBEU',null)

Go

insert into TSEGMT (SGMT_NF, SGT_NT, SGTVER_NT, SGMT_LS, SGMT_LL, SGTLVL_NT, PARSGMT_CF, BALAIMGT_CT, CRE_D, CREUSR_CF, LSTUPD_D, LSTUPDUSR_CF, timestamp) values (1,102,1,'120','General liability insurance',0,null,null,getDate(),'DBEU',getDate(),'DBEU',null)

insert into TSEGMENTRULE (SGTRUL_NT, SGMT_NF, SGT_NT, SGTVER_NT, RULE_LS, RULPRIO_CT, FUNCDEF_T, TECHDEF_T, CRE_D, CREUSR_CF, LSTUPD_D, LSTUPDUSR_CF, timestamp) values (1,1,102,1,'',1,'SUBSIDIARY=1 AND SUBLEDGER=10 AND LOB=''12''','IntegerUtils.equals(c.getSsdCf(), 1) && IntegerUtils.equals(c.getAccesbCf(), 10) && StringUtils.equals(c.getLobCf(), "12")',getDate(),'DBEU',getDate(),'DBEU',null)

insert into TSEGMENTRULE2CRI (SGTRULE_NT, SGMT_NF, SGT_NT, SGTVER_NT, SGTCRI_CF, CRE_D, CREUSR_CF) values (1,1,102,1,'SUBLEDGER',getDate(),'DBEU')
insert into TSEGMENTRULE2CRI (SGTRULE_NT, SGMT_NF, SGT_NT, SGTVER_NT, SGTCRI_CF, CRE_D, CREUSR_CF) values (1,1,102,1,'LOB',getDate(),'DBEU')
insert into TSEGMENTRULE2CRI (SGTRULE_NT, SGMT_NF, SGT_NT, SGTVER_NT, SGTCRI_CF, CRE_D, CREUSR_CF) values (1,1,102,1,'SUBSIDIARY',getDate(),'DBEU')

insert into TSEGMENTRULE (SGTRUL_NT, SGMT_NF, SGT_NT, SGTVER_NT, RULE_LS, RULPRIO_CT, FUNCDEF_T, TECHDEF_T, CRE_D, CREUSR_CF, LSTUPD_D, LSTUPDUSR_CF, timestamp) values (2,1,102,1,'',2,'SUBSIDIARY=1 AND SUBLEDGER=11','IntegerUtils.equals(c.getSsdCf(), 1) && IntegerUtils.equals(c.getAccesbCf(), 11)',getDate(),'DBEU',getDate(),'DBEU',null)

insert into TSEGMENTRULE2CRI (SGTRULE_NT, SGMT_NF, SGT_NT, SGTVER_NT, SGTCRI_CF, CRE_D, CREUSR_CF) values (2,1,102,1,'SUBLEDGER',getDate(),'DBEU')
insert into TSEGMENTRULE2CRI (SGTRULE_NT, SGMT_NF, SGT_NT, SGTVER_NT, SGTCRI_CF, CRE_D, CREUSR_CF) values (2,1,102,1,'SUBSIDIARY',getDate(),'DBEU')

insert into TSEGMENTRULE (SGTRUL_NT, SGMT_NF, SGT_NT, SGTVER_NT, RULE_LS, RULPRIO_CT, FUNCDEF_T, TECHDEF_T, CRE_D, CREUSR_CF, LSTUPD_D, LSTUPDUSR_CF, timestamp) values (3,1,102,1,'',6,'RETRO_CATEGORY=''01'' AND LOB=''04''','StringUtils.equals(c.getCtrcatCf(), "01") && StringUtils.equals(c.getLobCf(), "04")',getDate(),'DBEU',getDate(),'DBEU',null)

insert into TSEGMENTRULE2CRI (SGTRULE_NT, SGMT_NF, SGT_NT, SGTVER_NT, SGTCRI_CF, CRE_D, CREUSR_CF) values (3,1,102,1,'RETRO_CATEGORY',getDate(),'DBEU')
insert into TSEGMENTRULE2CRI (SGTRULE_NT, SGMT_NF, SGT_NT, SGTVER_NT, SGTCRI_CF, CRE_D, CREUSR_CF) values (3,1,102,1,'LOB',getDate(),'DBEU')

insert into TSEGMENTRULE (SGTRUL_NT, SGMT_NF, SGT_NT, SGTVER_NT, RULE_LS, RULPRIO_CT, FUNCDEF_T, TECHDEF_T, CRE_D, CREUSR_CF, LSTUPD_D, LSTUPDUSR_CF, timestamp) values (4,1,102,1,'',14,'RETRO_CATEGORY=''01'' AND LOB=''12''','StringUtils.equals(c.getCtrcatCf(), "01") && StringUtils.equals(c.getLobCf(), "12")',getDate(),'DBEU',getDate(),'DBEU',null)

insert into TSEGMENTRULE2CRI (SGTRULE_NT, SGMT_NF, SGT_NT, SGTVER_NT, SGTCRI_CF, CRE_D, CREUSR_CF) values (4,1,102,1,'RETRO_CATEGORY',getDate(),'DBEU')
insert into TSEGMENTRULE2CRI (SGTRULE_NT, SGMT_NF, SGT_NT, SGTVER_NT, SGTCRI_CF, CRE_D, CREUSR_CF) values (4,1,102,1,'LOB',getDate(),'DBEU')

insert into TSEGMENTRULE (SGTRUL_NT, SGMT_NF, SGT_NT, SGTVER_NT, RULE_LS, RULPRIO_CT, FUNCDEF_T, TECHDEF_T, CRE_D, CREUSR_CF, LSTUPD_D, LSTUPDUSR_CF, timestamp) values (5,1,102,1,'',91,'RETRO_CATEGORY=''06'' AND LOB=''04''','StringUtils.equals(c.getCtrcatCf(), "06") && StringUtils.equals(c.getLobCf(), "04")',getDate(),'DBEU',getDate(),'DBEU',null)

insert into TSEGMENTRULE2CRI (SGTRULE_NT, SGMT_NF, SGT_NT, SGTVER_NT, SGTCRI_CF, CRE_D, CREUSR_CF) values (5,1,102,1,'RETRO_CATEGORY',getDate(),'DBEU')
insert into TSEGMENTRULE2CRI (SGTRULE_NT, SGMT_NF, SGT_NT, SGTVER_NT, SGTCRI_CF, CRE_D, CREUSR_CF) values (5,1,102,1,'LOB',getDate(),'DBEU')

insert into TSEGMENTRULE (SGTRUL_NT, SGMT_NF, SGT_NT, SGTVER_NT, RULE_LS, RULPRIO_CT, FUNCDEF_T, TECHDEF_T, CRE_D, CREUSR_CF, LSTUPD_D, LSTUPDUSR_CF, timestamp) values (6,1,102,1,'',99,'RETRO_CATEGORY=''06'' AND LOB=''12''','StringUtils.equals(c.getCtrcatCf(), "06") && StringUtils.equals(c.getLobCf(), "12")',getDate(),'DBEU',getDate(),'DBEU',null)

insert into TSEGMENTRULE2CRI (SGTRULE_NT, SGMT_NF, SGT_NT, SGTVER_NT, SGTCRI_CF, CRE_D, CREUSR_CF) values (6,1,102,1,'RETRO_CATEGORY',getDate(),'DBEU')
insert into TSEGMENTRULE2CRI (SGTRULE_NT, SGMT_NF, SGT_NT, SGTVER_NT, SGTCRI_CF, CRE_D, CREUSR_CF) values (6,1,102,1,'LOB',getDate(),'DBEU')

go

insert into TSEGMT (SGMT_NF, SGT_NT, SGTVER_NT, SGMT_LS, SGMT_LL, SGTLVL_NT, PARSGMT_CF, BALAIMGT_CT, CRE_D, CREUSR_CF, LSTUPD_D, LSTUPDUSR_CF, timestamp) values (2,102,1,'110','Fire & Oth damage property ins',0,null,null,getDate(),'DBEU',getDate(),'DBEU',null)

insert into TSEGMENTRULE (SGTRUL_NT, SGMT_NF, SGT_NT, SGTVER_NT, RULE_LS, RULPRIO_CT, FUNCDEF_T, TECHDEF_T, CRE_D, CREUSR_CF, LSTUPD_D, LSTUPDUSR_CF, timestamp) values (1,2,102,1,'',3,'RETRO_CATEGORY=''01'' AND LOB=''01''','StringUtils.equals(c.getCtrcatCf(), "01") && StringUtils.equals(c.getLobCf(), "01")',getDate(),'DBEU',getDate(),'DBEU',null)

insert into TSEGMENTRULE2CRI (SGTRULE_NT, SGMT_NF, SGT_NT, SGTVER_NT, SGTCRI_CF, CRE_D, CREUSR_CF) values (1,2,102,1,'RETRO_CATEGORY',getDate(),'DBEU')
insert into TSEGMENTRULE2CRI (SGTRULE_NT, SGMT_NF, SGT_NT, SGTVER_NT, SGTCRI_CF, CRE_D, CREUSR_CF) values (1,2,102,1,'LOB',getDate(),'DBEU')

insert into TSEGMENTRULE (SGTRUL_NT, SGMT_NF, SGT_NT, SGTVER_NT, RULE_LS, RULPRIO_CT, FUNCDEF_T, TECHDEF_T, CRE_D, CREUSR_CF, LSTUPD_D, LSTUPDUSR_CF, timestamp) values (2,2,102,1,'',4,'RETRO_CATEGORY=''01'' AND LOB=''02''','StringUtils.equals(c.getCtrcatCf(), "01") && StringUtils.equals(c.getLobCf(), "02")',getDate(),'DBEU',getDate(),'DBEU',null)

insert into TSEGMENTRULE2CRI (SGTRULE_NT, SGMT_NF, SGT_NT, SGTVER_NT, SGTCRI_CF, CRE_D, CREUSR_CF) values (2,2,102,1,'RETRO_CATEGORY',getDate(),'DBEU')
insert into TSEGMENTRULE2CRI (SGTRULE_NT, SGMT_NF, SGT_NT, SGTVER_NT, SGTCRI_CF, CRE_D, CREUSR_CF) values (2,2,102,1,'LOB',getDate(),'DBEU')

insert into TSEGMENTRULE (SGTRUL_NT, SGMT_NF, SGT_NT, SGTVER_NT, RULE_LS, RULPRIO_CT, FUNCDEF_T, TECHDEF_T, CRE_D, CREUSR_CF, LSTUPD_D, LSTUPDUSR_CF, timestamp) values (3,2,102,1,'',5,'RETRO_CATEGORY=''01'' AND LOB=''03''','StringUtils.equals(c.getCtrcatCf(), "01") && StringUtils.equals(c.getLobCf(), "03")',getDate(),'DBEU',getDate(),'DBEU',null)

insert into TSEGMENTRULE2CRI (SGTRULE_NT, SGMT_NF, SGT_NT, SGTVER_NT, SGTCRI_CF, CRE_D, CREUSR_CF) values (3,2,102,1,'RETRO_CATEGORY',getDate(),'DBEU')
insert into TSEGMENTRULE2CRI (SGTRULE_NT, SGMT_NF, SGT_NT, SGTVER_NT, SGTCRI_CF, CRE_D, CREUSR_CF) values (3,2,102,1,'LOB',getDate(),'DBEU')

insert into TSEGMENTRULE (SGTRUL_NT, SGMT_NF, SGT_NT, SGTVER_NT, RULE_LS, RULPRIO_CT, FUNCDEF_T, TECHDEF_T, CRE_D, CREUSR_CF, LSTUPD_D, LSTUPDUSR_CF, timestamp) values (4,2,102,1,'',9,'RETRO_CATEGORY=''01'' AND LOB=''07''','StringUtils.equals(c.getCtrcatCf(), "01") && StringUtils.equals(c.getLobCf(), "07")',getDate(),'DBEU',getDate(),'DBEU',null)

insert into TSEGMENTRULE2CRI (SGTRULE_NT, SGMT_NF, SGT_NT, SGTVER_NT, SGTCRI_CF, CRE_D, CREUSR_CF) values (4,2,102,1,'RETRO_CATEGORY',getDate(),'DBEU')
insert into TSEGMENTRULE2CRI (SGTRULE_NT, SGMT_NF, SGT_NT, SGTVER_NT, SGTCRI_CF, CRE_D, CREUSR_CF) values (4,2,102,1,'LOB',getDate(),'DBEU')

insert into TSEGMENTRULE (SGTRUL_NT, SGMT_NF, SGT_NT, SGTVER_NT, RULE_LS, RULPRIO_CT, FUNCDEF_T, TECHDEF_T, CRE_D, CREUSR_CF, LSTUPD_D, LSTUPDUSR_CF, timestamp) values (5,2,102,1,'',17,'RETRO_CATEGORY=''01'' AND LOB=''15''','StringUtils.equals(c.getCtrcatCf(), "01") && StringUtils.equals(c.getLobCf(), "15")',getDate(),'DBEU',getDate(),'DBEU',null)

insert into TSEGMENTRULE2CRI (SGTRULE_NT, SGMT_NF, SGT_NT, SGTVER_NT, SGTCRI_CF, CRE_D, CREUSR_CF) values (5,2,102,1,'RETRO_CATEGORY',getDate(),'DBEU')
insert into TSEGMENTRULE2CRI (SGTRULE_NT, SGMT_NF, SGT_NT, SGTVER_NT, SGTCRI_CF, CRE_D, CREUSR_CF) values (5,2,102,1,'LOB',getDate(),'DBEU')

insert into TSEGMENTRULE (SGTRUL_NT, SGMT_NF, SGT_NT, SGTVER_NT, RULE_LS, RULPRIO_CT, FUNCDEF_T, TECHDEF_T, CRE_D, CREUSR_CF, LSTUPD_D, LSTUPDUSR_CF, timestamp) values (6,2,102,1,'',88,'RETRO_CATEGORY=''06'' AND LOB=''01''','StringUtils.equals(c.getCtrcatCf(), "06") && StringUtils.equals(c.getLobCf(), "01")',getDate(),'DBEU',getDate(),'DBEU',null)

insert into TSEGMENTRULE2CRI (SGTRULE_NT, SGMT_NF, SGT_NT, SGTVER_NT, SGTCRI_CF, CRE_D, CREUSR_CF) values (6,2,102,1,'RETRO_CATEGORY',getDate(),'DBEU')
insert into TSEGMENTRULE2CRI (SGTRULE_NT, SGMT_NF, SGT_NT, SGTVER_NT, SGTCRI_CF, CRE_D, CREUSR_CF) values (6,2,102,1,'LOB',getDate(),'DBEU')

insert into TSEGMENTRULE (SGTRUL_NT, SGMT_NF, SGT_NT, SGTVER_NT, RULE_LS, RULPRIO_CT, FUNCDEF_T, TECHDEF_T, CRE_D, CREUSR_CF, LSTUPD_D, LSTUPDUSR_CF, timestamp) values (7,2,102,1,'',89,'RETRO_CATEGORY=''06'' AND LOB=''02''','StringUtils.equals(c.getCtrcatCf(), "06") && StringUtils.equals(c.getLobCf(), "02")',getDate(),'DBEU',getDate(),'DBEU',null)

insert into TSEGMENTRULE2CRI (SGTRULE_NT, SGMT_NF, SGT_NT, SGTVER_NT, SGTCRI_CF, CRE_D, CREUSR_CF) values (7,2,102,1,'RETRO_CATEGORY',getDate(),'DBEU')
insert into TSEGMENTRULE2CRI (SGTRULE_NT, SGMT_NF, SGT_NT, SGTVER_NT, SGTCRI_CF, CRE_D, CREUSR_CF) values (7,2,102,1,'LOB',getDate(),'DBEU')

insert into TSEGMENTRULE (SGTRUL_NT, SGMT_NF, SGT_NT, SGTVER_NT, RULE_LS, RULPRIO_CT, FUNCDEF_T, TECHDEF_T, CRE_D, CREUSR_CF, LSTUPD_D, LSTUPDUSR_CF, timestamp) values (8,2,102,1,'',90,'RETRO_CATEGORY=''06'' AND LOB=''03''','StringUtils.equals(c.getCtrcatCf(), "06") && StringUtils.equals(c.getLobCf(), "03")',getDate(),'DBEU',getDate(),'DBEU',null)

insert into TSEGMENTRULE2CRI (SGTRULE_NT, SGMT_NF, SGT_NT, SGTVER_NT, SGTCRI_CF, CRE_D, CREUSR_CF) values (8,2,102,1,'RETRO_CATEGORY',getDate(),'DBEU')
insert into TSEGMENTRULE2CRI (SGTRULE_NT, SGMT_NF, SGT_NT, SGTVER_NT, SGTCRI_CF, CRE_D, CREUSR_CF) values (8,2,102,1,'LOB',getDate(),'DBEU')

insert into TSEGMENTRULE (SGTRUL_NT, SGMT_NF, SGT_NT, SGTVER_NT, RULE_LS, RULPRIO_CT, FUNCDEF_T, TECHDEF_T, CRE_D, CREUSR_CF, LSTUPD_D, LSTUPDUSR_CF, timestamp) values (9,2,102,1,'',94,'RETRO_CATEGORY=''06'' AND LOB=''07''','StringUtils.equals(c.getCtrcatCf(), "06") && StringUtils.equals(c.getLobCf(), "07")',getDate(),'DBEU',getDate(),'DBEU',null)

insert into TSEGMENTRULE2CRI (SGTRULE_NT, SGMT_NF, SGT_NT, SGTVER_NT, SGTCRI_CF, CRE_D, CREUSR_CF) values (9,2,102,1,'RETRO_CATEGORY',getDate(),'DBEU')
insert into TSEGMENTRULE2CRI (SGTRULE_NT, SGMT_NF, SGT_NT, SGTVER_NT, SGTCRI_CF, CRE_D, CREUSR_CF) values (9,2,102,1,'LOB',getDate(),'DBEU')

insert into TSEGMENTRULE (SGTRUL_NT, SGMT_NF, SGT_NT, SGTVER_NT, RULE_LS, RULPRIO_CT, FUNCDEF_T, TECHDEF_T, CRE_D, CREUSR_CF, LSTUPD_D, LSTUPDUSR_CF, timestamp) values (10,2,102,1,'',102,'RETRO_CATEGORY=''06'' AND LOB=''15''','StringUtils.equals(c.getCtrcatCf(), "06") && StringUtils.equals(c.getLobCf(), "15")',getDate(),'DBEU',getDate(),'DBEU',null)

insert into TSEGMENTRULE2CRI (SGTRULE_NT, SGMT_NF, SGT_NT, SGTVER_NT, SGTCRI_CF, CRE_D, CREUSR_CF) values (10,2,102,1,'RETRO_CATEGORY',getDate(),'DBEU')
insert into TSEGMENTRULE2CRI (SGTRULE_NT, SGMT_NF, SGT_NT, SGTVER_NT, SGTCRI_CF, CRE_D, CREUSR_CF) values (10,2,102,1,'LOB',getDate(),'DBEU')

go

insert into TSEGMT (SGMT_NF, SGT_NT, SGTVER_NT, SGMT_LS, SGMT_LL, SGTLVL_NT, PARSGMT_CF, BALAIMGT_CT, CRE_D, CREUSR_CF, LSTUPD_D, LSTUPDUSR_CF, timestamp) values (3,102,1,'100','Credit & Surety',0,null,null,getDate(),'DBEU',getDate(),'DBEU',null)

insert into TSEGMENTRULE (SGTRUL_NT, SGMT_NF, SGT_NT, SGTVER_NT, RULE_LS, RULPRIO_CT, FUNCDEF_T, TECHDEF_T, CRE_D, CREUSR_CF, LSTUPD_D, LSTUPDUSR_CF, timestamp) values (1,3,102,1,'',7,'RETRO_CATEGORY=''01'' AND LOB=''05''','StringUtils.equals(c.getCtrcatCf(), "01") && StringUtils.equals(c.getLobCf(), "05")',getDate(),'DBEU',getDate(),'DBEU',null)

insert into TSEGMENTRULE2CRI (SGTRULE_NT, SGMT_NF, SGT_NT, SGTVER_NT, SGTCRI_CF, CRE_D, CREUSR_CF) values (1,3,102,1,'RETRO_CATEGORY',getDate(),'DBEU')
insert into TSEGMENTRULE2CRI (SGTRULE_NT, SGMT_NF, SGT_NT, SGTVER_NT, SGTCRI_CF, CRE_D, CREUSR_CF) values (1,3,102,1,'LOB',getDate(),'DBEU')

insert into TSEGMENTRULE (SGTRUL_NT, SGMT_NF, SGT_NT, SGTVER_NT, RULE_LS, RULPRIO_CT, FUNCDEF_T, TECHDEF_T, CRE_D, CREUSR_CF, LSTUPD_D, LSTUPDUSR_CF, timestamp) values (2,3,102,1,'',8,'RETRO_CATEGORY=''01'' AND LOB=''06''','StringUtils.equals(c.getCtrcatCf(), "01") && StringUtils.equals(c.getLobCf(), "06")',getDate(),'DBEU',getDate(),'DBEU',null)

insert into TSEGMENTRULE2CRI (SGTRULE_NT, SGMT_NF, SGT_NT, SGTVER_NT, SGTCRI_CF, CRE_D, CREUSR_CF) values (2,3,102,1,'RETRO_CATEGORY',getDate(),'DBEU')
insert into TSEGMENTRULE2CRI (SGTRULE_NT, SGMT_NF, SGT_NT, SGTVER_NT, SGTCRI_CF, CRE_D, CREUSR_CF) values (2,3,102,1,'LOB',getDate(),'DBEU')

insert into TSEGMENTRULE (SGTRUL_NT, SGMT_NF, SGT_NT, SGTVER_NT, RULE_LS, RULPRIO_CT, FUNCDEF_T, TECHDEF_T, CRE_D, CREUSR_CF, LSTUPD_D, LSTUPDUSR_CF, timestamp) values (3,3,102,1,'',92,'RETRO_CATEGORY=''06'' AND LOB=''05''','StringUtils.equals(c.getCtrcatCf(), "06") && StringUtils.equals(c.getLobCf(), "05")',getDate(),'DBEU',getDate(),'DBEU',null)

insert into TSEGMENTRULE2CRI (SGTRULE_NT, SGMT_NF, SGT_NT, SGTVER_NT, SGTCRI_CF, CRE_D, CREUSR_CF) values (3,3,102,1,'RETRO_CATEGORY',getDate(),'DBEU')
insert into TSEGMENTRULE2CRI (SGTRULE_NT, SGMT_NF, SGT_NT, SGTVER_NT, SGTCRI_CF, CRE_D, CREUSR_CF) values (3,3,102,1,'LOB',getDate(),'DBEU')

insert into TSEGMENTRULE (SGTRUL_NT, SGMT_NF, SGT_NT, SGTVER_NT, RULE_LS, RULPRIO_CT, FUNCDEF_T, TECHDEF_T, CRE_D, CREUSR_CF, LSTUPD_D, LSTUPDUSR_CF, timestamp) values (4,3,102,1,'',93,'RETRO_CATEGORY=''06'' AND LOB=''06''','StringUtils.equals(c.getCtrcatCf(), "06") && StringUtils.equals(c.getLobCf(), "06")',getDate(),'DBEU',getDate(),'DBEU',null)

insert into TSEGMENTRULE2CRI (SGTRULE_NT, SGMT_NF, SGT_NT, SGTVER_NT, SGTCRI_CF, CRE_D, CREUSR_CF) values (4,3,102,1,'RETRO_CATEGORY',getDate(),'DBEU')
insert into TSEGMENTRULE2CRI (SGTRULE_NT, SGMT_NF, SGT_NT, SGTVER_NT, SGTCRI_CF, CRE_D, CREUSR_CF) values (4,3,102,1,'LOB',getDate(),'DBEU')

go

insert into TSEGMT (SGMT_NF, SGT_NT, SGTVER_NT, SGMT_LS, SGMT_LL, SGTLVL_NT, PARSGMT_CF, BALAIMGT_CT, CRE_D, CREUSR_CF, LSTUPD_D, LSTUPDUSR_CF, timestamp) values (4,102,1,'140','Marine',0,null,null,getDate(),'DBEU',getDate(),'DBEU',null)

insert into TSEGMENTRULE (SGTRUL_NT, SGMT_NF, SGT_NT, SGTVER_NT, RULE_LS, RULPRIO_CT, FUNCDEF_T, TECHDEF_T, CRE_D, CREUSR_CF, LSTUPD_D, LSTUPDUSR_CF, timestamp) values (1,4,102,1,'',10,'RETRO_CATEGORY=''01'' AND LOB=''08''','StringUtils.equals(c.getCtrcatCf(), "01") && StringUtils.equals(c.getLobCf(), "08")',getDate(),'DBEU',getDate(),'DBEU',null)

insert into TSEGMENTRULE2CRI (SGTRULE_NT, SGMT_NF, SGT_NT, SGTVER_NT, SGTCRI_CF, CRE_D, CREUSR_CF) values (1,4,102,1,'RETRO_CATEGORY',getDate(),'DBEU')
insert into TSEGMENTRULE2CRI (SGTRULE_NT, SGMT_NF, SGT_NT, SGTVER_NT, SGTCRI_CF, CRE_D, CREUSR_CF) values (1,4,102,1,'LOB',getDate(),'DBEU')

insert into TSEGMENTRULE (SGTRUL_NT, SGMT_NF, SGT_NT, SGTVER_NT, RULE_LS, RULPRIO_CT, FUNCDEF_T, TECHDEF_T, CRE_D, CREUSR_CF, LSTUPD_D, LSTUPDUSR_CF, timestamp) values (2,4,102,1,'',11,'RETRO_CATEGORY=''01'' AND LOB=''09''','StringUtils.equals(c.getCtrcatCf(), "01") && StringUtils.equals(c.getLobCf(), "09")',getDate(),'DBEU',getDate(),'DBEU',null)

insert into TSEGMENTRULE2CRI (SGTRULE_NT, SGMT_NF, SGT_NT, SGTVER_NT, SGTCRI_CF, CRE_D, CREUSR_CF) values (2,4,102,1,'RETRO_CATEGORY',getDate(),'DBEU')
insert into TSEGMENTRULE2CRI (SGTRULE_NT, SGMT_NF, SGT_NT, SGTVER_NT, SGTCRI_CF, CRE_D, CREUSR_CF) values (2,4,102,1,'LOB',getDate(),'DBEU')

insert into TSEGMENTRULE (SGTRUL_NT, SGMT_NF, SGT_NT, SGTVER_NT, RULE_LS, RULPRIO_CT, FUNCDEF_T, TECHDEF_T, CRE_D, CREUSR_CF, LSTUPD_D, LSTUPDUSR_CF, timestamp) values (3,4,102,1,'',12,'RETRO_CATEGORY=''01'' AND LOB=''10''','StringUtils.equals(c.getCtrcatCf(), "01") && StringUtils.equals(c.getLobCf(), "10")',getDate(),'DBEU',getDate(),'DBEU',null)

insert into TSEGMENTRULE2CRI (SGTRULE_NT, SGMT_NF, SGT_NT, SGTVER_NT, SGTCRI_CF, CRE_D, CREUSR_CF) values (3,4,102,1,'RETRO_CATEGORY',getDate(),'DBEU')
insert into TSEGMENTRULE2CRI (SGTRULE_NT, SGMT_NF, SGT_NT, SGTVER_NT, SGTCRI_CF, CRE_D, CREUSR_CF) values (3,4,102,1,'LOB',getDate(),'DBEU')

insert into TSEGMENTRULE (SGTRUL_NT, SGMT_NF, SGT_NT, SGTVER_NT, RULE_LS, RULPRIO_CT, FUNCDEF_T, TECHDEF_T, CRE_D, CREUSR_CF, LSTUPD_D, LSTUPDUSR_CF, timestamp) values (4,4,102,1,'',13,'RETRO_CATEGORY=''01'' AND LOB=''11''','StringUtils.equals(c.getCtrcatCf(), "01") && StringUtils.equals(c.getLobCf(), "11")',getDate(),'DBEU',getDate(),'DBEU',null)

insert into TSEGMENTRULE2CRI (SGTRULE_NT, SGMT_NF, SGT_NT, SGTVER_NT, SGTCRI_CF, CRE_D, CREUSR_CF) values (4,4,102,1,'RETRO_CATEGORY',getDate(),'DBEU')
insert into TSEGMENTRULE2CRI (SGTRULE_NT, SGMT_NF, SGT_NT, SGTVER_NT, SGTCRI_CF, CRE_D, CREUSR_CF) values (4,4,102,1,'LOB',getDate(),'DBEU')

insert into TSEGMENTRULE (SGTRUL_NT, SGMT_NF, SGT_NT, SGTVER_NT, RULE_LS, RULPRIO_CT, FUNCDEF_T, TECHDEF_T, CRE_D, CREUSR_CF, LSTUPD_D, LSTUPDUSR_CF, timestamp) values (5,4,102,1,'',95,'RETRO_CATEGORY=''06'' AND LOB=''08''','StringUtils.equals(c.getCtrcatCf(), "06") && StringUtils.equals(c.getLobCf(), "08")',getDate(),'DBEU',getDate(),'DBEU',null)

insert into TSEGMENTRULE2CRI (SGTRULE_NT, SGMT_NF, SGT_NT, SGTVER_NT, SGTCRI_CF, CRE_D, CREUSR_CF) values (5,4,102,1,'RETRO_CATEGORY',getDate(),'DBEU')
insert into TSEGMENTRULE2CRI (SGTRULE_NT, SGMT_NF, SGT_NT, SGTVER_NT, SGTCRI_CF, CRE_D, CREUSR_CF) values (5,4,102,1,'LOB',getDate(),'DBEU')

insert into TSEGMENTRULE (SGTRUL_NT, SGMT_NF, SGT_NT, SGTVER_NT, RULE_LS, RULPRIO_CT, FUNCDEF_T, TECHDEF_T, CRE_D, CREUSR_CF, LSTUPD_D, LSTUPDUSR_CF, timestamp) values (6,4,102,1,'',96,'RETRO_CATEGORY=''06'' AND LOB=''09''','StringUtils.equals(c.getCtrcatCf(), "06") && StringUtils.equals(c.getLobCf(), "09")',getDate(),'DBEU',getDate(),'DBEU',null)

insert into TSEGMENTRULE2CRI (SGTRULE_NT, SGMT_NF, SGT_NT, SGTVER_NT, SGTCRI_CF, CRE_D, CREUSR_CF) values (6,4,102,1,'RETRO_CATEGORY',getDate(),'DBEU')
insert into TSEGMENTRULE2CRI (SGTRULE_NT, SGMT_NF, SGT_NT, SGTVER_NT, SGTCRI_CF, CRE_D, CREUSR_CF) values (6,4,102,1,'LOB',getDate(),'DBEU')

insert into TSEGMENTRULE (SGTRUL_NT, SGMT_NF, SGT_NT, SGTVER_NT, RULE_LS, RULPRIO_CT, FUNCDEF_T, TECHDEF_T, CRE_D, CREUSR_CF, LSTUPD_D, LSTUPDUSR_CF, timestamp) values (7,4,102,1,'',97,'RETRO_CATEGORY=''06'' AND LOB=''10''','StringUtils.equals(c.getCtrcatCf(), "06") && StringUtils.equals(c.getLobCf(), "10")',getDate(),'DBEU',getDate(),'DBEU',null)

insert into TSEGMENTRULE2CRI (SGTRULE_NT, SGMT_NF, SGT_NT, SGTVER_NT, SGTCRI_CF, CRE_D, CREUSR_CF) values (7,4,102,1,'RETRO_CATEGORY',getDate(),'DBEU')
insert into TSEGMENTRULE2CRI (SGTRULE_NT, SGMT_NF, SGT_NT, SGTVER_NT, SGTCRI_CF, CRE_D, CREUSR_CF) values (7,4,102,1,'LOB',getDate(),'DBEU')

insert into TSEGMENTRULE (SGTRUL_NT, SGMT_NF, SGT_NT, SGTVER_NT, RULE_LS, RULPRIO_CT, FUNCDEF_T, TECHDEF_T, CRE_D, CREUSR_CF, LSTUPD_D, LSTUPDUSR_CF, timestamp) values (8,4,102,1,'',98,'RETRO_CATEGORY=''06'' AND LOB=''11''','StringUtils.equals(c.getCtrcatCf(), "06") && StringUtils.equals(c.getLobCf(), "11")',getDate(),'DBEU',getDate(),'DBEU',null)

insert into TSEGMENTRULE2CRI (SGTRULE_NT, SGMT_NF, SGT_NT, SGTVER_NT, SGTCRI_CF, CRE_D, CREUSR_CF) values (8,4,102,1,'RETRO_CATEGORY',getDate(),'DBEU')
insert into TSEGMENTRULE2CRI (SGTRULE_NT, SGMT_NF, SGT_NT, SGTVER_NT, SGTCRI_CF, CRE_D, CREUSR_CF) values (8,4,102,1,'LOB',getDate(),'DBEU')

go

insert into TSEGMT (SGMT_NF, SGT_NT, SGTVER_NT, SGMT_LS, SGMT_LL, SGTLVL_NT, PARSGMT_CF, BALAIMGT_CT, CRE_D, CREUSR_CF, LSTUPD_D, LSTUPDUSR_CF, timestamp) values (5,102,1,'210','Workers'' Compensation',0,null,null,getDate(),'DBEU',getDate(),'DBEU',null)

insert into TSEGMENTRULE (SGTRUL_NT, SGMT_NF, SGT_NT, SGTVER_NT, RULE_LS, RULPRIO_CT, FUNCDEF_T, TECHDEF_T, CRE_D, CREUSR_CF, LSTUPD_D, LSTUPDUSR_CF, timestamp) values (1,5,102,1,'',15,'RETRO_CATEGORY=''01'' AND LOB=''13''','StringUtils.equals(c.getCtrcatCf(), "01") && StringUtils.equals(c.getLobCf(), "13")',getDate(),'DBEU',getDate(),'DBEU',null)

insert into TSEGMENTRULE2CRI (SGTRULE_NT, SGMT_NF, SGT_NT, SGTVER_NT, SGTCRI_CF, CRE_D, CREUSR_CF) values (1,5,102,1,'RETRO_CATEGORY',getDate(),'DBEU')
insert into TSEGMENTRULE2CRI (SGTRULE_NT, SGMT_NF, SGT_NT, SGTVER_NT, SGTCRI_CF, CRE_D, CREUSR_CF) values (1,5,102,1,'LOB',getDate(),'DBEU')

insert into TSEGMENTRULE (SGTRUL_NT, SGMT_NF, SGT_NT, SGTVER_NT, RULE_LS, RULPRIO_CT, FUNCDEF_T, TECHDEF_T, CRE_D, CREUSR_CF, LSTUPD_D, LSTUPDUSR_CF, timestamp) values (2,5,102,1,'',100,'RETRO_CATEGORY=''06'' AND LOB=''13''','StringUtils.equals(c.getCtrcatCf(), "06") && StringUtils.equals(c.getLobCf(), "13")',getDate(),'DBEU',getDate(),'DBEU',null)

insert into TSEGMENTRULE2CRI (SGTRULE_NT, SGMT_NF, SGT_NT, SGTVER_NT, SGTCRI_CF, CRE_D, CREUSR_CF) values (2,5,102,1,'RETRO_CATEGORY',getDate(),'DBEU')
insert into TSEGMENTRULE2CRI (SGTRULE_NT, SGMT_NF, SGT_NT, SGTVER_NT, SGTCRI_CF, CRE_D, CREUSR_CF) values (2,5,102,1,'LOB',getDate(),'DBEU')

go

insert into TSEGMT (SGMT_NF, SGT_NT, SGTVER_NT, SGMT_LS, SGMT_LL, SGTLVL_NT, PARSGMT_CF, BALAIMGT_CT, CRE_D, CREUSR_CF, LSTUPD_D, LSTUPDUSR_CF, timestamp) values (6,102,1,'160','Motor vehicle liability ins',0,null,null,getDate(),'DBEU',getDate(),'DBEU',null)

insert into TSEGMENTRULE (SGTRUL_NT, SGMT_NF, SGT_NT, SGTVER_NT, RULE_LS, RULPRIO_CT, FUNCDEF_T, TECHDEF_T, CRE_D, CREUSR_CF, LSTUPD_D, LSTUPDUSR_CF, timestamp) values (1,6,102,1,'',16,'RETRO_CATEGORY=''01'' AND LOB=''14''','StringUtils.equals(c.getCtrcatCf(), "01") && StringUtils.equals(c.getLobCf(), "14")',getDate(),'DBEU',getDate(),'DBEU',null)

insert into TSEGMENTRULE2CRI (SGTRULE_NT, SGMT_NF, SGT_NT, SGTVER_NT, SGTCRI_CF, CRE_D, CREUSR_CF) values (1,6,102,1,'RETRO_CATEGORY',getDate(),'DBEU')
insert into TSEGMENTRULE2CRI (SGTRULE_NT, SGMT_NF, SGT_NT, SGTVER_NT, SGTCRI_CF, CRE_D, CREUSR_CF) values (1,6,102,1,'LOB',getDate(),'DBEU')

insert into TSEGMENTRULE (SGTRUL_NT, SGMT_NF, SGT_NT, SGTVER_NT, RULE_LS, RULPRIO_CT, FUNCDEF_T, TECHDEF_T, CRE_D, CREUSR_CF, LSTUPD_D, LSTUPDUSR_CF, timestamp) values (2,6,102,1,'',101,'RETRO_CATEGORY=''06'' AND LOB=''14''','StringUtils.equals(c.getCtrcatCf(), "06") && StringUtils.equals(c.getLobCf(), "14")',getDate(),'DBEU',getDate(),'DBEU',null)

insert into TSEGMENTRULE2CRI (SGTRULE_NT, SGMT_NF, SGT_NT, SGTVER_NT, SGTCRI_CF, CRE_D, CREUSR_CF) values (2,6,102,1,'RETRO_CATEGORY',getDate(),'DBEU')
insert into TSEGMENTRULE2CRI (SGTRULE_NT, SGMT_NF, SGT_NT, SGTVER_NT, SGTCRI_CF, CRE_D, CREUSR_CF) values (2,6,102,1,'LOB',getDate(),'DBEU')

go

insert into TSEGMT (SGMT_NF, SGT_NT, SGTVER_NT, SGMT_LS, SGMT_LL, SGTLVL_NT, PARSGMT_CF, BALAIMGT_CT, CRE_D, CREUSR_CF, LSTUPD_D, LSTUPDUSR_CF, timestamp) values (7,102,1,'150','Miscellaneous financial loss',0,null,null,getDate(),'DBEU',getDate(),'DBEU',null)

insert into TSEGMENTRULE (SGTRUL_NT, SGMT_NF, SGT_NT, SGTVER_NT, RULE_LS, RULPRIO_CT, FUNCDEF_T, TECHDEF_T, CRE_D, CREUSR_CF, LSTUPD_D, LSTUPDUSR_CF, timestamp) values (1,7,102,1,'',18,'RETRO_CATEGORY=''01'' AND LOB=''20''','StringUtils.equals(c.getCtrcatCf(), "01") && StringUtils.equals(c.getLobCf(), "20")',getDate(),'DBEU',getDate(),'DBEU',null)

insert into TSEGMENTRULE2CRI (SGTRULE_NT, SGMT_NF, SGT_NT, SGTVER_NT, SGTCRI_CF, CRE_D, CREUSR_CF) values (1,7,102,1,'RETRO_CATEGORY',getDate(),'DBEU')
insert into TSEGMENTRULE2CRI (SGTRULE_NT, SGMT_NF, SGT_NT, SGTVER_NT, SGTCRI_CF, CRE_D, CREUSR_CF) values (1,7,102,1,'LOB',getDate(),'DBEU')

insert into TSEGMENTRULE (SGTRUL_NT, SGMT_NF, SGT_NT, SGTVER_NT, RULE_LS, RULPRIO_CT, FUNCDEF_T, TECHDEF_T, CRE_D, CREUSR_CF, LSTUPD_D, LSTUPDUSR_CF, timestamp) values (2,7,102,1,'',103,'RETRO_CATEGORY=''06'' AND LOB=''20''','StringUtils.equals(c.getCtrcatCf(), "06") && StringUtils.equals(c.getLobCf(), "20")',getDate(),'DBEU',getDate(),'DBEU',null)

insert into TSEGMENTRULE2CRI (SGTRULE_NT, SGMT_NF, SGT_NT, SGTVER_NT, SGTCRI_CF, CRE_D, CREUSR_CF) values (2,7,102,1,'RETRO_CATEGORY',getDate(),'DBEU')
insert into TSEGMENTRULE2CRI (SGTRULE_NT, SGMT_NF, SGT_NT, SGTVER_NT, SGTCRI_CF, CRE_D, CREUSR_CF) values (2,7,102,1,'LOB',getDate(),'DBEU')

go

insert into TSEGMT (SGMT_NF, SGT_NT, SGTVER_NT, SGMT_LS, SGMT_LL, SGTLVL_NT, PARSGMT_CF, BALAIMGT_CT, CRE_D, CREUSR_CF, LSTUPD_D, LSTUPDUSR_CF, timestamp) values (8,102,1,'130','Income Protection',0,null,null,getDate(),'DBEU',getDate(),'DBEU',null)

insert into TSEGMENTRULE (SGTRUL_NT, SGMT_NF, SGT_NT, SGTVER_NT, RULE_LS, RULPRIO_CT, FUNCDEF_T, TECHDEF_T, CRE_D, CREUSR_CF, LSTUPD_D, LSTUPDUSR_CF, timestamp) values (1,8,102,1,'',19,'RETRO_CATEGORY=''01'' AND LOB=''22''','StringUtils.equals(c.getCtrcatCf(), "01") && StringUtils.equals(c.getLobCf(), "22")',getDate(),'DBEU',getDate(),'DBEU',null)

insert into TSEGMENTRULE2CRI (SGTRULE_NT, SGMT_NF, SGT_NT, SGTVER_NT, SGTCRI_CF, CRE_D, CREUSR_CF) values (1,8,102,1,'RETRO_CATEGORY',getDate(),'DBEU')
insert into TSEGMENTRULE2CRI (SGTRULE_NT, SGMT_NF, SGT_NT, SGTVER_NT, SGTCRI_CF, CRE_D, CREUSR_CF) values (1,8,102,1,'LOB',getDate(),'DBEU')

insert into TSEGMENTRULE (SGTRUL_NT, SGMT_NF, SGT_NT, SGTVER_NT, RULE_LS, RULPRIO_CT, FUNCDEF_T, TECHDEF_T, CRE_D, CREUSR_CF, LSTUPD_D, LSTUPDUSR_CF, timestamp) values (2,8,102,1,'',104,'RETRO_CATEGORY=''06'' AND LOB=''22''','StringUtils.equals(c.getCtrcatCf(), "06") && StringUtils.equals(c.getLobCf(), "22")',getDate(),'DBEU',getDate(),'DBEU',null)

insert into TSEGMENTRULE2CRI (SGTRULE_NT, SGMT_NF, SGT_NT, SGTVER_NT, SGTCRI_CF, CRE_D, CREUSR_CF) values (2,8,102,1,'RETRO_CATEGORY',getDate(),'DBEU')
insert into TSEGMENTRULE2CRI (SGTRULE_NT, SGMT_NF, SGT_NT, SGTVER_NT, SGTCRI_CF, CRE_D, CREUSR_CF) values (2,8,102,1,'LOB',getDate(),'DBEU')

go

insert into TSEGMT (SGMT_NF, SGT_NT, SGTVER_NT, SGMT_LS, SGMT_LL, SGTLVL_NT, PARSGMT_CF, BALAIMGT_CT, CRE_D, CREUSR_CF, LSTUPD_D, LSTUPDUSR_CF, timestamp) values (9,102,1,'200','NP Property reinsurance',0,null,null,getDate(),'DBEU',getDate(),'DBEU',null)

insert into TSEGMENTRULE (SGTRUL_NT, SGMT_NF, SGT_NT, SGTVER_NT, RULE_LS, RULPRIO_CT, FUNCDEF_T, TECHDEF_T, CRE_D, CREUSR_CF, LSTUPD_D, LSTUPDUSR_CF, timestamp) values (1,9,102,1,'',20,'RETRO_CATEGORY=''02'' AND LOB=''01''','StringUtils.equals(c.getCtrcatCf(), "02") && StringUtils.equals(c.getLobCf(), "01")',getDate(),'DBEU',getDate(),'DBEU',null)

insert into TSEGMENTRULE2CRI (SGTRULE_NT, SGMT_NF, SGT_NT, SGTVER_NT, SGTCRI_CF, CRE_D, CREUSR_CF) values (1,9,102,1,'RETRO_CATEGORY',getDate(),'DBEU')
insert into TSEGMENTRULE2CRI (SGTRULE_NT, SGMT_NF, SGT_NT, SGTVER_NT, SGTCRI_CF, CRE_D, CREUSR_CF) values (1,9,102,1,'LOB',getDate(),'DBEU')

insert into TSEGMENTRULE (SGTRUL_NT, SGMT_NF, SGT_NT, SGTVER_NT, RULE_LS, RULPRIO_CT, FUNCDEF_T, TECHDEF_T, CRE_D, CREUSR_CF, LSTUPD_D, LSTUPDUSR_CF, timestamp) values (2,9,102,1,'',21,'RETRO_CATEGORY=''02'' AND LOB=''02''','StringUtils.equals(c.getCtrcatCf(), "02") && StringUtils.equals(c.getLobCf(), "02")',getDate(),'DBEU',getDate(),'DBEU',null)

insert into TSEGMENTRULE2CRI (SGTRULE_NT, SGMT_NF, SGT_NT, SGTVER_NT, SGTCRI_CF, CRE_D, CREUSR_CF) values (2,9,102,1,'RETRO_CATEGORY',getDate(),'DBEU')
insert into TSEGMENTRULE2CRI (SGTRULE_NT, SGMT_NF, SGT_NT, SGTVER_NT, SGTCRI_CF, CRE_D, CREUSR_CF) values (2,9,102,1,'LOB',getDate(),'DBEU')

insert into TSEGMENTRULE (SGTRUL_NT, SGMT_NF, SGT_NT, SGTVER_NT, RULE_LS, RULPRIO_CT, FUNCDEF_T, TECHDEF_T, CRE_D, CREUSR_CF, LSTUPD_D, LSTUPDUSR_CF, timestamp) values (3,9,102,1,'',22,'RETRO_CATEGORY=''02'' AND LOB=''03''','StringUtils.equals(c.getCtrcatCf(), "02") && StringUtils.equals(c.getLobCf(), "03")',getDate(),'DBEU',getDate(),'DBEU',null)

insert into TSEGMENTRULE2CRI (SGTRULE_NT, SGMT_NF, SGT_NT, SGTVER_NT, SGTCRI_CF, CRE_D, CREUSR_CF) values (3,9,102,1,'RETRO_CATEGORY',getDate(),'DBEU')
insert into TSEGMENTRULE2CRI (SGTRULE_NT, SGMT_NF, SGT_NT, SGTVER_NT, SGTCRI_CF, CRE_D, CREUSR_CF) values (3,9,102,1,'LOB',getDate(),'DBEU')

insert into TSEGMENTRULE (SGTRUL_NT, SGMT_NF, SGT_NT, SGTVER_NT, RULE_LS, RULPRIO_CT, FUNCDEF_T, TECHDEF_T, CRE_D, CREUSR_CF, LSTUPD_D, LSTUPDUSR_CF, timestamp) values (4,9,102,1,'',26,'RETRO_CATEGORY=''02'' AND LOB=''07''','StringUtils.equals(c.getCtrcatCf(), "02") && StringUtils.equals(c.getLobCf(), "07")',getDate(),'DBEU',getDate(),'DBEU',null)

insert into TSEGMENTRULE2CRI (SGTRULE_NT, SGMT_NF, SGT_NT, SGTVER_NT, SGTCRI_CF, CRE_D, CREUSR_CF) values (4,9,102,1,'RETRO_CATEGORY',getDate(),'DBEU')
insert into TSEGMENTRULE2CRI (SGTRULE_NT, SGMT_NF, SGT_NT, SGTVER_NT, SGTCRI_CF, CRE_D, CREUSR_CF) values (4,9,102,1,'LOB',getDate(),'DBEU')

insert into TSEGMENTRULE (SGTRUL_NT, SGMT_NF, SGT_NT, SGTVER_NT, RULE_LS, RULPRIO_CT, FUNCDEF_T, TECHDEF_T, CRE_D, CREUSR_CF, LSTUPD_D, LSTUPDUSR_CF, timestamp) values (5,9,102,1,'',34,'RETRO_CATEGORY=''02'' AND LOB=''15''','StringUtils.equals(c.getCtrcatCf(), "02") && StringUtils.equals(c.getLobCf(), "15")',getDate(),'DBEU',getDate(),'DBEU',null)

insert into TSEGMENTRULE2CRI (SGTRULE_NT, SGMT_NF, SGT_NT, SGTVER_NT, SGTCRI_CF, CRE_D, CREUSR_CF) values (5,9,102,1,'RETRO_CATEGORY',getDate(),'DBEU')
insert into TSEGMENTRULE2CRI (SGTRULE_NT, SGMT_NF, SGT_NT, SGTVER_NT, SGTCRI_CF, CRE_D, CREUSR_CF) values (5,9,102,1,'LOB',getDate(),'DBEU')

insert into TSEGMENTRULE (SGTRUL_NT, SGMT_NF, SGT_NT, SGTVER_NT, RULE_LS, RULPRIO_CT, FUNCDEF_T, TECHDEF_T, CRE_D, CREUSR_CF, LSTUPD_D, LSTUPDUSR_CF, timestamp) values (6,9,102,1,'',37,'RETRO_CATEGORY=''03'' AND LOB=''01''','StringUtils.equals(c.getCtrcatCf(), "03") && StringUtils.equals(c.getLobCf(), "01")',getDate(),'DBEU',getDate(),'DBEU',null)

insert into TSEGMENTRULE2CRI (SGTRULE_NT, SGMT_NF, SGT_NT, SGTVER_NT, SGTCRI_CF, CRE_D, CREUSR_CF) values (6,9,102,1,'RETRO_CATEGORY',getDate(),'DBEU')
insert into TSEGMENTRULE2CRI (SGTRULE_NT, SGMT_NF, SGT_NT, SGTVER_NT, SGTCRI_CF, CRE_D, CREUSR_CF) values (6,9,102,1,'LOB',getDate(),'DBEU')

insert into TSEGMENTRULE (SGTRUL_NT, SGMT_NF, SGT_NT, SGTVER_NT, RULE_LS, RULPRIO_CT, FUNCDEF_T, TECHDEF_T, CRE_D, CREUSR_CF, LSTUPD_D, LSTUPDUSR_CF, timestamp) values (7,9,102,1,'',38,'RETRO_CATEGORY=''03'' AND LOB=''02''','StringUtils.equals(c.getCtrcatCf(), "03") && StringUtils.equals(c.getLobCf(), "02")',getDate(),'DBEU',getDate(),'DBEU',null)

insert into TSEGMENTRULE2CRI (SGTRULE_NT, SGMT_NF, SGT_NT, SGTVER_NT, SGTCRI_CF, CRE_D, CREUSR_CF) values (7,9,102,1,'RETRO_CATEGORY',getDate(),'DBEU')
insert into TSEGMENTRULE2CRI (SGTRULE_NT, SGMT_NF, SGT_NT, SGTVER_NT, SGTCRI_CF, CRE_D, CREUSR_CF) values (7,9,102,1,'LOB',getDate(),'DBEU')

insert into TSEGMENTRULE (SGTRUL_NT, SGMT_NF, SGT_NT, SGTVER_NT, RULE_LS, RULPRIO_CT, FUNCDEF_T, TECHDEF_T, CRE_D, CREUSR_CF, LSTUPD_D, LSTUPDUSR_CF, timestamp) values (8,9,102,1,'',39,'RETRO_CATEGORY=''03'' AND LOB=''03''','StringUtils.equals(c.getCtrcatCf(), "03") && StringUtils.equals(c.getLobCf(), "03")',getDate(),'DBEU',getDate(),'DBEU',null)

insert into TSEGMENTRULE2CRI (SGTRULE_NT, SGMT_NF, SGT_NT, SGTVER_NT, SGTCRI_CF, CRE_D, CREUSR_CF) values (8,9,102,1,'RETRO_CATEGORY',getDate(),'DBEU')
insert into TSEGMENTRULE2CRI (SGTRULE_NT, SGMT_NF, SGT_NT, SGTVER_NT, SGTCRI_CF, CRE_D, CREUSR_CF) values (8,9,102,1,'LOB',getDate(),'DBEU')

insert into TSEGMENTRULE (SGTRUL_NT, SGMT_NF, SGT_NT, SGTVER_NT, RULE_LS, RULPRIO_CT, FUNCDEF_T, TECHDEF_T, CRE_D, CREUSR_CF, LSTUPD_D, LSTUPDUSR_CF, timestamp) values (9,9,102,1,'',43,'RETRO_CATEGORY=''03'' AND LOB=''07''','StringUtils.equals(c.getCtrcatCf(), "03") && StringUtils.equals(c.getLobCf(), "07")',getDate(),'DBEU',getDate(),'DBEU',null)

insert into TSEGMENTRULE2CRI (SGTRULE_NT, SGMT_NF, SGT_NT, SGTVER_NT, SGTCRI_CF, CRE_D, CREUSR_CF) values (9,9,102,1,'RETRO_CATEGORY',getDate(),'DBEU')
insert into TSEGMENTRULE2CRI (SGTRULE_NT, SGMT_NF, SGT_NT, SGTVER_NT, SGTCRI_CF, CRE_D, CREUSR_CF) values (9,9,102,1,'LOB',getDate(),'DBEU')

insert into TSEGMENTRULE (SGTRUL_NT, SGMT_NF, SGT_NT, SGTVER_NT, RULE_LS, RULPRIO_CT, FUNCDEF_T, TECHDEF_T, CRE_D, CREUSR_CF, LSTUPD_D, LSTUPDUSR_CF, timestamp) values (10,9,102,1,'',51,'RETRO_CATEGORY=''03'' AND LOB=''15''','StringUtils.equals(c.getCtrcatCf(), "03") && StringUtils.equals(c.getLobCf(), "15")',getDate(),'DBEU',getDate(),'DBEU',null)

insert into TSEGMENTRULE2CRI (SGTRULE_NT, SGMT_NF, SGT_NT, SGTVER_NT, SGTCRI_CF, CRE_D, CREUSR_CF) values (10,9,102,1,'RETRO_CATEGORY',getDate(),'DBEU')
insert into TSEGMENTRULE2CRI (SGTRULE_NT, SGMT_NF, SGT_NT, SGTVER_NT, SGTCRI_CF, CRE_D, CREUSR_CF) values (10,9,102,1,'LOB',getDate(),'DBEU')

insert into TSEGMENTRULE (SGTRUL_NT, SGMT_NF, SGT_NT, SGTVER_NT, RULE_LS, RULPRIO_CT, FUNCDEF_T, TECHDEF_T, CRE_D, CREUSR_CF, LSTUPD_D, LSTUPDUSR_CF, timestamp) values (11,9,102,1,'',54,'RETRO_CATEGORY=''04'' AND LOB=''01''','StringUtils.equals(c.getCtrcatCf(), "04") && StringUtils.equals(c.getLobCf(), "01")',getDate(),'DBEU',getDate(),'DBEU',null)

insert into TSEGMENTRULE2CRI (SGTRULE_NT, SGMT_NF, SGT_NT, SGTVER_NT, SGTCRI_CF, CRE_D, CREUSR_CF) values (11,9,102,1,'RETRO_CATEGORY',getDate(),'DBEU')
insert into TSEGMENTRULE2CRI (SGTRULE_NT, SGMT_NF, SGT_NT, SGTVER_NT, SGTCRI_CF, CRE_D, CREUSR_CF) values (11,9,102,1,'LOB',getDate(),'DBEU')

insert into TSEGMENTRULE (SGTRUL_NT, SGMT_NF, SGT_NT, SGTVER_NT, RULE_LS, RULPRIO_CT, FUNCDEF_T, TECHDEF_T, CRE_D, CREUSR_CF, LSTUPD_D, LSTUPDUSR_CF, timestamp) values (12,9,102,1,'',55,'RETRO_CATEGORY=''04'' AND LOB=''02''','StringUtils.equals(c.getCtrcatCf(), "04") && StringUtils.equals(c.getLobCf(), "02")',getDate(),'DBEU',getDate(),'DBEU',null)

insert into TSEGMENTRULE2CRI (SGTRULE_NT, SGMT_NF, SGT_NT, SGTVER_NT, SGTCRI_CF, CRE_D, CREUSR_CF) values (12,9,102,1,'RETRO_CATEGORY',getDate(),'DBEU')
insert into TSEGMENTRULE2CRI (SGTRULE_NT, SGMT_NF, SGT_NT, SGTVER_NT, SGTCRI_CF, CRE_D, CREUSR_CF) values (12,9,102,1,'LOB',getDate(),'DBEU')

insert into TSEGMENTRULE (SGTRUL_NT, SGMT_NF, SGT_NT, SGTVER_NT, RULE_LS, RULPRIO_CT, FUNCDEF_T, TECHDEF_T, CRE_D, CREUSR_CF, LSTUPD_D, LSTUPDUSR_CF, timestamp) values (13,9,102,1,'',56,'RETRO_CATEGORY=''04'' AND LOB=''03''','StringUtils.equals(c.getCtrcatCf(), "04") && StringUtils.equals(c.getLobCf(), "03")',getDate(),'DBEU',getDate(),'DBEU',null)

insert into TSEGMENTRULE2CRI (SGTRULE_NT, SGMT_NF, SGT_NT, SGTVER_NT, SGTCRI_CF, CRE_D, CREUSR_CF) values (13,9,102,1,'RETRO_CATEGORY',getDate(),'DBEU')
insert into TSEGMENTRULE2CRI (SGTRULE_NT, SGMT_NF, SGT_NT, SGTVER_NT, SGTCRI_CF, CRE_D, CREUSR_CF) values (13,9,102,1,'LOB',getDate(),'DBEU')

insert into TSEGMENTRULE (SGTRUL_NT, SGMT_NF, SGT_NT, SGTVER_NT, RULE_LS, RULPRIO_CT, FUNCDEF_T, TECHDEF_T, CRE_D, CREUSR_CF, LSTUPD_D, LSTUPDUSR_CF, timestamp) values (14,9,102,1,'',60,'RETRO_CATEGORY=''04'' AND LOB=''07''','StringUtils.equals(c.getCtrcatCf(), "04") && StringUtils.equals(c.getLobCf(), "07")',getDate(),'DBEU',getDate(),'DBEU',null)

insert into TSEGMENTRULE2CRI (SGTRULE_NT, SGMT_NF, SGT_NT, SGTVER_NT, SGTCRI_CF, CRE_D, CREUSR_CF) values (14,9,102,1,'RETRO_CATEGORY',getDate(),'DBEU')
insert into TSEGMENTRULE2CRI (SGTRULE_NT, SGMT_NF, SGT_NT, SGTVER_NT, SGTCRI_CF, CRE_D, CREUSR_CF) values (14,9,102,1,'LOB',getDate(),'DBEU')

insert into TSEGMENTRULE (SGTRUL_NT, SGMT_NF, SGT_NT, SGTVER_NT, RULE_LS, RULPRIO_CT, FUNCDEF_T, TECHDEF_T, CRE_D, CREUSR_CF, LSTUPD_D, LSTUPDUSR_CF, timestamp) values (15,9,102,1,'',68,'RETRO_CATEGORY=''04'' AND LOB=''15''','StringUtils.equals(c.getCtrcatCf(), "04") && StringUtils.equals(c.getLobCf(), "15")',getDate(),'DBEU',getDate(),'DBEU',null)

insert into TSEGMENTRULE2CRI (SGTRULE_NT, SGMT_NF, SGT_NT, SGTVER_NT, SGTCRI_CF, CRE_D, CREUSR_CF) values (15,9,102,1,'RETRO_CATEGORY',getDate(),'DBEU')
insert into TSEGMENTRULE2CRI (SGTRULE_NT, SGMT_NF, SGT_NT, SGTVER_NT, SGTCRI_CF, CRE_D, CREUSR_CF) values (15,9,102,1,'LOB',getDate(),'DBEU')

insert into TSEGMENTRULE (SGTRUL_NT, SGMT_NF, SGT_NT, SGTVER_NT, RULE_LS, RULPRIO_CT, FUNCDEF_T, TECHDEF_T, CRE_D, CREUSR_CF, LSTUPD_D, LSTUPDUSR_CF, timestamp) values (16,9,102,1,'',71,'RETRO_CATEGORY=''05'' AND LOB=''01''','StringUtils.equals(c.getCtrcatCf(), "05") && StringUtils.equals(c.getLobCf(), "01")',getDate(),'DBEU',getDate(),'DBEU',null)

insert into TSEGMENTRULE2CRI (SGTRULE_NT, SGMT_NF, SGT_NT, SGTVER_NT, SGTCRI_CF, CRE_D, CREUSR_CF) values (16,9,102,1,'RETRO_CATEGORY',getDate(),'DBEU')
insert into TSEGMENTRULE2CRI (SGTRULE_NT, SGMT_NF, SGT_NT, SGTVER_NT, SGTCRI_CF, CRE_D, CREUSR_CF) values (16,9,102,1,'LOB',getDate(),'DBEU')

insert into TSEGMENTRULE (SGTRUL_NT, SGMT_NF, SGT_NT, SGTVER_NT, RULE_LS, RULPRIO_CT, FUNCDEF_T, TECHDEF_T, CRE_D, CREUSR_CF, LSTUPD_D, LSTUPDUSR_CF, timestamp) values (17,9,102,1,'',72,'RETRO_CATEGORY=''05'' AND LOB=''02''','StringUtils.equals(c.getCtrcatCf(), "05") && StringUtils.equals(c.getLobCf(), "02")',getDate(),'DBEU',getDate(),'DBEU',null)

insert into TSEGMENTRULE2CRI (SGTRULE_NT, SGMT_NF, SGT_NT, SGTVER_NT, SGTCRI_CF, CRE_D, CREUSR_CF) values (17,9,102,1,'RETRO_CATEGORY',getDate(),'DBEU')
insert into TSEGMENTRULE2CRI (SGTRULE_NT, SGMT_NF, SGT_NT, SGTVER_NT, SGTCRI_CF, CRE_D, CREUSR_CF) values (17,9,102,1,'LOB',getDate(),'DBEU')

insert into TSEGMENTRULE (SGTRUL_NT, SGMT_NF, SGT_NT, SGTVER_NT, RULE_LS, RULPRIO_CT, FUNCDEF_T, TECHDEF_T, CRE_D, CREUSR_CF, LSTUPD_D, LSTUPDUSR_CF, timestamp) values (18,9,102,1,'',73,'RETRO_CATEGORY=''05'' AND LOB=''03''','StringUtils.equals(c.getCtrcatCf(), "05") && StringUtils.equals(c.getLobCf(), "03")',getDate(),'DBEU',getDate(),'DBEU',null)

insert into TSEGMENTRULE2CRI (SGTRULE_NT, SGMT_NF, SGT_NT, SGTVER_NT, SGTCRI_CF, CRE_D, CREUSR_CF) values (18,9,102,1,'RETRO_CATEGORY',getDate(),'DBEU')
insert into TSEGMENTRULE2CRI (SGTRULE_NT, SGMT_NF, SGT_NT, SGTVER_NT, SGTCRI_CF, CRE_D, CREUSR_CF) values (18,9,102,1,'LOB',getDate(),'DBEU')

insert into TSEGMENTRULE (SGTRUL_NT, SGMT_NF, SGT_NT, SGTVER_NT, RULE_LS, RULPRIO_CT, FUNCDEF_T, TECHDEF_T, CRE_D, CREUSR_CF, LSTUPD_D, LSTUPDUSR_CF, timestamp) values (19,9,102,1,'',77,'RETRO_CATEGORY=''05'' AND LOB=''07''','StringUtils.equals(c.getCtrcatCf(), "05") && StringUtils.equals(c.getLobCf(), "07")',getDate(),'DBEU',getDate(),'DBEU',null)

insert into TSEGMENTRULE2CRI (SGTRULE_NT, SGMT_NF, SGT_NT, SGTVER_NT, SGTCRI_CF, CRE_D, CREUSR_CF) values (19,9,102,1,'RETRO_CATEGORY',getDate(),'DBEU')
insert into TSEGMENTRULE2CRI (SGTRULE_NT, SGMT_NF, SGT_NT, SGTVER_NT, SGTCRI_CF, CRE_D, CREUSR_CF) values (19,9,102,1,'LOB',getDate(),'DBEU')

insert into TSEGMENTRULE (SGTRUL_NT, SGMT_NF, SGT_NT, SGTVER_NT, RULE_LS, RULPRIO_CT, FUNCDEF_T, TECHDEF_T, CRE_D, CREUSR_CF, LSTUPD_D, LSTUPDUSR_CF, timestamp) values (20,9,102,1,'',85,'RETRO_CATEGORY=''05'' AND LOB=''15''','StringUtils.equals(c.getCtrcatCf(), "05") && StringUtils.equals(c.getLobCf(), "15")',getDate(),'DBEU',getDate(),'DBEU',null)

insert into TSEGMENTRULE2CRI (SGTRULE_NT, SGMT_NF, SGT_NT, SGTVER_NT, SGTCRI_CF, CRE_D, CREUSR_CF) values (20,9,102,1,'RETRO_CATEGORY',getDate(),'DBEU')
insert into TSEGMENTRULE2CRI (SGTRULE_NT, SGMT_NF, SGT_NT, SGTVER_NT, SGTCRI_CF, CRE_D, CREUSR_CF) values (20,9,102,1,'LOB',getDate(),'DBEU')

insert into TSEGMENTRULE (SGTRUL_NT, SGMT_NF, SGT_NT, SGTVER_NT, RULE_LS, RULPRIO_CT, FUNCDEF_T, TECHDEF_T, CRE_D, CREUSR_CF, LSTUPD_D, LSTUPDUSR_CF, timestamp) values (21,9,102,1,'',105,'RETRO_CATEGORY=''07'' AND LOB=''01''','StringUtils.equals(c.getCtrcatCf(), "07") && StringUtils.equals(c.getLobCf(), "01")',getDate(),'DBEU',getDate(),'DBEU',null)

insert into TSEGMENTRULE2CRI (SGTRULE_NT, SGMT_NF, SGT_NT, SGTVER_NT, SGTCRI_CF, CRE_D, CREUSR_CF) values (21,9,102,1,'RETRO_CATEGORY',getDate(),'DBEU')
insert into TSEGMENTRULE2CRI (SGTRULE_NT, SGMT_NF, SGT_NT, SGTVER_NT, SGTCRI_CF, CRE_D, CREUSR_CF) values (21,9,102,1,'LOB',getDate(),'DBEU')

insert into TSEGMENTRULE (SGTRUL_NT, SGMT_NF, SGT_NT, SGTVER_NT, RULE_LS, RULPRIO_CT, FUNCDEF_T, TECHDEF_T, CRE_D, CREUSR_CF, LSTUPD_D, LSTUPDUSR_CF, timestamp) values (22,9,102,1,'',106,'RETRO_CATEGORY=''07'' AND LOB=''02''','StringUtils.equals(c.getCtrcatCf(), "07") && StringUtils.equals(c.getLobCf(), "02")',getDate(),'DBEU',getDate(),'DBEU',null)

insert into TSEGMENTRULE2CRI (SGTRULE_NT, SGMT_NF, SGT_NT, SGTVER_NT, SGTCRI_CF, CRE_D, CREUSR_CF) values (22,9,102,1,'RETRO_CATEGORY',getDate(),'DBEU')
insert into TSEGMENTRULE2CRI (SGTRULE_NT, SGMT_NF, SGT_NT, SGTVER_NT, SGTCRI_CF, CRE_D, CREUSR_CF) values (22,9,102,1,'LOB',getDate(),'DBEU')

insert into TSEGMENTRULE (SGTRUL_NT, SGMT_NF, SGT_NT, SGTVER_NT, RULE_LS, RULPRIO_CT, FUNCDEF_T, TECHDEF_T, CRE_D, CREUSR_CF, LSTUPD_D, LSTUPDUSR_CF, timestamp) values (23,9,102,1,'',107,'RETRO_CATEGORY=''07'' AND LOB=''03''','StringUtils.equals(c.getCtrcatCf(), "07") && StringUtils.equals(c.getLobCf(), "03")',getDate(),'DBEU',getDate(),'DBEU',null)

insert into TSEGMENTRULE2CRI (SGTRULE_NT, SGMT_NF, SGT_NT, SGTVER_NT, SGTCRI_CF, CRE_D, CREUSR_CF) values (23,9,102,1,'RETRO_CATEGORY',getDate(),'DBEU')
insert into TSEGMENTRULE2CRI (SGTRULE_NT, SGMT_NF, SGT_NT, SGTVER_NT, SGTCRI_CF, CRE_D, CREUSR_CF) values (23,9,102,1,'LOB',getDate(),'DBEU')

insert into TSEGMENTRULE (SGTRUL_NT, SGMT_NF, SGT_NT, SGTVER_NT, RULE_LS, RULPRIO_CT, FUNCDEF_T, TECHDEF_T, CRE_D, CREUSR_CF, LSTUPD_D, LSTUPDUSR_CF, timestamp) values (24,9,102,1,'',111,'RETRO_CATEGORY=''07'' AND LOB=''07''','StringUtils.equals(c.getCtrcatCf(), "07") && StringUtils.equals(c.getLobCf(), "07")',getDate(),'DBEU',getDate(),'DBEU',null)

insert into TSEGMENTRULE2CRI (SGTRULE_NT, SGMT_NF, SGT_NT, SGTVER_NT, SGTCRI_CF, CRE_D, CREUSR_CF) values (24,9,102,1,'RETRO_CATEGORY',getDate(),'DBEU')
insert into TSEGMENTRULE2CRI (SGTRULE_NT, SGMT_NF, SGT_NT, SGTVER_NT, SGTCRI_CF, CRE_D, CREUSR_CF) values (24,9,102,1,'LOB',getDate(),'DBEU')

insert into TSEGMENTRULE (SGTRUL_NT, SGMT_NF, SGT_NT, SGTVER_NT, RULE_LS, RULPRIO_CT, FUNCDEF_T, TECHDEF_T, CRE_D, CREUSR_CF, LSTUPD_D, LSTUPDUSR_CF, timestamp) values (25,9,102,1,'',119,'RETRO_CATEGORY=''07'' AND LOB=''15''','StringUtils.equals(c.getCtrcatCf(), "07") && StringUtils.equals(c.getLobCf(), "15")',getDate(),'DBEU',getDate(),'DBEU',null)

insert into TSEGMENTRULE2CRI (SGTRULE_NT, SGMT_NF, SGT_NT, SGTVER_NT, SGTCRI_CF, CRE_D, CREUSR_CF) values (25,9,102,1,'RETRO_CATEGORY',getDate(),'DBEU')
insert into TSEGMENTRULE2CRI (SGTRULE_NT, SGMT_NF, SGT_NT, SGTVER_NT, SGTCRI_CF, CRE_D, CREUSR_CF) values (25,9,102,1,'LOB',getDate(),'DBEU')

insert into TSEGMENTRULE (SGTRUL_NT, SGMT_NF, SGT_NT, SGTVER_NT, RULE_LS, RULPRIO_CT, FUNCDEF_T, TECHDEF_T, CRE_D, CREUSR_CF, LSTUPD_D, LSTUPDUSR_CF, timestamp) values (26,9,102,1,'',122,'RETRO_CATEGORY=''08'' AND LOB=''01''','StringUtils.equals(c.getCtrcatCf(), "08") && StringUtils.equals(c.getLobCf(), "01")',getDate(),'DBEU',getDate(),'DBEU',null)

insert into TSEGMENTRULE2CRI (SGTRULE_NT, SGMT_NF, SGT_NT, SGTVER_NT, SGTCRI_CF, CRE_D, CREUSR_CF) values (26,9,102,1,'RETRO_CATEGORY',getDate(),'DBEU')
insert into TSEGMENTRULE2CRI (SGTRULE_NT, SGMT_NF, SGT_NT, SGTVER_NT, SGTCRI_CF, CRE_D, CREUSR_CF) values (26,9,102,1,'LOB',getDate(),'DBEU')

insert into TSEGMENTRULE (SGTRUL_NT, SGMT_NF, SGT_NT, SGTVER_NT, RULE_LS, RULPRIO_CT, FUNCDEF_T, TECHDEF_T, CRE_D, CREUSR_CF, LSTUPD_D, LSTUPDUSR_CF, timestamp) values (27,9,102,1,'',123,'RETRO_CATEGORY=''08'' AND LOB=''02''','StringUtils.equals(c.getCtrcatCf(), "08") && StringUtils.equals(c.getLobCf(), "02")',getDate(),'DBEU',getDate(),'DBEU',null)

insert into TSEGMENTRULE2CRI (SGTRULE_NT, SGMT_NF, SGT_NT, SGTVER_NT, SGTCRI_CF, CRE_D, CREUSR_CF) values (27,9,102,1,'RETRO_CATEGORY',getDate(),'DBEU')
insert into TSEGMENTRULE2CRI (SGTRULE_NT, SGMT_NF, SGT_NT, SGTVER_NT, SGTCRI_CF, CRE_D, CREUSR_CF) values (27,9,102,1,'LOB',getDate(),'DBEU')

insert into TSEGMENTRULE (SGTRUL_NT, SGMT_NF, SGT_NT, SGTVER_NT, RULE_LS, RULPRIO_CT, FUNCDEF_T, TECHDEF_T, CRE_D, CREUSR_CF, LSTUPD_D, LSTUPDUSR_CF, timestamp) values (28,9,102,1,'',124,'RETRO_CATEGORY=''08'' AND LOB=''03''','StringUtils.equals(c.getCtrcatCf(), "08") && StringUtils.equals(c.getLobCf(), "03")',getDate(),'DBEU',getDate(),'DBEU',null)

insert into TSEGMENTRULE2CRI (SGTRULE_NT, SGMT_NF, SGT_NT, SGTVER_NT, SGTCRI_CF, CRE_D, CREUSR_CF) values (28,9,102,1,'RETRO_CATEGORY',getDate(),'DBEU')
insert into TSEGMENTRULE2CRI (SGTRULE_NT, SGMT_NF, SGT_NT, SGTVER_NT, SGTCRI_CF, CRE_D, CREUSR_CF) values (28,9,102,1,'LOB',getDate(),'DBEU')

insert into TSEGMENTRULE (SGTRUL_NT, SGMT_NF, SGT_NT, SGTVER_NT, RULE_LS, RULPRIO_CT, FUNCDEF_T, TECHDEF_T, CRE_D, CREUSR_CF, LSTUPD_D, LSTUPDUSR_CF, timestamp) values (29,9,102,1,'',128,'RETRO_CATEGORY=''08'' AND LOB=''07''','StringUtils.equals(c.getCtrcatCf(), "08") && StringUtils.equals(c.getLobCf(), "07")',getDate(),'DBEU',getDate(),'DBEU',null)

insert into TSEGMENTRULE2CRI (SGTRULE_NT, SGMT_NF, SGT_NT, SGTVER_NT, SGTCRI_CF, CRE_D, CREUSR_CF) values (29,9,102,1,'RETRO_CATEGORY',getDate(),'DBEU')
insert into TSEGMENTRULE2CRI (SGTRULE_NT, SGMT_NF, SGT_NT, SGTVER_NT, SGTCRI_CF, CRE_D, CREUSR_CF) values (29,9,102,1,'LOB',getDate(),'DBEU')

insert into TSEGMENTRULE (SGTRUL_NT, SGMT_NF, SGT_NT, SGTVER_NT, RULE_LS, RULPRIO_CT, FUNCDEF_T, TECHDEF_T, CRE_D, CREUSR_CF, LSTUPD_D, LSTUPDUSR_CF, timestamp) values (30,9,102,1,'',136,'RETRO_CATEGORY=''08'' AND LOB=''15''','StringUtils.equals(c.getCtrcatCf(), "08") && StringUtils.equals(c.getLobCf(), "15")',getDate(),'DBEU',getDate(),'DBEU',null)

insert into TSEGMENTRULE2CRI (SGTRULE_NT, SGMT_NF, SGT_NT, SGTVER_NT, SGTCRI_CF, CRE_D, CREUSR_CF) values (30,9,102,1,'RETRO_CATEGORY',getDate(),'DBEU')
insert into TSEGMENTRULE2CRI (SGTRULE_NT, SGMT_NF, SGT_NT, SGTVER_NT, SGTCRI_CF, CRE_D, CREUSR_CF) values (30,9,102,1,'LOB',getDate(),'DBEU')

go

insert into TSEGMT (SGMT_NF, SGT_NT, SGTVER_NT, SGMT_LS, SGMT_LL, SGTLVL_NT, PARSGMT_CF, BALAIMGT_CT, CRE_D, CREUSR_CF, LSTUPD_D, LSTUPDUSR_CF, timestamp) values (10,102,1,'170','NP Casualty reinsurance',0,null,null,getDate(),'DBEU',getDate(),'DBEU',null)

insert into TSEGMENTRULE (SGTRUL_NT, SGMT_NF, SGT_NT, SGTVER_NT, RULE_LS, RULPRIO_CT, FUNCDEF_T, TECHDEF_T, CRE_D, CREUSR_CF, LSTUPD_D, LSTUPDUSR_CF, timestamp) values (1,10,102,1,'',23,'RETRO_CATEGORY=''02'' AND LOB=''04''','StringUtils.equals(c.getCtrcatCf(), "02") && StringUtils.equals(c.getLobCf(), "04")',getDate(),'DBEU',getDate(),'DBEU',null)

insert into TSEGMENTRULE2CRI (SGTRULE_NT, SGMT_NF, SGT_NT, SGTVER_NT, SGTCRI_CF, CRE_D, CREUSR_CF) values (1,10,102,1,'RETRO_CATEGORY',getDate(),'DBEU')
insert into TSEGMENTRULE2CRI (SGTRULE_NT, SGMT_NF, SGT_NT, SGTVER_NT, SGTCRI_CF, CRE_D, CREUSR_CF) values (1,10,102,1,'LOB',getDate(),'DBEU')

insert into TSEGMENTRULE (SGTRUL_NT, SGMT_NF, SGT_NT, SGTVER_NT, RULE_LS, RULPRIO_CT, FUNCDEF_T, TECHDEF_T, CRE_D, CREUSR_CF, LSTUPD_D, LSTUPDUSR_CF, timestamp) values (2,10,102,1,'',24,'RETRO_CATEGORY=''02'' AND LOB=''05''','StringUtils.equals(c.getCtrcatCf(), "02") && StringUtils.equals(c.getLobCf(), "05")',getDate(),'DBEU',getDate(),'DBEU',null)

insert into TSEGMENTRULE2CRI (SGTRULE_NT, SGMT_NF, SGT_NT, SGTVER_NT, SGTCRI_CF, CRE_D, CREUSR_CF) values (2,10,102,1,'RETRO_CATEGORY',getDate(),'DBEU')
insert into TSEGMENTRULE2CRI (SGTRULE_NT, SGMT_NF, SGT_NT, SGTVER_NT, SGTCRI_CF, CRE_D, CREUSR_CF) values (2,10,102,1,'LOB',getDate(),'DBEU')

insert into TSEGMENTRULE (SGTRUL_NT, SGMT_NF, SGT_NT, SGTVER_NT, RULE_LS, RULPRIO_CT, FUNCDEF_T, TECHDEF_T, CRE_D, CREUSR_CF, LSTUPD_D, LSTUPDUSR_CF, timestamp) values (3,10,102,1,'',25,'RETRO_CATEGORY=''02'' AND LOB=''06''','StringUtils.equals(c.getCtrcatCf(), "02") && StringUtils.equals(c.getLobCf(), "06")',getDate(),'DBEU',getDate(),'DBEU',null)

insert into TSEGMENTRULE2CRI (SGTRULE_NT, SGMT_NF, SGT_NT, SGTVER_NT, SGTCRI_CF, CRE_D, CREUSR_CF) values (3,10,102,1,'RETRO_CATEGORY',getDate(),'DBEU')
insert into TSEGMENTRULE2CRI (SGTRULE_NT, SGMT_NF, SGT_NT, SGTVER_NT, SGTCRI_CF, CRE_D, CREUSR_CF) values (3,10,102,1,'LOB',getDate(),'DBEU')

insert into TSEGMENTRULE (SGTRUL_NT, SGMT_NF, SGT_NT, SGTVER_NT, RULE_LS, RULPRIO_CT, FUNCDEF_T, TECHDEF_T, CRE_D, CREUSR_CF, LSTUPD_D, LSTUPDUSR_CF, timestamp) values (4,10,102,1,'',31,'RETRO_CATEGORY=''02'' AND LOB=''12''','StringUtils.equals(c.getCtrcatCf(), "02") && StringUtils.equals(c.getLobCf(), "12")',getDate(),'DBEU',getDate(),'DBEU',null)

insert into TSEGMENTRULE2CRI (SGTRULE_NT, SGMT_NF, SGT_NT, SGTVER_NT, SGTCRI_CF, CRE_D, CREUSR_CF) values (4,10,102,1,'RETRO_CATEGORY',getDate(),'DBEU')
insert into TSEGMENTRULE2CRI (SGTRULE_NT, SGMT_NF, SGT_NT, SGTVER_NT, SGTCRI_CF, CRE_D, CREUSR_CF) values (4,10,102,1,'LOB',getDate(),'DBEU')

insert into TSEGMENTRULE (SGTRUL_NT, SGMT_NF, SGT_NT, SGTVER_NT, RULE_LS, RULPRIO_CT, FUNCDEF_T, TECHDEF_T, CRE_D, CREUSR_CF, LSTUPD_D, LSTUPDUSR_CF, timestamp) values (5,10,102,1,'',33,'RETRO_CATEGORY=''02'' AND LOB=''14''','StringUtils.equals(c.getCtrcatCf(), "02") && StringUtils.equals(c.getLobCf(), "14")',getDate(),'DBEU',getDate(),'DBEU',null)

insert into TSEGMENTRULE2CRI (SGTRULE_NT, SGMT_NF, SGT_NT, SGTVER_NT, SGTCRI_CF, CRE_D, CREUSR_CF) values (5,10,102,1,'RETRO_CATEGORY',getDate(),'DBEU')
insert into TSEGMENTRULE2CRI (SGTRULE_NT, SGMT_NF, SGT_NT, SGTVER_NT, SGTCRI_CF, CRE_D, CREUSR_CF) values (5,10,102,1,'LOB',getDate(),'DBEU')

insert into TSEGMENTRULE (SGTRUL_NT, SGMT_NF, SGT_NT, SGTVER_NT, RULE_LS, RULPRIO_CT, FUNCDEF_T, TECHDEF_T, CRE_D, CREUSR_CF, LSTUPD_D, LSTUPDUSR_CF, timestamp) values (6,10,102,1,'',35,'RETRO_CATEGORY=''02'' AND LOB=''20''','StringUtils.equals(c.getCtrcatCf(), "02") && StringUtils.equals(c.getLobCf(), "20")',getDate(),'DBEU',getDate(),'DBEU',null)

insert into TSEGMENTRULE2CRI (SGTRULE_NT, SGMT_NF, SGT_NT, SGTVER_NT, SGTCRI_CF, CRE_D, CREUSR_CF) values (6,10,102,1,'RETRO_CATEGORY',getDate(),'DBEU')
insert into TSEGMENTRULE2CRI (SGTRULE_NT, SGMT_NF, SGT_NT, SGTVER_NT, SGTCRI_CF, CRE_D, CREUSR_CF) values (6,10,102,1,'LOB',getDate(),'DBEU')

insert into TSEGMENTRULE (SGTRUL_NT, SGMT_NF, SGT_NT, SGTVER_NT, RULE_LS, RULPRIO_CT, FUNCDEF_T, TECHDEF_T, CRE_D, CREUSR_CF, LSTUPD_D, LSTUPDUSR_CF, timestamp) values (7,10,102,1,'',40,'RETRO_CATEGORY=''03'' AND LOB=''04''','StringUtils.equals(c.getCtrcatCf(), "03") && StringUtils.equals(c.getLobCf(), "04")',getDate(),'DBEU',getDate(),'DBEU',null)

insert into TSEGMENTRULE2CRI (SGTRULE_NT, SGMT_NF, SGT_NT, SGTVER_NT, SGTCRI_CF, CRE_D, CREUSR_CF) values (7,10,102,1,'RETRO_CATEGORY',getDate(),'DBEU')
insert into TSEGMENTRULE2CRI (SGTRULE_NT, SGMT_NF, SGT_NT, SGTVER_NT, SGTCRI_CF, CRE_D, CREUSR_CF) values (7,10,102,1,'LOB',getDate(),'DBEU')

insert into TSEGMENTRULE (SGTRUL_NT, SGMT_NF, SGT_NT, SGTVER_NT, RULE_LS, RULPRIO_CT, FUNCDEF_T, TECHDEF_T, CRE_D, CREUSR_CF, LSTUPD_D, LSTUPDUSR_CF, timestamp) values (8,10,102,1,'',41,'RETRO_CATEGORY=''03'' AND LOB=''05''','StringUtils.equals(c.getCtrcatCf(), "03") && StringUtils.equals(c.getLobCf(), "05")',getDate(),'DBEU',getDate(),'DBEU',null)

insert into TSEGMENTRULE2CRI (SGTRULE_NT, SGMT_NF, SGT_NT, SGTVER_NT, SGTCRI_CF, CRE_D, CREUSR_CF) values (8,10,102,1,'RETRO_CATEGORY',getDate(),'DBEU')
insert into TSEGMENTRULE2CRI (SGTRULE_NT, SGMT_NF, SGT_NT, SGTVER_NT, SGTCRI_CF, CRE_D, CREUSR_CF) values (8,10,102,1,'LOB',getDate(),'DBEU')

insert into TSEGMENTRULE (SGTRUL_NT, SGMT_NF, SGT_NT, SGTVER_NT, RULE_LS, RULPRIO_CT, FUNCDEF_T, TECHDEF_T, CRE_D, CREUSR_CF, LSTUPD_D, LSTUPDUSR_CF, timestamp) values (9,10,102,1,'',42,'RETRO_CATEGORY=''03'' AND LOB=''06''','StringUtils.equals(c.getCtrcatCf(), "03") && StringUtils.equals(c.getLobCf(), "06")',getDate(),'DBEU',getDate(),'DBEU',null)

insert into TSEGMENTRULE2CRI (SGTRULE_NT, SGMT_NF, SGT_NT, SGTVER_NT, SGTCRI_CF, CRE_D, CREUSR_CF) values (9,10,102,1,'RETRO_CATEGORY',getDate(),'DBEU')
insert into TSEGMENTRULE2CRI (SGTRULE_NT, SGMT_NF, SGT_NT, SGTVER_NT, SGTCRI_CF, CRE_D, CREUSR_CF) values (9,10,102,1,'LOB',getDate(),'DBEU')

insert into TSEGMENTRULE (SGTRUL_NT, SGMT_NF, SGT_NT, SGTVER_NT, RULE_LS, RULPRIO_CT, FUNCDEF_T, TECHDEF_T, CRE_D, CREUSR_CF, LSTUPD_D, LSTUPDUSR_CF, timestamp) values (10,10,102,1,'',48,'RETRO_CATEGORY=''03'' AND LOB=''12''','StringUtils.equals(c.getCtrcatCf(), "03") && StringUtils.equals(c.getLobCf(), "12")',getDate(),'DBEU',getDate(),'DBEU',null)

insert into TSEGMENTRULE2CRI (SGTRULE_NT, SGMT_NF, SGT_NT, SGTVER_NT, SGTCRI_CF, CRE_D, CREUSR_CF) values (10,10,102,1,'RETRO_CATEGORY',getDate(),'DBEU')
insert into TSEGMENTRULE2CRI (SGTRULE_NT, SGMT_NF, SGT_NT, SGTVER_NT, SGTCRI_CF, CRE_D, CREUSR_CF) values (10,10,102,1,'LOB',getDate(),'DBEU')

insert into TSEGMENTRULE (SGTRUL_NT, SGMT_NF, SGT_NT, SGTVER_NT, RULE_LS, RULPRIO_CT, FUNCDEF_T, TECHDEF_T, CRE_D, CREUSR_CF, LSTUPD_D, LSTUPDUSR_CF, timestamp) values (11,10,102,1,'',50,'RETRO_CATEGORY=''03'' AND LOB=''14''','StringUtils.equals(c.getCtrcatCf(), "03") && StringUtils.equals(c.getLobCf(), "14")',getDate(),'DBEU',getDate(),'DBEU',null)

insert into TSEGMENTRULE2CRI (SGTRULE_NT, SGMT_NF, SGT_NT, SGTVER_NT, SGTCRI_CF, CRE_D, CREUSR_CF) values (11,10,102,1,'RETRO_CATEGORY',getDate(),'DBEU')
insert into TSEGMENTRULE2CRI (SGTRULE_NT, SGMT_NF, SGT_NT, SGTVER_NT, SGTCRI_CF, CRE_D, CREUSR_CF) values (11,10,102,1,'LOB',getDate(),'DBEU')

insert into TSEGMENTRULE (SGTRUL_NT, SGMT_NF, SGT_NT, SGTVER_NT, RULE_LS, RULPRIO_CT, FUNCDEF_T, TECHDEF_T, CRE_D, CREUSR_CF, LSTUPD_D, LSTUPDUSR_CF, timestamp) values (12,10,102,1,'',52,'RETRO_CATEGORY=''03'' AND LOB=''20''','StringUtils.equals(c.getCtrcatCf(), "03") && StringUtils.equals(c.getLobCf(), "20")',getDate(),'DBEU',getDate(),'DBEU',null)

insert into TSEGMENTRULE2CRI (SGTRULE_NT, SGMT_NF, SGT_NT, SGTVER_NT, SGTCRI_CF, CRE_D, CREUSR_CF) values (12,10,102,1,'RETRO_CATEGORY',getDate(),'DBEU')
insert into TSEGMENTRULE2CRI (SGTRULE_NT, SGMT_NF, SGT_NT, SGTVER_NT, SGTCRI_CF, CRE_D, CREUSR_CF) values (12,10,102,1,'LOB',getDate(),'DBEU')

insert into TSEGMENTRULE (SGTRUL_NT, SGMT_NF, SGT_NT, SGTVER_NT, RULE_LS, RULPRIO_CT, FUNCDEF_T, TECHDEF_T, CRE_D, CREUSR_CF, LSTUPD_D, LSTUPDUSR_CF, timestamp) values (13,10,102,1,'',57,'RETRO_CATEGORY=''04'' AND LOB=''04''','StringUtils.equals(c.getCtrcatCf(), "04") && StringUtils.equals(c.getLobCf(), "04")',getDate(),'DBEU',getDate(),'DBEU',null)

insert into TSEGMENTRULE2CRI (SGTRULE_NT, SGMT_NF, SGT_NT, SGTVER_NT, SGTCRI_CF, CRE_D, CREUSR_CF) values (13,10,102,1,'RETRO_CATEGORY',getDate(),'DBEU')
insert into TSEGMENTRULE2CRI (SGTRULE_NT, SGMT_NF, SGT_NT, SGTVER_NT, SGTCRI_CF, CRE_D, CREUSR_CF) values (13,10,102,1,'LOB',getDate(),'DBEU')

insert into TSEGMENTRULE (SGTRUL_NT, SGMT_NF, SGT_NT, SGTVER_NT, RULE_LS, RULPRIO_CT, FUNCDEF_T, TECHDEF_T, CRE_D, CREUSR_CF, LSTUPD_D, LSTUPDUSR_CF, timestamp) values (14,10,102,1,'',58,'RETRO_CATEGORY=''04'' AND LOB=''05''','StringUtils.equals(c.getCtrcatCf(), "04") && StringUtils.equals(c.getLobCf(), "05")',getDate(),'DBEU',getDate(),'DBEU',null)

insert into TSEGMENTRULE2CRI (SGTRULE_NT, SGMT_NF, SGT_NT, SGTVER_NT, SGTCRI_CF, CRE_D, CREUSR_CF) values (14,10,102,1,'RETRO_CATEGORY',getDate(),'DBEU')
insert into TSEGMENTRULE2CRI (SGTRULE_NT, SGMT_NF, SGT_NT, SGTVER_NT, SGTCRI_CF, CRE_D, CREUSR_CF) values (14,10,102,1,'LOB',getDate(),'DBEU')

insert into TSEGMENTRULE (SGTRUL_NT, SGMT_NF, SGT_NT, SGTVER_NT, RULE_LS, RULPRIO_CT, FUNCDEF_T, TECHDEF_T, CRE_D, CREUSR_CF, LSTUPD_D, LSTUPDUSR_CF, timestamp) values (15,10,102,1,'',59,'RETRO_CATEGORY=''04'' AND LOB=''06''','StringUtils.equals(c.getCtrcatCf(), "04") && StringUtils.equals(c.getLobCf(), "06")',getDate(),'DBEU',getDate(),'DBEU',null)

insert into TSEGMENTRULE2CRI (SGTRULE_NT, SGMT_NF, SGT_NT, SGTVER_NT, SGTCRI_CF, CRE_D, CREUSR_CF) values (15,10,102,1,'RETRO_CATEGORY',getDate(),'DBEU')
insert into TSEGMENTRULE2CRI (SGTRULE_NT, SGMT_NF, SGT_NT, SGTVER_NT, SGTCRI_CF, CRE_D, CREUSR_CF) values (15,10,102,1,'LOB',getDate(),'DBEU')

insert into TSEGMENTRULE (SGTRUL_NT, SGMT_NF, SGT_NT, SGTVER_NT, RULE_LS, RULPRIO_CT, FUNCDEF_T, TECHDEF_T, CRE_D, CREUSR_CF, LSTUPD_D, LSTUPDUSR_CF, timestamp) values (16,10,102,1,'',65,'RETRO_CATEGORY=''04'' AND LOB=''12''','StringUtils.equals(c.getCtrcatCf(), "04") && StringUtils.equals(c.getLobCf(), "12")',getDate(),'DBEU',getDate(),'DBEU',null)

insert into TSEGMENTRULE2CRI (SGTRULE_NT, SGMT_NF, SGT_NT, SGTVER_NT, SGTCRI_CF, CRE_D, CREUSR_CF) values (16,10,102,1,'RETRO_CATEGORY',getDate(),'DBEU')
insert into TSEGMENTRULE2CRI (SGTRULE_NT, SGMT_NF, SGT_NT, SGTVER_NT, SGTCRI_CF, CRE_D, CREUSR_CF) values (16,10,102,1,'LOB',getDate(),'DBEU')

insert into TSEGMENTRULE (SGTRUL_NT, SGMT_NF, SGT_NT, SGTVER_NT, RULE_LS, RULPRIO_CT, FUNCDEF_T, TECHDEF_T, CRE_D, CREUSR_CF, LSTUPD_D, LSTUPDUSR_CF, timestamp) values (17,10,102,1,'',67,'RETRO_CATEGORY=''04'' AND LOB=''14''','StringUtils.equals(c.getCtrcatCf(), "04") && StringUtils.equals(c.getLobCf(), "14")',getDate(),'DBEU',getDate(),'DBEU',null)

insert into TSEGMENTRULE2CRI (SGTRULE_NT, SGMT_NF, SGT_NT, SGTVER_NT, SGTCRI_CF, CRE_D, CREUSR_CF) values (17,10,102,1,'RETRO_CATEGORY',getDate(),'DBEU')
insert into TSEGMENTRULE2CRI (SGTRULE_NT, SGMT_NF, SGT_NT, SGTVER_NT, SGTCRI_CF, CRE_D, CREUSR_CF) values (17,10,102,1,'LOB',getDate(),'DBEU')

insert into TSEGMENTRULE (SGTRUL_NT, SGMT_NF, SGT_NT, SGTVER_NT, RULE_LS, RULPRIO_CT, FUNCDEF_T, TECHDEF_T, CRE_D, CREUSR_CF, LSTUPD_D, LSTUPDUSR_CF, timestamp) values (18,10,102,1,'',69,'RETRO_CATEGORY=''04'' AND LOB=''20''','StringUtils.equals(c.getCtrcatCf(), "04") && StringUtils.equals(c.getLobCf(), "20")',getDate(),'DBEU',getDate(),'DBEU',null)

insert into TSEGMENTRULE2CRI (SGTRULE_NT, SGMT_NF, SGT_NT, SGTVER_NT, SGTCRI_CF, CRE_D, CREUSR_CF) values (18,10,102,1,'RETRO_CATEGORY',getDate(),'DBEU')
insert into TSEGMENTRULE2CRI (SGTRULE_NT, SGMT_NF, SGT_NT, SGTVER_NT, SGTCRI_CF, CRE_D, CREUSR_CF) values (18,10,102,1,'LOB',getDate(),'DBEU')

insert into TSEGMENTRULE (SGTRUL_NT, SGMT_NF, SGT_NT, SGTVER_NT, RULE_LS, RULPRIO_CT, FUNCDEF_T, TECHDEF_T, CRE_D, CREUSR_CF, LSTUPD_D, LSTUPDUSR_CF, timestamp) values (19,10,102,1,'',74,'RETRO_CATEGORY=''05'' AND LOB=''04''','StringUtils.equals(c.getCtrcatCf(), "05") && StringUtils.equals(c.getLobCf(), "04")',getDate(),'DBEU',getDate(),'DBEU',null)

insert into TSEGMENTRULE2CRI (SGTRULE_NT, SGMT_NF, SGT_NT, SGTVER_NT, SGTCRI_CF, CRE_D, CREUSR_CF) values (19,10,102,1,'RETRO_CATEGORY',getDate(),'DBEU')
insert into TSEGMENTRULE2CRI (SGTRULE_NT, SGMT_NF, SGT_NT, SGTVER_NT, SGTCRI_CF, CRE_D, CREUSR_CF) values (19,10,102,1,'LOB',getDate(),'DBEU')

insert into TSEGMENTRULE (SGTRUL_NT, SGMT_NF, SGT_NT, SGTVER_NT, RULE_LS, RULPRIO_CT, FUNCDEF_T, TECHDEF_T, CRE_D, CREUSR_CF, LSTUPD_D, LSTUPDUSR_CF, timestamp) values (20,10,102,1,'',75,'RETRO_CATEGORY=''05'' AND LOB=''05''','StringUtils.equals(c.getCtrcatCf(), "05") && StringUtils.equals(c.getLobCf(), "05")',getDate(),'DBEU',getDate(),'DBEU',null)

insert into TSEGMENTRULE2CRI (SGTRULE_NT, SGMT_NF, SGT_NT, SGTVER_NT, SGTCRI_CF, CRE_D, CREUSR_CF) values (20,10,102,1,'RETRO_CATEGORY',getDate(),'DBEU')
insert into TSEGMENTRULE2CRI (SGTRULE_NT, SGMT_NF, SGT_NT, SGTVER_NT, SGTCRI_CF, CRE_D, CREUSR_CF) values (20,10,102,1,'LOB',getDate(),'DBEU')

insert into TSEGMENTRULE (SGTRUL_NT, SGMT_NF, SGT_NT, SGTVER_NT, RULE_LS, RULPRIO_CT, FUNCDEF_T, TECHDEF_T, CRE_D, CREUSR_CF, LSTUPD_D, LSTUPDUSR_CF, timestamp) values (21,10,102,1,'',76,'RETRO_CATEGORY=''05'' AND LOB=''06''','StringUtils.equals(c.getCtrcatCf(), "05") && StringUtils.equals(c.getLobCf(), "06")',getDate(),'DBEU',getDate(),'DBEU',null)

insert into TSEGMENTRULE2CRI (SGTRULE_NT, SGMT_NF, SGT_NT, SGTVER_NT, SGTCRI_CF, CRE_D, CREUSR_CF) values (21,10,102,1,'RETRO_CATEGORY',getDate(),'DBEU')
insert into TSEGMENTRULE2CRI (SGTRULE_NT, SGMT_NF, SGT_NT, SGTVER_NT, SGTCRI_CF, CRE_D, CREUSR_CF) values (21,10,102,1,'LOB',getDate(),'DBEU')

insert into TSEGMENTRULE (SGTRUL_NT, SGMT_NF, SGT_NT, SGTVER_NT, RULE_LS, RULPRIO_CT, FUNCDEF_T, TECHDEF_T, CRE_D, CREUSR_CF, LSTUPD_D, LSTUPDUSR_CF, timestamp) values (22,10,102,1,'',82,'RETRO_CATEGORY=''05'' AND LOB=''12''','StringUtils.equals(c.getCtrcatCf(), "05") && StringUtils.equals(c.getLobCf(), "12")',getDate(),'DBEU',getDate(),'DBEU',null)

insert into TSEGMENTRULE2CRI (SGTRULE_NT, SGMT_NF, SGT_NT, SGTVER_NT, SGTCRI_CF, CRE_D, CREUSR_CF) values (22,10,102,1,'RETRO_CATEGORY',getDate(),'DBEU')
insert into TSEGMENTRULE2CRI (SGTRULE_NT, SGMT_NF, SGT_NT, SGTVER_NT, SGTCRI_CF, CRE_D, CREUSR_CF) values (22,10,102,1,'LOB',getDate(),'DBEU')

insert into TSEGMENTRULE (SGTRUL_NT, SGMT_NF, SGT_NT, SGTVER_NT, RULE_LS, RULPRIO_CT, FUNCDEF_T, TECHDEF_T, CRE_D, CREUSR_CF, LSTUPD_D, LSTUPDUSR_CF, timestamp) values (23,10,102,1,'',84,'RETRO_CATEGORY=''05'' AND LOB=''14''','StringUtils.equals(c.getCtrcatCf(), "05") && StringUtils.equals(c.getLobCf(), "14")',getDate(),'DBEU',getDate(),'DBEU',null)

insert into TSEGMENTRULE2CRI (SGTRULE_NT, SGMT_NF, SGT_NT, SGTVER_NT, SGTCRI_CF, CRE_D, CREUSR_CF) values (23,10,102,1,'RETRO_CATEGORY',getDate(),'DBEU')
insert into TSEGMENTRULE2CRI (SGTRULE_NT, SGMT_NF, SGT_NT, SGTVER_NT, SGTCRI_CF, CRE_D, CREUSR_CF) values (23,10,102,1,'LOB',getDate(),'DBEU')

insert into TSEGMENTRULE (SGTRUL_NT, SGMT_NF, SGT_NT, SGTVER_NT, RULE_LS, RULPRIO_CT, FUNCDEF_T, TECHDEF_T, CRE_D, CREUSR_CF, LSTUPD_D, LSTUPDUSR_CF, timestamp) values (24,10,102,1,'',86,'RETRO_CATEGORY=''05'' AND LOB=''20''','StringUtils.equals(c.getCtrcatCf(), "05") && StringUtils.equals(c.getLobCf(), "20")',getDate(),'DBEU',getDate(),'DBEU',null)

insert into TSEGMENTRULE2CRI (SGTRULE_NT, SGMT_NF, SGT_NT, SGTVER_NT, SGTCRI_CF, CRE_D, CREUSR_CF) values (24,10,102,1,'RETRO_CATEGORY',getDate(),'DBEU')
insert into TSEGMENTRULE2CRI (SGTRULE_NT, SGMT_NF, SGT_NT, SGTVER_NT, SGTCRI_CF, CRE_D, CREUSR_CF) values (24,10,102,1,'LOB',getDate(),'DBEU')

insert into TSEGMENTRULE (SGTRUL_NT, SGMT_NF, SGT_NT, SGTVER_NT, RULE_LS, RULPRIO_CT, FUNCDEF_T, TECHDEF_T, CRE_D, CREUSR_CF, LSTUPD_D, LSTUPDUSR_CF, timestamp) values (25,10,102,1,'',108,'RETRO_CATEGORY=''07'' AND LOB=''04''','StringUtils.equals(c.getCtrcatCf(), "07") && StringUtils.equals(c.getLobCf(), "04")',getDate(),'DBEU',getDate(),'DBEU',null)

insert into TSEGMENTRULE2CRI (SGTRULE_NT, SGMT_NF, SGT_NT, SGTVER_NT, SGTCRI_CF, CRE_D, CREUSR_CF) values (25,10,102,1,'RETRO_CATEGORY',getDate(),'DBEU')
insert into TSEGMENTRULE2CRI (SGTRULE_NT, SGMT_NF, SGT_NT, SGTVER_NT, SGTCRI_CF, CRE_D, CREUSR_CF) values (25,10,102,1,'LOB',getDate(),'DBEU')

insert into TSEGMENTRULE (SGTRUL_NT, SGMT_NF, SGT_NT, SGTVER_NT, RULE_LS, RULPRIO_CT, FUNCDEF_T, TECHDEF_T, CRE_D, CREUSR_CF, LSTUPD_D, LSTUPDUSR_CF, timestamp) values (26,10,102,1,'',109,'RETRO_CATEGORY=''07'' AND LOB=''05''','StringUtils.equals(c.getCtrcatCf(), "07") && StringUtils.equals(c.getLobCf(), "05")',getDate(),'DBEU',getDate(),'DBEU',null)

insert into TSEGMENTRULE2CRI (SGTRULE_NT, SGMT_NF, SGT_NT, SGTVER_NT, SGTCRI_CF, CRE_D, CREUSR_CF) values (26,10,102,1,'RETRO_CATEGORY',getDate(),'DBEU')
insert into TSEGMENTRULE2CRI (SGTRULE_NT, SGMT_NF, SGT_NT, SGTVER_NT, SGTCRI_CF, CRE_D, CREUSR_CF) values (26,10,102,1,'LOB',getDate(),'DBEU')

insert into TSEGMENTRULE (SGTRUL_NT, SGMT_NF, SGT_NT, SGTVER_NT, RULE_LS, RULPRIO_CT, FUNCDEF_T, TECHDEF_T, CRE_D, CREUSR_CF, LSTUPD_D, LSTUPDUSR_CF, timestamp) values (27,10,102,1,'',110,'RETRO_CATEGORY=''07'' AND LOB=''06''','StringUtils.equals(c.getCtrcatCf(), "07") && StringUtils.equals(c.getLobCf(), "06")',getDate(),'DBEU',getDate(),'DBEU',null)

insert into TSEGMENTRULE2CRI (SGTRULE_NT, SGMT_NF, SGT_NT, SGTVER_NT, SGTCRI_CF, CRE_D, CREUSR_CF) values (27,10,102,1,'RETRO_CATEGORY',getDate(),'DBEU')
insert into TSEGMENTRULE2CRI (SGTRULE_NT, SGMT_NF, SGT_NT, SGTVER_NT, SGTCRI_CF, CRE_D, CREUSR_CF) values (27,10,102,1,'LOB',getDate(),'DBEU')

insert into TSEGMENTRULE (SGTRUL_NT, SGMT_NF, SGT_NT, SGTVER_NT, RULE_LS, RULPRIO_CT, FUNCDEF_T, TECHDEF_T, CRE_D, CREUSR_CF, LSTUPD_D, LSTUPDUSR_CF, timestamp) values (28,10,102,1,'',116,'RETRO_CATEGORY=''07'' AND LOB=''12''','StringUtils.equals(c.getCtrcatCf(), "07") && StringUtils.equals(c.getLobCf(), "12")',getDate(),'DBEU',getDate(),'DBEU',null)

insert into TSEGMENTRULE2CRI (SGTRULE_NT, SGMT_NF, SGT_NT, SGTVER_NT, SGTCRI_CF, CRE_D, CREUSR_CF) values (28,10,102,1,'RETRO_CATEGORY',getDate(),'DBEU')
insert into TSEGMENTRULE2CRI (SGTRULE_NT, SGMT_NF, SGT_NT, SGTVER_NT, SGTCRI_CF, CRE_D, CREUSR_CF) values (28,10,102,1,'LOB',getDate(),'DBEU')

insert into TSEGMENTRULE (SGTRUL_NT, SGMT_NF, SGT_NT, SGTVER_NT, RULE_LS, RULPRIO_CT, FUNCDEF_T, TECHDEF_T, CRE_D, CREUSR_CF, LSTUPD_D, LSTUPDUSR_CF, timestamp) values (29,10,102,1,'',118,'RETRO_CATEGORY=''07'' AND LOB=''14''','StringUtils.equals(c.getCtrcatCf(), "07") && StringUtils.equals(c.getLobCf(), "14")',getDate(),'DBEU',getDate(),'DBEU',null)

insert into TSEGMENTRULE2CRI (SGTRULE_NT, SGMT_NF, SGT_NT, SGTVER_NT, SGTCRI_CF, CRE_D, CREUSR_CF) values (29,10,102,1,'RETRO_CATEGORY',getDate(),'DBEU')
insert into TSEGMENTRULE2CRI (SGTRULE_NT, SGMT_NF, SGT_NT, SGTVER_NT, SGTCRI_CF, CRE_D, CREUSR_CF) values (29,10,102,1,'LOB',getDate(),'DBEU')

insert into TSEGMENTRULE (SGTRUL_NT, SGMT_NF, SGT_NT, SGTVER_NT, RULE_LS, RULPRIO_CT, FUNCDEF_T, TECHDEF_T, CRE_D, CREUSR_CF, LSTUPD_D, LSTUPDUSR_CF, timestamp) values (30,10,102,1,'',120,'RETRO_CATEGORY=''07'' AND LOB=''20''','StringUtils.equals(c.getCtrcatCf(), "07") && StringUtils.equals(c.getLobCf(), "20")',getDate(),'DBEU',getDate(),'DBEU',null)

insert into TSEGMENTRULE2CRI (SGTRULE_NT, SGMT_NF, SGT_NT, SGTVER_NT, SGTCRI_CF, CRE_D, CREUSR_CF) values (30,10,102,1,'RETRO_CATEGORY',getDate(),'DBEU')
insert into TSEGMENTRULE2CRI (SGTRULE_NT, SGMT_NF, SGT_NT, SGTVER_NT, SGTCRI_CF, CRE_D, CREUSR_CF) values (30,10,102,1,'LOB',getDate(),'DBEU')

insert into TSEGMENTRULE (SGTRUL_NT, SGMT_NF, SGT_NT, SGTVER_NT, RULE_LS, RULPRIO_CT, FUNCDEF_T, TECHDEF_T, CRE_D, CREUSR_CF, LSTUPD_D, LSTUPDUSR_CF, timestamp) values (31,10,102,1,'',125,'RETRO_CATEGORY=''08'' AND LOB=''04''','StringUtils.equals(c.getCtrcatCf(), "08") && StringUtils.equals(c.getLobCf(), "04")',getDate(),'DBEU',getDate(),'DBEU',null)

insert into TSEGMENTRULE2CRI (SGTRULE_NT, SGMT_NF, SGT_NT, SGTVER_NT, SGTCRI_CF, CRE_D, CREUSR_CF) values (31,10,102,1,'RETRO_CATEGORY',getDate(),'DBEU')
insert into TSEGMENTRULE2CRI (SGTRULE_NT, SGMT_NF, SGT_NT, SGTVER_NT, SGTCRI_CF, CRE_D, CREUSR_CF) values (31,10,102,1,'LOB',getDate(),'DBEU')

insert into TSEGMENTRULE (SGTRUL_NT, SGMT_NF, SGT_NT, SGTVER_NT, RULE_LS, RULPRIO_CT, FUNCDEF_T, TECHDEF_T, CRE_D, CREUSR_CF, LSTUPD_D, LSTUPDUSR_CF, timestamp) values (32,10,102,1,'',126,'RETRO_CATEGORY=''08'' AND LOB=''05''','StringUtils.equals(c.getCtrcatCf(), "08") && StringUtils.equals(c.getLobCf(), "05")',getDate(),'DBEU',getDate(),'DBEU',null)

insert into TSEGMENTRULE2CRI (SGTRULE_NT, SGMT_NF, SGT_NT, SGTVER_NT, SGTCRI_CF, CRE_D, CREUSR_CF) values (32,10,102,1,'RETRO_CATEGORY',getDate(),'DBEU')
insert into TSEGMENTRULE2CRI (SGTRULE_NT, SGMT_NF, SGT_NT, SGTVER_NT, SGTCRI_CF, CRE_D, CREUSR_CF) values (32,10,102,1,'LOB',getDate(),'DBEU')

insert into TSEGMENTRULE (SGTRUL_NT, SGMT_NF, SGT_NT, SGTVER_NT, RULE_LS, RULPRIO_CT, FUNCDEF_T, TECHDEF_T, CRE_D, CREUSR_CF, LSTUPD_D, LSTUPDUSR_CF, timestamp) values (33,10,102,1,'',127,'RETRO_CATEGORY=''08'' AND LOB=''06''','StringUtils.equals(c.getCtrcatCf(), "08") && StringUtils.equals(c.getLobCf(), "06")',getDate(),'DBEU',getDate(),'DBEU',null)

insert into TSEGMENTRULE2CRI (SGTRULE_NT, SGMT_NF, SGT_NT, SGTVER_NT, SGTCRI_CF, CRE_D, CREUSR_CF) values (33,10,102,1,'RETRO_CATEGORY',getDate(),'DBEU')
insert into TSEGMENTRULE2CRI (SGTRULE_NT, SGMT_NF, SGT_NT, SGTVER_NT, SGTCRI_CF, CRE_D, CREUSR_CF) values (33,10,102,1,'LOB',getDate(),'DBEU')

insert into TSEGMENTRULE (SGTRUL_NT, SGMT_NF, SGT_NT, SGTVER_NT, RULE_LS, RULPRIO_CT, FUNCDEF_T, TECHDEF_T, CRE_D, CREUSR_CF, LSTUPD_D, LSTUPDUSR_CF, timestamp) values (34,10,102,1,'',133,'RETRO_CATEGORY=''08'' AND LOB=''12''','StringUtils.equals(c.getCtrcatCf(), "08") && StringUtils.equals(c.getLobCf(), "12")',getDate(),'DBEU',getDate(),'DBEU',null)

insert into TSEGMENTRULE2CRI (SGTRULE_NT, SGMT_NF, SGT_NT, SGTVER_NT, SGTCRI_CF, CRE_D, CREUSR_CF) values (34,10,102,1,'RETRO_CATEGORY',getDate(),'DBEU')
insert into TSEGMENTRULE2CRI (SGTRULE_NT, SGMT_NF, SGT_NT, SGTVER_NT, SGTCRI_CF, CRE_D, CREUSR_CF) values (34,10,102,1,'LOB',getDate(),'DBEU')

insert into TSEGMENTRULE (SGTRUL_NT, SGMT_NF, SGT_NT, SGTVER_NT, RULE_LS, RULPRIO_CT, FUNCDEF_T, TECHDEF_T, CRE_D, CREUSR_CF, LSTUPD_D, LSTUPDUSR_CF, timestamp) values (35,10,102,1,'',135,'RETRO_CATEGORY=''08'' AND LOB=''14''','StringUtils.equals(c.getCtrcatCf(), "08") && StringUtils.equals(c.getLobCf(), "14")',getDate(),'DBEU',getDate(),'DBEU',null)

insert into TSEGMENTRULE2CRI (SGTRULE_NT, SGMT_NF, SGT_NT, SGTVER_NT, SGTCRI_CF, CRE_D, CREUSR_CF) values (35,10,102,1,'RETRO_CATEGORY',getDate(),'DBEU')
insert into TSEGMENTRULE2CRI (SGTRULE_NT, SGMT_NF, SGT_NT, SGTVER_NT, SGTCRI_CF, CRE_D, CREUSR_CF) values (35,10,102,1,'LOB',getDate(),'DBEU')

insert into TSEGMENTRULE (SGTRUL_NT, SGMT_NF, SGT_NT, SGTVER_NT, RULE_LS, RULPRIO_CT, FUNCDEF_T, TECHDEF_T, CRE_D, CREUSR_CF, LSTUPD_D, LSTUPDUSR_CF, timestamp) values (36,10,102,1,'',137,'RETRO_CATEGORY=''08'' AND LOB=''20''','StringUtils.equals(c.getCtrcatCf(), "08") && StringUtils.equals(c.getLobCf(), "20")',getDate(),'DBEU',getDate(),'DBEU',null)

insert into TSEGMENTRULE2CRI (SGTRULE_NT, SGMT_NF, SGT_NT, SGTVER_NT, SGTCRI_CF, CRE_D, CREUSR_CF) values (36,10,102,1,'RETRO_CATEGORY',getDate(),'DBEU')
insert into TSEGMENTRULE2CRI (SGTRULE_NT, SGMT_NF, SGT_NT, SGTVER_NT, SGTCRI_CF, CRE_D, CREUSR_CF) values (36,10,102,1,'LOB',getDate(),'DBEU')

go

insert into TSEGMT (SGMT_NF, SGT_NT, SGTVER_NT, SGMT_LS, SGMT_LL, SGTLVL_NT, PARSGMT_CF, BALAIMGT_CT, CRE_D, CREUSR_CF, LSTUPD_D, LSTUPDUSR_CF, timestamp) values (11,102,1,'190','NP Marine aviation transport',0,null,null,getDate(),'DBEU',getDate(),'DBEU',null)

insert into TSEGMENTRULE (SGTRUL_NT, SGMT_NF, SGT_NT, SGTVER_NT, RULE_LS, RULPRIO_CT, FUNCDEF_T, TECHDEF_T, CRE_D, CREUSR_CF, LSTUPD_D, LSTUPDUSR_CF, timestamp) values (1,11,102,1,'',27,'RETRO_CATEGORY=''02'' AND LOB=''08''','StringUtils.equals(c.getCtrcatCf(), "02") && StringUtils.equals(c.getLobCf(), "08")',getDate(),'DBEU',getDate(),'DBEU',null)

insert into TSEGMENTRULE2CRI (SGTRULE_NT, SGMT_NF, SGT_NT, SGTVER_NT, SGTCRI_CF, CRE_D, CREUSR_CF) values (1,11,102,1,'RETRO_CATEGORY',getDate(),'DBEU')
insert into TSEGMENTRULE2CRI (SGTRULE_NT, SGMT_NF, SGT_NT, SGTVER_NT, SGTCRI_CF, CRE_D, CREUSR_CF) values (1,11,102,1,'LOB',getDate(),'DBEU')

insert into TSEGMENTRULE (SGTRUL_NT, SGMT_NF, SGT_NT, SGTVER_NT, RULE_LS, RULPRIO_CT, FUNCDEF_T, TECHDEF_T, CRE_D, CREUSR_CF, LSTUPD_D, LSTUPDUSR_CF, timestamp) values (2,11,102,1,'',28,'RETRO_CATEGORY=''02'' AND LOB=''09''','StringUtils.equals(c.getCtrcatCf(), "02") && StringUtils.equals(c.getLobCf(), "09")',getDate(),'DBEU',getDate(),'DBEU',null)

insert into TSEGMENTRULE2CRI (SGTRULE_NT, SGMT_NF, SGT_NT, SGTVER_NT, SGTCRI_CF, CRE_D, CREUSR_CF) values (2,11,102,1,'RETRO_CATEGORY',getDate(),'DBEU')
insert into TSEGMENTRULE2CRI (SGTRULE_NT, SGMT_NF, SGT_NT, SGTVER_NT, SGTCRI_CF, CRE_D, CREUSR_CF) values (2,11,102,1,'LOB',getDate(),'DBEU')

insert into TSEGMENTRULE (SGTRUL_NT, SGMT_NF, SGT_NT, SGTVER_NT, RULE_LS, RULPRIO_CT, FUNCDEF_T, TECHDEF_T, CRE_D, CREUSR_CF, LSTUPD_D, LSTUPDUSR_CF, timestamp) values (3,11,102,1,'',29,'RETRO_CATEGORY=''02'' AND LOB=''10''','StringUtils.equals(c.getCtrcatCf(), "02") && StringUtils.equals(c.getLobCf(), "10")',getDate(),'DBEU',getDate(),'DBEU',null)

insert into TSEGMENTRULE2CRI (SGTRULE_NT, SGMT_NF, SGT_NT, SGTVER_NT, SGTCRI_CF, CRE_D, CREUSR_CF) values (3,11,102,1,'RETRO_CATEGORY',getDate(),'DBEU')
insert into TSEGMENTRULE2CRI (SGTRULE_NT, SGMT_NF, SGT_NT, SGTVER_NT, SGTCRI_CF, CRE_D, CREUSR_CF) values (3,11,102,1,'LOB',getDate(),'DBEU')

insert into TSEGMENTRULE (SGTRUL_NT, SGMT_NF, SGT_NT, SGTVER_NT, RULE_LS, RULPRIO_CT, FUNCDEF_T, TECHDEF_T, CRE_D, CREUSR_CF, LSTUPD_D, LSTUPDUSR_CF, timestamp) values (4,11,102,1,'',30,'RETRO_CATEGORY=''02'' AND LOB=''11''','StringUtils.equals(c.getCtrcatCf(), "02") && StringUtils.equals(c.getLobCf(), "11")',getDate(),'DBEU',getDate(),'DBEU',null)

insert into TSEGMENTRULE2CRI (SGTRULE_NT, SGMT_NF, SGT_NT, SGTVER_NT, SGTCRI_CF, CRE_D, CREUSR_CF) values (4,11,102,1,'RETRO_CATEGORY',getDate(),'DBEU')
insert into TSEGMENTRULE2CRI (SGTRULE_NT, SGMT_NF, SGT_NT, SGTVER_NT, SGTCRI_CF, CRE_D, CREUSR_CF) values (4,11,102,1,'LOB',getDate(),'DBEU')

insert into TSEGMENTRULE (SGTRUL_NT, SGMT_NF, SGT_NT, SGTVER_NT, RULE_LS, RULPRIO_CT, FUNCDEF_T, TECHDEF_T, CRE_D, CREUSR_CF, LSTUPD_D, LSTUPDUSR_CF, timestamp) values (5,11,102,1,'',44,'RETRO_CATEGORY=''03'' AND LOB=''08''','StringUtils.equals(c.getCtrcatCf(), "03") && StringUtils.equals(c.getLobCf(), "08")',getDate(),'DBEU',getDate(),'DBEU',null)

insert into TSEGMENTRULE2CRI (SGTRULE_NT, SGMT_NF, SGT_NT, SGTVER_NT, SGTCRI_CF, CRE_D, CREUSR_CF) values (5,11,102,1,'RETRO_CATEGORY',getDate(),'DBEU')
insert into TSEGMENTRULE2CRI (SGTRULE_NT, SGMT_NF, SGT_NT, SGTVER_NT, SGTCRI_CF, CRE_D, CREUSR_CF) values (5,11,102,1,'LOB',getDate(),'DBEU')

insert into TSEGMENTRULE (SGTRUL_NT, SGMT_NF, SGT_NT, SGTVER_NT, RULE_LS, RULPRIO_CT, FUNCDEF_T, TECHDEF_T, CRE_D, CREUSR_CF, LSTUPD_D, LSTUPDUSR_CF, timestamp) values (6,11,102,1,'',45,'RETRO_CATEGORY=''03'' AND LOB=''09''','StringUtils.equals(c.getCtrcatCf(), "03") && StringUtils.equals(c.getLobCf(), "09")',getDate(),'DBEU',getDate(),'DBEU',null)

insert into TSEGMENTRULE2CRI (SGTRULE_NT, SGMT_NF, SGT_NT, SGTVER_NT, SGTCRI_CF, CRE_D, CREUSR_CF) values (6,11,102,1,'RETRO_CATEGORY',getDate(),'DBEU')
insert into TSEGMENTRULE2CRI (SGTRULE_NT, SGMT_NF, SGT_NT, SGTVER_NT, SGTCRI_CF, CRE_D, CREUSR_CF) values (6,11,102,1,'LOB',getDate(),'DBEU')

insert into TSEGMENTRULE (SGTRUL_NT, SGMT_NF, SGT_NT, SGTVER_NT, RULE_LS, RULPRIO_CT, FUNCDEF_T, TECHDEF_T, CRE_D, CREUSR_CF, LSTUPD_D, LSTUPDUSR_CF, timestamp) values (7,11,102,1,'',46,'RETRO_CATEGORY=''03'' AND LOB=''10''','StringUtils.equals(c.getCtrcatCf(), "03") && StringUtils.equals(c.getLobCf(), "10")',getDate(),'DBEU',getDate(),'DBEU',null)

insert into TSEGMENTRULE2CRI (SGTRULE_NT, SGMT_NF, SGT_NT, SGTVER_NT, SGTCRI_CF, CRE_D, CREUSR_CF) values (7,11,102,1,'RETRO_CATEGORY',getDate(),'DBEU')
insert into TSEGMENTRULE2CRI (SGTRULE_NT, SGMT_NF, SGT_NT, SGTVER_NT, SGTCRI_CF, CRE_D, CREUSR_CF) values (7,11,102,1,'LOB',getDate(),'DBEU')

insert into TSEGMENTRULE (SGTRUL_NT, SGMT_NF, SGT_NT, SGTVER_NT, RULE_LS, RULPRIO_CT, FUNCDEF_T, TECHDEF_T, CRE_D, CREUSR_CF, LSTUPD_D, LSTUPDUSR_CF, timestamp) values (8,11,102,1,'',47,'RETRO_CATEGORY=''03'' AND LOB=''11''','StringUtils.equals(c.getCtrcatCf(), "03") && StringUtils.equals(c.getLobCf(), "11")',getDate(),'DBEU',getDate(),'DBEU',null)

insert into TSEGMENTRULE2CRI (SGTRULE_NT, SGMT_NF, SGT_NT, SGTVER_NT, SGTCRI_CF, CRE_D, CREUSR_CF) values (8,11,102,1,'RETRO_CATEGORY',getDate(),'DBEU')
insert into TSEGMENTRULE2CRI (SGTRULE_NT, SGMT_NF, SGT_NT, SGTVER_NT, SGTCRI_CF, CRE_D, CREUSR_CF) values (8,11,102,1,'LOB',getDate(),'DBEU')

insert into TSEGMENTRULE (SGTRUL_NT, SGMT_NF, SGT_NT, SGTVER_NT, RULE_LS, RULPRIO_CT, FUNCDEF_T, TECHDEF_T, CRE_D, CREUSR_CF, LSTUPD_D, LSTUPDUSR_CF, timestamp) values (9,11,102,1,'',61,'RETRO_CATEGORY=''04'' AND LOB=''08''','StringUtils.equals(c.getCtrcatCf(), "04") && StringUtils.equals(c.getLobCf(), "08")',getDate(),'DBEU',getDate(),'DBEU',null)

insert into TSEGMENTRULE2CRI (SGTRULE_NT, SGMT_NF, SGT_NT, SGTVER_NT, SGTCRI_CF, CRE_D, CREUSR_CF) values (9,11,102,1,'RETRO_CATEGORY',getDate(),'DBEU')
insert into TSEGMENTRULE2CRI (SGTRULE_NT, SGMT_NF, SGT_NT, SGTVER_NT, SGTCRI_CF, CRE_D, CREUSR_CF) values (9,11,102,1,'LOB',getDate(),'DBEU')

insert into TSEGMENTRULE (SGTRUL_NT, SGMT_NF, SGT_NT, SGTVER_NT, RULE_LS, RULPRIO_CT, FUNCDEF_T, TECHDEF_T, CRE_D, CREUSR_CF, LSTUPD_D, LSTUPDUSR_CF, timestamp) values (10,11,102,1,'',62,'RETRO_CATEGORY=''04'' AND LOB=''09''','StringUtils.equals(c.getCtrcatCf(), "04") && StringUtils.equals(c.getLobCf(), "09")',getDate(),'DBEU',getDate(),'DBEU',null)

insert into TSEGMENTRULE2CRI (SGTRULE_NT, SGMT_NF, SGT_NT, SGTVER_NT, SGTCRI_CF, CRE_D, CREUSR_CF) values (10,11,102,1,'RETRO_CATEGORY',getDate(),'DBEU')
insert into TSEGMENTRULE2CRI (SGTRULE_NT, SGMT_NF, SGT_NT, SGTVER_NT, SGTCRI_CF, CRE_D, CREUSR_CF) values (10,11,102,1,'LOB',getDate(),'DBEU')

insert into TSEGMENTRULE (SGTRUL_NT, SGMT_NF, SGT_NT, SGTVER_NT, RULE_LS, RULPRIO_CT, FUNCDEF_T, TECHDEF_T, CRE_D, CREUSR_CF, LSTUPD_D, LSTUPDUSR_CF, timestamp) values (11,11,102,1,'',63,'RETRO_CATEGORY=''04'' AND LOB=''10''','StringUtils.equals(c.getCtrcatCf(), "04") && StringUtils.equals(c.getLobCf(), "10")',getDate(),'DBEU',getDate(),'DBEU',null)

insert into TSEGMENTRULE2CRI (SGTRULE_NT, SGMT_NF, SGT_NT, SGTVER_NT, SGTCRI_CF, CRE_D, CREUSR_CF) values (11,11,102,1,'RETRO_CATEGORY',getDate(),'DBEU')
insert into TSEGMENTRULE2CRI (SGTRULE_NT, SGMT_NF, SGT_NT, SGTVER_NT, SGTCRI_CF, CRE_D, CREUSR_CF) values (11,11,102,1,'LOB',getDate(),'DBEU')

insert into TSEGMENTRULE (SGTRUL_NT, SGMT_NF, SGT_NT, SGTVER_NT, RULE_LS, RULPRIO_CT, FUNCDEF_T, TECHDEF_T, CRE_D, CREUSR_CF, LSTUPD_D, LSTUPDUSR_CF, timestamp) values (12,11,102,1,'',64,'RETRO_CATEGORY=''04'' AND LOB=''11''','StringUtils.equals(c.getCtrcatCf(), "04") && StringUtils.equals(c.getLobCf(), "11")',getDate(),'DBEU',getDate(),'DBEU',null)

insert into TSEGMENTRULE2CRI (SGTRULE_NT, SGMT_NF, SGT_NT, SGTVER_NT, SGTCRI_CF, CRE_D, CREUSR_CF) values (12,11,102,1,'RETRO_CATEGORY',getDate(),'DBEU')
insert into TSEGMENTRULE2CRI (SGTRULE_NT, SGMT_NF, SGT_NT, SGTVER_NT, SGTCRI_CF, CRE_D, CREUSR_CF) values (12,11,102,1,'LOB',getDate(),'DBEU')

insert into TSEGMENTRULE (SGTRUL_NT, SGMT_NF, SGT_NT, SGTVER_NT, RULE_LS, RULPRIO_CT, FUNCDEF_T, TECHDEF_T, CRE_D, CREUSR_CF, LSTUPD_D, LSTUPDUSR_CF, timestamp) values (13,11,102,1,'',78,'RETRO_CATEGORY=''05'' AND LOB=''08''','StringUtils.equals(c.getCtrcatCf(), "05") && StringUtils.equals(c.getLobCf(), "08")',getDate(),'DBEU',getDate(),'DBEU',null)

insert into TSEGMENTRULE2CRI (SGTRULE_NT, SGMT_NF, SGT_NT, SGTVER_NT, SGTCRI_CF, CRE_D, CREUSR_CF) values (13,11,102,1,'RETRO_CATEGORY',getDate(),'DBEU')
insert into TSEGMENTRULE2CRI (SGTRULE_NT, SGMT_NF, SGT_NT, SGTVER_NT, SGTCRI_CF, CRE_D, CREUSR_CF) values (13,11,102,1,'LOB',getDate(),'DBEU')

insert into TSEGMENTRULE (SGTRUL_NT, SGMT_NF, SGT_NT, SGTVER_NT, RULE_LS, RULPRIO_CT, FUNCDEF_T, TECHDEF_T, CRE_D, CREUSR_CF, LSTUPD_D, LSTUPDUSR_CF, timestamp) values (14,11,102,1,'',79,'RETRO_CATEGORY=''05'' AND LOB=''09''','StringUtils.equals(c.getCtrcatCf(), "05") && StringUtils.equals(c.getLobCf(), "09")',getDate(),'DBEU',getDate(),'DBEU',null)

insert into TSEGMENTRULE2CRI (SGTRULE_NT, SGMT_NF, SGT_NT, SGTVER_NT, SGTCRI_CF, CRE_D, CREUSR_CF) values (14,11,102,1,'RETRO_CATEGORY',getDate(),'DBEU')
insert into TSEGMENTRULE2CRI (SGTRULE_NT, SGMT_NF, SGT_NT, SGTVER_NT, SGTCRI_CF, CRE_D, CREUSR_CF) values (14,11,102,1,'LOB',getDate(),'DBEU')

insert into TSEGMENTRULE (SGTRUL_NT, SGMT_NF, SGT_NT, SGTVER_NT, RULE_LS, RULPRIO_CT, FUNCDEF_T, TECHDEF_T, CRE_D, CREUSR_CF, LSTUPD_D, LSTUPDUSR_CF, timestamp) values (15,11,102,1,'',80,'RETRO_CATEGORY=''05'' AND LOB=''10''','StringUtils.equals(c.getCtrcatCf(), "05") && StringUtils.equals(c.getLobCf(), "10")',getDate(),'DBEU',getDate(),'DBEU',null)

insert into TSEGMENTRULE2CRI (SGTRULE_NT, SGMT_NF, SGT_NT, SGTVER_NT, SGTCRI_CF, CRE_D, CREUSR_CF) values (15,11,102,1,'RETRO_CATEGORY',getDate(),'DBEU')
insert into TSEGMENTRULE2CRI (SGTRULE_NT, SGMT_NF, SGT_NT, SGTVER_NT, SGTCRI_CF, CRE_D, CREUSR_CF) values (15,11,102,1,'LOB',getDate(),'DBEU')

insert into TSEGMENTRULE (SGTRUL_NT, SGMT_NF, SGT_NT, SGTVER_NT, RULE_LS, RULPRIO_CT, FUNCDEF_T, TECHDEF_T, CRE_D, CREUSR_CF, LSTUPD_D, LSTUPDUSR_CF, timestamp) values (16,11,102,1,'',81,'RETRO_CATEGORY=''05'' AND LOB=''11''','StringUtils.equals(c.getCtrcatCf(), "05") && StringUtils.equals(c.getLobCf(), "11")',getDate(),'DBEU',getDate(),'DBEU',null)

insert into TSEGMENTRULE2CRI (SGTRULE_NT, SGMT_NF, SGT_NT, SGTVER_NT, SGTCRI_CF, CRE_D, CREUSR_CF) values (16,11,102,1,'RETRO_CATEGORY',getDate(),'DBEU')
insert into TSEGMENTRULE2CRI (SGTRULE_NT, SGMT_NF, SGT_NT, SGTVER_NT, SGTCRI_CF, CRE_D, CREUSR_CF) values (16,11,102,1,'LOB',getDate(),'DBEU')

insert into TSEGMENTRULE (SGTRUL_NT, SGMT_NF, SGT_NT, SGTVER_NT, RULE_LS, RULPRIO_CT, FUNCDEF_T, TECHDEF_T, CRE_D, CREUSR_CF, LSTUPD_D, LSTUPDUSR_CF, timestamp) values (17,11,102,1,'',112,'RETRO_CATEGORY=''07'' AND LOB=''08''','StringUtils.equals(c.getCtrcatCf(), "07") && StringUtils.equals(c.getLobCf(), "08")',getDate(),'DBEU',getDate(),'DBEU',null)

insert into TSEGMENTRULE2CRI (SGTRULE_NT, SGMT_NF, SGT_NT, SGTVER_NT, SGTCRI_CF, CRE_D, CREUSR_CF) values (17,11,102,1,'RETRO_CATEGORY',getDate(),'DBEU')
insert into TSEGMENTRULE2CRI (SGTRULE_NT, SGMT_NF, SGT_NT, SGTVER_NT, SGTCRI_CF, CRE_D, CREUSR_CF) values (17,11,102,1,'LOB',getDate(),'DBEU')

insert into TSEGMENTRULE (SGTRUL_NT, SGMT_NF, SGT_NT, SGTVER_NT, RULE_LS, RULPRIO_CT, FUNCDEF_T, TECHDEF_T, CRE_D, CREUSR_CF, LSTUPD_D, LSTUPDUSR_CF, timestamp) values (18,11,102,1,'',113,'RETRO_CATEGORY=''07'' AND LOB=''09''','StringUtils.equals(c.getCtrcatCf(), "07") && StringUtils.equals(c.getLobCf(), "09")',getDate(),'DBEU',getDate(),'DBEU',null)

insert into TSEGMENTRULE2CRI (SGTRULE_NT, SGMT_NF, SGT_NT, SGTVER_NT, SGTCRI_CF, CRE_D, CREUSR_CF) values (18,11,102,1,'RETRO_CATEGORY',getDate(),'DBEU')
insert into TSEGMENTRULE2CRI (SGTRULE_NT, SGMT_NF, SGT_NT, SGTVER_NT, SGTCRI_CF, CRE_D, CREUSR_CF) values (18,11,102,1,'LOB',getDate(),'DBEU')

insert into TSEGMENTRULE (SGTRUL_NT, SGMT_NF, SGT_NT, SGTVER_NT, RULE_LS, RULPRIO_CT, FUNCDEF_T, TECHDEF_T, CRE_D, CREUSR_CF, LSTUPD_D, LSTUPDUSR_CF, timestamp) values (19,11,102,1,'',114,'RETRO_CATEGORY=''07'' AND LOB=''10''','StringUtils.equals(c.getCtrcatCf(), "07") && StringUtils.equals(c.getLobCf(), "10")',getDate(),'DBEU',getDate(),'DBEU',null)

insert into TSEGMENTRULE2CRI (SGTRULE_NT, SGMT_NF, SGT_NT, SGTVER_NT, SGTCRI_CF, CRE_D, CREUSR_CF) values (19,11,102,1,'RETRO_CATEGORY',getDate(),'DBEU')
insert into TSEGMENTRULE2CRI (SGTRULE_NT, SGMT_NF, SGT_NT, SGTVER_NT, SGTCRI_CF, CRE_D, CREUSR_CF) values (19,11,102,1,'LOB',getDate(),'DBEU')

insert into TSEGMENTRULE (SGTRUL_NT, SGMT_NF, SGT_NT, SGTVER_NT, RULE_LS, RULPRIO_CT, FUNCDEF_T, TECHDEF_T, CRE_D, CREUSR_CF, LSTUPD_D, LSTUPDUSR_CF, timestamp) values (20,11,102,1,'',115,'RETRO_CATEGORY=''07'' AND LOB=''11''','StringUtils.equals(c.getCtrcatCf(), "07") && StringUtils.equals(c.getLobCf(), "11")',getDate(),'DBEU',getDate(),'DBEU',null)

insert into TSEGMENTRULE2CRI (SGTRULE_NT, SGMT_NF, SGT_NT, SGTVER_NT, SGTCRI_CF, CRE_D, CREUSR_CF) values (20,11,102,1,'RETRO_CATEGORY',getDate(),'DBEU')
insert into TSEGMENTRULE2CRI (SGTRULE_NT, SGMT_NF, SGT_NT, SGTVER_NT, SGTCRI_CF, CRE_D, CREUSR_CF) values (20,11,102,1,'LOB',getDate(),'DBEU')

insert into TSEGMENTRULE (SGTRUL_NT, SGMT_NF, SGT_NT, SGTVER_NT, RULE_LS, RULPRIO_CT, FUNCDEF_T, TECHDEF_T, CRE_D, CREUSR_CF, LSTUPD_D, LSTUPDUSR_CF, timestamp) values (21,11,102,1,'',129,'RETRO_CATEGORY=''08'' AND LOB=''08''','StringUtils.equals(c.getCtrcatCf(), "08") && StringUtils.equals(c.getLobCf(), "08")',getDate(),'DBEU',getDate(),'DBEU',null)

insert into TSEGMENTRULE2CRI (SGTRULE_NT, SGMT_NF, SGT_NT, SGTVER_NT, SGTCRI_CF, CRE_D, CREUSR_CF) values (21,11,102,1,'RETRO_CATEGORY',getDate(),'DBEU')
insert into TSEGMENTRULE2CRI (SGTRULE_NT, SGMT_NF, SGT_NT, SGTVER_NT, SGTCRI_CF, CRE_D, CREUSR_CF) values (21,11,102,1,'LOB',getDate(),'DBEU')

insert into TSEGMENTRULE (SGTRUL_NT, SGMT_NF, SGT_NT, SGTVER_NT, RULE_LS, RULPRIO_CT, FUNCDEF_T, TECHDEF_T, CRE_D, CREUSR_CF, LSTUPD_D, LSTUPDUSR_CF, timestamp) values (22,11,102,1,'',130,'RETRO_CATEGORY=''08'' AND LOB=''09''','StringUtils.equals(c.getCtrcatCf(), "08") && StringUtils.equals(c.getLobCf(), "09")',getDate(),'DBEU',getDate(),'DBEU',null)

insert into TSEGMENTRULE2CRI (SGTRULE_NT, SGMT_NF, SGT_NT, SGTVER_NT, SGTCRI_CF, CRE_D, CREUSR_CF) values (22,11,102,1,'RETRO_CATEGORY',getDate(),'DBEU')
insert into TSEGMENTRULE2CRI (SGTRULE_NT, SGMT_NF, SGT_NT, SGTVER_NT, SGTCRI_CF, CRE_D, CREUSR_CF) values (22,11,102,1,'LOB',getDate(),'DBEU')

insert into TSEGMENTRULE (SGTRUL_NT, SGMT_NF, SGT_NT, SGTVER_NT, RULE_LS, RULPRIO_CT, FUNCDEF_T, TECHDEF_T, CRE_D, CREUSR_CF, LSTUPD_D, LSTUPDUSR_CF, timestamp) values (23,11,102,1,'',131,'RETRO_CATEGORY=''08'' AND LOB=''10''','StringUtils.equals(c.getCtrcatCf(), "08") && StringUtils.equals(c.getLobCf(), "10")',getDate(),'DBEU',getDate(),'DBEU',null)

insert into TSEGMENTRULE2CRI (SGTRULE_NT, SGMT_NF, SGT_NT, SGTVER_NT, SGTCRI_CF, CRE_D, CREUSR_CF) values (23,11,102,1,'RETRO_CATEGORY',getDate(),'DBEU')
insert into TSEGMENTRULE2CRI (SGTRULE_NT, SGMT_NF, SGT_NT, SGTVER_NT, SGTCRI_CF, CRE_D, CREUSR_CF) values (23,11,102,1,'LOB',getDate(),'DBEU')

insert into TSEGMENTRULE (SGTRUL_NT, SGMT_NF, SGT_NT, SGTVER_NT, RULE_LS, RULPRIO_CT, FUNCDEF_T, TECHDEF_T, CRE_D, CREUSR_CF, LSTUPD_D, LSTUPDUSR_CF, timestamp) values (24,11,102,1,'',132,'RETRO_CATEGORY=''08'' AND LOB=''11''','StringUtils.equals(c.getCtrcatCf(), "08") && StringUtils.equals(c.getLobCf(), "11")',getDate(),'DBEU',getDate(),'DBEU',null)

insert into TSEGMENTRULE2CRI (SGTRULE_NT, SGMT_NF, SGT_NT, SGTVER_NT, SGTCRI_CF, CRE_D, CREUSR_CF) values (24,11,102,1,'RETRO_CATEGORY',getDate(),'DBEU')
insert into TSEGMENTRULE2CRI (SGTRULE_NT, SGMT_NF, SGT_NT, SGTVER_NT, SGTCRI_CF, CRE_D, CREUSR_CF) values (24,11,102,1,'LOB',getDate(),'DBEU')

go

insert into TSEGMT (SGMT_NF, SGT_NT, SGTVER_NT, SGMT_LS, SGMT_LL, SGTLVL_NT, PARSGMT_CF, BALAIMGT_CT, CRE_D, CREUSR_CF, LSTUPD_D, LSTUPDUSR_CF, timestamp) values (12,102,1,'180','NP Health reinsurance',0,null,null,getDate(),'DBEU',getDate(),'DBEU',null)

insert into TSEGMENTRULE (SGTRUL_NT, SGMT_NF, SGT_NT, SGTVER_NT, RULE_LS, RULPRIO_CT, FUNCDEF_T, TECHDEF_T, CRE_D, CREUSR_CF, LSTUPD_D, LSTUPDUSR_CF, timestamp) values (1,12,102,1,'',32,'RETRO_CATEGORY=''02'' AND LOB=''13''','StringUtils.equals(c.getCtrcatCf(), "02") && StringUtils.equals(c.getLobCf(), "13")',getDate(),'DBEU',getDate(),'DBEU',null)

insert into TSEGMENTRULE2CRI (SGTRULE_NT, SGMT_NF, SGT_NT, SGTVER_NT, SGTCRI_CF, CRE_D, CREUSR_CF) values (1,12,102,1,'RETRO_CATEGORY',getDate(),'DBEU')
insert into TSEGMENTRULE2CRI (SGTRULE_NT, SGMT_NF, SGT_NT, SGTVER_NT, SGTCRI_CF, CRE_D, CREUSR_CF) values (1,12,102,1,'LOB',getDate(),'DBEU')

insert into TSEGMENTRULE (SGTRUL_NT, SGMT_NF, SGT_NT, SGTVER_NT, RULE_LS, RULPRIO_CT, FUNCDEF_T, TECHDEF_T, CRE_D, CREUSR_CF, LSTUPD_D, LSTUPDUSR_CF, timestamp) values (2,12,102,1,'',36,'RETRO_CATEGORY=''02'' AND LOB=''22''','StringUtils.equals(c.getCtrcatCf(), "02") && StringUtils.equals(c.getLobCf(), "22")',getDate(),'DBEU',getDate(),'DBEU',null)

insert into TSEGMENTRULE2CRI (SGTRULE_NT, SGMT_NF, SGT_NT, SGTVER_NT, SGTCRI_CF, CRE_D, CREUSR_CF) values (2,12,102,1,'RETRO_CATEGORY',getDate(),'DBEU')
insert into TSEGMENTRULE2CRI (SGTRULE_NT, SGMT_NF, SGT_NT, SGTVER_NT, SGTCRI_CF, CRE_D, CREUSR_CF) values (2,12,102,1,'LOB',getDate(),'DBEU')

insert into TSEGMENTRULE (SGTRUL_NT, SGMT_NF, SGT_NT, SGTVER_NT, RULE_LS, RULPRIO_CT, FUNCDEF_T, TECHDEF_T, CRE_D, CREUSR_CF, LSTUPD_D, LSTUPDUSR_CF, timestamp) values (3,12,102,1,'',49,'RETRO_CATEGORY=''03'' AND LOB=''13''','StringUtils.equals(c.getCtrcatCf(), "03") && StringUtils.equals(c.getLobCf(), "13")',getDate(),'DBEU',getDate(),'DBEU',null)

insert into TSEGMENTRULE2CRI (SGTRULE_NT, SGMT_NF, SGT_NT, SGTVER_NT, SGTCRI_CF, CRE_D, CREUSR_CF) values (3,12,102,1,'RETRO_CATEGORY',getDate(),'DBEU')
insert into TSEGMENTRULE2CRI (SGTRULE_NT, SGMT_NF, SGT_NT, SGTVER_NT, SGTCRI_CF, CRE_D, CREUSR_CF) values (3,12,102,1,'LOB',getDate(),'DBEU')

insert into TSEGMENTRULE (SGTRUL_NT, SGMT_NF, SGT_NT, SGTVER_NT, RULE_LS, RULPRIO_CT, FUNCDEF_T, TECHDEF_T, CRE_D, CREUSR_CF, LSTUPD_D, LSTUPDUSR_CF, timestamp) values (4,12,102,1,'',53,'RETRO_CATEGORY=''03'' AND LOB=''22''','StringUtils.equals(c.getCtrcatCf(), "03") && StringUtils.equals(c.getLobCf(), "22")',getDate(),'DBEU',getDate(),'DBEU',null)

insert into TSEGMENTRULE2CRI (SGTRULE_NT, SGMT_NF, SGT_NT, SGTVER_NT, SGTCRI_CF, CRE_D, CREUSR_CF) values (4,12,102,1,'RETRO_CATEGORY',getDate(),'DBEU')
insert into TSEGMENTRULE2CRI (SGTRULE_NT, SGMT_NF, SGT_NT, SGTVER_NT, SGTCRI_CF, CRE_D, CREUSR_CF) values (4,12,102,1,'LOB',getDate(),'DBEU')

insert into TSEGMENTRULE (SGTRUL_NT, SGMT_NF, SGT_NT, SGTVER_NT, RULE_LS, RULPRIO_CT, FUNCDEF_T, TECHDEF_T, CRE_D, CREUSR_CF, LSTUPD_D, LSTUPDUSR_CF, timestamp) values (5,12,102,1,'',66,'RETRO_CATEGORY=''04'' AND LOB=''13''','StringUtils.equals(c.getCtrcatCf(), "04") && StringUtils.equals(c.getLobCf(), "13")',getDate(),'DBEU',getDate(),'DBEU',null)

insert into TSEGMENTRULE2CRI (SGTRULE_NT, SGMT_NF, SGT_NT, SGTVER_NT, SGTCRI_CF, CRE_D, CREUSR_CF) values (5,12,102,1,'RETRO_CATEGORY',getDate(),'DBEU')
insert into TSEGMENTRULE2CRI (SGTRULE_NT, SGMT_NF, SGT_NT, SGTVER_NT, SGTCRI_CF, CRE_D, CREUSR_CF) values (5,12,102,1,'LOB',getDate(),'DBEU')

insert into TSEGMENTRULE (SGTRUL_NT, SGMT_NF, SGT_NT, SGTVER_NT, RULE_LS, RULPRIO_CT, FUNCDEF_T, TECHDEF_T, CRE_D, CREUSR_CF, LSTUPD_D, LSTUPDUSR_CF, timestamp) values (6,12,102,1,'',70,'RETRO_CATEGORY=''04'' AND LOB=''22''','StringUtils.equals(c.getCtrcatCf(), "04") && StringUtils.equals(c.getLobCf(), "22")',getDate(),'DBEU',getDate(),'DBEU',null)

insert into TSEGMENTRULE2CRI (SGTRULE_NT, SGMT_NF, SGT_NT, SGTVER_NT, SGTCRI_CF, CRE_D, CREUSR_CF) values (6,12,102,1,'RETRO_CATEGORY',getDate(),'DBEU')
insert into TSEGMENTRULE2CRI (SGTRULE_NT, SGMT_NF, SGT_NT, SGTVER_NT, SGTCRI_CF, CRE_D, CREUSR_CF) values (6,12,102,1,'LOB',getDate(),'DBEU')

insert into TSEGMENTRULE (SGTRUL_NT, SGMT_NF, SGT_NT, SGTVER_NT, RULE_LS, RULPRIO_CT, FUNCDEF_T, TECHDEF_T, CRE_D, CREUSR_CF, LSTUPD_D, LSTUPDUSR_CF, timestamp) values (7,12,102,1,'',83,'RETRO_CATEGORY=''05'' AND LOB=''13''','StringUtils.equals(c.getCtrcatCf(), "05") && StringUtils.equals(c.getLobCf(), "13")',getDate(),'DBEU',getDate(),'DBEU',null)

insert into TSEGMENTRULE2CRI (SGTRULE_NT, SGMT_NF, SGT_NT, SGTVER_NT, SGTCRI_CF, CRE_D, CREUSR_CF) values (7,12,102,1,'RETRO_CATEGORY',getDate(),'DBEU')
insert into TSEGMENTRULE2CRI (SGTRULE_NT, SGMT_NF, SGT_NT, SGTVER_NT, SGTCRI_CF, CRE_D, CREUSR_CF) values (7,12,102,1,'LOB',getDate(),'DBEU')

insert into TSEGMENTRULE (SGTRUL_NT, SGMT_NF, SGT_NT, SGTVER_NT, RULE_LS, RULPRIO_CT, FUNCDEF_T, TECHDEF_T, CRE_D, CREUSR_CF, LSTUPD_D, LSTUPDUSR_CF, timestamp) values (8,12,102,1,'',87,'RETRO_CATEGORY=''05'' AND LOB=''22''','StringUtils.equals(c.getCtrcatCf(), "05") && StringUtils.equals(c.getLobCf(), "22")',getDate(),'DBEU',getDate(),'DBEU',null)

insert into TSEGMENTRULE2CRI (SGTRULE_NT, SGMT_NF, SGT_NT, SGTVER_NT, SGTCRI_CF, CRE_D, CREUSR_CF) values (8,12,102,1,'RETRO_CATEGORY',getDate(),'DBEU')
insert into TSEGMENTRULE2CRI (SGTRULE_NT, SGMT_NF, SGT_NT, SGTVER_NT, SGTCRI_CF, CRE_D, CREUSR_CF) values (8,12,102,1,'LOB',getDate(),'DBEU')

insert into TSEGMENTRULE (SGTRUL_NT, SGMT_NF, SGT_NT, SGTVER_NT, RULE_LS, RULPRIO_CT, FUNCDEF_T, TECHDEF_T, CRE_D, CREUSR_CF, LSTUPD_D, LSTUPDUSR_CF, timestamp) values (9,12,102,1,'',117,'RETRO_CATEGORY=''07'' AND LOB=''13''','StringUtils.equals(c.getCtrcatCf(), "07") && StringUtils.equals(c.getLobCf(), "13")',getDate(),'DBEU',getDate(),'DBEU',null)

insert into TSEGMENTRULE2CRI (SGTRULE_NT, SGMT_NF, SGT_NT, SGTVER_NT, SGTCRI_CF, CRE_D, CREUSR_CF) values (9,12,102,1,'RETRO_CATEGORY',getDate(),'DBEU')
insert into TSEGMENTRULE2CRI (SGTRULE_NT, SGMT_NF, SGT_NT, SGTVER_NT, SGTCRI_CF, CRE_D, CREUSR_CF) values (9,12,102,1,'LOB',getDate(),'DBEU')

insert into TSEGMENTRULE (SGTRUL_NT, SGMT_NF, SGT_NT, SGTVER_NT, RULE_LS, RULPRIO_CT, FUNCDEF_T, TECHDEF_T, CRE_D, CREUSR_CF, LSTUPD_D, LSTUPDUSR_CF, timestamp) values (10,12,102,1,'',121,'RETRO_CATEGORY=''07'' AND LOB=''22''','StringUtils.equals(c.getCtrcatCf(), "07") && StringUtils.equals(c.getLobCf(), "22")',getDate(),'DBEU',getDate(),'DBEU',null)

insert into TSEGMENTRULE2CRI (SGTRULE_NT, SGMT_NF, SGT_NT, SGTVER_NT, SGTCRI_CF, CRE_D, CREUSR_CF) values (10,12,102,1,'RETRO_CATEGORY',getDate(),'DBEU')
insert into TSEGMENTRULE2CRI (SGTRULE_NT, SGMT_NF, SGT_NT, SGTVER_NT, SGTCRI_CF, CRE_D, CREUSR_CF) values (10,12,102,1,'LOB',getDate(),'DBEU')

insert into TSEGMENTRULE (SGTRUL_NT, SGMT_NF, SGT_NT, SGTVER_NT, RULE_LS, RULPRIO_CT, FUNCDEF_T, TECHDEF_T, CRE_D, CREUSR_CF, LSTUPD_D, LSTUPDUSR_CF, timestamp) values (11,12,102,1,'',134,'RETRO_CATEGORY=''08'' AND LOB=''13''','StringUtils.equals(c.getCtrcatCf(), "08") && StringUtils.equals(c.getLobCf(), "13")',getDate(),'DBEU',getDate(),'DBEU',null)

insert into TSEGMENTRULE2CRI (SGTRULE_NT, SGMT_NF, SGT_NT, SGTVER_NT, SGTCRI_CF, CRE_D, CREUSR_CF) values (11,12,102,1,'RETRO_CATEGORY',getDate(),'DBEU')
insert into TSEGMENTRULE2CRI (SGTRULE_NT, SGMT_NF, SGT_NT, SGTVER_NT, SGTCRI_CF, CRE_D, CREUSR_CF) values (11,12,102,1,'LOB',getDate(),'DBEU')

insert into TSEGMENTRULE (SGTRUL_NT, SGMT_NF, SGT_NT, SGTVER_NT, RULE_LS, RULPRIO_CT, FUNCDEF_T, TECHDEF_T, CRE_D, CREUSR_CF, LSTUPD_D, LSTUPDUSR_CF, timestamp) values (12,12,102,1,'',138,'RETRO_CATEGORY=''08'' AND LOB=''22''','StringUtils.equals(c.getCtrcatCf(), "08") && StringUtils.equals(c.getLobCf(), "22")',getDate(),'DBEU',getDate(),'DBEU',null)

insert into TSEGMENTRULE2CRI (SGTRULE_NT, SGMT_NF, SGT_NT, SGTVER_NT, SGTCRI_CF, CRE_D, CREUSR_CF) values (12,12,102,1,'RETRO_CATEGORY',getDate(),'DBEU')
insert into TSEGMENTRULE2CRI (SGTRULE_NT, SGMT_NF, SGT_NT, SGTVER_NT, SGTCRI_CF, CRE_D, CREUSR_CF) values (12,12,102,1,'LOB',getDate(),'DBEU')

go
-- Update the Rule label with the label of the segment (TSEGMT.SGMT_LS)
UPDATE TSEGMENTRULE SET RULE_LS=SGMT_LS
FROM TSEGMENTRULE, TSEGMT
WHERE TSEGMT.SGT_NT = TSEGMENTRULE.SGT_NT AND TSEGMT.SGTVER_NT = TSEGMENTRULE.SGTVER_NT AND TSEGMENTRULE.SGMT_NF = TSEGMT.SGMT_NF
and TSEGMENTRULE.SGT_NT = 102
go