use BEST
go 

/*==============================================================*/
/* Table: Segmentation 120 - 1 */
/*==============================================================*/

delete from TSEGTYPE where SGTTYP_NT = 20

delete from TSEGMENTATION where SGT_NT = 120
delete from  TSEGMT where SGT_NT = 120
delete from  TSEGMENTLVL where SGT_NT = 120
delete from  TSEGMENTEXCEPT where SGT_NT = 120
delete from  TSEGMENTRULE2TYPE where SGT_NT = 120
delete from  TSEGMENTRULE2CRI where SGT_NT = 120
delete from  TSEGMENTRULE where SGT_NT = 120
delete from  TSEG2ESB where SGT_NT = 120
delete from  TSEG2CTRSTS where SGT_NT = 120
delete from  TSEG2CTRCAT where SGT_NT = 120
delete from  TSEG2SECSTS where SGT_NT = 120
delete from  TSEG2SECACCSTS where SGT_NT = 120
go


INSERT INTO TSEGTYPE values (20,'Geo Grouping 3 SSD','1','1','1',1, getDate(),'DBEU',getDate(),'DBEU',null)
INSERT INTO TSEGMENTATION values (120,1,20,'Geo Grouping 3 SSD','Geo Grouping 3 SSD',null,null,'3','3',0,1,0,0,4020,'DBEU','1','0',1,1,1,1,'1',null,null,getDate(),null,getDate(),'DBEU',getDate(),'DBEU',null)

insert into TSEGMENTLVL (SGTLVL_CT, SGT_NT, SGTVER_NT, LVL_LS, LVL_LM, CRE_D, CREUSR_CF, LSTUPD_D, LSTUPDUSR_CF, timestamp) values (0, 120,1,'lvl 0',null,getDate(),'DBEU',getDate(),'DBEU',null)

go

-----

INSERT INTO best..tsegmentrule ( SGTRUL_NT, SGMT_NF, SGT_NT, SGTVER_NT, RULE_LS, RULPRIO_CT, FUNCDEF_T, TECHDEF_T, CRE_D, CREUSR_CF, LSTUPD_D, LSTUPDUSR_CF, timestamp )       VALUES ( 1, 1, 120, 1, ' ', 1, 'Group_Division=''400'' AND COUNTRY_REPORTING=''AFG''', 'StringUtils.equals(c.getSegLabel18Lvl0(), "400") && StringUtils.equals(c.getAnlctyCf(), "AFG")', getDate(),'DBEU',getDate(),'DBEU',null )
INSERT INTO best..tsegmentrule ( SGTRUL_NT, SGMT_NF, SGT_NT, SGTVER_NT, RULE_LS, RULPRIO_CT, FUNCDEF_T, TECHDEF_T, CRE_D, CREUSR_CF, LSTUPD_D, LSTUPDUSR_CF, timestamp )       VALUES ( 1, 2, 120, 1, ' ', 2, 'Group_Division=''400'' AND COUNTRY_REPORTING=''AGO''', 'StringUtils.equals(c.getSegLabel18Lvl0(), "400") && StringUtils.equals(c.getAnlctyCf(), "AGO")', getDate(),'DBEU',getDate(),'DBEU',null )
INSERT INTO best..tsegmentrule ( SGTRUL_NT, SGMT_NF, SGT_NT, SGTVER_NT, RULE_LS, RULPRIO_CT, FUNCDEF_T, TECHDEF_T, CRE_D, CREUSR_CF, LSTUPD_D, LSTUPDUSR_CF, timestamp )       VALUES ( 1, 3, 120, 1, ' ', 3, 'Group_Division=''400'' AND COUNTRY_REPORTING=''AIA''', 'StringUtils.equals(c.getSegLabel18Lvl0(), "400") && StringUtils.equals(c.getAnlctyCf(), "AIA")', getDate(),'DBEU',getDate(),'DBEU',null )
INSERT INTO best..tsegmentrule ( SGTRUL_NT, SGMT_NF, SGT_NT, SGTVER_NT, RULE_LS, RULPRIO_CT, FUNCDEF_T, TECHDEF_T, CRE_D, CREUSR_CF, LSTUPD_D, LSTUPDUSR_CF, timestamp )       VALUES ( 1, 4, 120, 1, ' ', 4, 'Group_Division=''400'' AND COUNTRY_REPORTING=''ALB''', 'StringUtils.equals(c.getSegLabel18Lvl0(), "400") && StringUtils.equals(c.getAnlctyCf(), "ALB")', getDate(),'DBEU',getDate(),'DBEU',null )
INSERT INTO best..tsegmentrule ( SGTRUL_NT, SGMT_NF, SGT_NT, SGTVER_NT, RULE_LS, RULPRIO_CT, FUNCDEF_T, TECHDEF_T, CRE_D, CREUSR_CF, LSTUPD_D, LSTUPDUSR_CF, timestamp )       VALUES ( 1, 5, 120, 1, ' ', 5, 'Group_Division=''400'' AND COUNTRY_REPORTING=''AND''', 'StringUtils.equals(c.getSegLabel18Lvl0(), "400") && StringUtils.equals(c.getAnlctyCf(), "AND")', getDate(),'DBEU',getDate(),'DBEU',null )
INSERT INTO best..tsegmentrule ( SGTRUL_NT, SGMT_NF, SGT_NT, SGTVER_NT, RULE_LS, RULPRIO_CT, FUNCDEF_T, TECHDEF_T, CRE_D, CREUSR_CF, LSTUPD_D, LSTUPDUSR_CF, timestamp )       VALUES ( 2, 3, 120, 1, ' ', 6, 'Group_Division=''400'' AND COUNTRY_REPORTING=''ANT''', 'StringUtils.equals(c.getSegLabel18Lvl0(), "400") && StringUtils.equals(c.getAnlctyCf(), "ANT")', getDate(),'DBEU',getDate(),'DBEU',null )
INSERT INTO best..tsegmentrule ( SGTRUL_NT, SGMT_NF, SGT_NT, SGTVER_NT, RULE_LS, RULPRIO_CT, FUNCDEF_T, TECHDEF_T, CRE_D, CREUSR_CF, LSTUPD_D, LSTUPDUSR_CF, timestamp )       VALUES ( 1, 6, 120, 1, ' ', 7, 'Group_Division=''400'' AND COUNTRY_REPORTING=''ARE''', 'StringUtils.equals(c.getSegLabel18Lvl0(), "400") && StringUtils.equals(c.getAnlctyCf(), "ARE")', getDate(),'DBEU',getDate(),'DBEU',null )
INSERT INTO best..tsegmentrule ( SGTRUL_NT, SGMT_NF, SGT_NT, SGTVER_NT, RULE_LS, RULPRIO_CT, FUNCDEF_T, TECHDEF_T, CRE_D, CREUSR_CF, LSTUPD_D, LSTUPDUSR_CF, timestamp )       VALUES ( 1, 7, 120, 1, ' ', 8, 'Group_Division=''400'' AND COUNTRY_REPORTING=''ARG''', 'StringUtils.equals(c.getSegLabel18Lvl0(), "400") && StringUtils.equals(c.getAnlctyCf(), "ARG")', getDate(),'DBEU',getDate(),'DBEU',null )
INSERT INTO best..tsegmentrule ( SGTRUL_NT, SGMT_NF, SGT_NT, SGTVER_NT, RULE_LS, RULPRIO_CT, FUNCDEF_T, TECHDEF_T, CRE_D, CREUSR_CF, LSTUPD_D, LSTUPDUSR_CF, timestamp )       VALUES ( 1, 8, 120, 1, ' ', 9, 'Group_Division=''400'' AND COUNTRY_REPORTING=''ARM''', 'StringUtils.equals(c.getSegLabel18Lvl0(), "400") && StringUtils.equals(c.getAnlctyCf(), "ARM")', getDate(),'DBEU',getDate(),'DBEU',null )
INSERT INTO best..tsegmentrule ( SGTRUL_NT, SGMT_NF, SGT_NT, SGTVER_NT, RULE_LS, RULPRIO_CT, FUNCDEF_T, TECHDEF_T, CRE_D, CREUSR_CF, LSTUPD_D, LSTUPDUSR_CF, timestamp )       VALUES ( 3, 3, 120, 1, ' ', 10, 'Group_Division=''400'' AND COUNTRY_REPORTING=''ATG''', 'StringUtils.equals(c.getSegLabel18Lvl0(), "400") && StringUtils.equals(c.getAnlctyCf(), "ATG")', getDate(),'DBEU',getDate(),'DBEU',null )
INSERT INTO best..tsegmentrule ( SGTRUL_NT, SGMT_NF, SGT_NT, SGTVER_NT, RULE_LS, RULPRIO_CT, FUNCDEF_T, TECHDEF_T, CRE_D, CREUSR_CF, LSTUPD_D, LSTUPDUSR_CF, timestamp )       VALUES ( 1, 9, 120, 1, ' ', 11, 'Group_Division=''400'' AND COUNTRY_REPORTING=''AUS''', 'StringUtils.equals(c.getSegLabel18Lvl0(), "400") && StringUtils.equals(c.getAnlctyCf(), "AUS")', getDate(),'DBEU',getDate(),'DBEU',null )
INSERT INTO best..tsegmentrule ( SGTRUL_NT, SGMT_NF, SGT_NT, SGTVER_NT, RULE_LS, RULPRIO_CT, FUNCDEF_T, TECHDEF_T, CRE_D, CREUSR_CF, LSTUPD_D, LSTUPDUSR_CF, timestamp )       VALUES ( 1, 10, 120, 1, ' ', 12, 'Group_Division=''400'' AND COUNTRY_REPORTING=''AUT''', 'StringUtils.equals(c.getSegLabel18Lvl0(), "400") && StringUtils.equals(c.getAnlctyCf(), "AUT")', getDate(),'DBEU',getDate(),'DBEU',null )
INSERT INTO best..tsegmentrule ( SGTRUL_NT, SGMT_NF, SGT_NT, SGTVER_NT, RULE_LS, RULPRIO_CT, FUNCDEF_T, TECHDEF_T, CRE_D, CREUSR_CF, LSTUPD_D, LSTUPDUSR_CF, timestamp )       VALUES ( 2, 8, 120, 1, ' ', 13, 'Group_Division=''400'' AND COUNTRY_REPORTING=''AZE''', 'StringUtils.equals(c.getSegLabel18Lvl0(), "400") && StringUtils.equals(c.getAnlctyCf(), "AZE")', getDate(),'DBEU',getDate(),'DBEU',null )
INSERT INTO best..tsegmentrule ( SGTRUL_NT, SGMT_NF, SGT_NT, SGTVER_NT, RULE_LS, RULPRIO_CT, FUNCDEF_T, TECHDEF_T, CRE_D, CREUSR_CF, LSTUPD_D, LSTUPDUSR_CF, timestamp )       VALUES ( 1, 11, 120, 1, ' ', 14, 'Group_Division=''400'' AND COUNTRY_REPORTING=''BDI''', 'StringUtils.equals(c.getSegLabel18Lvl0(), "400") && StringUtils.equals(c.getAnlctyCf(), "BDI")', getDate(),'DBEU',getDate(),'DBEU',null )
INSERT INTO best..tsegmentrule ( SGTRUL_NT, SGMT_NF, SGT_NT, SGTVER_NT, RULE_LS, RULPRIO_CT, FUNCDEF_T, TECHDEF_T, CRE_D, CREUSR_CF, LSTUPD_D, LSTUPDUSR_CF, timestamp )       VALUES ( 1, 12, 120, 1, ' ', 15, 'Group_Division=''400'' AND COUNTRY_REPORTING=''BEL''', 'StringUtils.equals(c.getSegLabel18Lvl0(), "400") && StringUtils.equals(c.getAnlctyCf(), "BEL")', getDate(),'DBEU',getDate(),'DBEU',null )
INSERT INTO best..tsegmentrule ( SGTRUL_NT, SGMT_NF, SGT_NT, SGTVER_NT, RULE_LS, RULPRIO_CT, FUNCDEF_T, TECHDEF_T, CRE_D, CREUSR_CF, LSTUPD_D, LSTUPDUSR_CF, timestamp )       VALUES ( 2, 11, 120, 1, ' ', 16, 'Group_Division=''400'' AND COUNTRY_REPORTING=''BEN''', 'StringUtils.equals(c.getSegLabel18Lvl0(), "400") && StringUtils.equals(c.getAnlctyCf(), "BEN")', getDate(),'DBEU',getDate(),'DBEU',null )
INSERT INTO best..tsegmentrule ( SGTRUL_NT, SGMT_NF, SGT_NT, SGTVER_NT, RULE_LS, RULPRIO_CT, FUNCDEF_T, TECHDEF_T, CRE_D, CREUSR_CF, LSTUPD_D, LSTUPDUSR_CF, timestamp )       VALUES ( 3, 11, 120, 1, ' ', 17, 'Group_Division=''400'' AND COUNTRY_REPORTING=''BFA''', 'StringUtils.equals(c.getSegLabel18Lvl0(), "400") && StringUtils.equals(c.getAnlctyCf(), "BFA")', getDate(),'DBEU',getDate(),'DBEU',null )
INSERT INTO best..tsegmentrule ( SGTRUL_NT, SGMT_NF, SGT_NT, SGTVER_NT, RULE_LS, RULPRIO_CT, FUNCDEF_T, TECHDEF_T, CRE_D, CREUSR_CF, LSTUPD_D, LSTUPDUSR_CF, timestamp )       VALUES ( 2, 1, 120, 1, ' ', 18, 'Group_Division=''400'' AND COUNTRY_REPORTING=''BGD''', 'StringUtils.equals(c.getSegLabel18Lvl0(), "400") && StringUtils.equals(c.getAnlctyCf(), "BGD")', getDate(),'DBEU',getDate(),'DBEU',null )
INSERT INTO best..tsegmentrule ( SGTRUL_NT, SGMT_NF, SGT_NT, SGTVER_NT, RULE_LS, RULPRIO_CT, FUNCDEF_T, TECHDEF_T, CRE_D, CREUSR_CF, LSTUPD_D, LSTUPDUSR_CF, timestamp )       VALUES ( 2, 4, 120, 1, ' ', 19, 'Group_Division=''400'' AND COUNTRY_REPORTING=''BGR''', 'StringUtils.equals(c.getSegLabel18Lvl0(), "400") && StringUtils.equals(c.getAnlctyCf(), "BGR")', getDate(),'DBEU',getDate(),'DBEU',null )
INSERT INTO best..tsegmentrule ( SGTRUL_NT, SGMT_NF, SGT_NT, SGTVER_NT, RULE_LS, RULPRIO_CT, FUNCDEF_T, TECHDEF_T, CRE_D, CREUSR_CF, LSTUPD_D, LSTUPDUSR_CF, timestamp )       VALUES ( 1, 13, 120, 1, ' ', 20, 'Group_Division=''400'' AND COUNTRY_REPORTING=''BHR''', 'StringUtils.equals(c.getSegLabel18Lvl0(), "400") && StringUtils.equals(c.getAnlctyCf(), "BHR")', getDate(),'DBEU',getDate(),'DBEU',null )
INSERT INTO best..tsegmentrule ( SGTRUL_NT, SGMT_NF, SGT_NT, SGTVER_NT, RULE_LS, RULPRIO_CT, FUNCDEF_T, TECHDEF_T, CRE_D, CREUSR_CF, LSTUPD_D, LSTUPDUSR_CF, timestamp )       VALUES ( 4, 3, 120, 1, ' ', 21, 'Group_Division=''400'' AND COUNTRY_REPORTING=''BHS''', 'StringUtils.equals(c.getSegLabel18Lvl0(), "400") && StringUtils.equals(c.getAnlctyCf(), "BHS")', getDate(),'DBEU',getDate(),'DBEU',null )
INSERT INTO best..tsegmentrule ( SGTRUL_NT, SGMT_NF, SGT_NT, SGTVER_NT, RULE_LS, RULPRIO_CT, FUNCDEF_T, TECHDEF_T, CRE_D, CREUSR_CF, LSTUPD_D, LSTUPDUSR_CF, timestamp )       VALUES ( 3, 4, 120, 1, ' ', 22, 'Group_Division=''400'' AND COUNTRY_REPORTING=''BIH''', 'StringUtils.equals(c.getSegLabel18Lvl0(), "400") && StringUtils.equals(c.getAnlctyCf(), "BIH")', getDate(),'DBEU',getDate(),'DBEU',null )
INSERT INTO best..tsegmentrule ( SGTRUL_NT, SGMT_NF, SGT_NT, SGTVER_NT, RULE_LS, RULPRIO_CT, FUNCDEF_T, TECHDEF_T, CRE_D, CREUSR_CF, LSTUPD_D, LSTUPDUSR_CF, timestamp )       VALUES ( 3, 8, 120, 1, ' ', 23, 'Group_Division=''400'' AND COUNTRY_REPORTING=''BLR''', 'StringUtils.equals(c.getSegLabel18Lvl0(), "400") && StringUtils.equals(c.getAnlctyCf(), "BLR")', getDate(),'DBEU',getDate(),'DBEU',null )
INSERT INTO best..tsegmentrule ( SGTRUL_NT, SGMT_NF, SGT_NT, SGTVER_NT, RULE_LS, RULPRIO_CT, FUNCDEF_T, TECHDEF_T, CRE_D, CREUSR_CF, LSTUPD_D, LSTUPDUSR_CF, timestamp )       VALUES ( 1, 14, 120, 1, ' ', 24, 'Group_Division=''400'' AND COUNTRY_REPORTING=''BLZ''', 'StringUtils.equals(c.getSegLabel18Lvl0(), "400") && StringUtils.equals(c.getAnlctyCf(), "BLZ")', getDate(),'DBEU',getDate(),'DBEU',null )
INSERT INTO best..tsegmentrule ( SGTRUL_NT, SGMT_NF, SGT_NT, SGTVER_NT, RULE_LS, RULPRIO_CT, FUNCDEF_T, TECHDEF_T, CRE_D, CREUSR_CF, LSTUPD_D, LSTUPDUSR_CF, timestamp )       VALUES ( 5, 3, 120, 1, ' ', 25, 'Group_Division=''400'' AND COUNTRY_REPORTING=''BMU''', 'StringUtils.equals(c.getSegLabel18Lvl0(), "400") && StringUtils.equals(c.getAnlctyCf(), "BMU")', getDate(),'DBEU',getDate(),'DBEU',null )
INSERT INTO best..tsegmentrule ( SGTRUL_NT, SGMT_NF, SGT_NT, SGTVER_NT, RULE_LS, RULPRIO_CT, FUNCDEF_T, TECHDEF_T, CRE_D, CREUSR_CF, LSTUPD_D, LSTUPDUSR_CF, timestamp )       VALUES ( 2, 7, 120, 1, ' ', 26, 'Group_Division=''400'' AND COUNTRY_REPORTING=''BOL''', 'StringUtils.equals(c.getSegLabel18Lvl0(), "400") && StringUtils.equals(c.getAnlctyCf(), "BOL")', getDate(),'DBEU',getDate(),'DBEU',null )
INSERT INTO best..tsegmentrule ( SGTRUL_NT, SGMT_NF, SGT_NT, SGTVER_NT, RULE_LS, RULPRIO_CT, FUNCDEF_T, TECHDEF_T, CRE_D, CREUSR_CF, LSTUPD_D, LSTUPDUSR_CF, timestamp )       VALUES ( 1, 15, 120, 1, ' ', 27, 'Group_Division=''400'' AND COUNTRY_REPORTING=''BRA''', 'StringUtils.equals(c.getSegLabel18Lvl0(), "400") && StringUtils.equals(c.getAnlctyCf(), "BRA")', getDate(),'DBEU',getDate(),'DBEU',null )
INSERT INTO best..tsegmentrule ( SGTRUL_NT, SGMT_NF, SGT_NT, SGTVER_NT, RULE_LS, RULPRIO_CT, FUNCDEF_T, TECHDEF_T, CRE_D, CREUSR_CF, LSTUPD_D, LSTUPDUSR_CF, timestamp )       VALUES ( 6, 3, 120, 1, ' ', 28, 'Group_Division=''400'' AND COUNTRY_REPORTING=''BRB''', 'StringUtils.equals(c.getSegLabel18Lvl0(), "400") && StringUtils.equals(c.getAnlctyCf(), "BRB")', getDate(),'DBEU',getDate(),'DBEU',null )
INSERT INTO best..tsegmentrule ( SGTRUL_NT, SGMT_NF, SGT_NT, SGTVER_NT, RULE_LS, RULPRIO_CT, FUNCDEF_T, TECHDEF_T, CRE_D, CREUSR_CF, LSTUPD_D, LSTUPDUSR_CF, timestamp )       VALUES ( 1, 16, 120, 1, ' ', 29, 'Group_Division=''400'' AND COUNTRY_REPORTING=''BRN''', 'StringUtils.equals(c.getSegLabel18Lvl0(), "400") && StringUtils.equals(c.getAnlctyCf(), "BRN")', getDate(),'DBEU',getDate(),'DBEU',null )
INSERT INTO best..tsegmentrule ( SGTRUL_NT, SGMT_NF, SGT_NT, SGTVER_NT, RULE_LS, RULPRIO_CT, FUNCDEF_T, TECHDEF_T, CRE_D, CREUSR_CF, LSTUPD_D, LSTUPDUSR_CF, timestamp )       VALUES ( 3, 1, 120, 1, ' ', 30, 'Group_Division=''400'' AND COUNTRY_REPORTING=''BTN''', 'StringUtils.equals(c.getSegLabel18Lvl0(), "400") && StringUtils.equals(c.getAnlctyCf(), "BTN")', getDate(),'DBEU',getDate(),'DBEU',null )
INSERT INTO best..tsegmentrule ( SGTRUL_NT, SGMT_NF, SGT_NT, SGTVER_NT, RULE_LS, RULPRIO_CT, FUNCDEF_T, TECHDEF_T, CRE_D, CREUSR_CF, LSTUPD_D, LSTUPDUSR_CF, timestamp )       VALUES ( 2, 2, 120, 1, ' ', 31, 'Group_Division=''400'' AND COUNTRY_REPORTING=''BWA''', 'StringUtils.equals(c.getSegLabel18Lvl0(), "400") && StringUtils.equals(c.getAnlctyCf(), "BWA")', getDate(),'DBEU',getDate(),'DBEU',null )
INSERT INTO best..tsegmentrule ( SGTRUL_NT, SGMT_NF, SGT_NT, SGTVER_NT, RULE_LS, RULPRIO_CT, FUNCDEF_T, TECHDEF_T, CRE_D, CREUSR_CF, LSTUPD_D, LSTUPDUSR_CF, timestamp )       VALUES ( 4, 11, 120, 1, ' ', 32, 'Group_Division=''400'' AND COUNTRY_REPORTING=''CAF''', 'StringUtils.equals(c.getSegLabel18Lvl0(), "400") && StringUtils.equals(c.getAnlctyCf(), "CAF")', getDate(),'DBEU',getDate(),'DBEU',null )
INSERT INTO best..tsegmentrule ( SGTRUL_NT, SGMT_NF, SGT_NT, SGTVER_NT, RULE_LS, RULPRIO_CT, FUNCDEF_T, TECHDEF_T, CRE_D, CREUSR_CF, LSTUPD_D, LSTUPDUSR_CF, timestamp )       VALUES ( 1, 17, 120, 1, ' ', 33, 'Group_Division=''400'' AND COUNTRY_REPORTING=''CAN''', 'StringUtils.equals(c.getSegLabel18Lvl0(), "400") && StringUtils.equals(c.getAnlctyCf(), "CAN")', getDate(),'DBEU',getDate(),'DBEU',null )
INSERT INTO best..tsegmentrule ( SGTRUL_NT, SGMT_NF, SGT_NT, SGTVER_NT, RULE_LS, RULPRIO_CT, FUNCDEF_T, TECHDEF_T, CRE_D, CREUSR_CF, LSTUPD_D, LSTUPDUSR_CF, timestamp )       VALUES ( 1, 18, 120, 1, ' ', 34, 'Group_Division=''400'' AND COUNTRY_REPORTING=''CHE''', 'StringUtils.equals(c.getSegLabel18Lvl0(), "400") && StringUtils.equals(c.getAnlctyCf(), "CHE")', getDate(),'DBEU',getDate(),'DBEU',null )
INSERT INTO best..tsegmentrule ( SGTRUL_NT, SGMT_NF, SGT_NT, SGTVER_NT, RULE_LS, RULPRIO_CT, FUNCDEF_T, TECHDEF_T, CRE_D, CREUSR_CF, LSTUPD_D, LSTUPDUSR_CF, timestamp )       VALUES ( 3, 7, 120, 1, ' ', 35, 'Group_Division=''400'' AND COUNTRY_REPORTING=''CHL''', 'StringUtils.equals(c.getSegLabel18Lvl0(), "400") && StringUtils.equals(c.getAnlctyCf(), "CHL")', getDate(),'DBEU',getDate(),'DBEU',null )
INSERT INTO best..tsegmentrule ( SGTRUL_NT, SGMT_NF, SGT_NT, SGTVER_NT, RULE_LS, RULPRIO_CT, FUNCDEF_T, TECHDEF_T, CRE_D, CREUSR_CF, LSTUPD_D, LSTUPDUSR_CF, timestamp )       VALUES ( 1, 19, 120, 1, ' ', 36, 'Group_Division=''400'' AND COUNTRY_REPORTING=''CHN''', 'StringUtils.equals(c.getSegLabel18Lvl0(), "400") && StringUtils.equals(c.getAnlctyCf(), "CHN")', getDate(),'DBEU',getDate(),'DBEU',null )
INSERT INTO best..tsegmentrule ( SGTRUL_NT, SGMT_NF, SGT_NT, SGTVER_NT, RULE_LS, RULPRIO_CT, FUNCDEF_T, TECHDEF_T, CRE_D, CREUSR_CF, LSTUPD_D, LSTUPDUSR_CF, timestamp )       VALUES ( 5, 11, 120, 1, ' ', 37, 'Group_Division=''400'' AND COUNTRY_REPORTING=''CIV''', 'StringUtils.equals(c.getSegLabel18Lvl0(), "400") && StringUtils.equals(c.getAnlctyCf(), "CIV")', getDate(),'DBEU',getDate(),'DBEU',null )
INSERT INTO best..tsegmentrule ( SGTRUL_NT, SGMT_NF, SGT_NT, SGTVER_NT, RULE_LS, RULPRIO_CT, FUNCDEF_T, TECHDEF_T, CRE_D, CREUSR_CF, LSTUPD_D, LSTUPDUSR_CF, timestamp )       VALUES ( 6, 11, 120, 1, ' ', 38, 'Group_Division=''400'' AND COUNTRY_REPORTING=''CMR''', 'StringUtils.equals(c.getSegLabel18Lvl0(), "400") && StringUtils.equals(c.getAnlctyCf(), "CMR")', getDate(),'DBEU',getDate(),'DBEU',null )
INSERT INTO best..tsegmentrule ( SGTRUL_NT, SGMT_NF, SGT_NT, SGTVER_NT, RULE_LS, RULPRIO_CT, FUNCDEF_T, TECHDEF_T, CRE_D, CREUSR_CF, LSTUPD_D, LSTUPDUSR_CF, timestamp )       VALUES ( 7, 11, 120, 1, ' ', 39, 'Group_Division=''400'' AND COUNTRY_REPORTING=''COG''', 'StringUtils.equals(c.getSegLabel18Lvl0(), "400") && StringUtils.equals(c.getAnlctyCf(), "COG")', getDate(),'DBEU',getDate(),'DBEU',null )
INSERT INTO best..tsegmentrule ( SGTRUL_NT, SGMT_NF, SGT_NT, SGTVER_NT, RULE_LS, RULPRIO_CT, FUNCDEF_T, TECHDEF_T, CRE_D, CREUSR_CF, LSTUPD_D, LSTUPDUSR_CF, timestamp )       VALUES ( 4, 7, 120, 1, ' ', 40, 'Group_Division=''400'' AND COUNTRY_REPORTING=''COL''', 'StringUtils.equals(c.getSegLabel18Lvl0(), "400") && StringUtils.equals(c.getAnlctyCf(), "COL")', getDate(),'DBEU',getDate(),'DBEU',null )
INSERT INTO best..tsegmentrule ( SGTRUL_NT, SGMT_NF, SGT_NT, SGTVER_NT, RULE_LS, RULPRIO_CT, FUNCDEF_T, TECHDEF_T, CRE_D, CREUSR_CF, LSTUPD_D, LSTUPDUSR_CF, timestamp )       VALUES ( 3, 2, 120, 1, ' ', 41, 'Group_Division=''400'' AND COUNTRY_REPORTING=''CPV''', 'StringUtils.equals(c.getSegLabel18Lvl0(), "400") && StringUtils.equals(c.getAnlctyCf(), "CPV")', getDate(),'DBEU',getDate(),'DBEU',null )
INSERT INTO best..tsegmentrule ( SGTRUL_NT, SGMT_NF, SGT_NT, SGTVER_NT, RULE_LS, RULPRIO_CT, FUNCDEF_T, TECHDEF_T, CRE_D, CREUSR_CF, LSTUPD_D, LSTUPDUSR_CF, timestamp )       VALUES ( 2, 14, 120, 1, ' ', 42, 'Group_Division=''400'' AND COUNTRY_REPORTING=''CRI''', 'StringUtils.equals(c.getSegLabel18Lvl0(), "400") && StringUtils.equals(c.getAnlctyCf(), "CRI")', getDate(),'DBEU',getDate(),'DBEU',null )
INSERT INTO best..tsegmentrule ( SGTRUL_NT, SGMT_NF, SGT_NT, SGTVER_NT, RULE_LS, RULPRIO_CT, FUNCDEF_T, TECHDEF_T, CRE_D, CREUSR_CF, LSTUPD_D, LSTUPDUSR_CF, timestamp )       VALUES ( 7, 3, 120, 1, ' ', 43, 'Group_Division=''400'' AND COUNTRY_REPORTING=''CUB''', 'StringUtils.equals(c.getSegLabel18Lvl0(), "400") && StringUtils.equals(c.getAnlctyCf(), "CUB")', getDate(),'DBEU',getDate(),'DBEU',null )
INSERT INTO best..tsegmentrule ( SGTRUL_NT, SGMT_NF, SGT_NT, SGTVER_NT, RULE_LS, RULPRIO_CT, FUNCDEF_T, TECHDEF_T, CRE_D, CREUSR_CF, LSTUPD_D, LSTUPDUSR_CF, timestamp )       VALUES ( 8, 3, 120, 1, ' ', 44, 'Group_Division=''400'' AND COUNTRY_REPORTING=''CYM''', 'StringUtils.equals(c.getSegLabel18Lvl0(), "400") && StringUtils.equals(c.getAnlctyCf(), "CYM")', getDate(),'DBEU',getDate(),'DBEU',null )
INSERT INTO best..tsegmentrule ( SGTRUL_NT, SGMT_NF, SGT_NT, SGTVER_NT, RULE_LS, RULPRIO_CT, FUNCDEF_T, TECHDEF_T, CRE_D, CREUSR_CF, LSTUPD_D, LSTUPDUSR_CF, timestamp )       VALUES ( 1, 20, 120, 1, ' ', 45, 'Group_Division=''400'' AND COUNTRY_REPORTING=''CYP''', 'StringUtils.equals(c.getSegLabel18Lvl0(), "400") && StringUtils.equals(c.getAnlctyCf(), "CYP")', getDate(),'DBEU',getDate(),'DBEU',null )
INSERT INTO best..tsegmentrule ( SGTRUL_NT, SGMT_NF, SGT_NT, SGTVER_NT, RULE_LS, RULPRIO_CT, FUNCDEF_T, TECHDEF_T, CRE_D, CREUSR_CF, LSTUPD_D, LSTUPDUSR_CF, timestamp )       VALUES ( 4, 4, 120, 1, ' ', 46, 'Group_Division=''400'' AND COUNTRY_REPORTING=''CZE''', 'StringUtils.equals(c.getSegLabel18Lvl0(), "400") && StringUtils.equals(c.getAnlctyCf(), "CZE")', getDate(),'DBEU',getDate(),'DBEU',null )
INSERT INTO best..tsegmentrule ( SGTRUL_NT, SGMT_NF, SGT_NT, SGTVER_NT, RULE_LS, RULPRIO_CT, FUNCDEF_T, TECHDEF_T, CRE_D, CREUSR_CF, LSTUPD_D, LSTUPDUSR_CF, timestamp )       VALUES ( 1, 21, 120, 1, ' ', 47, 'Group_Division=''400'' AND COUNTRY_REPORTING=''DEU''', 'StringUtils.equals(c.getSegLabel18Lvl0(), "400") && StringUtils.equals(c.getAnlctyCf(), "DEU")', getDate(),'DBEU',getDate(),'DBEU',null )
INSERT INTO best..tsegmentrule ( SGTRUL_NT, SGMT_NF, SGT_NT, SGTVER_NT, RULE_LS, RULPRIO_CT, FUNCDEF_T, TECHDEF_T, CRE_D, CREUSR_CF, LSTUPD_D, LSTUPDUSR_CF, timestamp )       VALUES ( 8, 11, 120, 1, ' ', 48, 'Group_Division=''400'' AND COUNTRY_REPORTING=''DJI''', 'StringUtils.equals(c.getSegLabel18Lvl0(), "400") && StringUtils.equals(c.getAnlctyCf(), "DJI")', getDate(),'DBEU',getDate(),'DBEU',null )
INSERT INTO best..tsegmentrule ( SGTRUL_NT, SGMT_NF, SGT_NT, SGTVER_NT, RULE_LS, RULPRIO_CT, FUNCDEF_T, TECHDEF_T, CRE_D, CREUSR_CF, LSTUPD_D, LSTUPDUSR_CF, timestamp )       VALUES ( 9, 3, 120, 1, ' ', 49, 'Group_Division=''400'' AND COUNTRY_REPORTING=''DMA''', 'StringUtils.equals(c.getSegLabel18Lvl0(), "400") && StringUtils.equals(c.getAnlctyCf(), "DMA")', getDate(),'DBEU',getDate(),'DBEU',null )
INSERT INTO best..tsegmentrule ( SGTRUL_NT, SGMT_NF, SGT_NT, SGTVER_NT, RULE_LS, RULPRIO_CT, FUNCDEF_T, TECHDEF_T, CRE_D, CREUSR_CF, LSTUPD_D, LSTUPDUSR_CF, timestamp )       VALUES ( 1, 22, 120, 1, ' ', 50, 'Group_Division=''400'' AND COUNTRY_REPORTING=''DNK''', 'StringUtils.equals(c.getSegLabel18Lvl0(), "400") && StringUtils.equals(c.getAnlctyCf(), "DNK")', getDate(),'DBEU',getDate(),'DBEU',null )
INSERT INTO best..tsegmentrule ( SGTRUL_NT, SGMT_NF, SGT_NT, SGTVER_NT, RULE_LS, RULPRIO_CT, FUNCDEF_T, TECHDEF_T, CRE_D, CREUSR_CF, LSTUPD_D, LSTUPDUSR_CF, timestamp )       VALUES ( 10, 3, 120, 1, ' ', 51, 'Group_Division=''400'' AND COUNTRY_REPORTING=''DOM''', 'StringUtils.equals(c.getSegLabel18Lvl0(), "400") && StringUtils.equals(c.getAnlctyCf(), "DOM")', getDate(),'DBEU',getDate(),'DBEU',null )
INSERT INTO best..tsegmentrule ( SGTRUL_NT, SGMT_NF, SGT_NT, SGTVER_NT, RULE_LS, RULPRIO_CT, FUNCDEF_T, TECHDEF_T, CRE_D, CREUSR_CF, LSTUPD_D, LSTUPDUSR_CF, timestamp )       VALUES ( 9, 11, 120, 1, ' ', 52, 'Group_Division=''400'' AND COUNTRY_REPORTING=''DZA''', 'StringUtils.equals(c.getSegLabel18Lvl0(), "400") && StringUtils.equals(c.getAnlctyCf(), "DZA")', getDate(),'DBEU',getDate(),'DBEU',null )
INSERT INTO best..tsegmentrule ( SGTRUL_NT, SGMT_NF, SGT_NT, SGTVER_NT, RULE_LS, RULPRIO_CT, FUNCDEF_T, TECHDEF_T, CRE_D, CREUSR_CF, LSTUPD_D, LSTUPDUSR_CF, timestamp )       VALUES ( 5, 7, 120, 1, ' ', 53, 'Group_Division=''400'' AND COUNTRY_REPORTING=''ECU''', 'StringUtils.equals(c.getSegLabel18Lvl0(), "400") && StringUtils.equals(c.getAnlctyCf(), "ECU")', getDate(),'DBEU',getDate(),'DBEU',null )
INSERT INTO best..tsegmentrule ( SGTRUL_NT, SGMT_NF, SGT_NT, SGTVER_NT, RULE_LS, RULPRIO_CT, FUNCDEF_T, TECHDEF_T, CRE_D, CREUSR_CF, LSTUPD_D, LSTUPDUSR_CF, timestamp )       VALUES ( 1, 23, 120, 1, ' ', 54, 'Group_Division=''400'' AND COUNTRY_REPORTING=''EGY''', 'StringUtils.equals(c.getSegLabel18Lvl0(), "400") && StringUtils.equals(c.getAnlctyCf(), "EGY")', getDate(),'DBEU',getDate(),'DBEU',null )
INSERT INTO best..tsegmentrule ( SGTRUL_NT, SGMT_NF, SGT_NT, SGTVER_NT, RULE_LS, RULPRIO_CT, FUNCDEF_T, TECHDEF_T, CRE_D, CREUSR_CF, LSTUPD_D, LSTUPDUSR_CF, timestamp )       VALUES ( 4, 2, 120, 1, ' ', 55, 'Group_Division=''400'' AND COUNTRY_REPORTING=''ERI''', 'StringUtils.equals(c.getSegLabel18Lvl0(), "400") && StringUtils.equals(c.getAnlctyCf(), "ERI")', getDate(),'DBEU',getDate(),'DBEU',null )
INSERT INTO best..tsegmentrule ( SGTRUL_NT, SGMT_NF, SGT_NT, SGTVER_NT, RULE_LS, RULPRIO_CT, FUNCDEF_T, TECHDEF_T, CRE_D, CREUSR_CF, LSTUPD_D, LSTUPDUSR_CF, timestamp )       VALUES ( 2, 5, 120, 1, ' ', 56, 'Group_Division=''400'' AND COUNTRY_REPORTING=''ESP''', 'StringUtils.equals(c.getSegLabel18Lvl0(), "400") && StringUtils.equals(c.getAnlctyCf(), "ESP")', getDate(),'DBEU',getDate(),'DBEU',null )
INSERT INTO best..tsegmentrule ( SGTRUL_NT, SGMT_NF, SGT_NT, SGTVER_NT, RULE_LS, RULPRIO_CT, FUNCDEF_T, TECHDEF_T, CRE_D, CREUSR_CF, LSTUPD_D, LSTUPDUSR_CF, timestamp )       VALUES ( 1, 24, 120, 1, ' ', 57, 'Group_Division=''400'' AND COUNTRY_REPORTING=''EST''', 'StringUtils.equals(c.getSegLabel18Lvl0(), "400") && StringUtils.equals(c.getAnlctyCf(), "EST")', getDate(),'DBEU',getDate(),'DBEU',null )
INSERT INTO best..tsegmentrule ( SGTRUL_NT, SGMT_NF, SGT_NT, SGTVER_NT, RULE_LS, RULPRIO_CT, FUNCDEF_T, TECHDEF_T, CRE_D, CREUSR_CF, LSTUPD_D, LSTUPDUSR_CF, timestamp )       VALUES ( 5, 2, 120, 1, ' ', 58, 'Group_Division=''400'' AND COUNTRY_REPORTING=''ETH''', 'StringUtils.equals(c.getSegLabel18Lvl0(), "400") && StringUtils.equals(c.getAnlctyCf(), "ETH")', getDate(),'DBEU',getDate(),'DBEU',null )
INSERT INTO best..tsegmentrule ( SGTRUL_NT, SGMT_NF, SGT_NT, SGTVER_NT, RULE_LS, RULPRIO_CT, FUNCDEF_T, TECHDEF_T, CRE_D, CREUSR_CF, LSTUPD_D, LSTUPDUSR_CF, timestamp )       VALUES ( 2, 22, 120, 1, ' ', 59, 'Group_Division=''400'' AND COUNTRY_REPORTING=''FIN''', 'StringUtils.equals(c.getSegLabel18Lvl0(), "400") && StringUtils.equals(c.getAnlctyCf(), "FIN")', getDate(),'DBEU',getDate(),'DBEU',null )
INSERT INTO best..tsegmentrule ( SGTRUL_NT, SGMT_NF, SGT_NT, SGTVER_NT, RULE_LS, RULPRIO_CT, FUNCDEF_T, TECHDEF_T, CRE_D, CREUSR_CF, LSTUPD_D, LSTUPDUSR_CF, timestamp )       VALUES ( 1, 25, 120, 1, ' ', 60, 'Group_Division=''400'' AND COUNTRY_REPORTING=''FJI''', 'StringUtils.equals(c.getSegLabel18Lvl0(), "400") && StringUtils.equals(c.getAnlctyCf(), "FJI")', getDate(),'DBEU',getDate(),'DBEU',null )
INSERT INTO best..tsegmentrule ( SGTRUL_NT, SGMT_NF, SGT_NT, SGTVER_NT, RULE_LS, RULPRIO_CT, FUNCDEF_T, TECHDEF_T, CRE_D, CREUSR_CF, LSTUPD_D, LSTUPDUSR_CF, timestamp )       VALUES ( 1, 26, 120, 1, ' ', 61, 'Group_Division=''400'' AND COUNTRY_REPORTING=''FRA''', 'StringUtils.equals(c.getSegLabel18Lvl0(), "400") && StringUtils.equals(c.getAnlctyCf(), "FRA")', getDate(),'DBEU',getDate(),'DBEU',null )
INSERT INTO best..tsegmentrule ( SGTRUL_NT, SGMT_NF, SGT_NT, SGTVER_NT, RULE_LS, RULPRIO_CT, FUNCDEF_T, TECHDEF_T, CRE_D, CREUSR_CF, LSTUPD_D, LSTUPDUSR_CF, timestamp )       VALUES ( 3, 22, 120, 1, ' ', 62, 'Group_Division=''400'' AND COUNTRY_REPORTING=''FRO''', 'StringUtils.equals(c.getSegLabel18Lvl0(), "400") && StringUtils.equals(c.getAnlctyCf(), "FRO")', getDate(),'DBEU',getDate(),'DBEU',null )
INSERT INTO best..tsegmentrule ( SGTRUL_NT, SGMT_NF, SGT_NT, SGTVER_NT, RULE_LS, RULPRIO_CT, FUNCDEF_T, TECHDEF_T, CRE_D, CREUSR_CF, LSTUPD_D, LSTUPDUSR_CF, timestamp )       VALUES ( 2, 25, 120, 1, ' ', 63, 'Group_Division=''400'' AND COUNTRY_REPORTING=''FSM''', 'StringUtils.equals(c.getSegLabel18Lvl0(), "400") && StringUtils.equals(c.getAnlctyCf(), "FSM")', getDate(),'DBEU',getDate(),'DBEU',null )
INSERT INTO best..tsegmentrule ( SGTRUL_NT, SGMT_NF, SGT_NT, SGTVER_NT, RULE_LS, RULPRIO_CT, FUNCDEF_T, TECHDEF_T, CRE_D, CREUSR_CF, LSTUPD_D, LSTUPDUSR_CF, timestamp )       VALUES ( 10, 11, 120, 1, ' ', 64, 'Group_Division=''400'' AND COUNTRY_REPORTING=''GAB''', 'StringUtils.equals(c.getSegLabel18Lvl0(), "400") && StringUtils.equals(c.getAnlctyCf(), "GAB")', getDate(),'DBEU',getDate(),'DBEU',null )
INSERT INTO best..tsegmentrule ( SGTRUL_NT, SGMT_NF, SGT_NT, SGTVER_NT, RULE_LS, RULPRIO_CT, FUNCDEF_T, TECHDEF_T, CRE_D, CREUSR_CF, LSTUPD_D, LSTUPDUSR_CF, timestamp )       VALUES ( 1, 27, 120, 1, ' ', 65, 'Group_Division=''400'' AND COUNTRY_REPORTING=''GBR''', 'StringUtils.equals(c.getSegLabel18Lvl0(), "400") && StringUtils.equals(c.getAnlctyCf(), "GBR")', getDate(),'DBEU',getDate(),'DBEU',null )
INSERT INTO best..tsegmentrule ( SGTRUL_NT, SGMT_NF, SGT_NT, SGTVER_NT, RULE_LS, RULPRIO_CT, FUNCDEF_T, TECHDEF_T, CRE_D, CREUSR_CF, LSTUPD_D, LSTUPDUSR_CF, timestamp )       VALUES ( 4, 8, 120, 1, ' ', 66, 'Group_Division=''400'' AND COUNTRY_REPORTING=''GEO''', 'StringUtils.equals(c.getSegLabel18Lvl0(), "400") && StringUtils.equals(c.getAnlctyCf(), "GEO")', getDate(),'DBEU',getDate(),'DBEU',null )
INSERT INTO best..tsegmentrule ( SGTRUL_NT, SGMT_NF, SGT_NT, SGTVER_NT, RULE_LS, RULPRIO_CT, FUNCDEF_T, TECHDEF_T, CRE_D, CREUSR_CF, LSTUPD_D, LSTUPDUSR_CF, timestamp )       VALUES ( 6, 2, 120, 1, ' ', 67, 'Group_Division=''400'' AND COUNTRY_REPORTING=''GHA''', 'StringUtils.equals(c.getSegLabel18Lvl0(), "400") && StringUtils.equals(c.getAnlctyCf(), "GHA")', getDate(),'DBEU',getDate(),'DBEU',null )
INSERT INTO best..tsegmentrule ( SGTRUL_NT, SGMT_NF, SGT_NT, SGTVER_NT, RULE_LS, RULPRIO_CT, FUNCDEF_T, TECHDEF_T, CRE_D, CREUSR_CF, LSTUPD_D, LSTUPDUSR_CF, timestamp )       VALUES ( 2, 27, 120, 1, ' ', 68, 'Group_Division=''400'' AND COUNTRY_REPORTING=''GIB''', 'StringUtils.equals(c.getSegLabel18Lvl0(), "400") && StringUtils.equals(c.getAnlctyCf(), "GIB")', getDate(),'DBEU',getDate(),'DBEU',null )
INSERT INTO best..tsegmentrule ( SGTRUL_NT, SGMT_NF, SGT_NT, SGTVER_NT, RULE_LS, RULPRIO_CT, FUNCDEF_T, TECHDEF_T, CRE_D, CREUSR_CF, LSTUPD_D, LSTUPDUSR_CF, timestamp )       VALUES ( 11, 11, 120, 1, ' ', 69, 'Group_Division=''400'' AND COUNTRY_REPORTING=''GIN''', 'StringUtils.equals(c.getSegLabel18Lvl0(), "400") && StringUtils.equals(c.getAnlctyCf(), "GIN")', getDate(),'DBEU',getDate(),'DBEU',null )
INSERT INTO best..tsegmentrule ( SGTRUL_NT, SGMT_NF, SGT_NT, SGTVER_NT, RULE_LS, RULPRIO_CT, FUNCDEF_T, TECHDEF_T, CRE_D, CREUSR_CF, LSTUPD_D, LSTUPDUSR_CF, timestamp )       VALUES ( 7, 2, 120, 1, ' ', 70, 'Group_Division=''400'' AND COUNTRY_REPORTING=''GMB''', 'StringUtils.equals(c.getSegLabel18Lvl0(), "400") && StringUtils.equals(c.getAnlctyCf(), "GMB")', getDate(),'DBEU',getDate(),'DBEU',null )
INSERT INTO best..tsegmentrule ( SGTRUL_NT, SGMT_NF, SGT_NT, SGTVER_NT, RULE_LS, RULPRIO_CT, FUNCDEF_T, TECHDEF_T, CRE_D, CREUSR_CF, LSTUPD_D, LSTUPDUSR_CF, timestamp )       VALUES ( 8, 2, 120, 1, ' ', 71, 'Group_Division=''400'' AND COUNTRY_REPORTING=''GNB''', 'StringUtils.equals(c.getSegLabel18Lvl0(), "400") && StringUtils.equals(c.getAnlctyCf(), "GNB")', getDate(),'DBEU',getDate(),'DBEU',null )
INSERT INTO best..tsegmentrule ( SGTRUL_NT, SGMT_NF, SGT_NT, SGTVER_NT, RULE_LS, RULPRIO_CT, FUNCDEF_T, TECHDEF_T, CRE_D, CREUSR_CF, LSTUPD_D, LSTUPDUSR_CF, timestamp )       VALUES ( 12, 11, 120, 1, ' ', 72, 'Group_Division=''400'' AND COUNTRY_REPORTING=''GNQ''', 'StringUtils.equals(c.getSegLabel18Lvl0(), "400") && StringUtils.equals(c.getAnlctyCf(), "GNQ")', getDate(),'DBEU',getDate(),'DBEU',null )
INSERT INTO best..tsegmentrule ( SGTRUL_NT, SGMT_NF, SGT_NT, SGTVER_NT, RULE_LS, RULPRIO_CT, FUNCDEF_T, TECHDEF_T, CRE_D, CREUSR_CF, LSTUPD_D, LSTUPDUSR_CF, timestamp )       VALUES ( 2, 20, 120, 1, ' ', 73, 'Group_Division=''400'' AND COUNTRY_REPORTING=''GRC''', 'StringUtils.equals(c.getSegLabel18Lvl0(), "400") && StringUtils.equals(c.getAnlctyCf(), "GRC")', getDate(),'DBEU',getDate(),'DBEU',null )
INSERT INTO best..tsegmentrule ( SGTRUL_NT, SGMT_NF, SGT_NT, SGTVER_NT, RULE_LS, RULPRIO_CT, FUNCDEF_T, TECHDEF_T, CRE_D, CREUSR_CF, LSTUPD_D, LSTUPDUSR_CF, timestamp )       VALUES ( 11, 3, 120, 1, ' ', 74, 'Group_Division=''400'' AND COUNTRY_REPORTING=''GRD''', 'StringUtils.equals(c.getSegLabel18Lvl0(), "400") && StringUtils.equals(c.getAnlctyCf(), "GRD")', getDate(),'DBEU',getDate(),'DBEU',null )
INSERT INTO best..tsegmentrule ( SGTRUL_NT, SGMT_NF, SGT_NT, SGTVER_NT, RULE_LS, RULPRIO_CT, FUNCDEF_T, TECHDEF_T, CRE_D, CREUSR_CF, LSTUPD_D, LSTUPDUSR_CF, timestamp )       VALUES ( 3, 14, 120, 1, ' ', 75, 'Group_Division=''400'' AND COUNTRY_REPORTING=''GTM''', 'StringUtils.equals(c.getSegLabel18Lvl0(), "400") && StringUtils.equals(c.getAnlctyCf(), "GTM")', getDate(),'DBEU',getDate(),'DBEU',null )
INSERT INTO best..tsegmentrule ( SGTRUL_NT, SGMT_NF, SGT_NT, SGTVER_NT, RULE_LS, RULPRIO_CT, FUNCDEF_T, TECHDEF_T, CRE_D, CREUSR_CF, LSTUPD_D, LSTUPDUSR_CF, timestamp )       VALUES ( 1, 28, 120, 1, ' ', 76, 'Group_Division=''400'' AND COUNTRY_REPORTING=''GUM''', 'StringUtils.equals(c.getSegLabel18Lvl0(), "400") && StringUtils.equals(c.getAnlctyCf(), "GUM")', getDate(),'DBEU',getDate(),'DBEU',null )
INSERT INTO best..tsegmentrule ( SGTRUL_NT, SGMT_NF, SGT_NT, SGTVER_NT, RULE_LS, RULPRIO_CT, FUNCDEF_T, TECHDEF_T, CRE_D, CREUSR_CF, LSTUPD_D, LSTUPDUSR_CF, timestamp )       VALUES ( 12, 3, 120, 1, ' ', 77, 'Group_Division=''400'' AND COUNTRY_REPORTING=''GUY''', 'StringUtils.equals(c.getSegLabel18Lvl0(), "400") && StringUtils.equals(c.getAnlctyCf(), "GUY")', getDate(),'DBEU',getDate(),'DBEU',null )
INSERT INTO best..tsegmentrule ( SGTRUL_NT, SGMT_NF, SGT_NT, SGTVER_NT, RULE_LS, RULPRIO_CT, FUNCDEF_T, TECHDEF_T, CRE_D, CREUSR_CF, LSTUPD_D, LSTUPDUSR_CF, timestamp )       VALUES ( 1, 29, 120, 1, ' ', 78, 'Group_Division=''400'' AND COUNTRY_REPORTING=''HKG''', 'StringUtils.equals(c.getSegLabel18Lvl0(), "400") && StringUtils.equals(c.getAnlctyCf(), "HKG")', getDate(),'DBEU',getDate(),'DBEU',null )
INSERT INTO best..tsegmentrule ( SGTRUL_NT, SGMT_NF, SGT_NT, SGTVER_NT, RULE_LS, RULPRIO_CT, FUNCDEF_T, TECHDEF_T, CRE_D, CREUSR_CF, LSTUPD_D, LSTUPDUSR_CF, timestamp )       VALUES ( 4, 14, 120, 1, ' ', 79, 'Group_Division=''400'' AND COUNTRY_REPORTING=''HND''', 'StringUtils.equals(c.getSegLabel18Lvl0(), "400") && StringUtils.equals(c.getAnlctyCf(), "HND")', getDate(),'DBEU',getDate(),'DBEU',null )
INSERT INTO best..tsegmentrule ( SGTRUL_NT, SGMT_NF, SGT_NT, SGTVER_NT, RULE_LS, RULPRIO_CT, FUNCDEF_T, TECHDEF_T, CRE_D, CREUSR_CF, LSTUPD_D, LSTUPDUSR_CF, timestamp )       VALUES ( 5, 4, 120, 1, ' ', 80, 'Group_Division=''400'' AND COUNTRY_REPORTING=''HRV''', 'StringUtils.equals(c.getSegLabel18Lvl0(), "400") && StringUtils.equals(c.getAnlctyCf(), "HRV")', getDate(),'DBEU',getDate(),'DBEU',null )
INSERT INTO best..tsegmentrule ( SGTRUL_NT, SGMT_NF, SGT_NT, SGTVER_NT, RULE_LS, RULPRIO_CT, FUNCDEF_T, TECHDEF_T, CRE_D, CREUSR_CF, LSTUPD_D, LSTUPDUSR_CF, timestamp )       VALUES ( 13, 3, 120, 1, ' ', 81, 'Group_Division=''400'' AND COUNTRY_REPORTING=''HTI''', 'StringUtils.equals(c.getSegLabel18Lvl0(), "400") && StringUtils.equals(c.getAnlctyCf(), "HTI")', getDate(),'DBEU',getDate(),'DBEU',null )
INSERT INTO best..tsegmentrule ( SGTRUL_NT, SGMT_NF, SGT_NT, SGTVER_NT, RULE_LS, RULPRIO_CT, FUNCDEF_T, TECHDEF_T, CRE_D, CREUSR_CF, LSTUPD_D, LSTUPDUSR_CF, timestamp )       VALUES ( 6, 4, 120, 1, ' ', 82, 'Group_Division=''400'' AND COUNTRY_REPORTING=''HUN''', 'StringUtils.equals(c.getSegLabel18Lvl0(), "400") && StringUtils.equals(c.getAnlctyCf(), "HUN")', getDate(),'DBEU',getDate(),'DBEU',null )
INSERT INTO best..tsegmentrule ( SGTRUL_NT, SGMT_NF, SGT_NT, SGTVER_NT, RULE_LS, RULPRIO_CT, FUNCDEF_T, TECHDEF_T, CRE_D, CREUSR_CF, LSTUPD_D, LSTUPDUSR_CF, timestamp )       VALUES ( 1, 30, 120, 1, ' ', 83, 'Group_Division=''400'' AND COUNTRY_REPORTING=''IDN''', 'StringUtils.equals(c.getSegLabel18Lvl0(), "400") && StringUtils.equals(c.getAnlctyCf(), "IDN")', getDate(),'DBEU',getDate(),'DBEU',null )
INSERT INTO best..tsegmentrule ( SGTRUL_NT, SGMT_NF, SGT_NT, SGTVER_NT, RULE_LS, RULPRIO_CT, FUNCDEF_T, TECHDEF_T, CRE_D, CREUSR_CF, LSTUPD_D, LSTUPDUSR_CF, timestamp )       VALUES ( 4, 1, 120, 1, ' ', 84, 'Group_Division=''400'' AND COUNTRY_REPORTING=''IND''', 'StringUtils.equals(c.getSegLabel18Lvl0(), "400") && StringUtils.equals(c.getAnlctyCf(), "IND")', getDate(),'DBEU',getDate(),'DBEU',null )
INSERT INTO best..tsegmentrule ( SGTRUL_NT, SGMT_NF, SGT_NT, SGTVER_NT, RULE_LS, RULPRIO_CT, FUNCDEF_T, TECHDEF_T, CRE_D, CREUSR_CF, LSTUPD_D, LSTUPDUSR_CF, timestamp )       VALUES ( 3, 27, 120, 1, ' ', 85, 'Group_Division=''400'' AND COUNTRY_REPORTING=''IRL''', 'StringUtils.equals(c.getSegLabel18Lvl0(), "400") && StringUtils.equals(c.getAnlctyCf(), "IRL")', getDate(),'DBEU',getDate(),'DBEU',null )
INSERT INTO best..tsegmentrule ( SGTRUL_NT, SGMT_NF, SGT_NT, SGTVER_NT, RULE_LS, RULPRIO_CT, FUNCDEF_T, TECHDEF_T, CRE_D, CREUSR_CF, LSTUPD_D, LSTUPDUSR_CF, timestamp )       VALUES ( 2, 13, 120, 1, ' ', 86, 'Group_Division=''400'' AND COUNTRY_REPORTING=''IRN''', 'StringUtils.equals(c.getSegLabel18Lvl0(), "400") && StringUtils.equals(c.getAnlctyCf(), "IRN")', getDate(),'DBEU',getDate(),'DBEU',null )
INSERT INTO best..tsegmentrule ( SGTRUL_NT, SGMT_NF, SGT_NT, SGTVER_NT, RULE_LS, RULPRIO_CT, FUNCDEF_T, TECHDEF_T, CRE_D, CREUSR_CF, LSTUPD_D, LSTUPDUSR_CF, timestamp )       VALUES ( 3, 13, 120, 1, ' ', 87, 'Group_Division=''400'' AND COUNTRY_REPORTING=''IRQ''', 'StringUtils.equals(c.getSegLabel18Lvl0(), "400") && StringUtils.equals(c.getAnlctyCf(), "IRQ")', getDate(),'DBEU',getDate(),'DBEU',null )
INSERT INTO best..tsegmentrule ( SGTRUL_NT, SGMT_NF, SGT_NT, SGTVER_NT, RULE_LS, RULPRIO_CT, FUNCDEF_T, TECHDEF_T, CRE_D, CREUSR_CF, LSTUPD_D, LSTUPDUSR_CF, timestamp )       VALUES ( 4, 22, 120, 1, ' ', 88, 'Group_Division=''400'' AND COUNTRY_REPORTING=''ISL''', 'StringUtils.equals(c.getSegLabel18Lvl0(), "400") && StringUtils.equals(c.getAnlctyCf(), "ISL")', getDate(),'DBEU',getDate(),'DBEU',null )
INSERT INTO best..tsegmentrule ( SGTRUL_NT, SGMT_NF, SGT_NT, SGTVER_NT, RULE_LS, RULPRIO_CT, FUNCDEF_T, TECHDEF_T, CRE_D, CREUSR_CF, LSTUPD_D, LSTUPDUSR_CF, timestamp )       VALUES ( 1, 31, 120, 1, ' ', 89, 'Group_Division=''400'' AND COUNTRY_REPORTING=''ISR''', 'StringUtils.equals(c.getSegLabel18Lvl0(), "400") && StringUtils.equals(c.getAnlctyCf(), "ISR")', getDate(),'DBEU',getDate(),'DBEU',null )
INSERT INTO best..tsegmentrule ( SGTRUL_NT, SGMT_NF, SGT_NT, SGTVER_NT, RULE_LS, RULPRIO_CT, FUNCDEF_T, TECHDEF_T, CRE_D, CREUSR_CF, LSTUPD_D, LSTUPDUSR_CF, timestamp )       VALUES ( 1, 32, 120, 1, ' ', 90, 'Group_Division=''400'' AND COUNTRY_REPORTING=''ITA''', 'StringUtils.equals(c.getSegLabel18Lvl0(), "400") && StringUtils.equals(c.getAnlctyCf(), "ITA")', getDate(),'DBEU',getDate(),'DBEU',null )
INSERT INTO best..tsegmentrule ( SGTRUL_NT, SGMT_NF, SGT_NT, SGTVER_NT, RULE_LS, RULPRIO_CT, FUNCDEF_T, TECHDEF_T, CRE_D, CREUSR_CF, LSTUPD_D, LSTUPDUSR_CF, timestamp )       VALUES ( 14, 3, 120, 1, ' ', 91, 'Group_Division=''400'' AND COUNTRY_REPORTING=''JAM''', 'StringUtils.equals(c.getSegLabel18Lvl0(), "400") && StringUtils.equals(c.getAnlctyCf(), "JAM")', getDate(),'DBEU',getDate(),'DBEU',null )
INSERT INTO best..tsegmentrule ( SGTRUL_NT, SGMT_NF, SGT_NT, SGTVER_NT, RULE_LS, RULPRIO_CT, FUNCDEF_T, TECHDEF_T, CRE_D, CREUSR_CF, LSTUPD_D, LSTUPDUSR_CF, timestamp )       VALUES ( 1, 33, 120, 1, ' ', 92, 'Group_Division=''400'' AND COUNTRY_REPORTING=''JOR''', 'StringUtils.equals(c.getSegLabel18Lvl0(), "400") && StringUtils.equals(c.getAnlctyCf(), "JOR")', getDate(),'DBEU',getDate(),'DBEU',null )
INSERT INTO best..tsegmentrule ( SGTRUL_NT, SGMT_NF, SGT_NT, SGTVER_NT, RULE_LS, RULPRIO_CT, FUNCDEF_T, TECHDEF_T, CRE_D, CREUSR_CF, LSTUPD_D, LSTUPDUSR_CF, timestamp )       VALUES ( 1, 34, 120, 1, ' ', 93, 'Group_Division=''400'' AND COUNTRY_REPORTING=''JPN''', 'StringUtils.equals(c.getSegLabel18Lvl0(), "400") && StringUtils.equals(c.getAnlctyCf(), "JPN")', getDate(),'DBEU',getDate(),'DBEU',null )
INSERT INTO best..tsegmentrule ( SGTRUL_NT, SGMT_NF, SGT_NT, SGTVER_NT, RULE_LS, RULPRIO_CT, FUNCDEF_T, TECHDEF_T, CRE_D, CREUSR_CF, LSTUPD_D, LSTUPDUSR_CF, timestamp )       VALUES ( 5, 8, 120, 1, ' ', 94, 'Group_Division=''400'' AND COUNTRY_REPORTING=''KAZ''', 'StringUtils.equals(c.getSegLabel18Lvl0(), "400") && StringUtils.equals(c.getAnlctyCf(), "KAZ")', getDate(),'DBEU',getDate(),'DBEU',null )
INSERT INTO best..tsegmentrule ( SGTRUL_NT, SGMT_NF, SGT_NT, SGTVER_NT, RULE_LS, RULPRIO_CT, FUNCDEF_T, TECHDEF_T, CRE_D, CREUSR_CF, LSTUPD_D, LSTUPDUSR_CF, timestamp )       VALUES ( 9, 2, 120, 1, ' ', 95, 'Group_Division=''400'' AND COUNTRY_REPORTING=''KEN''', 'StringUtils.equals(c.getSegLabel18Lvl0(), "400") && StringUtils.equals(c.getAnlctyCf(), "KEN")', getDate(),'DBEU',getDate(),'DBEU',null )
INSERT INTO best..tsegmentrule ( SGTRUL_NT, SGMT_NF, SGT_NT, SGTVER_NT, RULE_LS, RULPRIO_CT, FUNCDEF_T, TECHDEF_T, CRE_D, CREUSR_CF, LSTUPD_D, LSTUPDUSR_CF, timestamp )       VALUES ( 1, 35, 120, 1, ' ', 96, 'Group_Division=''400'' AND COUNTRY_REPORTING=''KHM''', 'StringUtils.equals(c.getSegLabel18Lvl0(), "400") && StringUtils.equals(c.getAnlctyCf(), "KHM")', getDate(),'DBEU',getDate(),'DBEU',null )
INSERT INTO best..tsegmentrule ( SGTRUL_NT, SGMT_NF, SGT_NT, SGTVER_NT, RULE_LS, RULPRIO_CT, FUNCDEF_T, TECHDEF_T, CRE_D, CREUSR_CF, LSTUPD_D, LSTUPDUSR_CF, timestamp )       VALUES ( 15, 3, 120, 1, ' ', 97, 'Group_Division=''400'' AND COUNTRY_REPORTING=''KNA''', 'StringUtils.equals(c.getSegLabel18Lvl0(), "400") && StringUtils.equals(c.getAnlctyCf(), "KNA")', getDate(),'DBEU',getDate(),'DBEU',null )
INSERT INTO best..tsegmentrule ( SGTRUL_NT, SGMT_NF, SGT_NT, SGTVER_NT, RULE_LS, RULPRIO_CT, FUNCDEF_T, TECHDEF_T, CRE_D, CREUSR_CF, LSTUPD_D, LSTUPDUSR_CF, timestamp )       VALUES ( 1, 36, 120, 1, ' ', 98, 'Group_Division=''400'' AND COUNTRY_REPORTING=''KOR''', 'StringUtils.equals(c.getSegLabel18Lvl0(), "400") && StringUtils.equals(c.getAnlctyCf(), "KOR")', getDate(),'DBEU',getDate(),'DBEU',null )
INSERT INTO best..tsegmentrule ( SGTRUL_NT, SGMT_NF, SGT_NT, SGTVER_NT, RULE_LS, RULPRIO_CT, FUNCDEF_T, TECHDEF_T, CRE_D, CREUSR_CF, LSTUPD_D, LSTUPDUSR_CF, timestamp )       VALUES ( 4, 13, 120, 1, ' ', 99, 'Group_Division=''400'' AND COUNTRY_REPORTING=''KWT''', 'StringUtils.equals(c.getSegLabel18Lvl0(), "400") && StringUtils.equals(c.getAnlctyCf(), "KWT")', getDate(),'DBEU',getDate(),'DBEU',null )
INSERT INTO best..tsegmentrule ( SGTRUL_NT, SGMT_NF, SGT_NT, SGTVER_NT, RULE_LS, RULPRIO_CT, FUNCDEF_T, TECHDEF_T, CRE_D, CREUSR_CF, LSTUPD_D, LSTUPDUSR_CF, timestamp )       VALUES ( 2, 35, 120, 1, ' ', 100, 'Group_Division=''400'' AND COUNTRY_REPORTING=''LAO''', 'StringUtils.equals(c.getSegLabel18Lvl0(), "400") && StringUtils.equals(c.getAnlctyCf(), "LAO")', getDate(),'DBEU',getDate(),'DBEU',null )
INSERT INTO best..tsegmentrule ( SGTRUL_NT, SGMT_NF, SGT_NT, SGTVER_NT, RULE_LS, RULPRIO_CT, FUNCDEF_T, TECHDEF_T, CRE_D, CREUSR_CF, LSTUPD_D, LSTUPDUSR_CF, timestamp )       VALUES ( 5, 13, 120, 1, ' ', 101, 'Group_Division=''400'' AND COUNTRY_REPORTING=''LBN''', 'StringUtils.equals(c.getSegLabel18Lvl0(), "400") && StringUtils.equals(c.getAnlctyCf(), "LBN")', getDate(),'DBEU',getDate(),'DBEU',null )
INSERT INTO best..tsegmentrule ( SGTRUL_NT, SGMT_NF, SGT_NT, SGTVER_NT, RULE_LS, RULPRIO_CT, FUNCDEF_T, TECHDEF_T, CRE_D, CREUSR_CF, LSTUPD_D, LSTUPDUSR_CF, timestamp )       VALUES ( 10, 2, 120, 1, ' ', 102, 'Group_Division=''400'' AND COUNTRY_REPORTING=''LBR''', 'StringUtils.equals(c.getSegLabel18Lvl0(), "400") && StringUtils.equals(c.getAnlctyCf(), "LBR")', getDate(),'DBEU',getDate(),'DBEU',null )
INSERT INTO best..tsegmentrule ( SGTRUL_NT, SGMT_NF, SGT_NT, SGTVER_NT, RULE_LS, RULPRIO_CT, FUNCDEF_T, TECHDEF_T, CRE_D, CREUSR_CF, LSTUPD_D, LSTUPDUSR_CF, timestamp )       VALUES ( 13, 11, 120, 1, ' ', 103, 'Group_Division=''400'' AND COUNTRY_REPORTING=''LBY''', 'StringUtils.equals(c.getSegLabel18Lvl0(), "400") && StringUtils.equals(c.getAnlctyCf(), "LBY")', getDate(),'DBEU',getDate(),'DBEU',null )
INSERT INTO best..tsegmentrule ( SGTRUL_NT, SGMT_NF, SGT_NT, SGTVER_NT, RULE_LS, RULPRIO_CT, FUNCDEF_T, TECHDEF_T, CRE_D, CREUSR_CF, LSTUPD_D, LSTUPDUSR_CF, timestamp )       VALUES ( 16, 3, 120, 1, ' ', 104, 'Group_Division=''400'' AND COUNTRY_REPORTING=''LCA''', 'StringUtils.equals(c.getSegLabel18Lvl0(), "400") && StringUtils.equals(c.getAnlctyCf(), "LCA")', getDate(),'DBEU',getDate(),'DBEU',null )
INSERT INTO best..tsegmentrule ( SGTRUL_NT, SGMT_NF, SGT_NT, SGTVER_NT, RULE_LS, RULPRIO_CT, FUNCDEF_T, TECHDEF_T, CRE_D, CREUSR_CF, LSTUPD_D, LSTUPDUSR_CF, timestamp )       VALUES ( 2, 18, 120, 1, ' ', 105, 'Group_Division=''400'' AND COUNTRY_REPORTING=''LIE''', 'StringUtils.equals(c.getSegLabel18Lvl0(), "400") && StringUtils.equals(c.getAnlctyCf(), "LIE")', getDate(),'DBEU',getDate(),'DBEU',null )
INSERT INTO best..tsegmentrule ( SGTRUL_NT, SGMT_NF, SGT_NT, SGTVER_NT, RULE_LS, RULPRIO_CT, FUNCDEF_T, TECHDEF_T, CRE_D, CREUSR_CF, LSTUPD_D, LSTUPDUSR_CF, timestamp )       VALUES ( 5, 1, 120, 1, ' ', 106, 'Group_Division=''400'' AND COUNTRY_REPORTING=''LKA''', 'StringUtils.equals(c.getSegLabel18Lvl0(), "400") && StringUtils.equals(c.getAnlctyCf(), "LKA")', getDate(),'DBEU',getDate(),'DBEU',null )
INSERT INTO best..tsegmentrule ( SGTRUL_NT, SGMT_NF, SGT_NT, SGTVER_NT, RULE_LS, RULPRIO_CT, FUNCDEF_T, TECHDEF_T, CRE_D, CREUSR_CF, LSTUPD_D, LSTUPDUSR_CF, timestamp )       VALUES ( 11, 2, 120, 1, ' ', 107, 'Group_Division=''400'' AND COUNTRY_REPORTING=''LSO''', 'StringUtils.equals(c.getSegLabel18Lvl0(), "400") && StringUtils.equals(c.getAnlctyCf(), "LSO")', getDate(),'DBEU',getDate(),'DBEU',null )
INSERT INTO best..tsegmentrule ( SGTRUL_NT, SGMT_NF, SGT_NT, SGTVER_NT, RULE_LS, RULPRIO_CT, FUNCDEF_T, TECHDEF_T, CRE_D, CREUSR_CF, LSTUPD_D, LSTUPDUSR_CF, timestamp )       VALUES ( 2, 24, 120, 1, ' ', 108, 'Group_Division=''400'' AND COUNTRY_REPORTING=''LTU''', 'StringUtils.equals(c.getSegLabel18Lvl0(), "400") && StringUtils.equals(c.getAnlctyCf(), "LTU")', getDate(),'DBEU',getDate(),'DBEU',null )
INSERT INTO best..tsegmentrule ( SGTRUL_NT, SGMT_NF, SGT_NT, SGTVER_NT, RULE_LS, RULPRIO_CT, FUNCDEF_T, TECHDEF_T, CRE_D, CREUSR_CF, LSTUPD_D, LSTUPDUSR_CF, timestamp )       VALUES ( 1, 37, 120, 1, ' ', 109, 'Group_Division=''400'' AND COUNTRY_REPORTING=''LUX''', 'StringUtils.equals(c.getSegLabel18Lvl0(), "400") && StringUtils.equals(c.getAnlctyCf(), "LUX")', getDate(),'DBEU',getDate(),'DBEU',null )
INSERT INTO best..tsegmentrule ( SGTRUL_NT, SGMT_NF, SGT_NT, SGTVER_NT, RULE_LS, RULPRIO_CT, FUNCDEF_T, TECHDEF_T, CRE_D, CREUSR_CF, LSTUPD_D, LSTUPDUSR_CF, timestamp )       VALUES ( 3, 24, 120, 1, ' ', 110, 'Group_Division=''400'' AND COUNTRY_REPORTING=''LVA''', 'StringUtils.equals(c.getSegLabel18Lvl0(), "400") && StringUtils.equals(c.getAnlctyCf(), "LVA")', getDate(),'DBEU',getDate(),'DBEU',null )
INSERT INTO best..tsegmentrule ( SGTRUL_NT, SGMT_NF, SGT_NT, SGTVER_NT, RULE_LS, RULPRIO_CT, FUNCDEF_T, TECHDEF_T, CRE_D, CREUSR_CF, LSTUPD_D, LSTUPDUSR_CF, timestamp )       VALUES ( 2, 19, 120, 1, ' ', 111, 'Group_Division=''400'' AND COUNTRY_REPORTING=''MAC''', 'StringUtils.equals(c.getSegLabel18Lvl0(), "400") && StringUtils.equals(c.getAnlctyCf(), "MAC")', getDate(),'DBEU',getDate(),'DBEU',null )
INSERT INTO best..tsegmentrule ( SGTRUL_NT, SGMT_NF, SGT_NT, SGTVER_NT, RULE_LS, RULPRIO_CT, FUNCDEF_T, TECHDEF_T, CRE_D, CREUSR_CF, LSTUPD_D, LSTUPDUSR_CF, timestamp )       VALUES ( 14, 11, 120, 1, ' ', 112, 'Group_Division=''400'' AND COUNTRY_REPORTING=''MAR''', 'StringUtils.equals(c.getSegLabel18Lvl0(), "400") && StringUtils.equals(c.getAnlctyCf(), "MAR")', getDate(),'DBEU',getDate(),'DBEU',null )
INSERT INTO best..tsegmentrule ( SGTRUL_NT, SGMT_NF, SGT_NT, SGTVER_NT, RULE_LS, RULPRIO_CT, FUNCDEF_T, TECHDEF_T, CRE_D, CREUSR_CF, LSTUPD_D, LSTUPDUSR_CF, timestamp )       VALUES ( 2, 26, 120, 1, ' ', 113, 'Group_Division=''400'' AND COUNTRY_REPORTING=''MCO''', 'StringUtils.equals(c.getSegLabel18Lvl0(), "400") && StringUtils.equals(c.getAnlctyCf(), "MCO")', getDate(),'DBEU',getDate(),'DBEU',null )
INSERT INTO best..tsegmentrule ( SGTRUL_NT, SGMT_NF, SGT_NT, SGTVER_NT, RULE_LS, RULPRIO_CT, FUNCDEF_T, TECHDEF_T, CRE_D, CREUSR_CF, LSTUPD_D, LSTUPDUSR_CF, timestamp )       VALUES ( 6, 8, 120, 1, ' ', 114, 'Group_Division=''400'' AND COUNTRY_REPORTING=''MDA''', 'StringUtils.equals(c.getSegLabel18Lvl0(), "400") && StringUtils.equals(c.getAnlctyCf(), "MDA")', getDate(),'DBEU',getDate(),'DBEU',null )
INSERT INTO best..tsegmentrule ( SGTRUL_NT, SGMT_NF, SGT_NT, SGTVER_NT, RULE_LS, RULPRIO_CT, FUNCDEF_T, TECHDEF_T, CRE_D, CREUSR_CF, LSTUPD_D, LSTUPDUSR_CF, timestamp )       VALUES ( 15, 11, 120, 1, ' ', 115, 'Group_Division=''400'' AND COUNTRY_REPORTING=''MDG''', 'StringUtils.equals(c.getSegLabel18Lvl0(), "400") && StringUtils.equals(c.getAnlctyCf(), "MDG")', getDate(),'DBEU',getDate(),'DBEU',null )
INSERT INTO best..tsegmentrule ( SGTRUL_NT, SGMT_NF, SGT_NT, SGTVER_NT, RULE_LS, RULPRIO_CT, FUNCDEF_T, TECHDEF_T, CRE_D, CREUSR_CF, LSTUPD_D, LSTUPDUSR_CF, timestamp )       VALUES ( 6, 1, 120, 1, ' ', 116, 'Group_Division=''400'' AND COUNTRY_REPORTING=''MDV''', 'StringUtils.equals(c.getSegLabel18Lvl0(), "400") && StringUtils.equals(c.getAnlctyCf(), "MDV")', getDate(),'DBEU',getDate(),'DBEU',null )
INSERT INTO best..tsegmentrule ( SGTRUL_NT, SGMT_NF, SGT_NT, SGTVER_NT, RULE_LS, RULPRIO_CT, FUNCDEF_T, TECHDEF_T, CRE_D, CREUSR_CF, LSTUPD_D, LSTUPDUSR_CF, timestamp )       VALUES ( 1, 38, 120, 1, ' ', 117, 'Group_Division=''400'' AND COUNTRY_REPORTING=''MEX''', 'StringUtils.equals(c.getSegLabel18Lvl0(), "400") && StringUtils.equals(c.getAnlctyCf(), "MEX")', getDate(),'DBEU',getDate(),'DBEU',null )
INSERT INTO best..tsegmentrule ( SGTRUL_NT, SGMT_NF, SGT_NT, SGTVER_NT, RULE_LS, RULPRIO_CT, FUNCDEF_T, TECHDEF_T, CRE_D, CREUSR_CF, LSTUPD_D, LSTUPDUSR_CF, timestamp )       VALUES ( 7, 4, 120, 1, ' ', 118, 'Group_Division=''400'' AND COUNTRY_REPORTING=''MKD''', 'StringUtils.equals(c.getSegLabel18Lvl0(), "400") && StringUtils.equals(c.getAnlctyCf(), "MKD")', getDate(),'DBEU',getDate(),'DBEU',null )
INSERT INTO best..tsegmentrule ( SGTRUL_NT, SGMT_NF, SGT_NT, SGTVER_NT, RULE_LS, RULPRIO_CT, FUNCDEF_T, TECHDEF_T, CRE_D, CREUSR_CF, LSTUPD_D, LSTUPDUSR_CF, timestamp )       VALUES ( 16, 11, 120, 1, ' ', 119, 'Group_Division=''400'' AND COUNTRY_REPORTING=''MLI''', 'StringUtils.equals(c.getSegLabel18Lvl0(), "400") && StringUtils.equals(c.getAnlctyCf(), "MLI")', getDate(),'DBEU',getDate(),'DBEU',null )
INSERT INTO best..tsegmentrule ( SGTRUL_NT, SGMT_NF, SGT_NT, SGTVER_NT, RULE_LS, RULPRIO_CT, FUNCDEF_T, TECHDEF_T, CRE_D, CREUSR_CF, LSTUPD_D, LSTUPDUSR_CF, timestamp )       VALUES ( 3, 20, 120, 1, ' ', 120, 'Group_Division=''400'' AND COUNTRY_REPORTING=''MLT''', 'StringUtils.equals(c.getSegLabel18Lvl0(), "400") && StringUtils.equals(c.getAnlctyCf(), "MLT")', getDate(),'DBEU',getDate(),'DBEU',null )
INSERT INTO best..tsegmentrule ( SGTRUL_NT, SGMT_NF, SGT_NT, SGTVER_NT, RULE_LS, RULPRIO_CT, FUNCDEF_T, TECHDEF_T, CRE_D, CREUSR_CF, LSTUPD_D, LSTUPDUSR_CF, timestamp )       VALUES ( 2, 16, 120, 1, ' ', 121, 'Group_Division=''400'' AND COUNTRY_REPORTING=''MMR''', 'StringUtils.equals(c.getSegLabel18Lvl0(), "400") && StringUtils.equals(c.getAnlctyCf(), "MMR")', getDate(),'DBEU',getDate(),'DBEU',null )
INSERT INTO best..tsegmentrule ( SGTRUL_NT, SGMT_NF, SGT_NT, SGTVER_NT, RULE_LS, RULPRIO_CT, FUNCDEF_T, TECHDEF_T, CRE_D, CREUSR_CF, LSTUPD_D, LSTUPDUSR_CF, timestamp )       VALUES ( 8, 4, 120, 1, ' ', 122, 'Group_Division=''400'' AND COUNTRY_REPORTING=''MNE''', 'StringUtils.equals(c.getSegLabel18Lvl0(), "400") && StringUtils.equals(c.getAnlctyCf(), "MNE")', getDate(),'DBEU',getDate(),'DBEU',null )
INSERT INTO best..tsegmentrule ( SGTRUL_NT, SGMT_NF, SGT_NT, SGTVER_NT, RULE_LS, RULPRIO_CT, FUNCDEF_T, TECHDEF_T, CRE_D, CREUSR_CF, LSTUPD_D, LSTUPDUSR_CF, timestamp )       VALUES ( 2, 30, 120, 1, ' ', 123, 'Group_Division=''400'' AND COUNTRY_REPORTING=''MNG''', 'StringUtils.equals(c.getSegLabel18Lvl0(), "400") && StringUtils.equals(c.getAnlctyCf(), "MNG")', getDate(),'DBEU',getDate(),'DBEU',null )
INSERT INTO best..tsegmentrule ( SGTRUL_NT, SGMT_NF, SGT_NT, SGTVER_NT, RULE_LS, RULPRIO_CT, FUNCDEF_T, TECHDEF_T, CRE_D, CREUSR_CF, LSTUPD_D, LSTUPDUSR_CF, timestamp )       VALUES ( 12, 2, 120, 1, ' ', 124, 'Group_Division=''400'' AND COUNTRY_REPORTING=''MOZ''', 'StringUtils.equals(c.getSegLabel18Lvl0(), "400") && StringUtils.equals(c.getAnlctyCf(), "MOZ")', getDate(),'DBEU',getDate(),'DBEU',null )
INSERT INTO best..tsegmentrule ( SGTRUL_NT, SGMT_NF, SGT_NT, SGTVER_NT, RULE_LS, RULPRIO_CT, FUNCDEF_T, TECHDEF_T, CRE_D, CREUSR_CF, LSTUPD_D, LSTUPDUSR_CF, timestamp )       VALUES ( 17, 11, 120, 1, ' ', 125, 'Group_Division=''400'' AND COUNTRY_REPORTING=''MRT''', 'StringUtils.equals(c.getSegLabel18Lvl0(), "400") && StringUtils.equals(c.getAnlctyCf(), "MRT")', getDate(),'DBEU',getDate(),'DBEU',null )
INSERT INTO best..tsegmentrule ( SGTRUL_NT, SGMT_NF, SGT_NT, SGTVER_NT, RULE_LS, RULPRIO_CT, FUNCDEF_T, TECHDEF_T, CRE_D, CREUSR_CF, LSTUPD_D, LSTUPDUSR_CF, timestamp )       VALUES ( 17, 3, 120, 1, ' ', 126, 'Group_Division=''400'' AND COUNTRY_REPORTING=''MSR''', 'StringUtils.equals(c.getSegLabel18Lvl0(), "400") && StringUtils.equals(c.getAnlctyCf(), "MSR")', getDate(),'DBEU',getDate(),'DBEU',null )
INSERT INTO best..tsegmentrule ( SGTRUL_NT, SGMT_NF, SGT_NT, SGTVER_NT, RULE_LS, RULPRIO_CT, FUNCDEF_T, TECHDEF_T, CRE_D, CREUSR_CF, LSTUPD_D, LSTUPDUSR_CF, timestamp )       VALUES ( 13, 2, 120, 1, ' ', 127, 'Group_Division=''400'' AND COUNTRY_REPORTING=''MUS''', 'StringUtils.equals(c.getSegLabel18Lvl0(), "400") && StringUtils.equals(c.getAnlctyCf(), "MUS")', getDate(),'DBEU',getDate(),'DBEU',null )
INSERT INTO best..tsegmentrule ( SGTRUL_NT, SGMT_NF, SGT_NT, SGTVER_NT, RULE_LS, RULPRIO_CT, FUNCDEF_T, TECHDEF_T, CRE_D, CREUSR_CF, LSTUPD_D, LSTUPDUSR_CF, timestamp )       VALUES ( 14, 2, 120, 1, ' ', 128, 'Group_Division=''400'' AND COUNTRY_REPORTING=''MWI''', 'StringUtils.equals(c.getSegLabel18Lvl0(), "400") && StringUtils.equals(c.getAnlctyCf(), "MWI")', getDate(),'DBEU',getDate(),'DBEU',null )
INSERT INTO best..tsegmentrule ( SGTRUL_NT, SGMT_NF, SGT_NT, SGTVER_NT, RULE_LS, RULPRIO_CT, FUNCDEF_T, TECHDEF_T, CRE_D, CREUSR_CF, LSTUPD_D, LSTUPDUSR_CF, timestamp )       VALUES ( 3, 35, 120, 1, ' ', 129, 'Group_Division=''400'' AND COUNTRY_REPORTING=''MYS''', 'StringUtils.equals(c.getSegLabel18Lvl0(), "400") && StringUtils.equals(c.getAnlctyCf(), "MYS")', getDate(),'DBEU',getDate(),'DBEU',null )
INSERT INTO best..tsegmentrule ( SGTRUL_NT, SGMT_NF, SGT_NT, SGTVER_NT, RULE_LS, RULPRIO_CT, FUNCDEF_T, TECHDEF_T, CRE_D, CREUSR_CF, LSTUPD_D, LSTUPDUSR_CF, timestamp )       VALUES ( 15, 2, 120, 1, ' ', 130, 'Group_Division=''400'' AND COUNTRY_REPORTING=''NAM''', 'StringUtils.equals(c.getSegLabel18Lvl0(), "400") && StringUtils.equals(c.getAnlctyCf(), "NAM")', getDate(),'DBEU',getDate(),'DBEU',null )
INSERT INTO best..tsegmentrule ( SGTRUL_NT, SGMT_NF, SGT_NT, SGTVER_NT, RULE_LS, RULPRIO_CT, FUNCDEF_T, TECHDEF_T, CRE_D, CREUSR_CF, LSTUPD_D, LSTUPDUSR_CF, timestamp )       VALUES ( 18, 11, 120, 1, ' ', 131, 'Group_Division=''400'' AND COUNTRY_REPORTING=''NER''', 'StringUtils.equals(c.getSegLabel18Lvl0(), "400") && StringUtils.equals(c.getAnlctyCf(), "NER")', getDate(),'DBEU',getDate(),'DBEU',null )
INSERT INTO best..tsegmentrule ( SGTRUL_NT, SGMT_NF, SGT_NT, SGTVER_NT, RULE_LS, RULPRIO_CT, FUNCDEF_T, TECHDEF_T, CRE_D, CREUSR_CF, LSTUPD_D, LSTUPDUSR_CF, timestamp )       VALUES ( 16, 2, 120, 1, ' ', 132, 'Group_Division=''400'' AND COUNTRY_REPORTING=''NGA''', 'StringUtils.equals(c.getSegLabel18Lvl0(), "400") && StringUtils.equals(c.getAnlctyCf(), "NGA")', getDate(),'DBEU',getDate(),'DBEU',null )
INSERT INTO best..tsegmentrule ( SGTRUL_NT, SGMT_NF, SGT_NT, SGTVER_NT, RULE_LS, RULPRIO_CT, FUNCDEF_T, TECHDEF_T, CRE_D, CREUSR_CF, LSTUPD_D, LSTUPDUSR_CF, timestamp )       VALUES ( 5, 14, 120, 1, ' ', 133, 'Group_Division=''400'' AND COUNTRY_REPORTING=''NIC''', 'StringUtils.equals(c.getSegLabel18Lvl0(), "400") && StringUtils.equals(c.getAnlctyCf(), "NIC")', getDate(),'DBEU',getDate(),'DBEU',null )
INSERT INTO best..tsegmentrule ( SGTRUL_NT, SGMT_NF, SGT_NT, SGTVER_NT, RULE_LS, RULPRIO_CT, FUNCDEF_T, TECHDEF_T, CRE_D, CREUSR_CF, LSTUPD_D, LSTUPDUSR_CF, timestamp )       VALUES ( 1, 39, 120, 1, ' ', 134, 'Group_Division=''400'' AND COUNTRY_REPORTING=''NLD''', 'StringUtils.equals(c.getSegLabel18Lvl0(), "400") && StringUtils.equals(c.getAnlctyCf(), "NLD")', getDate(),'DBEU',getDate(),'DBEU',null )
INSERT INTO best..tsegmentrule ( SGTRUL_NT, SGMT_NF, SGT_NT, SGTVER_NT, RULE_LS, RULPRIO_CT, FUNCDEF_T, TECHDEF_T, CRE_D, CREUSR_CF, LSTUPD_D, LSTUPDUSR_CF, timestamp )       VALUES ( 5, 22, 120, 1, ' ', 135, 'Group_Division=''400'' AND COUNTRY_REPORTING=''NOR''', 'StringUtils.equals(c.getSegLabel18Lvl0(), "400") && StringUtils.equals(c.getAnlctyCf(), "NOR")', getDate(),'DBEU',getDate(),'DBEU',null )
INSERT INTO best..tsegmentrule ( SGTRUL_NT, SGMT_NF, SGT_NT, SGTVER_NT, RULE_LS, RULPRIO_CT, FUNCDEF_T, TECHDEF_T, CRE_D, CREUSR_CF, LSTUPD_D, LSTUPDUSR_CF, timestamp )       VALUES ( 7, 1, 120, 1, ' ', 136, 'Group_Division=''400'' AND COUNTRY_REPORTING=''NPL''', 'StringUtils.equals(c.getSegLabel18Lvl0(), "400") && StringUtils.equals(c.getAnlctyCf(), "NPL")', getDate(),'DBEU',getDate(),'DBEU',null )
INSERT INTO best..tsegmentrule ( SGTRUL_NT, SGMT_NF, SGT_NT, SGTVER_NT, RULE_LS, RULPRIO_CT, FUNCDEF_T, TECHDEF_T, CRE_D, CREUSR_CF, LSTUPD_D, LSTUPDUSR_CF, timestamp )       VALUES ( 1, 40, 120, 1, ' ', 137, 'Group_Division=''400'' AND COUNTRY_REPORTING=''NZL''', 'StringUtils.equals(c.getSegLabel18Lvl0(), "400") && StringUtils.equals(c.getAnlctyCf(), "NZL")', getDate(),'DBEU',getDate(),'DBEU',null )
INSERT INTO best..tsegmentrule ( SGTRUL_NT, SGMT_NF, SGT_NT, SGTVER_NT, RULE_LS, RULPRIO_CT, FUNCDEF_T, TECHDEF_T, CRE_D, CREUSR_CF, LSTUPD_D, LSTUPDUSR_CF, timestamp )       VALUES ( 6, 13, 120, 1, ' ', 138, 'Group_Division=''400'' AND COUNTRY_REPORTING=''OMN''', 'StringUtils.equals(c.getSegLabel18Lvl0(), "400") && StringUtils.equals(c.getAnlctyCf(), "OMN")', getDate(),'DBEU',getDate(),'DBEU',null )
INSERT INTO best..tsegmentrule ( SGTRUL_NT, SGMT_NF, SGT_NT, SGTVER_NT, RULE_LS, RULPRIO_CT, FUNCDEF_T, TECHDEF_T, CRE_D, CREUSR_CF, LSTUPD_D, LSTUPDUSR_CF, timestamp )       VALUES ( 8, 1, 120, 1, ' ', 139, 'Group_Division=''400'' AND COUNTRY_REPORTING=''PAK''', 'StringUtils.equals(c.getSegLabel18Lvl0(), "400") && StringUtils.equals(c.getAnlctyCf(), "PAK")', getDate(),'DBEU',getDate(),'DBEU',null )
INSERT INTO best..tsegmentrule ( SGTRUL_NT, SGMT_NF, SGT_NT, SGTVER_NT, RULE_LS, RULPRIO_CT, FUNCDEF_T, TECHDEF_T, CRE_D, CREUSR_CF, LSTUPD_D, LSTUPDUSR_CF, timestamp )       VALUES ( 7, 13, 120, 1, ' ', 140, 'Group_Division=''400'' AND COUNTRY_REPORTING=''PAL''', 'StringUtils.equals(c.getSegLabel18Lvl0(), "400") && StringUtils.equals(c.getAnlctyCf(), "PAL")', getDate(),'DBEU',getDate(),'DBEU',null )
INSERT INTO best..tsegmentrule ( SGTRUL_NT, SGMT_NF, SGT_NT, SGTVER_NT, RULE_LS, RULPRIO_CT, FUNCDEF_T, TECHDEF_T, CRE_D, CREUSR_CF, LSTUPD_D, LSTUPDUSR_CF, timestamp )       VALUES ( 6, 14, 120, 1, ' ', 141, 'Group_Division=''400'' AND COUNTRY_REPORTING=''PAN''', 'StringUtils.equals(c.getSegLabel18Lvl0(), "400") && StringUtils.equals(c.getAnlctyCf(), "PAN")', getDate(),'DBEU',getDate(),'DBEU',null )
INSERT INTO best..tsegmentrule ( SGTRUL_NT, SGMT_NF, SGT_NT, SGTVER_NT, RULE_LS, RULPRIO_CT, FUNCDEF_T, TECHDEF_T, CRE_D, CREUSR_CF, LSTUPD_D, LSTUPDUSR_CF, timestamp )       VALUES ( 6, 7, 120, 1, ' ', 142, 'Group_Division=''400'' AND COUNTRY_REPORTING=''PER''', 'StringUtils.equals(c.getSegLabel18Lvl0(), "400") && StringUtils.equals(c.getAnlctyCf(), "PER")', getDate(),'DBEU',getDate(),'DBEU',null )
INSERT INTO best..tsegmentrule ( SGTRUL_NT, SGMT_NF, SGT_NT, SGTVER_NT, RULE_LS, RULPRIO_CT, FUNCDEF_T, TECHDEF_T, CRE_D, CREUSR_CF, LSTUPD_D, LSTUPDUSR_CF, timestamp )       VALUES ( 3, 30, 120, 1, ' ', 143, 'Group_Division=''400'' AND COUNTRY_REPORTING=''PHL''', 'StringUtils.equals(c.getSegLabel18Lvl0(), "400") && StringUtils.equals(c.getAnlctyCf(), "PHL")', getDate(),'DBEU',getDate(),'DBEU',null )
INSERT INTO best..tsegmentrule ( SGTRUL_NT, SGMT_NF, SGT_NT, SGTVER_NT, RULE_LS, RULPRIO_CT, FUNCDEF_T, TECHDEF_T, CRE_D, CREUSR_CF, LSTUPD_D, LSTUPDUSR_CF, timestamp )       VALUES ( 3, 25, 120, 1, ' ', 144, 'Group_Division=''400'' AND COUNTRY_REPORTING=''PNG''', 'StringUtils.equals(c.getSegLabel18Lvl0(), "400") && StringUtils.equals(c.getAnlctyCf(), "PNG")', getDate(),'DBEU',getDate(),'DBEU',null )
INSERT INTO best..tsegmentrule ( SGTRUL_NT, SGMT_NF, SGT_NT, SGTVER_NT, RULE_LS, RULPRIO_CT, FUNCDEF_T, TECHDEF_T, CRE_D, CREUSR_CF, LSTUPD_D, LSTUPDUSR_CF, timestamp )       VALUES ( 4, 24, 120, 1, ' ', 145, 'Group_Division=''400'' AND COUNTRY_REPORTING=''POL''', 'StringUtils.equals(c.getSegLabel18Lvl0(), "400") && StringUtils.equals(c.getAnlctyCf(), "POL")', getDate(),'DBEU',getDate(),'DBEU',null )
INSERT INTO best..tsegmentrule ( SGTRUL_NT, SGMT_NF, SGT_NT, SGTVER_NT, RULE_LS, RULPRIO_CT, FUNCDEF_T, TECHDEF_T, CRE_D, CREUSR_CF, LSTUPD_D, LSTUPDUSR_CF, timestamp )       VALUES ( 18, 3, 120, 1, ' ', 146, 'Group_Division=''400'' AND COUNTRY_REPORTING=''PRI''', 'StringUtils.equals(c.getSegLabel18Lvl0(), "400") && StringUtils.equals(c.getAnlctyCf(), "PRI")', getDate(),'DBEU',getDate(),'DBEU',null )
INSERT INTO best..tsegmentrule ( SGTRUL_NT, SGMT_NF, SGT_NT, SGTVER_NT, RULE_LS, RULPRIO_CT, FUNCDEF_T, TECHDEF_T, CRE_D, CREUSR_CF, LSTUPD_D, LSTUPDUSR_CF, timestamp )       VALUES ( 2, 36, 120, 1, ' ', 147, 'Group_Division=''400'' AND COUNTRY_REPORTING=''PRK''', 'StringUtils.equals(c.getSegLabel18Lvl0(), "400") && StringUtils.equals(c.getAnlctyCf(), "PRK")', getDate(),'DBEU',getDate(),'DBEU',null )
INSERT INTO best..tsegmentrule ( SGTRUL_NT, SGMT_NF, SGT_NT, SGTVER_NT, RULE_LS, RULPRIO_CT, FUNCDEF_T, TECHDEF_T, CRE_D, CREUSR_CF, LSTUPD_D, LSTUPDUSR_CF, timestamp )       VALUES ( 3, 5, 120, 1, ' ', 148, 'Group_Division=''400'' AND COUNTRY_REPORTING=''PRT''', 'StringUtils.equals(c.getSegLabel18Lvl0(), "400") && StringUtils.equals(c.getAnlctyCf(), "PRT")', getDate(),'DBEU',getDate(),'DBEU',null )
INSERT INTO best..tsegmentrule ( SGTRUL_NT, SGMT_NF, SGT_NT, SGTVER_NT, RULE_LS, RULPRIO_CT, FUNCDEF_T, TECHDEF_T, CRE_D, CREUSR_CF, LSTUPD_D, LSTUPDUSR_CF, timestamp )       VALUES ( 7, 7, 120, 1, ' ', 149, 'Group_Division=''400'' AND COUNTRY_REPORTING=''PRY''', 'StringUtils.equals(c.getSegLabel18Lvl0(), "400") && StringUtils.equals(c.getAnlctyCf(), "PRY")', getDate(),'DBEU',getDate(),'DBEU',null )
INSERT INTO best..tsegmentrule ( SGTRUL_NT, SGMT_NF, SGT_NT, SGTVER_NT, RULE_LS, RULPRIO_CT, FUNCDEF_T, TECHDEF_T, CRE_D, CREUSR_CF, LSTUPD_D, LSTUPDUSR_CF, timestamp )       VALUES ( 8, 13, 120, 1, ' ', 150, 'Group_Division=''400'' AND COUNTRY_REPORTING=''QAT''', 'StringUtils.equals(c.getSegLabel18Lvl0(), "400") && StringUtils.equals(c.getAnlctyCf(), "QAT")', getDate(),'DBEU',getDate(),'DBEU',null )
INSERT INTO best..tsegmentrule ( SGTRUL_NT, SGMT_NF, SGT_NT, SGTVER_NT, RULE_LS, RULPRIO_CT, FUNCDEF_T, TECHDEF_T, CRE_D, CREUSR_CF, LSTUPD_D, LSTUPDUSR_CF, timestamp )       VALUES ( 9, 4, 120, 1, ' ', 151, 'Group_Division=''400'' AND COUNTRY_REPORTING=''ROM''', 'StringUtils.equals(c.getSegLabel18Lvl0(), "400") && StringUtils.equals(c.getAnlctyCf(), "ROM")', getDate(),'DBEU',getDate(),'DBEU',null )
INSERT INTO best..tsegmentrule ( SGTRUL_NT, SGMT_NF, SGT_NT, SGTVER_NT, RULE_LS, RULPRIO_CT, FUNCDEF_T, TECHDEF_T, CRE_D, CREUSR_CF, LSTUPD_D, LSTUPDUSR_CF, timestamp )       VALUES ( 7, 8, 120, 1, ' ', 152, 'Group_Division=''400'' AND COUNTRY_REPORTING=''RUS''', 'StringUtils.equals(c.getSegLabel18Lvl0(), "400") && StringUtils.equals(c.getAnlctyCf(), "RUS")', getDate(),'DBEU',getDate(),'DBEU',null )
INSERT INTO best..tsegmentrule ( SGTRUL_NT, SGMT_NF, SGT_NT, SGTVER_NT, RULE_LS, RULPRIO_CT, FUNCDEF_T, TECHDEF_T, CRE_D, CREUSR_CF, LSTUPD_D, LSTUPDUSR_CF, timestamp )       VALUES ( 17, 2, 120, 1, ' ', 153, 'Group_Division=''400'' AND COUNTRY_REPORTING=''RWA''', 'StringUtils.equals(c.getSegLabel18Lvl0(), "400") && StringUtils.equals(c.getAnlctyCf(), "RWA")', getDate(),'DBEU',getDate(),'DBEU',null )
INSERT INTO best..tsegmentrule ( SGTRUL_NT, SGMT_NF, SGT_NT, SGTVER_NT, RULE_LS, RULPRIO_CT, FUNCDEF_T, TECHDEF_T, CRE_D, CREUSR_CF, LSTUPD_D, LSTUPDUSR_CF, timestamp )       VALUES ( 18, 2, 120, 1, ' ', 154, 'Group_Division=''400'' AND COUNTRY_REPORTING=''Sai''', 'StringUtils.equals(c.getSegLabel18Lvl0(), "400") && StringUtils.equals(c.getAnlctyCf(), "Sai")', getDate(),'DBEU',getDate(),'DBEU',null )
INSERT INTO best..tsegmentrule ( SGTRUL_NT, SGMT_NF, SGT_NT, SGTVER_NT, RULE_LS, RULPRIO_CT, FUNCDEF_T, TECHDEF_T, CRE_D, CREUSR_CF, LSTUPD_D, LSTUPDUSR_CF, timestamp )       VALUES ( 1, 41, 120, 1, ' ', 155, 'Group_Division=''400'' AND COUNTRY_REPORTING=''SAU''', 'StringUtils.equals(c.getSegLabel18Lvl0(), "400") && StringUtils.equals(c.getAnlctyCf(), "SAU")', getDate(),'DBEU',getDate(),'DBEU',null )
INSERT INTO best..tsegmentrule ( SGTRUL_NT, SGMT_NF, SGT_NT, SGTVER_NT, RULE_LS, RULPRIO_CT, FUNCDEF_T, TECHDEF_T, CRE_D, CREUSR_CF, LSTUPD_D, LSTUPDUSR_CF, timestamp )       VALUES ( 10, 4, 120, 1, ' ', 156, 'Group_Division=''400'' AND COUNTRY_REPORTING=''SCG''', 'StringUtils.equals(c.getSegLabel18Lvl0(), "400") && StringUtils.equals(c.getAnlctyCf(), "SCG")', getDate(),'DBEU',getDate(),'DBEU',null )
INSERT INTO best..tsegmentrule ( SGTRUL_NT, SGMT_NF, SGT_NT, SGTVER_NT, RULE_LS, RULPRIO_CT, FUNCDEF_T, TECHDEF_T, CRE_D, CREUSR_CF, LSTUPD_D, LSTUPDUSR_CF, timestamp )       VALUES ( 19, 2, 120, 1, ' ', 157, 'Group_Division=''400'' AND COUNTRY_REPORTING=''SDN''', 'StringUtils.equals(c.getSegLabel18Lvl0(), "400") && StringUtils.equals(c.getAnlctyCf(), "SDN")', getDate(),'DBEU',getDate(),'DBEU',null )
INSERT INTO best..tsegmentrule ( SGTRUL_NT, SGMT_NF, SGT_NT, SGTVER_NT, RULE_LS, RULPRIO_CT, FUNCDEF_T, TECHDEF_T, CRE_D, CREUSR_CF, LSTUPD_D, LSTUPDUSR_CF, timestamp )       VALUES ( 19, 11, 120, 1, ' ', 158, 'Group_Division=''400'' AND COUNTRY_REPORTING=''SEN''', 'StringUtils.equals(c.getSegLabel18Lvl0(), "400") && StringUtils.equals(c.getAnlctyCf(), "SEN")', getDate(),'DBEU',getDate(),'DBEU',null )
INSERT INTO best..tsegmentrule ( SGTRUL_NT, SGMT_NF, SGT_NT, SGTVER_NT, RULE_LS, RULPRIO_CT, FUNCDEF_T, TECHDEF_T, CRE_D, CREUSR_CF, LSTUPD_D, LSTUPDUSR_CF, timestamp )       VALUES ( 3, 16, 120, 1, ' ', 159, 'Group_Division=''400'' AND COUNTRY_REPORTING=''SGP''', 'StringUtils.equals(c.getSegLabel18Lvl0(), "400") && StringUtils.equals(c.getAnlctyCf(), "SGP")', getDate(),'DBEU',getDate(),'DBEU',null )
INSERT INTO best..tsegmentrule ( SGTRUL_NT, SGMT_NF, SGT_NT, SGTVER_NT, RULE_LS, RULPRIO_CT, FUNCDEF_T, TECHDEF_T, CRE_D, CREUSR_CF, LSTUPD_D, LSTUPDUSR_CF, timestamp )       VALUES ( 4, 25, 120, 1, ' ', 160, 'Group_Division=''400'' AND COUNTRY_REPORTING=''SLB''', 'StringUtils.equals(c.getSegLabel18Lvl0(), "400") && StringUtils.equals(c.getAnlctyCf(), "SLB")', getDate(),'DBEU',getDate(),'DBEU',null )
INSERT INTO best..tsegmentrule ( SGTRUL_NT, SGMT_NF, SGT_NT, SGTVER_NT, RULE_LS, RULPRIO_CT, FUNCDEF_T, TECHDEF_T, CRE_D, CREUSR_CF, LSTUPD_D, LSTUPDUSR_CF, timestamp )       VALUES ( 20, 2, 120, 1, ' ', 161, 'Group_Division=''400'' AND COUNTRY_REPORTING=''SLE''', 'StringUtils.equals(c.getSegLabel18Lvl0(), "400") && StringUtils.equals(c.getAnlctyCf(), "SLE")', getDate(),'DBEU',getDate(),'DBEU',null )
INSERT INTO best..tsegmentrule ( SGTRUL_NT, SGMT_NF, SGT_NT, SGTVER_NT, RULE_LS, RULPRIO_CT, FUNCDEF_T, TECHDEF_T, CRE_D, CREUSR_CF, LSTUPD_D, LSTUPDUSR_CF, timestamp )       VALUES ( 7, 14, 120, 1, ' ', 162, 'Group_Division=''400'' AND COUNTRY_REPORTING=''SLV''', 'StringUtils.equals(c.getSegLabel18Lvl0(), "400") && StringUtils.equals(c.getAnlctyCf(), "SLV")', getDate(),'DBEU',getDate(),'DBEU',null )
INSERT INTO best..tsegmentrule ( SGTRUL_NT, SGMT_NF, SGT_NT, SGTVER_NT, RULE_LS, RULPRIO_CT, FUNCDEF_T, TECHDEF_T, CRE_D, CREUSR_CF, LSTUPD_D, LSTUPDUSR_CF, timestamp )       VALUES ( 21, 2, 120, 1, ' ', 163, 'Group_Division=''400'' AND COUNTRY_REPORTING=''SOM''', 'StringUtils.equals(c.getSegLabel18Lvl0(), "400") && StringUtils.equals(c.getAnlctyCf(), "SOM")', getDate(),'DBEU',getDate(),'DBEU',null )
INSERT INTO best..tsegmentrule ( SGTRUL_NT, SGMT_NF, SGT_NT, SGTVER_NT, RULE_LS, RULPRIO_CT, FUNCDEF_T, TECHDEF_T, CRE_D, CREUSR_CF, LSTUPD_D, LSTUPDUSR_CF, timestamp )       VALUES ( 11, 4, 120, 1, ' ', 164, 'Group_Division=''400'' AND COUNTRY_REPORTING=''SRB''', 'StringUtils.equals(c.getSegLabel18Lvl0(), "400") && StringUtils.equals(c.getAnlctyCf(), "SRB")', getDate(),'DBEU',getDate(),'DBEU',null )
INSERT INTO best..tsegmentrule ( SGTRUL_NT, SGMT_NF, SGT_NT, SGTVER_NT, RULE_LS, RULPRIO_CT, FUNCDEF_T, TECHDEF_T, CRE_D, CREUSR_CF, LSTUPD_D, LSTUPDUSR_CF, timestamp )       VALUES ( 22, 2, 120, 1, ' ', 165, 'Group_Division=''400'' AND COUNTRY_REPORTING=''STP''', 'StringUtils.equals(c.getSegLabel18Lvl0(), "400") && StringUtils.equals(c.getAnlctyCf(), "STP")', getDate(),'DBEU',getDate(),'DBEU',null )
INSERT INTO best..tsegmentrule ( SGTRUL_NT, SGMT_NF, SGT_NT, SGTVER_NT, RULE_LS, RULPRIO_CT, FUNCDEF_T, TECHDEF_T, CRE_D, CREUSR_CF, LSTUPD_D, LSTUPDUSR_CF, timestamp )       VALUES ( 19, 3, 120, 1, ' ', 166, 'Group_Division=''400'' AND COUNTRY_REPORTING=''SUR''', 'StringUtils.equals(c.getSegLabel18Lvl0(), "400") && StringUtils.equals(c.getAnlctyCf(), "SUR")', getDate(),'DBEU',getDate(),'DBEU',null )
INSERT INTO best..tsegmentrule ( SGTRUL_NT, SGMT_NF, SGT_NT, SGTVER_NT, RULE_LS, RULPRIO_CT, FUNCDEF_T, TECHDEF_T, CRE_D, CREUSR_CF, LSTUPD_D, LSTUPDUSR_CF, timestamp )       VALUES ( 12, 4, 120, 1, ' ', 167, 'Group_Division=''400'' AND COUNTRY_REPORTING=''SVK''', 'StringUtils.equals(c.getSegLabel18Lvl0(), "400") && StringUtils.equals(c.getAnlctyCf(), "SVK")', getDate(),'DBEU',getDate(),'DBEU',null )
INSERT INTO best..tsegmentrule ( SGTRUL_NT, SGMT_NF, SGT_NT, SGTVER_NT, RULE_LS, RULPRIO_CT, FUNCDEF_T, TECHDEF_T, CRE_D, CREUSR_CF, LSTUPD_D, LSTUPDUSR_CF, timestamp )       VALUES ( 13, 4, 120, 1, ' ', 168, 'Group_Division=''400'' AND COUNTRY_REPORTING=''SVN''', 'StringUtils.equals(c.getSegLabel18Lvl0(), "400") && StringUtils.equals(c.getAnlctyCf(), "SVN")', getDate(),'DBEU',getDate(),'DBEU',null )
INSERT INTO best..tsegmentrule ( SGTRUL_NT, SGMT_NF, SGT_NT, SGTVER_NT, RULE_LS, RULPRIO_CT, FUNCDEF_T, TECHDEF_T, CRE_D, CREUSR_CF, LSTUPD_D, LSTUPDUSR_CF, timestamp )       VALUES ( 6, 22, 120, 1, ' ', 169, 'Group_Division=''400'' AND COUNTRY_REPORTING=''SWE''', 'StringUtils.equals(c.getSegLabel18Lvl0(), "400") && StringUtils.equals(c.getAnlctyCf(), "SWE")', getDate(),'DBEU',getDate(),'DBEU',null )
INSERT INTO best..tsegmentrule ( SGTRUL_NT, SGMT_NF, SGT_NT, SGTVER_NT, RULE_LS, RULPRIO_CT, FUNCDEF_T, TECHDEF_T, CRE_D, CREUSR_CF, LSTUPD_D, LSTUPDUSR_CF, timestamp )       VALUES ( 23, 2, 120, 1, ' ', 170, 'Group_Division=''400'' AND COUNTRY_REPORTING=''SWZ''', 'StringUtils.equals(c.getSegLabel18Lvl0(), "400") && StringUtils.equals(c.getAnlctyCf(), "SWZ")', getDate(),'DBEU',getDate(),'DBEU',null )
INSERT INTO best..tsegmentrule ( SGTRUL_NT, SGMT_NF, SGT_NT, SGTVER_NT, RULE_LS, RULPRIO_CT, FUNCDEF_T, TECHDEF_T, CRE_D, CREUSR_CF, LSTUPD_D, LSTUPDUSR_CF, timestamp )       VALUES ( 24, 2, 120, 1, ' ', 171, 'Group_Division=''400'' AND COUNTRY_REPORTING=''SYC''', 'StringUtils.equals(c.getSegLabel18Lvl0(), "400") && StringUtils.equals(c.getAnlctyCf(), "SYC")', getDate(),'DBEU',getDate(),'DBEU',null )
INSERT INTO best..tsegmentrule ( SGTRUL_NT, SGMT_NF, SGT_NT, SGTVER_NT, RULE_LS, RULPRIO_CT, FUNCDEF_T, TECHDEF_T, CRE_D, CREUSR_CF, LSTUPD_D, LSTUPDUSR_CF, timestamp )       VALUES ( 9, 13, 120, 1, ' ', 172, 'Group_Division=''400'' AND COUNTRY_REPORTING=''SYR''', 'StringUtils.equals(c.getSegLabel18Lvl0(), "400") && StringUtils.equals(c.getAnlctyCf(), "SYR")', getDate(),'DBEU',getDate(),'DBEU',null )
INSERT INTO best..tsegmentrule ( SGTRUL_NT, SGMT_NF, SGT_NT, SGTVER_NT, RULE_LS, RULPRIO_CT, FUNCDEF_T, TECHDEF_T, CRE_D, CREUSR_CF, LSTUPD_D, LSTUPDUSR_CF, timestamp )       VALUES ( 20, 3, 120, 1, ' ', 173, 'Group_Division=''400'' AND COUNTRY_REPORTING=''TCA''', 'StringUtils.equals(c.getSegLabel18Lvl0(), "400") && StringUtils.equals(c.getAnlctyCf(), "TCA")', getDate(),'DBEU',getDate(),'DBEU',null )
INSERT INTO best..tsegmentrule ( SGTRUL_NT, SGMT_NF, SGT_NT, SGTVER_NT, RULE_LS, RULPRIO_CT, FUNCDEF_T, TECHDEF_T, CRE_D, CREUSR_CF, LSTUPD_D, LSTUPDUSR_CF, timestamp )       VALUES ( 20, 11, 120, 1, ' ', 174, 'Group_Division=''400'' AND COUNTRY_REPORTING=''TCD''', 'StringUtils.equals(c.getSegLabel18Lvl0(), "400") && StringUtils.equals(c.getAnlctyCf(), "TCD")', getDate(),'DBEU',getDate(),'DBEU',null )
INSERT INTO best..tsegmentrule ( SGTRUL_NT, SGMT_NF, SGT_NT, SGTVER_NT, RULE_LS, RULPRIO_CT, FUNCDEF_T, TECHDEF_T, CRE_D, CREUSR_CF, LSTUPD_D, LSTUPDUSR_CF, timestamp )       VALUES ( 21, 11, 120, 1, ' ', 175, 'Group_Division=''400'' AND COUNTRY_REPORTING=''TGO''', 'StringUtils.equals(c.getSegLabel18Lvl0(), "400") && StringUtils.equals(c.getAnlctyCf(), "TGO")', getDate(),'DBEU',getDate(),'DBEU',null )
INSERT INTO best..tsegmentrule ( SGTRUL_NT, SGMT_NF, SGT_NT, SGTVER_NT, RULE_LS, RULPRIO_CT, FUNCDEF_T, TECHDEF_T, CRE_D, CREUSR_CF, LSTUPD_D, LSTUPDUSR_CF, timestamp )       VALUES ( 1, 42, 120, 1, ' ', 176, 'Group_Division=''400'' AND COUNTRY_REPORTING=''THA''', 'StringUtils.equals(c.getSegLabel18Lvl0(), "400") && StringUtils.equals(c.getAnlctyCf(), "THA")', getDate(),'DBEU',getDate(),'DBEU',null )
INSERT INTO best..tsegmentrule ( SGTRUL_NT, SGMT_NF, SGT_NT, SGTVER_NT, RULE_LS, RULPRIO_CT, FUNCDEF_T, TECHDEF_T, CRE_D, CREUSR_CF, LSTUPD_D, LSTUPDUSR_CF, timestamp )       VALUES ( 8, 8, 120, 1, ' ', 177, 'Group_Division=''400'' AND COUNTRY_REPORTING=''TJK''', 'StringUtils.equals(c.getSegLabel18Lvl0(), "400") && StringUtils.equals(c.getAnlctyCf(), "TJK")', getDate(),'DBEU',getDate(),'DBEU',null )
INSERT INTO best..tsegmentrule ( SGTRUL_NT, SGMT_NF, SGT_NT, SGTVER_NT, RULE_LS, RULPRIO_CT, FUNCDEF_T, TECHDEF_T, CRE_D, CREUSR_CF, LSTUPD_D, LSTUPDUSR_CF, timestamp )       VALUES ( 9, 8, 120, 1, ' ', 178, 'Group_Division=''400'' AND COUNTRY_REPORTING=''TKM''', 'StringUtils.equals(c.getSegLabel18Lvl0(), "400") && StringUtils.equals(c.getAnlctyCf(), "TKM")', getDate(),'DBEU',getDate(),'DBEU',null )
INSERT INTO best..tsegmentrule ( SGTRUL_NT, SGMT_NF, SGT_NT, SGTVER_NT, RULE_LS, RULPRIO_CT, FUNCDEF_T, TECHDEF_T, CRE_D, CREUSR_CF, LSTUPD_D, LSTUPDUSR_CF, timestamp )       VALUES ( 21, 3, 120, 1, ' ', 179, 'Group_Division=''400'' AND COUNTRY_REPORTING=''TTO''', 'StringUtils.equals(c.getSegLabel18Lvl0(), "400") && StringUtils.equals(c.getAnlctyCf(), "TTO")', getDate(),'DBEU',getDate(),'DBEU',null )
INSERT INTO best..tsegmentrule ( SGTRUL_NT, SGMT_NF, SGT_NT, SGTVER_NT, RULE_LS, RULPRIO_CT, FUNCDEF_T, TECHDEF_T, CRE_D, CREUSR_CF, LSTUPD_D, LSTUPDUSR_CF, timestamp )       VALUES ( 22, 11, 120, 1, ' ', 180, 'Group_Division=''400'' AND COUNTRY_REPORTING=''TUN''', 'StringUtils.equals(c.getSegLabel18Lvl0(), "400") && StringUtils.equals(c.getAnlctyCf(), "TUN")', getDate(),'DBEU',getDate(),'DBEU',null )
INSERT INTO best..tsegmentrule ( SGTRUL_NT, SGMT_NF, SGT_NT, SGTVER_NT, RULE_LS, RULPRIO_CT, FUNCDEF_T, TECHDEF_T, CRE_D, CREUSR_CF, LSTUPD_D, LSTUPDUSR_CF, timestamp )       VALUES ( 4, 20, 120, 1, ' ', 181, 'Group_Division=''400'' AND COUNTRY_REPORTING=''TUR''', 'StringUtils.equals(c.getSegLabel18Lvl0(), "400") && StringUtils.equals(c.getAnlctyCf(), "TUR")', getDate(),'DBEU',getDate(),'DBEU',null )
INSERT INTO best..tsegmentrule ( SGTRUL_NT, SGMT_NF, SGT_NT, SGTVER_NT, RULE_LS, RULPRIO_CT, FUNCDEF_T, TECHDEF_T, CRE_D, CREUSR_CF, LSTUPD_D, LSTUPDUSR_CF, timestamp )       VALUES ( 1, 43, 120, 1, ' ', 182, 'Group_Division=''400'' AND COUNTRY_REPORTING=''TWN''', 'StringUtils.equals(c.getSegLabel18Lvl0(), "400") && StringUtils.equals(c.getAnlctyCf(), "TWN")', getDate(),'DBEU',getDate(),'DBEU',null )
INSERT INTO best..tsegmentrule ( SGTRUL_NT, SGMT_NF, SGT_NT, SGTVER_NT, RULE_LS, RULPRIO_CT, FUNCDEF_T, TECHDEF_T, CRE_D, CREUSR_CF, LSTUPD_D, LSTUPDUSR_CF, timestamp )       VALUES ( 25, 2, 120, 1, ' ', 183, 'Group_Division=''400'' AND COUNTRY_REPORTING=''TZA''', 'StringUtils.equals(c.getSegLabel18Lvl0(), "400") && StringUtils.equals(c.getAnlctyCf(), "TZA")', getDate(),'DBEU',getDate(),'DBEU',null )
INSERT INTO best..tsegmentrule ( SGTRUL_NT, SGMT_NF, SGT_NT, SGTVER_NT, RULE_LS, RULPRIO_CT, FUNCDEF_T, TECHDEF_T, CRE_D, CREUSR_CF, LSTUPD_D, LSTUPDUSR_CF, timestamp )       VALUES ( 26, 2, 120, 1, ' ', 184, 'Group_Division=''400'' AND COUNTRY_REPORTING=''UGA''', 'StringUtils.equals(c.getSegLabel18Lvl0(), "400") && StringUtils.equals(c.getAnlctyCf(), "UGA")', getDate(),'DBEU',getDate(),'DBEU',null )
INSERT INTO best..tsegmentrule ( SGTRUL_NT, SGMT_NF, SGT_NT, SGTVER_NT, RULE_LS, RULPRIO_CT, FUNCDEF_T, TECHDEF_T, CRE_D, CREUSR_CF, LSTUPD_D, LSTUPDUSR_CF, timestamp )       VALUES ( 10, 8, 120, 1, ' ', 185, 'Group_Division=''400'' AND COUNTRY_REPORTING=''UKR''', 'StringUtils.equals(c.getSegLabel18Lvl0(), "400") && StringUtils.equals(c.getAnlctyCf(), "UKR")', getDate(),'DBEU',getDate(),'DBEU',null )
INSERT INTO best..tsegmentrule ( SGTRUL_NT, SGMT_NF, SGT_NT, SGTVER_NT, RULE_LS, RULPRIO_CT, FUNCDEF_T, TECHDEF_T, CRE_D, CREUSR_CF, LSTUPD_D, LSTUPDUSR_CF, timestamp )       VALUES ( 8, 7, 120, 1, ' ', 186, 'Group_Division=''400'' AND COUNTRY_REPORTING=''URY''', 'StringUtils.equals(c.getSegLabel18Lvl0(), "400") && StringUtils.equals(c.getAnlctyCf(), "URY")', getDate(),'DBEU',getDate(),'DBEU',null )
INSERT INTO best..tsegmentrule ( SGTRUL_NT, SGMT_NF, SGT_NT, SGTVER_NT, RULE_LS, RULPRIO_CT, FUNCDEF_T, TECHDEF_T, CRE_D, CREUSR_CF, LSTUPD_D, LSTUPDUSR_CF, timestamp )       VALUES ( 2, 28, 120, 1, ' ', 187, 'Group_Division=''400'' AND COUNTRY_REPORTING=''USA''', 'StringUtils.equals(c.getSegLabel18Lvl0(), "400") && StringUtils.equals(c.getAnlctyCf(), "USA")', getDate(),'DBEU',getDate(),'DBEU',null )
INSERT INTO best..tsegmentrule ( SGTRUL_NT, SGMT_NF, SGT_NT, SGTVER_NT, RULE_LS, RULPRIO_CT, FUNCDEF_T, TECHDEF_T, CRE_D, CREUSR_CF, LSTUPD_D, LSTUPDUSR_CF, timestamp )       VALUES ( 3, 28, 120, 1, ' ', 188, 'Group_Division=''400'' AND COUNTRY_REPORTING=''USU''', 'StringUtils.equals(c.getSegLabel18Lvl0(), "400") && StringUtils.equals(c.getAnlctyCf(), "USU")', getDate(),'DBEU',getDate(),'DBEU',null )
INSERT INTO best..tsegmentrule ( SGTRUL_NT, SGMT_NF, SGT_NT, SGTVER_NT, RULE_LS, RULPRIO_CT, FUNCDEF_T, TECHDEF_T, CRE_D, CREUSR_CF, LSTUPD_D, LSTUPDUSR_CF, timestamp )       VALUES ( 4, 28, 120, 1, ' ', 189, 'Group_Division=''400'' AND COUNTRY_REPORTING=''USV''', 'StringUtils.equals(c.getSegLabel18Lvl0(), "400") && StringUtils.equals(c.getAnlctyCf(), "USV")', getDate(),'DBEU',getDate(),'DBEU',null )
INSERT INTO best..tsegmentrule ( SGTRUL_NT, SGMT_NF, SGT_NT, SGTVER_NT, RULE_LS, RULPRIO_CT, FUNCDEF_T, TECHDEF_T, CRE_D, CREUSR_CF, LSTUPD_D, LSTUPDUSR_CF, timestamp )       VALUES ( 5, 28, 120, 1, ' ', 190, 'Group_Division=''400'' AND COUNTRY_REPORTING=''USW''', 'StringUtils.equals(c.getSegLabel18Lvl0(), "400") && StringUtils.equals(c.getAnlctyCf(), "USW")', getDate(),'DBEU',getDate(),'DBEU',null )
INSERT INTO best..tsegmentrule ( SGTRUL_NT, SGMT_NF, SGT_NT, SGTVER_NT, RULE_LS, RULPRIO_CT, FUNCDEF_T, TECHDEF_T, CRE_D, CREUSR_CF, LSTUPD_D, LSTUPDUSR_CF, timestamp )       VALUES ( 6, 28, 120, 1, ' ', 191, 'Group_Division=''400'' AND COUNTRY_REPORTING=''USX''', 'StringUtils.equals(c.getSegLabel18Lvl0(), "400") && StringUtils.equals(c.getAnlctyCf(), "USX")', getDate(),'DBEU',getDate(),'DBEU',null )
INSERT INTO best..tsegmentrule ( SGTRUL_NT, SGMT_NF, SGT_NT, SGTVER_NT, RULE_LS, RULPRIO_CT, FUNCDEF_T, TECHDEF_T, CRE_D, CREUSR_CF, LSTUPD_D, LSTUPDUSR_CF, timestamp )       VALUES ( 7, 28, 120, 1, ' ', 192, 'Group_Division=''400'' AND COUNTRY_REPORTING=''USY''', 'StringUtils.equals(c.getSegLabel18Lvl0(), "400") && StringUtils.equals(c.getAnlctyCf(), "USY")', getDate(),'DBEU',getDate(),'DBEU',null )
INSERT INTO best..tsegmentrule ( SGTRUL_NT, SGMT_NF, SGT_NT, SGTVER_NT, RULE_LS, RULPRIO_CT, FUNCDEF_T, TECHDEF_T, CRE_D, CREUSR_CF, LSTUPD_D, LSTUPDUSR_CF, timestamp )       VALUES ( 11, 8, 120, 1, ' ', 193, 'Group_Division=''400'' AND COUNTRY_REPORTING=''UZB''', 'StringUtils.equals(c.getSegLabel18Lvl0(), "400") && StringUtils.equals(c.getAnlctyCf(), "UZB")', getDate(),'DBEU',getDate(),'DBEU',null )
INSERT INTO best..tsegmentrule ( SGTRUL_NT, SGMT_NF, SGT_NT, SGTVER_NT, RULE_LS, RULPRIO_CT, FUNCDEF_T, TECHDEF_T, CRE_D, CREUSR_CF, LSTUPD_D, LSTUPDUSR_CF, timestamp )       VALUES ( 22, 3, 120, 1, ' ', 194, 'Group_Division=''400'' AND COUNTRY_REPORTING=''VCT''', 'StringUtils.equals(c.getSegLabel18Lvl0(), "400") && StringUtils.equals(c.getAnlctyCf(), "VCT")', getDate(),'DBEU',getDate(),'DBEU',null )
INSERT INTO best..tsegmentrule ( SGTRUL_NT, SGMT_NF, SGT_NT, SGTVER_NT, RULE_LS, RULPRIO_CT, FUNCDEF_T, TECHDEF_T, CRE_D, CREUSR_CF, LSTUPD_D, LSTUPDUSR_CF, timestamp )       VALUES ( 9, 7, 120, 1, ' ', 195, 'Group_Division=''400'' AND COUNTRY_REPORTING=''VEN''', 'StringUtils.equals(c.getSegLabel18Lvl0(), "400") && StringUtils.equals(c.getAnlctyCf(), "VEN")', getDate(),'DBEU',getDate(),'DBEU',null )
INSERT INTO best..tsegmentrule ( SGTRUL_NT, SGMT_NF, SGT_NT, SGTVER_NT, RULE_LS, RULPRIO_CT, FUNCDEF_T, TECHDEF_T, CRE_D, CREUSR_CF, LSTUPD_D, LSTUPDUSR_CF, timestamp )       VALUES ( 23, 3, 120, 1, ' ', 196, 'Group_Division=''400'' AND COUNTRY_REPORTING=''VGB''', 'StringUtils.equals(c.getSegLabel18Lvl0(), "400") && StringUtils.equals(c.getAnlctyCf(), "VGB")', getDate(),'DBEU',getDate(),'DBEU',null )
INSERT INTO best..tsegmentrule ( SGTRUL_NT, SGMT_NF, SGT_NT, SGTVER_NT, RULE_LS, RULPRIO_CT, FUNCDEF_T, TECHDEF_T, CRE_D, CREUSR_CF, LSTUPD_D, LSTUPDUSR_CF, timestamp )       VALUES ( 24, 3, 120, 1, ' ', 197, 'Group_Division=''400'' AND COUNTRY_REPORTING=''VIR''', 'StringUtils.equals(c.getSegLabel18Lvl0(), "400") && StringUtils.equals(c.getAnlctyCf(), "VIR")', getDate(),'DBEU',getDate(),'DBEU',null )
INSERT INTO best..tsegmentrule ( SGTRUL_NT, SGMT_NF, SGT_NT, SGTVER_NT, RULE_LS, RULPRIO_CT, FUNCDEF_T, TECHDEF_T, CRE_D, CREUSR_CF, LSTUPD_D, LSTUPDUSR_CF, timestamp )       VALUES ( 4, 30, 120, 1, ' ', 198, 'Group_Division=''400'' AND COUNTRY_REPORTING=''VNM''', 'StringUtils.equals(c.getSegLabel18Lvl0(), "400") && StringUtils.equals(c.getAnlctyCf(), "VNM")', getDate(),'DBEU',getDate(),'DBEU',null )
INSERT INTO best..tsegmentrule ( SGTRUL_NT, SGMT_NF, SGT_NT, SGTVER_NT, RULE_LS, RULPRIO_CT, FUNCDEF_T, TECHDEF_T, CRE_D, CREUSR_CF, LSTUPD_D, LSTUPDUSR_CF, timestamp )       VALUES ( 5, 25, 120, 1, ' ', 199, 'Group_Division=''400'' AND COUNTRY_REPORTING=''VUT''', 'StringUtils.equals(c.getSegLabel18Lvl0(), "400") && StringUtils.equals(c.getAnlctyCf(), "VUT")', getDate(),'DBEU',getDate(),'DBEU',null )
INSERT INTO best..tsegmentrule ( SGTRUL_NT, SGMT_NF, SGT_NT, SGTVER_NT, RULE_LS, RULPRIO_CT, FUNCDEF_T, TECHDEF_T, CRE_D, CREUSR_CF, LSTUPD_D, LSTUPDUSR_CF, timestamp )       VALUES ( 10, 13, 120, 1, ' ', 200, 'Group_Division=''400'' AND COUNTRY_REPORTING=''YEM''', 'StringUtils.equals(c.getSegLabel18Lvl0(), "400") && StringUtils.equals(c.getAnlctyCf(), "YEM")', getDate(),'DBEU',getDate(),'DBEU',null )
INSERT INTO best..tsegmentrule ( SGTRUL_NT, SGMT_NF, SGT_NT, SGTVER_NT, RULE_LS, RULPRIO_CT, FUNCDEF_T, TECHDEF_T, CRE_D, CREUSR_CF, LSTUPD_D, LSTUPDUSR_CF, timestamp )       VALUES ( 14, 4, 120, 1, ' ', 201, 'Group_Division=''400'' AND COUNTRY_REPORTING=''YUG''', 'StringUtils.equals(c.getSegLabel18Lvl0(), "400") && StringUtils.equals(c.getAnlctyCf(), "YUG")', getDate(),'DBEU',getDate(),'DBEU',null )
INSERT INTO best..tsegmentrule ( SGTRUL_NT, SGMT_NF, SGT_NT, SGTVER_NT, RULE_LS, RULPRIO_CT, FUNCDEF_T, TECHDEF_T, CRE_D, CREUSR_CF, LSTUPD_D, LSTUPDUSR_CF, timestamp )       VALUES ( 1, 44, 120, 1, ' ', 202, 'Group_Division=''400'' AND COUNTRY_REPORTING=''ZAF''', 'StringUtils.equals(c.getSegLabel18Lvl0(), "400") && StringUtils.equals(c.getAnlctyCf(), "ZAF")', getDate(),'DBEU',getDate(),'DBEU',null )
INSERT INTO best..tsegmentrule ( SGTRUL_NT, SGMT_NF, SGT_NT, SGTVER_NT, RULE_LS, RULPRIO_CT, FUNCDEF_T, TECHDEF_T, CRE_D, CREUSR_CF, LSTUPD_D, LSTUPDUSR_CF, timestamp )       VALUES ( 23, 11, 120, 1, ' ', 203, 'Group_Division=''400'' AND COUNTRY_REPORTING=''ZAR''', 'StringUtils.equals(c.getSegLabel18Lvl0(), "400") && StringUtils.equals(c.getAnlctyCf(), "ZAR")', getDate(),'DBEU',getDate(),'DBEU',null )
INSERT INTO best..tsegmentrule ( SGTRUL_NT, SGMT_NF, SGT_NT, SGTVER_NT, RULE_LS, RULPRIO_CT, FUNCDEF_T, TECHDEF_T, CRE_D, CREUSR_CF, LSTUPD_D, LSTUPDUSR_CF, timestamp )       VALUES ( 27, 2, 120, 1, ' ', 204, 'Group_Division=''400'' AND COUNTRY_REPORTING=''ZMB''', 'StringUtils.equals(c.getSegLabel18Lvl0(), "400") && StringUtils.equals(c.getAnlctyCf(), "ZMB")', getDate(),'DBEU',getDate(),'DBEU',null )
INSERT INTO best..tsegmentrule ( SGTRUL_NT, SGMT_NF, SGT_NT, SGTVER_NT, RULE_LS, RULPRIO_CT, FUNCDEF_T, TECHDEF_T, CRE_D, CREUSR_CF, LSTUPD_D, LSTUPDUSR_CF, timestamp )       VALUES ( 28, 2, 120, 1, ' ', 205, 'Group_Division=''400'' AND COUNTRY_REPORTING=''ZWE''', 'StringUtils.equals(c.getSegLabel18Lvl0(), "400") && StringUtils.equals(c.getAnlctyCf(), "ZWE")', getDate(),'DBEU',getDate(),'DBEU',null )
INSERT INTO best..tsegmentrule ( SGTRUL_NT, SGMT_NF, SGT_NT, SGTVER_NT, RULE_LS, RULPRIO_CT, FUNCDEF_T, TECHDEF_T, CRE_D, CREUSR_CF, LSTUPD_D, LSTUPDUSR_CF, timestamp )       VALUES ( 4, 27, 120, 1, ' ', 206, 'Group_Division=''400'' AND COUNTRY_REPORTING=''IMN''', 'StringUtils.equals(c.getSegLabel18Lvl0(), "400") && StringUtils.equals(c.getAnlctyCf(), "IMN")', getDate(),'DBEU',getDate(),'DBEU',null )
INSERT INTO best..tsegmentrule ( SGTRUL_NT, SGMT_NF, SGT_NT, SGTVER_NT, RULE_LS, RULPRIO_CT, FUNCDEF_T, TECHDEF_T, CRE_D, CREUSR_CF, LSTUPD_D, LSTUPDUSR_CF, timestamp )       VALUES ( 1, 45, 120, 1, ' ', 207, 'Group_Division=''400''', 'StringUtils.equals(c.getSegLabel18Lvl0(), "400")', getDate(),'DBEU',getDate(),'DBEU',null )
INSERT INTO best..tsegmentrule ( SGTRUL_NT, SGMT_NF, SGT_NT, SGTVER_NT, RULE_LS, RULPRIO_CT, FUNCDEF_T, TECHDEF_T, CRE_D, CREUSR_CF, LSTUPD_D, LSTUPDUSR_CF, timestamp )       VALUES ( 1, 46, 120, 1, ' ', 208, 'COUNTRY_REPORTING=''ABW''', 'StringUtils.equals(c.getAnlctyCf(), "ABW")', getDate(),'DBEU',getDate(),'DBEU',null )
INSERT INTO best..tsegmentrule ( SGTRUL_NT, SGMT_NF, SGT_NT, SGTVER_NT, RULE_LS, RULPRIO_CT, FUNCDEF_T, TECHDEF_T, CRE_D, CREUSR_CF, LSTUPD_D, LSTUPDUSR_CF, timestamp )       VALUES ( 1, 47, 120, 1, ' ', 209, 'COUNTRY_REPORTING=''AFG''', 'StringUtils.equals(c.getAnlctyCf(), "AFG")', getDate(),'DBEU',getDate(),'DBEU',null )
INSERT INTO best..tsegmentrule ( SGTRUL_NT, SGMT_NF, SGT_NT, SGTVER_NT, RULE_LS, RULPRIO_CT, FUNCDEF_T, TECHDEF_T, CRE_D, CREUSR_CF, LSTUPD_D, LSTUPDUSR_CF, timestamp )       VALUES ( 1, 48, 120, 1, ' ', 210, 'COUNTRY_REPORTING=''AGO''', 'StringUtils.equals(c.getAnlctyCf(), "AGO")', getDate(),'DBEU',getDate(),'DBEU',null )
INSERT INTO best..tsegmentrule ( SGTRUL_NT, SGMT_NF, SGT_NT, SGTVER_NT, RULE_LS, RULPRIO_CT, FUNCDEF_T, TECHDEF_T, CRE_D, CREUSR_CF, LSTUPD_D, LSTUPDUSR_CF, timestamp )       VALUES ( 1, 49, 120, 1, ' ', 211, 'COUNTRY_REPORTING=''AIA''', 'StringUtils.equals(c.getAnlctyCf(), "AIA")', getDate(),'DBEU',getDate(),'DBEU',null )
INSERT INTO best..tsegmentrule ( SGTRUL_NT, SGMT_NF, SGT_NT, SGTVER_NT, RULE_LS, RULPRIO_CT, FUNCDEF_T, TECHDEF_T, CRE_D, CREUSR_CF, LSTUPD_D, LSTUPDUSR_CF, timestamp )       VALUES ( 1, 50, 120, 1, ' ', 212, 'COUNTRY_REPORTING=''ALB''', 'StringUtils.equals(c.getAnlctyCf(), "ALB")', getDate(),'DBEU',getDate(),'DBEU',null )
INSERT INTO best..tsegmentrule ( SGTRUL_NT, SGMT_NF, SGT_NT, SGTVER_NT, RULE_LS, RULPRIO_CT, FUNCDEF_T, TECHDEF_T, CRE_D, CREUSR_CF, LSTUPD_D, LSTUPDUSR_CF, timestamp )       VALUES ( 1, 51, 120, 1, ' ', 213, 'COUNTRY_REPORTING=''AND''', 'StringUtils.equals(c.getAnlctyCf(), "AND")', getDate(),'DBEU',getDate(),'DBEU',null )
INSERT INTO best..tsegmentrule ( SGTRUL_NT, SGMT_NF, SGT_NT, SGTVER_NT, RULE_LS, RULPRIO_CT, FUNCDEF_T, TECHDEF_T, CRE_D, CREUSR_CF, LSTUPD_D, LSTUPDUSR_CF, timestamp )       VALUES ( 2, 49, 120, 1, ' ', 214, 'COUNTRY_REPORTING=''ANT''', 'StringUtils.equals(c.getAnlctyCf(), "ANT")', getDate(),'DBEU',getDate(),'DBEU',null )
INSERT INTO best..tsegmentrule ( SGTRUL_NT, SGMT_NF, SGT_NT, SGTVER_NT, RULE_LS, RULPRIO_CT, FUNCDEF_T, TECHDEF_T, CRE_D, CREUSR_CF, LSTUPD_D, LSTUPDUSR_CF, timestamp )       VALUES ( 1, 52, 120, 1, ' ', 215, 'COUNTRY_REPORTING=''ARE''', 'StringUtils.equals(c.getAnlctyCf(), "ARE")', getDate(),'DBEU',getDate(),'DBEU',null )
INSERT INTO best..tsegmentrule ( SGTRUL_NT, SGMT_NF, SGT_NT, SGTVER_NT, RULE_LS, RULPRIO_CT, FUNCDEF_T, TECHDEF_T, CRE_D, CREUSR_CF, LSTUPD_D, LSTUPDUSR_CF, timestamp )       VALUES ( 1, 53, 120, 1, ' ', 216, 'COUNTRY_REPORTING=''ARG''', 'StringUtils.equals(c.getAnlctyCf(), "ARG")', getDate(),'DBEU',getDate(),'DBEU',null )
INSERT INTO best..tsegmentrule ( SGTRUL_NT, SGMT_NF, SGT_NT, SGTVER_NT, RULE_LS, RULPRIO_CT, FUNCDEF_T, TECHDEF_T, CRE_D, CREUSR_CF, LSTUPD_D, LSTUPDUSR_CF, timestamp )       VALUES ( 1, 54, 120, 1, ' ', 217, 'COUNTRY_REPORTING=''ARM''', 'StringUtils.equals(c.getAnlctyCf(), "ARM")', getDate(),'DBEU',getDate(),'DBEU',null )
INSERT INTO best..tsegmentrule ( SGTRUL_NT, SGMT_NF, SGT_NT, SGTVER_NT, RULE_LS, RULPRIO_CT, FUNCDEF_T, TECHDEF_T, CRE_D, CREUSR_CF, LSTUPD_D, LSTUPDUSR_CF, timestamp )       VALUES ( 1, 55, 120, 1, ' ', 218, 'COUNTRY_REPORTING=''ASM''', 'StringUtils.equals(c.getAnlctyCf(), "ASM")', getDate(),'DBEU',getDate(),'DBEU',null )
INSERT INTO best..tsegmentrule ( SGTRUL_NT, SGMT_NF, SGT_NT, SGTVER_NT, RULE_LS, RULPRIO_CT, FUNCDEF_T, TECHDEF_T, CRE_D, CREUSR_CF, LSTUPD_D, LSTUPDUSR_CF, timestamp )       VALUES ( 3, 49, 120, 1, ' ', 219, 'COUNTRY_REPORTING=''ATG''', 'StringUtils.equals(c.getAnlctyCf(), "ATG")', getDate(),'DBEU',getDate(),'DBEU',null )
INSERT INTO best..tsegmentrule ( SGTRUL_NT, SGMT_NF, SGT_NT, SGTVER_NT, RULE_LS, RULPRIO_CT, FUNCDEF_T, TECHDEF_T, CRE_D, CREUSR_CF, LSTUPD_D, LSTUPDUSR_CF, timestamp )       VALUES ( 1, 56, 120, 1, ' ', 220, 'COUNTRY_REPORTING=''AUS''', 'StringUtils.equals(c.getAnlctyCf(), "AUS")', getDate(),'DBEU',getDate(),'DBEU',null )
INSERT INTO best..tsegmentrule ( SGTRUL_NT, SGMT_NF, SGT_NT, SGTVER_NT, RULE_LS, RULPRIO_CT, FUNCDEF_T, TECHDEF_T, CRE_D, CREUSR_CF, LSTUPD_D, LSTUPDUSR_CF, timestamp )       VALUES ( 1, 57, 120, 1, ' ', 221, 'COUNTRY_REPORTING=''AUT''', 'StringUtils.equals(c.getAnlctyCf(), "AUT")', getDate(),'DBEU',getDate(),'DBEU',null )
INSERT INTO best..tsegmentrule ( SGTRUL_NT, SGMT_NF, SGT_NT, SGTVER_NT, RULE_LS, RULPRIO_CT, FUNCDEF_T, TECHDEF_T, CRE_D, CREUSR_CF, LSTUPD_D, LSTUPDUSR_CF, timestamp )       VALUES ( 1, 58, 120, 1, ' ', 222, 'COUNTRY_REPORTING=''AZE''', 'StringUtils.equals(c.getAnlctyCf(), "AZE")', getDate(),'DBEU',getDate(),'DBEU',null )
INSERT INTO best..tsegmentrule ( SGTRUL_NT, SGMT_NF, SGT_NT, SGTVER_NT, RULE_LS, RULPRIO_CT, FUNCDEF_T, TECHDEF_T, CRE_D, CREUSR_CF, LSTUPD_D, LSTUPDUSR_CF, timestamp )       VALUES ( 1, 59, 120, 1, ' ', 223, 'COUNTRY_REPORTING=''BDI''', 'StringUtils.equals(c.getAnlctyCf(), "BDI")', getDate(),'DBEU',getDate(),'DBEU',null )
INSERT INTO best..tsegmentrule ( SGTRUL_NT, SGMT_NF, SGT_NT, SGTVER_NT, RULE_LS, RULPRIO_CT, FUNCDEF_T, TECHDEF_T, CRE_D, CREUSR_CF, LSTUPD_D, LSTUPDUSR_CF, timestamp )       VALUES ( 1, 60, 120, 1, ' ', 224, 'COUNTRY_REPORTING=''BEL''', 'StringUtils.equals(c.getAnlctyCf(), "BEL")', getDate(),'DBEU',getDate(),'DBEU',null )
INSERT INTO best..tsegmentrule ( SGTRUL_NT, SGMT_NF, SGT_NT, SGTVER_NT, RULE_LS, RULPRIO_CT, FUNCDEF_T, TECHDEF_T, CRE_D, CREUSR_CF, LSTUPD_D, LSTUPDUSR_CF, timestamp )       VALUES ( 1, 61, 120, 1, ' ', 225, 'COUNTRY_REPORTING=''BEN''', 'StringUtils.equals(c.getAnlctyCf(), "BEN")', getDate(),'DBEU',getDate(),'DBEU',null )
INSERT INTO best..tsegmentrule ( SGTRUL_NT, SGMT_NF, SGT_NT, SGTVER_NT, RULE_LS, RULPRIO_CT, FUNCDEF_T, TECHDEF_T, CRE_D, CREUSR_CF, LSTUPD_D, LSTUPDUSR_CF, timestamp )       VALUES ( 1, 62, 120, 1, ' ', 226, 'COUNTRY_REPORTING=''BFA''', 'StringUtils.equals(c.getAnlctyCf(), "BFA")', getDate(),'DBEU',getDate(),'DBEU',null )
INSERT INTO best..tsegmentrule ( SGTRUL_NT, SGMT_NF, SGT_NT, SGTVER_NT, RULE_LS, RULPRIO_CT, FUNCDEF_T, TECHDEF_T, CRE_D, CREUSR_CF, LSTUPD_D, LSTUPDUSR_CF, timestamp )       VALUES ( 2, 47, 120, 1, ' ', 227, 'COUNTRY_REPORTING=''BGD''', 'StringUtils.equals(c.getAnlctyCf(), "BGD")', getDate(),'DBEU',getDate(),'DBEU',null )
INSERT INTO best..tsegmentrule ( SGTRUL_NT, SGMT_NF, SGT_NT, SGTVER_NT, RULE_LS, RULPRIO_CT, FUNCDEF_T, TECHDEF_T, CRE_D, CREUSR_CF, LSTUPD_D, LSTUPDUSR_CF, timestamp )       VALUES ( 1, 63, 120, 1, ' ', 228, 'COUNTRY_REPORTING=''BGR''', 'StringUtils.equals(c.getAnlctyCf(), "BGR")', getDate(),'DBEU',getDate(),'DBEU',null )
INSERT INTO best..tsegmentrule ( SGTRUL_NT, SGMT_NF, SGT_NT, SGTVER_NT, RULE_LS, RULPRIO_CT, FUNCDEF_T, TECHDEF_T, CRE_D, CREUSR_CF, LSTUPD_D, LSTUPDUSR_CF, timestamp )       VALUES ( 1, 64, 120, 1, ' ', 229, 'COUNTRY_REPORTING=''BHR''', 'StringUtils.equals(c.getAnlctyCf(), "BHR")', getDate(),'DBEU',getDate(),'DBEU',null )
INSERT INTO best..tsegmentrule ( SGTRUL_NT, SGMT_NF, SGT_NT, SGTVER_NT, RULE_LS, RULPRIO_CT, FUNCDEF_T, TECHDEF_T, CRE_D, CREUSR_CF, LSTUPD_D, LSTUPDUSR_CF, timestamp )       VALUES ( 1, 65, 120, 1, ' ', 230, 'COUNTRY_REPORTING=''BHS''', 'StringUtils.equals(c.getAnlctyCf(), "BHS")', getDate(),'DBEU',getDate(),'DBEU',null )
INSERT INTO best..tsegmentrule ( SGTRUL_NT, SGMT_NF, SGT_NT, SGTVER_NT, RULE_LS, RULPRIO_CT, FUNCDEF_T, TECHDEF_T, CRE_D, CREUSR_CF, LSTUPD_D, LSTUPDUSR_CF, timestamp )       VALUES ( 1, 66, 120, 1, ' ', 231, 'COUNTRY_REPORTING=''BIH''', 'StringUtils.equals(c.getAnlctyCf(), "BIH")', getDate(),'DBEU',getDate(),'DBEU',null )
INSERT INTO best..tsegmentrule ( SGTRUL_NT, SGMT_NF, SGT_NT, SGTVER_NT, RULE_LS, RULPRIO_CT, FUNCDEF_T, TECHDEF_T, CRE_D, CREUSR_CF, LSTUPD_D, LSTUPDUSR_CF, timestamp )       VALUES ( 1, 67, 120, 1, ' ', 232, 'COUNTRY_REPORTING=''BLR''', 'StringUtils.equals(c.getAnlctyCf(), "BLR")', getDate(),'DBEU',getDate(),'DBEU',null )
INSERT INTO best..tsegmentrule ( SGTRUL_NT, SGMT_NF, SGT_NT, SGTVER_NT, RULE_LS, RULPRIO_CT, FUNCDEF_T, TECHDEF_T, CRE_D, CREUSR_CF, LSTUPD_D, LSTUPDUSR_CF, timestamp )       VALUES ( 1, 68, 120, 1, ' ', 233, 'COUNTRY_REPORTING=''BLZ''', 'StringUtils.equals(c.getAnlctyCf(), "BLZ")', getDate(),'DBEU',getDate(),'DBEU',null )
INSERT INTO best..tsegmentrule ( SGTRUL_NT, SGMT_NF, SGT_NT, SGTVER_NT, RULE_LS, RULPRIO_CT, FUNCDEF_T, TECHDEF_T, CRE_D, CREUSR_CF, LSTUPD_D, LSTUPDUSR_CF, timestamp )       VALUES ( 1, 69, 120, 1, ' ', 234, 'COUNTRY_REPORTING=''BMU''', 'StringUtils.equals(c.getAnlctyCf(), "BMU")', getDate(),'DBEU',getDate(),'DBEU',null )
INSERT INTO best..tsegmentrule ( SGTRUL_NT, SGMT_NF, SGT_NT, SGTVER_NT, RULE_LS, RULPRIO_CT, FUNCDEF_T, TECHDEF_T, CRE_D, CREUSR_CF, LSTUPD_D, LSTUPDUSR_CF, timestamp )       VALUES ( 1, 70, 120, 1, ' ', 235, 'COUNTRY_REPORTING=''BOL''', 'StringUtils.equals(c.getAnlctyCf(), "BOL")', getDate(),'DBEU',getDate(),'DBEU',null )
INSERT INTO best..tsegmentrule ( SGTRUL_NT, SGMT_NF, SGT_NT, SGTVER_NT, RULE_LS, RULPRIO_CT, FUNCDEF_T, TECHDEF_T, CRE_D, CREUSR_CF, LSTUPD_D, LSTUPDUSR_CF, timestamp )       VALUES ( 1, 71, 120, 1, ' ', 236, 'COUNTRY_REPORTING=''BRA''', 'StringUtils.equals(c.getAnlctyCf(), "BRA")', getDate(),'DBEU',getDate(),'DBEU',null )
INSERT INTO best..tsegmentrule ( SGTRUL_NT, SGMT_NF, SGT_NT, SGTVER_NT, RULE_LS, RULPRIO_CT, FUNCDEF_T, TECHDEF_T, CRE_D, CREUSR_CF, LSTUPD_D, LSTUPDUSR_CF, timestamp )       VALUES ( 1, 72, 120, 1, ' ', 237, 'COUNTRY_REPORTING=''BRB''', 'StringUtils.equals(c.getAnlctyCf(), "BRB")', getDate(),'DBEU',getDate(),'DBEU',null )
INSERT INTO best..tsegmentrule ( SGTRUL_NT, SGMT_NF, SGT_NT, SGTVER_NT, RULE_LS, RULPRIO_CT, FUNCDEF_T, TECHDEF_T, CRE_D, CREUSR_CF, LSTUPD_D, LSTUPDUSR_CF, timestamp )       VALUES ( 1, 73, 120, 1, ' ', 238, 'COUNTRY_REPORTING=''BRN''', 'StringUtils.equals(c.getAnlctyCf(), "BRN")', getDate(),'DBEU',getDate(),'DBEU',null )
INSERT INTO best..tsegmentrule ( SGTRUL_NT, SGMT_NF, SGT_NT, SGTVER_NT, RULE_LS, RULPRIO_CT, FUNCDEF_T, TECHDEF_T, CRE_D, CREUSR_CF, LSTUPD_D, LSTUPDUSR_CF, timestamp )       VALUES ( 3, 47, 120, 1, ' ', 239, 'COUNTRY_REPORTING=''BTN''', 'StringUtils.equals(c.getAnlctyCf(), "BTN")', getDate(),'DBEU',getDate(),'DBEU',null )
INSERT INTO best..tsegmentrule ( SGTRUL_NT, SGMT_NF, SGT_NT, SGTVER_NT, RULE_LS, RULPRIO_CT, FUNCDEF_T, TECHDEF_T, CRE_D, CREUSR_CF, LSTUPD_D, LSTUPDUSR_CF, timestamp )       VALUES ( 1, 74, 120, 1, ' ', 240, 'COUNTRY_REPORTING=''BWA''', 'StringUtils.equals(c.getAnlctyCf(), "BWA")', getDate(),'DBEU',getDate(),'DBEU',null )
INSERT INTO best..tsegmentrule ( SGTRUL_NT, SGMT_NF, SGT_NT, SGTVER_NT, RULE_LS, RULPRIO_CT, FUNCDEF_T, TECHDEF_T, CRE_D, CREUSR_CF, LSTUPD_D, LSTUPDUSR_CF, timestamp )       VALUES ( 1, 75, 120, 1, ' ', 241, 'COUNTRY_REPORTING=''CAF''', 'StringUtils.equals(c.getAnlctyCf(), "CAF")', getDate(),'DBEU',getDate(),'DBEU',null )
INSERT INTO best..tsegmentrule ( SGTRUL_NT, SGMT_NF, SGT_NT, SGTVER_NT, RULE_LS, RULPRIO_CT, FUNCDEF_T, TECHDEF_T, CRE_D, CREUSR_CF, LSTUPD_D, LSTUPDUSR_CF, timestamp )       VALUES ( 1, 76, 120, 1, ' ', 242, 'COUNTRY_REPORTING=''CAN''', 'StringUtils.equals(c.getAnlctyCf(), "CAN")', getDate(),'DBEU',getDate(),'DBEU',null )
INSERT INTO best..tsegmentrule ( SGTRUL_NT, SGMT_NF, SGT_NT, SGTVER_NT, RULE_LS, RULPRIO_CT, FUNCDEF_T, TECHDEF_T, CRE_D, CREUSR_CF, LSTUPD_D, LSTUPDUSR_CF, timestamp )       VALUES ( 1, 77, 120, 1, ' ', 243, 'COUNTRY_REPORTING=''CHE''', 'StringUtils.equals(c.getAnlctyCf(), "CHE")', getDate(),'DBEU',getDate(),'DBEU',null )
INSERT INTO best..tsegmentrule ( SGTRUL_NT, SGMT_NF, SGT_NT, SGTVER_NT, RULE_LS, RULPRIO_CT, FUNCDEF_T, TECHDEF_T, CRE_D, CREUSR_CF, LSTUPD_D, LSTUPDUSR_CF, timestamp )       VALUES ( 1, 78, 120, 1, ' ', 244, 'COUNTRY_REPORTING=''CHL''', 'StringUtils.equals(c.getAnlctyCf(), "CHL")', getDate(),'DBEU',getDate(),'DBEU',null )
INSERT INTO best..tsegmentrule ( SGTRUL_NT, SGMT_NF, SGT_NT, SGTVER_NT, RULE_LS, RULPRIO_CT, FUNCDEF_T, TECHDEF_T, CRE_D, CREUSR_CF, LSTUPD_D, LSTUPDUSR_CF, timestamp )       VALUES ( 1, 79, 120, 1, ' ', 245, 'COUNTRY_REPORTING=''CHN''', 'StringUtils.equals(c.getAnlctyCf(), "CHN")', getDate(),'DBEU',getDate(),'DBEU',null )
INSERT INTO best..tsegmentrule ( SGTRUL_NT, SGMT_NF, SGT_NT, SGTVER_NT, RULE_LS, RULPRIO_CT, FUNCDEF_T, TECHDEF_T, CRE_D, CREUSR_CF, LSTUPD_D, LSTUPDUSR_CF, timestamp )       VALUES ( 1, 80, 120, 1, ' ', 246, 'COUNTRY_REPORTING=''CIV''', 'StringUtils.equals(c.getAnlctyCf(), "CIV")', getDate(),'DBEU',getDate(),'DBEU',null )
INSERT INTO best..tsegmentrule ( SGTRUL_NT, SGMT_NF, SGT_NT, SGTVER_NT, RULE_LS, RULPRIO_CT, FUNCDEF_T, TECHDEF_T, CRE_D, CREUSR_CF, LSTUPD_D, LSTUPDUSR_CF, timestamp )       VALUES ( 1, 81, 120, 1, ' ', 247, 'COUNTRY_REPORTING=''CMR''', 'StringUtils.equals(c.getAnlctyCf(), "CMR")', getDate(),'DBEU',getDate(),'DBEU',null )
INSERT INTO best..tsegmentrule ( SGTRUL_NT, SGMT_NF, SGT_NT, SGTVER_NT, RULE_LS, RULPRIO_CT, FUNCDEF_T, TECHDEF_T, CRE_D, CREUSR_CF, LSTUPD_D, LSTUPDUSR_CF, timestamp )       VALUES ( 1, 82, 120, 1, ' ', 248, 'COUNTRY_REPORTING=''COG''', 'StringUtils.equals(c.getAnlctyCf(), "COG")', getDate(),'DBEU',getDate(),'DBEU',null )
INSERT INTO best..tsegmentrule ( SGTRUL_NT, SGMT_NF, SGT_NT, SGTVER_NT, RULE_LS, RULPRIO_CT, FUNCDEF_T, TECHDEF_T, CRE_D, CREUSR_CF, LSTUPD_D, LSTUPDUSR_CF, timestamp )       VALUES ( 1, 83, 120, 1, ' ', 249, 'COUNTRY_REPORTING=''COL''', 'StringUtils.equals(c.getAnlctyCf(), "COL")', getDate(),'DBEU',getDate(),'DBEU',null )
INSERT INTO best..tsegmentrule ( SGTRUL_NT, SGMT_NF, SGT_NT, SGTVER_NT, RULE_LS, RULPRIO_CT, FUNCDEF_T, TECHDEF_T, CRE_D, CREUSR_CF, LSTUPD_D, LSTUPDUSR_CF, timestamp )       VALUES ( 1, 84, 120, 1, ' ', 250, 'COUNTRY_REPORTING=''COM''', 'StringUtils.equals(c.getAnlctyCf(), "COM")', getDate(),'DBEU',getDate(),'DBEU',null )
INSERT INTO best..tsegmentrule ( SGTRUL_NT, SGMT_NF, SGT_NT, SGTVER_NT, RULE_LS, RULPRIO_CT, FUNCDEF_T, TECHDEF_T, CRE_D, CREUSR_CF, LSTUPD_D, LSTUPDUSR_CF, timestamp )       VALUES ( 1, 85, 120, 1, ' ', 251, 'COUNTRY_REPORTING=''CPV''', 'StringUtils.equals(c.getAnlctyCf(), "CPV")', getDate(),'DBEU',getDate(),'DBEU',null )
INSERT INTO best..tsegmentrule ( SGTRUL_NT, SGMT_NF, SGT_NT, SGTVER_NT, RULE_LS, RULPRIO_CT, FUNCDEF_T, TECHDEF_T, CRE_D, CREUSR_CF, LSTUPD_D, LSTUPDUSR_CF, timestamp )       VALUES ( 1, 86, 120, 1, ' ', 252, 'COUNTRY_REPORTING=''CRI''', 'StringUtils.equals(c.getAnlctyCf(), "CRI")', getDate(),'DBEU',getDate(),'DBEU',null )
INSERT INTO best..tsegmentrule ( SGTRUL_NT, SGMT_NF, SGT_NT, SGTVER_NT, RULE_LS, RULPRIO_CT, FUNCDEF_T, TECHDEF_T, CRE_D, CREUSR_CF, LSTUPD_D, LSTUPDUSR_CF, timestamp )       VALUES ( 1, 87, 120, 1, ' ', 253, 'COUNTRY_REPORTING=''CUB''', 'StringUtils.equals(c.getAnlctyCf(), "CUB")', getDate(),'DBEU',getDate(),'DBEU',null )
INSERT INTO best..tsegmentrule ( SGTRUL_NT, SGMT_NF, SGT_NT, SGTVER_NT, RULE_LS, RULPRIO_CT, FUNCDEF_T, TECHDEF_T, CRE_D, CREUSR_CF, LSTUPD_D, LSTUPDUSR_CF, timestamp )       VALUES ( 1, 88, 120, 1, ' ', 254, 'COUNTRY_REPORTING=''CYM''', 'StringUtils.equals(c.getAnlctyCf(), "CYM")', getDate(),'DBEU',getDate(),'DBEU',null )
INSERT INTO best..tsegmentrule ( SGTRUL_NT, SGMT_NF, SGT_NT, SGTVER_NT, RULE_LS, RULPRIO_CT, FUNCDEF_T, TECHDEF_T, CRE_D, CREUSR_CF, LSTUPD_D, LSTUPDUSR_CF, timestamp )       VALUES ( 1, 89, 120, 1, ' ', 255, 'COUNTRY_REPORTING=''CYP''', 'StringUtils.equals(c.getAnlctyCf(), "CYP")', getDate(),'DBEU',getDate(),'DBEU',null )
INSERT INTO best..tsegmentrule ( SGTRUL_NT, SGMT_NF, SGT_NT, SGTVER_NT, RULE_LS, RULPRIO_CT, FUNCDEF_T, TECHDEF_T, CRE_D, CREUSR_CF, LSTUPD_D, LSTUPDUSR_CF, timestamp )       VALUES ( 1, 90, 120, 1, ' ', 256, 'COUNTRY_REPORTING=''CZE''', 'StringUtils.equals(c.getAnlctyCf(), "CZE")', getDate(),'DBEU',getDate(),'DBEU',null )
INSERT INTO best..tsegmentrule ( SGTRUL_NT, SGMT_NF, SGT_NT, SGTVER_NT, RULE_LS, RULPRIO_CT, FUNCDEF_T, TECHDEF_T, CRE_D, CREUSR_CF, LSTUPD_D, LSTUPDUSR_CF, timestamp )       VALUES ( 1, 91, 120, 1, ' ', 257, 'COUNTRY_REPORTING=''DEU''', 'StringUtils.equals(c.getAnlctyCf(), "DEU")', getDate(),'DBEU',getDate(),'DBEU',null )
INSERT INTO best..tsegmentrule ( SGTRUL_NT, SGMT_NF, SGT_NT, SGTVER_NT, RULE_LS, RULPRIO_CT, FUNCDEF_T, TECHDEF_T, CRE_D, CREUSR_CF, LSTUPD_D, LSTUPDUSR_CF, timestamp )       VALUES ( 1, 92, 120, 1, ' ', 258, 'COUNTRY_REPORTING=''DJI''', 'StringUtils.equals(c.getAnlctyCf(), "DJI")', getDate(),'DBEU',getDate(),'DBEU',null )
INSERT INTO best..tsegmentrule ( SGTRUL_NT, SGMT_NF, SGT_NT, SGTVER_NT, RULE_LS, RULPRIO_CT, FUNCDEF_T, TECHDEF_T, CRE_D, CREUSR_CF, LSTUPD_D, LSTUPDUSR_CF, timestamp )       VALUES ( 4, 49, 120, 1, ' ', 259, 'COUNTRY_REPORTING=''DMA''', 'StringUtils.equals(c.getAnlctyCf(), "DMA")', getDate(),'DBEU',getDate(),'DBEU',null )
INSERT INTO best..tsegmentrule ( SGTRUL_NT, SGMT_NF, SGT_NT, SGTVER_NT, RULE_LS, RULPRIO_CT, FUNCDEF_T, TECHDEF_T, CRE_D, CREUSR_CF, LSTUPD_D, LSTUPDUSR_CF, timestamp )       VALUES ( 1, 93, 120, 1, ' ', 260, 'COUNTRY_REPORTING=''DNK''', 'StringUtils.equals(c.getAnlctyCf(), "DNK")', getDate(),'DBEU',getDate(),'DBEU',null )
INSERT INTO best..tsegmentrule ( SGTRUL_NT, SGMT_NF, SGT_NT, SGTVER_NT, RULE_LS, RULPRIO_CT, FUNCDEF_T, TECHDEF_T, CRE_D, CREUSR_CF, LSTUPD_D, LSTUPDUSR_CF, timestamp )       VALUES ( 1, 94, 120, 1, ' ', 261, 'COUNTRY_REPORTING=''DOM''', 'StringUtils.equals(c.getAnlctyCf(), "DOM")', getDate(),'DBEU',getDate(),'DBEU',null )
INSERT INTO best..tsegmentrule ( SGTRUL_NT, SGMT_NF, SGT_NT, SGTVER_NT, RULE_LS, RULPRIO_CT, FUNCDEF_T, TECHDEF_T, CRE_D, CREUSR_CF, LSTUPD_D, LSTUPDUSR_CF, timestamp )       VALUES ( 1, 95, 120, 1, ' ', 262, 'COUNTRY_REPORTING=''DZA''', 'StringUtils.equals(c.getAnlctyCf(), "DZA")', getDate(),'DBEU',getDate(),'DBEU',null )
INSERT INTO best..tsegmentrule ( SGTRUL_NT, SGMT_NF, SGT_NT, SGTVER_NT, RULE_LS, RULPRIO_CT, FUNCDEF_T, TECHDEF_T, CRE_D, CREUSR_CF, LSTUPD_D, LSTUPDUSR_CF, timestamp )       VALUES ( 1, 96, 120, 1, ' ', 263, 'COUNTRY_REPORTING=''ECU''', 'StringUtils.equals(c.getAnlctyCf(), "ECU")', getDate(),'DBEU',getDate(),'DBEU',null )
INSERT INTO best..tsegmentrule ( SGTRUL_NT, SGMT_NF, SGT_NT, SGTVER_NT, RULE_LS, RULPRIO_CT, FUNCDEF_T, TECHDEF_T, CRE_D, CREUSR_CF, LSTUPD_D, LSTUPDUSR_CF, timestamp )       VALUES ( 1, 97, 120, 1, ' ', 264, 'COUNTRY_REPORTING=''EGY''', 'StringUtils.equals(c.getAnlctyCf(), "EGY")', getDate(),'DBEU',getDate(),'DBEU',null )
INSERT INTO best..tsegmentrule ( SGTRUL_NT, SGMT_NF, SGT_NT, SGTVER_NT, RULE_LS, RULPRIO_CT, FUNCDEF_T, TECHDEF_T, CRE_D, CREUSR_CF, LSTUPD_D, LSTUPDUSR_CF, timestamp )       VALUES ( 1, 98, 120, 1, ' ', 265, 'COUNTRY_REPORTING=''ERI''', 'StringUtils.equals(c.getAnlctyCf(), "ERI")', getDate(),'DBEU',getDate(),'DBEU',null )
INSERT INTO best..tsegmentrule ( SGTRUL_NT, SGMT_NF, SGT_NT, SGTVER_NT, RULE_LS, RULPRIO_CT, FUNCDEF_T, TECHDEF_T, CRE_D, CREUSR_CF, LSTUPD_D, LSTUPDUSR_CF, timestamp )       VALUES ( 1, 99, 120, 1, ' ', 266, 'COUNTRY_REPORTING=''ESP''', 'StringUtils.equals(c.getAnlctyCf(), "ESP")', getDate(),'DBEU',getDate(),'DBEU',null )
INSERT INTO best..tsegmentrule ( SGTRUL_NT, SGMT_NF, SGT_NT, SGTVER_NT, RULE_LS, RULPRIO_CT, FUNCDEF_T, TECHDEF_T, CRE_D, CREUSR_CF, LSTUPD_D, LSTUPDUSR_CF, timestamp )       VALUES ( 1, 100, 120, 1, ' ', 267, 'COUNTRY_REPORTING=''EST''', 'StringUtils.equals(c.getAnlctyCf(), "EST")', getDate(),'DBEU',getDate(),'DBEU',null )
INSERT INTO best..tsegmentrule ( SGTRUL_NT, SGMT_NF, SGT_NT, SGTVER_NT, RULE_LS, RULPRIO_CT, FUNCDEF_T, TECHDEF_T, CRE_D, CREUSR_CF, LSTUPD_D, LSTUPDUSR_CF, timestamp )       VALUES ( 1, 101, 120, 1, ' ', 268, 'COUNTRY_REPORTING=''ETH''', 'StringUtils.equals(c.getAnlctyCf(), "ETH")', getDate(),'DBEU',getDate(),'DBEU',null )
INSERT INTO best..tsegmentrule ( SGTRUL_NT, SGMT_NF, SGT_NT, SGTVER_NT, RULE_LS, RULPRIO_CT, FUNCDEF_T, TECHDEF_T, CRE_D, CREUSR_CF, LSTUPD_D, LSTUPDUSR_CF, timestamp )       VALUES ( 1, 102, 120, 1, ' ', 269, 'COUNTRY_REPORTING=''FIN''', 'StringUtils.equals(c.getAnlctyCf(), "FIN")', getDate(),'DBEU',getDate(),'DBEU',null )
INSERT INTO best..tsegmentrule ( SGTRUL_NT, SGMT_NF, SGT_NT, SGTVER_NT, RULE_LS, RULPRIO_CT, FUNCDEF_T, TECHDEF_T, CRE_D, CREUSR_CF, LSTUPD_D, LSTUPDUSR_CF, timestamp )       VALUES ( 2, 55, 120, 1, ' ', 270, 'COUNTRY_REPORTING=''FJI''', 'StringUtils.equals(c.getAnlctyCf(), "FJI")', getDate(),'DBEU',getDate(),'DBEU',null )
INSERT INTO best..tsegmentrule ( SGTRUL_NT, SGMT_NF, SGT_NT, SGTVER_NT, RULE_LS, RULPRIO_CT, FUNCDEF_T, TECHDEF_T, CRE_D, CREUSR_CF, LSTUPD_D, LSTUPDUSR_CF, timestamp )       VALUES ( 1, 103, 120, 1, ' ', 271, 'COUNTRY_REPORTING=''FRA''', 'StringUtils.equals(c.getAnlctyCf(), "FRA")', getDate(),'DBEU',getDate(),'DBEU',null )
INSERT INTO best..tsegmentrule ( SGTRUL_NT, SGMT_NF, SGT_NT, SGTVER_NT, RULE_LS, RULPRIO_CT, FUNCDEF_T, TECHDEF_T, CRE_D, CREUSR_CF, LSTUPD_D, LSTUPDUSR_CF, timestamp )       VALUES ( 1, 104, 120, 1, ' ', 272, 'COUNTRY_REPORTING=''FRO''', 'StringUtils.equals(c.getAnlctyCf(), "FRO")', getDate(),'DBEU',getDate(),'DBEU',null )
INSERT INTO best..tsegmentrule ( SGTRUL_NT, SGMT_NF, SGT_NT, SGTVER_NT, RULE_LS, RULPRIO_CT, FUNCDEF_T, TECHDEF_T, CRE_D, CREUSR_CF, LSTUPD_D, LSTUPDUSR_CF, timestamp )       VALUES ( 3, 55, 120, 1, ' ', 273, 'COUNTRY_REPORTING=''FSM''', 'StringUtils.equals(c.getAnlctyCf(), "FSM")', getDate(),'DBEU',getDate(),'DBEU',null )
INSERT INTO best..tsegmentrule ( SGTRUL_NT, SGMT_NF, SGT_NT, SGTVER_NT, RULE_LS, RULPRIO_CT, FUNCDEF_T, TECHDEF_T, CRE_D, CREUSR_CF, LSTUPD_D, LSTUPDUSR_CF, timestamp )       VALUES ( 1, 105, 120, 1, ' ', 274, 'COUNTRY_REPORTING=''GAB''', 'StringUtils.equals(c.getAnlctyCf(), "GAB")', getDate(),'DBEU',getDate(),'DBEU',null )
INSERT INTO best..tsegmentrule ( SGTRUL_NT, SGMT_NF, SGT_NT, SGTVER_NT, RULE_LS, RULPRIO_CT, FUNCDEF_T, TECHDEF_T, CRE_D, CREUSR_CF, LSTUPD_D, LSTUPDUSR_CF, timestamp )       VALUES ( 1, 106, 120, 1, ' ', 275, 'COUNTRY_REPORTING=''GBR''', 'StringUtils.equals(c.getAnlctyCf(), "GBR")', getDate(),'DBEU',getDate(),'DBEU',null )
INSERT INTO best..tsegmentrule ( SGTRUL_NT, SGMT_NF, SGT_NT, SGTVER_NT, RULE_LS, RULPRIO_CT, FUNCDEF_T, TECHDEF_T, CRE_D, CREUSR_CF, LSTUPD_D, LSTUPDUSR_CF, timestamp )       VALUES ( 1, 107, 120, 1, ' ', 276, 'COUNTRY_REPORTING=''GEO''', 'StringUtils.equals(c.getAnlctyCf(), "GEO")', getDate(),'DBEU',getDate(),'DBEU',null )
INSERT INTO best..tsegmentrule ( SGTRUL_NT, SGMT_NF, SGT_NT, SGTVER_NT, RULE_LS, RULPRIO_CT, FUNCDEF_T, TECHDEF_T, CRE_D, CREUSR_CF, LSTUPD_D, LSTUPDUSR_CF, timestamp )       VALUES ( 1, 108, 120, 1, ' ', 277, 'COUNTRY_REPORTING=''GHA''', 'StringUtils.equals(c.getAnlctyCf(), "GHA")', getDate(),'DBEU',getDate(),'DBEU',null )
INSERT INTO best..tsegmentrule ( SGTRUL_NT, SGMT_NF, SGT_NT, SGTVER_NT, RULE_LS, RULPRIO_CT, FUNCDEF_T, TECHDEF_T, CRE_D, CREUSR_CF, LSTUPD_D, LSTUPDUSR_CF, timestamp )       VALUES ( 1, 109, 120, 1, ' ', 278, 'COUNTRY_REPORTING=''GIB''', 'StringUtils.equals(c.getAnlctyCf(), "GIB")', getDate(),'DBEU',getDate(),'DBEU',null )
INSERT INTO best..tsegmentrule ( SGTRUL_NT, SGMT_NF, SGT_NT, SGTVER_NT, RULE_LS, RULPRIO_CT, FUNCDEF_T, TECHDEF_T, CRE_D, CREUSR_CF, LSTUPD_D, LSTUPDUSR_CF, timestamp )       VALUES ( 1, 110, 120, 1, ' ', 279, 'COUNTRY_REPORTING=''GIN''', 'StringUtils.equals(c.getAnlctyCf(), "GIN")', getDate(),'DBEU',getDate(),'DBEU',null )
INSERT INTO best..tsegmentrule ( SGTRUL_NT, SGMT_NF, SGT_NT, SGTVER_NT, RULE_LS, RULPRIO_CT, FUNCDEF_T, TECHDEF_T, CRE_D, CREUSR_CF, LSTUPD_D, LSTUPDUSR_CF, timestamp )       VALUES ( 1, 111, 120, 1, ' ', 280, 'COUNTRY_REPORTING=''GMB''', 'StringUtils.equals(c.getAnlctyCf(), "GMB")', getDate(),'DBEU',getDate(),'DBEU',null )
INSERT INTO best..tsegmentrule ( SGTRUL_NT, SGMT_NF, SGT_NT, SGTVER_NT, RULE_LS, RULPRIO_CT, FUNCDEF_T, TECHDEF_T, CRE_D, CREUSR_CF, LSTUPD_D, LSTUPDUSR_CF, timestamp )       VALUES ( 1, 112, 120, 1, ' ', 281, 'COUNTRY_REPORTING=''GNB''', 'StringUtils.equals(c.getAnlctyCf(), "GNB")', getDate(),'DBEU',getDate(),'DBEU',null )
INSERT INTO best..tsegmentrule ( SGTRUL_NT, SGMT_NF, SGT_NT, SGTVER_NT, RULE_LS, RULPRIO_CT, FUNCDEF_T, TECHDEF_T, CRE_D, CREUSR_CF, LSTUPD_D, LSTUPDUSR_CF, timestamp )       VALUES ( 1, 113, 120, 1, ' ', 282, 'COUNTRY_REPORTING=''GNQ''', 'StringUtils.equals(c.getAnlctyCf(), "GNQ")', getDate(),'DBEU',getDate(),'DBEU',null )
INSERT INTO best..tsegmentrule ( SGTRUL_NT, SGMT_NF, SGT_NT, SGTVER_NT, RULE_LS, RULPRIO_CT, FUNCDEF_T, TECHDEF_T, CRE_D, CREUSR_CF, LSTUPD_D, LSTUPDUSR_CF, timestamp )       VALUES ( 1, 114, 120, 1, ' ', 283, 'COUNTRY_REPORTING=''GRC''', 'StringUtils.equals(c.getAnlctyCf(), "GRC")', getDate(),'DBEU',getDate(),'DBEU',null )
INSERT INTO best..tsegmentrule ( SGTRUL_NT, SGMT_NF, SGT_NT, SGTVER_NT, RULE_LS, RULPRIO_CT, FUNCDEF_T, TECHDEF_T, CRE_D, CREUSR_CF, LSTUPD_D, LSTUPDUSR_CF, timestamp )       VALUES ( 2, 72, 120, 1, ' ', 284, 'COUNTRY_REPORTING=''GRD''', 'StringUtils.equals(c.getAnlctyCf(), "GRD")', getDate(),'DBEU',getDate(),'DBEU',null )
INSERT INTO best..tsegmentrule ( SGTRUL_NT, SGMT_NF, SGT_NT, SGTVER_NT, RULE_LS, RULPRIO_CT, FUNCDEF_T, TECHDEF_T, CRE_D, CREUSR_CF, LSTUPD_D, LSTUPDUSR_CF, timestamp )       VALUES ( 1, 115, 120, 1, ' ', 285, 'COUNTRY_REPORTING=''GRL''', 'StringUtils.equals(c.getAnlctyCf(), "GRL")', getDate(),'DBEU',getDate(),'DBEU',null )
INSERT INTO best..tsegmentrule ( SGTRUL_NT, SGMT_NF, SGT_NT, SGTVER_NT, RULE_LS, RULPRIO_CT, FUNCDEF_T, TECHDEF_T, CRE_D, CREUSR_CF, LSTUPD_D, LSTUPDUSR_CF, timestamp )       VALUES ( 1, 116, 120, 1, ' ', 286, 'COUNTRY_REPORTING=''GTM''', 'StringUtils.equals(c.getAnlctyCf(), "GTM")', getDate(),'DBEU',getDate(),'DBEU',null )
INSERT INTO best..tsegmentrule ( SGTRUL_NT, SGMT_NF, SGT_NT, SGTVER_NT, RULE_LS, RULPRIO_CT, FUNCDEF_T, TECHDEF_T, CRE_D, CREUSR_CF, LSTUPD_D, LSTUPDUSR_CF, timestamp )       VALUES ( 1, 117, 120, 1, ' ', 287, 'COUNTRY_REPORTING=''GUM''', 'StringUtils.equals(c.getAnlctyCf(), "GUM")', getDate(),'DBEU',getDate(),'DBEU',null )
INSERT INTO best..tsegmentrule ( SGTRUL_NT, SGMT_NF, SGT_NT, SGTVER_NT, RULE_LS, RULPRIO_CT, FUNCDEF_T, TECHDEF_T, CRE_D, CREUSR_CF, LSTUPD_D, LSTUPDUSR_CF, timestamp )       VALUES ( 1, 118, 120, 1, ' ', 288, 'COUNTRY_REPORTING=''GUY''', 'StringUtils.equals(c.getAnlctyCf(), "GUY")', getDate(),'DBEU',getDate(),'DBEU',null )
INSERT INTO best..tsegmentrule ( SGTRUL_NT, SGMT_NF, SGT_NT, SGTVER_NT, RULE_LS, RULPRIO_CT, FUNCDEF_T, TECHDEF_T, CRE_D, CREUSR_CF, LSTUPD_D, LSTUPDUSR_CF, timestamp )       VALUES ( 1, 119, 120, 1, ' ', 289, 'COUNTRY_REPORTING=''HKG''', 'StringUtils.equals(c.getAnlctyCf(), "HKG")', getDate(),'DBEU',getDate(),'DBEU',null )
INSERT INTO best..tsegmentrule ( SGTRUL_NT, SGMT_NF, SGT_NT, SGTVER_NT, RULE_LS, RULPRIO_CT, FUNCDEF_T, TECHDEF_T, CRE_D, CREUSR_CF, LSTUPD_D, LSTUPDUSR_CF, timestamp )       VALUES ( 2, 68, 120, 1, ' ', 290, 'COUNTRY_REPORTING=''HND''', 'StringUtils.equals(c.getAnlctyCf(), "HND")', getDate(),'DBEU',getDate(),'DBEU',null )
INSERT INTO best..tsegmentrule ( SGTRUL_NT, SGMT_NF, SGT_NT, SGTVER_NT, RULE_LS, RULPRIO_CT, FUNCDEF_T, TECHDEF_T, CRE_D, CREUSR_CF, LSTUPD_D, LSTUPDUSR_CF, timestamp )       VALUES ( 1, 120, 120, 1, ' ', 291, 'COUNTRY_REPORTING=''HRV''', 'StringUtils.equals(c.getAnlctyCf(), "HRV")', getDate(),'DBEU',getDate(),'DBEU',null )
INSERT INTO best..tsegmentrule ( SGTRUL_NT, SGMT_NF, SGT_NT, SGTVER_NT, RULE_LS, RULPRIO_CT, FUNCDEF_T, TECHDEF_T, CRE_D, CREUSR_CF, LSTUPD_D, LSTUPDUSR_CF, timestamp )       VALUES ( 2, 94, 120, 1, ' ', 292, 'COUNTRY_REPORTING=''HTI''', 'StringUtils.equals(c.getAnlctyCf(), "HTI")', getDate(),'DBEU',getDate(),'DBEU',null )
INSERT INTO best..tsegmentrule ( SGTRUL_NT, SGMT_NF, SGT_NT, SGTVER_NT, RULE_LS, RULPRIO_CT, FUNCDEF_T, TECHDEF_T, CRE_D, CREUSR_CF, LSTUPD_D, LSTUPDUSR_CF, timestamp )       VALUES ( 1, 121, 120, 1, ' ', 293, 'COUNTRY_REPORTING=''HUN''', 'StringUtils.equals(c.getAnlctyCf(), "HUN")', getDate(),'DBEU',getDate(),'DBEU',null )
INSERT INTO best..tsegmentrule ( SGTRUL_NT, SGMT_NF, SGT_NT, SGTVER_NT, RULE_LS, RULPRIO_CT, FUNCDEF_T, TECHDEF_T, CRE_D, CREUSR_CF, LSTUPD_D, LSTUPDUSR_CF, timestamp )       VALUES ( 1, 122, 120, 1, ' ', 294, 'COUNTRY_REPORTING=''IDN''', 'StringUtils.equals(c.getAnlctyCf(), "IDN")', getDate(),'DBEU',getDate(),'DBEU',null )
INSERT INTO best..tsegmentrule ( SGTRUL_NT, SGMT_NF, SGT_NT, SGTVER_NT, RULE_LS, RULPRIO_CT, FUNCDEF_T, TECHDEF_T, CRE_D, CREUSR_CF, LSTUPD_D, LSTUPDUSR_CF, timestamp )       VALUES ( 1, 123, 120, 1, ' ', 295, 'COUNTRY_REPORTING=''IND''', 'StringUtils.equals(c.getAnlctyCf(), "IND")', getDate(),'DBEU',getDate(),'DBEU',null )
INSERT INTO best..tsegmentrule ( SGTRUL_NT, SGMT_NF, SGT_NT, SGTVER_NT, RULE_LS, RULPRIO_CT, FUNCDEF_T, TECHDEF_T, CRE_D, CREUSR_CF, LSTUPD_D, LSTUPDUSR_CF, timestamp )       VALUES ( 1, 124, 120, 1, ' ', 296, 'COUNTRY_REPORTING=''IOT''', 'StringUtils.equals(c.getAnlctyCf(), "IOT")', getDate(),'DBEU',getDate(),'DBEU',null )
INSERT INTO best..tsegmentrule ( SGTRUL_NT, SGMT_NF, SGT_NT, SGTVER_NT, RULE_LS, RULPRIO_CT, FUNCDEF_T, TECHDEF_T, CRE_D, CREUSR_CF, LSTUPD_D, LSTUPDUSR_CF, timestamp )       VALUES ( 1, 125, 120, 1, ' ', 297, 'COUNTRY_REPORTING=''IRL''', 'StringUtils.equals(c.getAnlctyCf(), "IRL")', getDate(),'DBEU',getDate(),'DBEU',null )
INSERT INTO best..tsegmentrule ( SGTRUL_NT, SGMT_NF, SGT_NT, SGTVER_NT, RULE_LS, RULPRIO_CT, FUNCDEF_T, TECHDEF_T, CRE_D, CREUSR_CF, LSTUPD_D, LSTUPDUSR_CF, timestamp )       VALUES ( 1, 126, 120, 1, ' ', 298, 'COUNTRY_REPORTING=''IRN''', 'StringUtils.equals(c.getAnlctyCf(), "IRN")', getDate(),'DBEU',getDate(),'DBEU',null )
INSERT INTO best..tsegmentrule ( SGTRUL_NT, SGMT_NF, SGT_NT, SGTVER_NT, RULE_LS, RULPRIO_CT, FUNCDEF_T, TECHDEF_T, CRE_D, CREUSR_CF, LSTUPD_D, LSTUPDUSR_CF, timestamp )       VALUES ( 1, 127, 120, 1, ' ', 299, 'COUNTRY_REPORTING=''IRQ''', 'StringUtils.equals(c.getAnlctyCf(), "IRQ")', getDate(),'DBEU',getDate(),'DBEU',null )
INSERT INTO best..tsegmentrule ( SGTRUL_NT, SGMT_NF, SGT_NT, SGTVER_NT, RULE_LS, RULPRIO_CT, FUNCDEF_T, TECHDEF_T, CRE_D, CREUSR_CF, LSTUPD_D, LSTUPDUSR_CF, timestamp )       VALUES ( 1, 128, 120, 1, ' ', 300, 'COUNTRY_REPORTING=''ISL''', 'StringUtils.equals(c.getAnlctyCf(), "ISL")', getDate(),'DBEU',getDate(),'DBEU',null )
INSERT INTO best..tsegmentrule ( SGTRUL_NT, SGMT_NF, SGT_NT, SGTVER_NT, RULE_LS, RULPRIO_CT, FUNCDEF_T, TECHDEF_T, CRE_D, CREUSR_CF, LSTUPD_D, LSTUPDUSR_CF, timestamp )       VALUES ( 1, 129, 120, 1, ' ', 301, 'COUNTRY_REPORTING=''ISR''', 'StringUtils.equals(c.getAnlctyCf(), "ISR")', getDate(),'DBEU',getDate(),'DBEU',null )
INSERT INTO best..tsegmentrule ( SGTRUL_NT, SGMT_NF, SGT_NT, SGTVER_NT, RULE_LS, RULPRIO_CT, FUNCDEF_T, TECHDEF_T, CRE_D, CREUSR_CF, LSTUPD_D, LSTUPDUSR_CF, timestamp )       VALUES ( 1, 130, 120, 1, ' ', 302, 'COUNTRY_REPORTING=''ITA''', 'StringUtils.equals(c.getAnlctyCf(), "ITA")', getDate(),'DBEU',getDate(),'DBEU',null )
INSERT INTO best..tsegmentrule ( SGTRUL_NT, SGMT_NF, SGT_NT, SGTVER_NT, RULE_LS, RULPRIO_CT, FUNCDEF_T, TECHDEF_T, CRE_D, CREUSR_CF, LSTUPD_D, LSTUPDUSR_CF, timestamp )       VALUES ( 2, 88, 120, 1, ' ', 303, 'COUNTRY_REPORTING=''JAM''', 'StringUtils.equals(c.getAnlctyCf(), "JAM")', getDate(),'DBEU',getDate(),'DBEU',null )
INSERT INTO best..tsegmentrule ( SGTRUL_NT, SGMT_NF, SGT_NT, SGTVER_NT, RULE_LS, RULPRIO_CT, FUNCDEF_T, TECHDEF_T, CRE_D, CREUSR_CF, LSTUPD_D, LSTUPDUSR_CF, timestamp )       VALUES ( 1, 131, 120, 1, ' ', 304, 'COUNTRY_REPORTING=''JEY''', 'StringUtils.equals(c.getAnlctyCf(), "JEY")', getDate(),'DBEU',getDate(),'DBEU',null )
INSERT INTO best..tsegmentrule ( SGTRUL_NT, SGMT_NF, SGT_NT, SGTVER_NT, RULE_LS, RULPRIO_CT, FUNCDEF_T, TECHDEF_T, CRE_D, CREUSR_CF, LSTUPD_D, LSTUPDUSR_CF, timestamp )       VALUES ( 1, 132, 120, 1, ' ', 305, 'COUNTRY_REPORTING=''JOR''', 'StringUtils.equals(c.getAnlctyCf(), "JOR")', getDate(),'DBEU',getDate(),'DBEU',null )
INSERT INTO best..tsegmentrule ( SGTRUL_NT, SGMT_NF, SGT_NT, SGTVER_NT, RULE_LS, RULPRIO_CT, FUNCDEF_T, TECHDEF_T, CRE_D, CREUSR_CF, LSTUPD_D, LSTUPDUSR_CF, timestamp )       VALUES ( 1, 133, 120, 1, ' ', 306, 'COUNTRY_REPORTING=''JPN''', 'StringUtils.equals(c.getAnlctyCf(), "JPN")', getDate(),'DBEU',getDate(),'DBEU',null )
INSERT INTO best..tsegmentrule ( SGTRUL_NT, SGMT_NF, SGT_NT, SGTVER_NT, RULE_LS, RULPRIO_CT, FUNCDEF_T, TECHDEF_T, CRE_D, CREUSR_CF, LSTUPD_D, LSTUPDUSR_CF, timestamp )       VALUES ( 1, 134, 120, 1, ' ', 307, 'COUNTRY_REPORTING=''KAZ''', 'StringUtils.equals(c.getAnlctyCf(), "KAZ")', getDate(),'DBEU',getDate(),'DBEU',null )
INSERT INTO best..tsegmentrule ( SGTRUL_NT, SGMT_NF, SGT_NT, SGTVER_NT, RULE_LS, RULPRIO_CT, FUNCDEF_T, TECHDEF_T, CRE_D, CREUSR_CF, LSTUPD_D, LSTUPDUSR_CF, timestamp )       VALUES ( 1, 135, 120, 1, ' ', 308, 'COUNTRY_REPORTING=''KEN''', 'StringUtils.equals(c.getAnlctyCf(), "KEN")', getDate(),'DBEU',getDate(),'DBEU',null )
INSERT INTO best..tsegmentrule ( SGTRUL_NT, SGMT_NF, SGT_NT, SGTVER_NT, RULE_LS, RULPRIO_CT, FUNCDEF_T, TECHDEF_T, CRE_D, CREUSR_CF, LSTUPD_D, LSTUPDUSR_CF, timestamp )       VALUES ( 1, 136, 120, 1, ' ', 309, 'COUNTRY_REPORTING=''KGZ''', 'StringUtils.equals(c.getAnlctyCf(), "KGZ")', getDate(),'DBEU',getDate(),'DBEU',null )
INSERT INTO best..tsegmentrule ( SGTRUL_NT, SGMT_NF, SGT_NT, SGTVER_NT, RULE_LS, RULPRIO_CT, FUNCDEF_T, TECHDEF_T, CRE_D, CREUSR_CF, LSTUPD_D, LSTUPDUSR_CF, timestamp )       VALUES ( 1, 137, 120, 1, ' ', 310, 'COUNTRY_REPORTING=''KHM''', 'StringUtils.equals(c.getAnlctyCf(), "KHM")', getDate(),'DBEU',getDate(),'DBEU',null )
INSERT INTO best..tsegmentrule ( SGTRUL_NT, SGMT_NF, SGT_NT, SGTVER_NT, RULE_LS, RULPRIO_CT, FUNCDEF_T, TECHDEF_T, CRE_D, CREUSR_CF, LSTUPD_D, LSTUPDUSR_CF, timestamp )       VALUES ( 4, 55, 120, 1, ' ', 311, 'COUNTRY_REPORTING=''KIR''', 'StringUtils.equals(c.getAnlctyCf(), "KIR")', getDate(),'DBEU',getDate(),'DBEU',null )
INSERT INTO best..tsegmentrule ( SGTRUL_NT, SGMT_NF, SGT_NT, SGTVER_NT, RULE_LS, RULPRIO_CT, FUNCDEF_T, TECHDEF_T, CRE_D, CREUSR_CF, LSTUPD_D, LSTUPDUSR_CF, timestamp )       VALUES ( 5, 49, 120, 1, ' ', 312, 'COUNTRY_REPORTING=''KNA''', 'StringUtils.equals(c.getAnlctyCf(), "KNA")', getDate(),'DBEU',getDate(),'DBEU',null )
INSERT INTO best..tsegmentrule ( SGTRUL_NT, SGMT_NF, SGT_NT, SGTVER_NT, RULE_LS, RULPRIO_CT, FUNCDEF_T, TECHDEF_T, CRE_D, CREUSR_CF, LSTUPD_D, LSTUPDUSR_CF, timestamp )       VALUES ( 1, 138, 120, 1, ' ', 313, 'COUNTRY_REPORTING=''KOR''', 'StringUtils.equals(c.getAnlctyCf(), "KOR")', getDate(),'DBEU',getDate(),'DBEU',null )
INSERT INTO best..tsegmentrule ( SGTRUL_NT, SGMT_NF, SGT_NT, SGTVER_NT, RULE_LS, RULPRIO_CT, FUNCDEF_T, TECHDEF_T, CRE_D, CREUSR_CF, LSTUPD_D, LSTUPDUSR_CF, timestamp )       VALUES ( 1, 139, 120, 1, ' ', 314, 'COUNTRY_REPORTING=''KWT''', 'StringUtils.equals(c.getAnlctyCf(), "KWT")', getDate(),'DBEU',getDate(),'DBEU',null )
INSERT INTO best..tsegmentrule ( SGTRUL_NT, SGMT_NF, SGT_NT, SGTVER_NT, RULE_LS, RULPRIO_CT, FUNCDEF_T, TECHDEF_T, CRE_D, CREUSR_CF, LSTUPD_D, LSTUPDUSR_CF, timestamp )       VALUES ( 2, 137, 120, 1, ' ', 315, 'COUNTRY_REPORTING=''LAO''', 'StringUtils.equals(c.getAnlctyCf(), "LAO")', getDate(),'DBEU',getDate(),'DBEU',null )
INSERT INTO best..tsegmentrule ( SGTRUL_NT, SGMT_NF, SGT_NT, SGTVER_NT, RULE_LS, RULPRIO_CT, FUNCDEF_T, TECHDEF_T, CRE_D, CREUSR_CF, LSTUPD_D, LSTUPDUSR_CF, timestamp )       VALUES ( 1, 140, 120, 1, ' ', 316, 'COUNTRY_REPORTING=''LBN''', 'StringUtils.equals(c.getAnlctyCf(), "LBN")', getDate(),'DBEU',getDate(),'DBEU',null )
INSERT INTO best..tsegmentrule ( SGTRUL_NT, SGMT_NF, SGT_NT, SGTVER_NT, RULE_LS, RULPRIO_CT, FUNCDEF_T, TECHDEF_T, CRE_D, CREUSR_CF, LSTUPD_D, LSTUPDUSR_CF, timestamp )       VALUES ( 1, 141, 120, 1, ' ', 317, 'COUNTRY_REPORTING=''LBR''', 'StringUtils.equals(c.getAnlctyCf(), "LBR")', getDate(),'DBEU',getDate(),'DBEU',null )
INSERT INTO best..tsegmentrule ( SGTRUL_NT, SGMT_NF, SGT_NT, SGTVER_NT, RULE_LS, RULPRIO_CT, FUNCDEF_T, TECHDEF_T, CRE_D, CREUSR_CF, LSTUPD_D, LSTUPDUSR_CF, timestamp )       VALUES ( 1, 142, 120, 1, ' ', 318, 'COUNTRY_REPORTING=''LBY''', 'StringUtils.equals(c.getAnlctyCf(), "LBY")', getDate(),'DBEU',getDate(),'DBEU',null )
INSERT INTO best..tsegmentrule ( SGTRUL_NT, SGMT_NF, SGT_NT, SGTVER_NT, RULE_LS, RULPRIO_CT, FUNCDEF_T, TECHDEF_T, CRE_D, CREUSR_CF, LSTUPD_D, LSTUPDUSR_CF, timestamp )       VALUES ( 3, 72, 120, 1, ' ', 319, 'COUNTRY_REPORTING=''LCA''', 'StringUtils.equals(c.getAnlctyCf(), "LCA")', getDate(),'DBEU',getDate(),'DBEU',null )
INSERT INTO best..tsegmentrule ( SGTRUL_NT, SGMT_NF, SGT_NT, SGTVER_NT, RULE_LS, RULPRIO_CT, FUNCDEF_T, TECHDEF_T, CRE_D, CREUSR_CF, LSTUPD_D, LSTUPDUSR_CF, timestamp )       VALUES ( 1, 143, 120, 1, ' ', 320, 'COUNTRY_REPORTING=''LIE''', 'StringUtils.equals(c.getAnlctyCf(), "LIE")', getDate(),'DBEU',getDate(),'DBEU',null )
INSERT INTO best..tsegmentrule ( SGTRUL_NT, SGMT_NF, SGT_NT, SGTVER_NT, RULE_LS, RULPRIO_CT, FUNCDEF_T, TECHDEF_T, CRE_D, CREUSR_CF, LSTUPD_D, LSTUPDUSR_CF, timestamp )       VALUES ( 4, 47, 120, 1, ' ', 321, 'COUNTRY_REPORTING=''LKA''', 'StringUtils.equals(c.getAnlctyCf(), "LKA")', getDate(),'DBEU',getDate(),'DBEU',null )
INSERT INTO best..tsegmentrule ( SGTRUL_NT, SGMT_NF, SGT_NT, SGTVER_NT, RULE_LS, RULPRIO_CT, FUNCDEF_T, TECHDEF_T, CRE_D, CREUSR_CF, LSTUPD_D, LSTUPDUSR_CF, timestamp )       VALUES ( 1, 144, 120, 1, ' ', 322, 'COUNTRY_REPORTING=''LSO''', 'StringUtils.equals(c.getAnlctyCf(), "LSO")', getDate(),'DBEU',getDate(),'DBEU',null )
INSERT INTO best..tsegmentrule ( SGTRUL_NT, SGMT_NF, SGT_NT, SGTVER_NT, RULE_LS, RULPRIO_CT, FUNCDEF_T, TECHDEF_T, CRE_D, CREUSR_CF, LSTUPD_D, LSTUPDUSR_CF, timestamp )       VALUES ( 1, 145, 120, 1, ' ', 323, 'COUNTRY_REPORTING=''LTU''', 'StringUtils.equals(c.getAnlctyCf(), "LTU")', getDate(),'DBEU',getDate(),'DBEU',null )
INSERT INTO best..tsegmentrule ( SGTRUL_NT, SGMT_NF, SGT_NT, SGTVER_NT, RULE_LS, RULPRIO_CT, FUNCDEF_T, TECHDEF_T, CRE_D, CREUSR_CF, LSTUPD_D, LSTUPDUSR_CF, timestamp )       VALUES ( 1, 146, 120, 1, ' ', 324, 'COUNTRY_REPORTING=''LUX''', 'StringUtils.equals(c.getAnlctyCf(), "LUX")', getDate(),'DBEU',getDate(),'DBEU',null )
INSERT INTO best..tsegmentrule ( SGTRUL_NT, SGMT_NF, SGT_NT, SGTVER_NT, RULE_LS, RULPRIO_CT, FUNCDEF_T, TECHDEF_T, CRE_D, CREUSR_CF, LSTUPD_D, LSTUPDUSR_CF, timestamp )       VALUES ( 1, 147, 120, 1, ' ', 325, 'COUNTRY_REPORTING=''LVA''', 'StringUtils.equals(c.getAnlctyCf(), "LVA")', getDate(),'DBEU',getDate(),'DBEU',null )
INSERT INTO best..tsegmentrule ( SGTRUL_NT, SGMT_NF, SGT_NT, SGTVER_NT, RULE_LS, RULPRIO_CT, FUNCDEF_T, TECHDEF_T, CRE_D, CREUSR_CF, LSTUPD_D, LSTUPDUSR_CF, timestamp )       VALUES ( 2, 119, 120, 1, ' ', 326, 'COUNTRY_REPORTING=''MAC''', 'StringUtils.equals(c.getAnlctyCf(), "MAC")', getDate(),'DBEU',getDate(),'DBEU',null )
INSERT INTO best..tsegmentrule ( SGTRUL_NT, SGMT_NF, SGT_NT, SGTVER_NT, RULE_LS, RULPRIO_CT, FUNCDEF_T, TECHDEF_T, CRE_D, CREUSR_CF, LSTUPD_D, LSTUPDUSR_CF, timestamp )       VALUES ( 1, 148, 120, 1, ' ', 327, 'COUNTRY_REPORTING=''MAR''', 'StringUtils.equals(c.getAnlctyCf(), "MAR")', getDate(),'DBEU',getDate(),'DBEU',null )
INSERT INTO best..tsegmentrule ( SGTRUL_NT, SGMT_NF, SGT_NT, SGTVER_NT, RULE_LS, RULPRIO_CT, FUNCDEF_T, TECHDEF_T, CRE_D, CREUSR_CF, LSTUPD_D, LSTUPDUSR_CF, timestamp )       VALUES ( 1, 149, 120, 1, ' ', 328, 'COUNTRY_REPORTING=''MCO''', 'StringUtils.equals(c.getAnlctyCf(), "MCO")', getDate(),'DBEU',getDate(),'DBEU',null )
INSERT INTO best..tsegmentrule ( SGTRUL_NT, SGMT_NF, SGT_NT, SGTVER_NT, RULE_LS, RULPRIO_CT, FUNCDEF_T, TECHDEF_T, CRE_D, CREUSR_CF, LSTUPD_D, LSTUPDUSR_CF, timestamp )       VALUES ( 1, 150, 120, 1, ' ', 329, 'COUNTRY_REPORTING=''MDA''', 'StringUtils.equals(c.getAnlctyCf(), "MDA")', getDate(),'DBEU',getDate(),'DBEU',null )
INSERT INTO best..tsegmentrule ( SGTRUL_NT, SGMT_NF, SGT_NT, SGTVER_NT, RULE_LS, RULPRIO_CT, FUNCDEF_T, TECHDEF_T, CRE_D, CREUSR_CF, LSTUPD_D, LSTUPDUSR_CF, timestamp )       VALUES ( 1, 151, 120, 1, ' ', 330, 'COUNTRY_REPORTING=''MDG''', 'StringUtils.equals(c.getAnlctyCf(), "MDG")', getDate(),'DBEU',getDate(),'DBEU',null )
INSERT INTO best..tsegmentrule ( SGTRUL_NT, SGMT_NF, SGT_NT, SGTVER_NT, RULE_LS, RULPRIO_CT, FUNCDEF_T, TECHDEF_T, CRE_D, CREUSR_CF, LSTUPD_D, LSTUPDUSR_CF, timestamp )       VALUES ( 5, 47, 120, 1, ' ', 331, 'COUNTRY_REPORTING=''MDV''', 'StringUtils.equals(c.getAnlctyCf(), "MDV")', getDate(),'DBEU',getDate(),'DBEU',null )
INSERT INTO best..tsegmentrule ( SGTRUL_NT, SGMT_NF, SGT_NT, SGTVER_NT, RULE_LS, RULPRIO_CT, FUNCDEF_T, TECHDEF_T, CRE_D, CREUSR_CF, LSTUPD_D, LSTUPDUSR_CF, timestamp )       VALUES ( 1, 152, 120, 1, ' ', 332, 'COUNTRY_REPORTING=''MEX''', 'StringUtils.equals(c.getAnlctyCf(), "MEX")', getDate(),'DBEU',getDate(),'DBEU',null )
INSERT INTO best..tsegmentrule ( SGTRUL_NT, SGMT_NF, SGT_NT, SGTVER_NT, RULE_LS, RULPRIO_CT, FUNCDEF_T, TECHDEF_T, CRE_D, CREUSR_CF, LSTUPD_D, LSTUPDUSR_CF, timestamp )       VALUES ( 1, 153, 120, 1, ' ', 333, 'COUNTRY_REPORTING=''MKD''', 'StringUtils.equals(c.getAnlctyCf(), "MKD")', getDate(),'DBEU',getDate(),'DBEU',null )
INSERT INTO best..tsegmentrule ( SGTRUL_NT, SGMT_NF, SGT_NT, SGTVER_NT, RULE_LS, RULPRIO_CT, FUNCDEF_T, TECHDEF_T, CRE_D, CREUSR_CF, LSTUPD_D, LSTUPDUSR_CF, timestamp )       VALUES ( 1, 154, 120, 1, ' ', 334, 'COUNTRY_REPORTING=''MLI''', 'StringUtils.equals(c.getAnlctyCf(), "MLI")', getDate(),'DBEU',getDate(),'DBEU',null )
INSERT INTO best..tsegmentrule ( SGTRUL_NT, SGMT_NF, SGT_NT, SGTVER_NT, RULE_LS, RULPRIO_CT, FUNCDEF_T, TECHDEF_T, CRE_D, CREUSR_CF, LSTUPD_D, LSTUPDUSR_CF, timestamp )       VALUES ( 1, 155, 120, 1, ' ', 335, 'COUNTRY_REPORTING=''MLT''', 'StringUtils.equals(c.getAnlctyCf(), "MLT")', getDate(),'DBEU',getDate(),'DBEU',null )
INSERT INTO best..tsegmentrule ( SGTRUL_NT, SGMT_NF, SGT_NT, SGTVER_NT, RULE_LS, RULPRIO_CT, FUNCDEF_T, TECHDEF_T, CRE_D, CREUSR_CF, LSTUPD_D, LSTUPDUSR_CF, timestamp )       VALUES ( 2, 73, 120, 1, ' ', 336, 'COUNTRY_REPORTING=''MMR''', 'StringUtils.equals(c.getAnlctyCf(), "MMR")', getDate(),'DBEU',getDate(),'DBEU',null )
INSERT INTO best..tsegmentrule ( SGTRUL_NT, SGMT_NF, SGT_NT, SGTVER_NT, RULE_LS, RULPRIO_CT, FUNCDEF_T, TECHDEF_T, CRE_D, CREUSR_CF, LSTUPD_D, LSTUPDUSR_CF, timestamp )       VALUES ( 1, 156, 120, 1, ' ', 337, 'COUNTRY_REPORTING=''MNE''', 'StringUtils.equals(c.getAnlctyCf(), "MNE")', getDate(),'DBEU',getDate(),'DBEU',null )
INSERT INTO best..tsegmentrule ( SGTRUL_NT, SGMT_NF, SGT_NT, SGTVER_NT, RULE_LS, RULPRIO_CT, FUNCDEF_T, TECHDEF_T, CRE_D, CREUSR_CF, LSTUPD_D, LSTUPDUSR_CF, timestamp )       VALUES ( 1, 157, 120, 1, ' ', 338, 'COUNTRY_REPORTING=''MNG''', 'StringUtils.equals(c.getAnlctyCf(), "MNG")', getDate(),'DBEU',getDate(),'DBEU',null )
INSERT INTO best..tsegmentrule ( SGTRUL_NT, SGMT_NF, SGT_NT, SGTVER_NT, RULE_LS, RULPRIO_CT, FUNCDEF_T, TECHDEF_T, CRE_D, CREUSR_CF, LSTUPD_D, LSTUPDUSR_CF, timestamp )       VALUES ( 3, 119, 120, 1, ' ', 339, 'COUNTRY_REPORTING=''MNP''', 'StringUtils.equals(c.getAnlctyCf(), "MNP")', getDate(),'DBEU',getDate(),'DBEU',null )
INSERT INTO best..tsegmentrule ( SGTRUL_NT, SGMT_NF, SGT_NT, SGTVER_NT, RULE_LS, RULPRIO_CT, FUNCDEF_T, TECHDEF_T, CRE_D, CREUSR_CF, LSTUPD_D, LSTUPDUSR_CF, timestamp )       VALUES ( 1, 158, 120, 1, ' ', 340, 'COUNTRY_REPORTING=''MOZ''', 'StringUtils.equals(c.getAnlctyCf(), "MOZ")', getDate(),'DBEU',getDate(),'DBEU',null )
INSERT INTO best..tsegmentrule ( SGTRUL_NT, SGMT_NF, SGT_NT, SGTVER_NT, RULE_LS, RULPRIO_CT, FUNCDEF_T, TECHDEF_T, CRE_D, CREUSR_CF, LSTUPD_D, LSTUPDUSR_CF, timestamp )       VALUES ( 1, 159, 120, 1, ' ', 341, 'COUNTRY_REPORTING=''MRT''', 'StringUtils.equals(c.getAnlctyCf(), "MRT")', getDate(),'DBEU',getDate(),'DBEU',null )
INSERT INTO best..tsegmentrule ( SGTRUL_NT, SGMT_NF, SGT_NT, SGTVER_NT, RULE_LS, RULPRIO_CT, FUNCDEF_T, TECHDEF_T, CRE_D, CREUSR_CF, LSTUPD_D, LSTUPDUSR_CF, timestamp )       VALUES ( 6, 49, 120, 1, ' ', 342, 'COUNTRY_REPORTING=''MSR''', 'StringUtils.equals(c.getAnlctyCf(), "MSR")', getDate(),'DBEU',getDate(),'DBEU',null )
INSERT INTO best..tsegmentrule ( SGTRUL_NT, SGMT_NF, SGT_NT, SGTVER_NT, RULE_LS, RULPRIO_CT, FUNCDEF_T, TECHDEF_T, CRE_D, CREUSR_CF, LSTUPD_D, LSTUPDUSR_CF, timestamp )       VALUES ( 1, 160, 120, 1, ' ', 343, 'COUNTRY_REPORTING=''MUS''', 'StringUtils.equals(c.getAnlctyCf(), "MUS")', getDate(),'DBEU',getDate(),'DBEU',null )
INSERT INTO best..tsegmentrule ( SGTRUL_NT, SGMT_NF, SGT_NT, SGTVER_NT, RULE_LS, RULPRIO_CT, FUNCDEF_T, TECHDEF_T, CRE_D, CREUSR_CF, LSTUPD_D, LSTUPDUSR_CF, timestamp )       VALUES ( 1, 161, 120, 1, ' ', 344, 'COUNTRY_REPORTING=''MWI''', 'StringUtils.equals(c.getAnlctyCf(), "MWI")', getDate(),'DBEU',getDate(),'DBEU',null )
INSERT INTO best..tsegmentrule ( SGTRUL_NT, SGMT_NF, SGT_NT, SGTVER_NT, RULE_LS, RULPRIO_CT, FUNCDEF_T, TECHDEF_T, CRE_D, CREUSR_CF, LSTUPD_D, LSTUPDUSR_CF, timestamp )       VALUES ( 3, 137, 120, 1, ' ', 345, 'COUNTRY_REPORTING=''MYS''', 'StringUtils.equals(c.getAnlctyCf(), "MYS")', getDate(),'DBEU',getDate(),'DBEU',null )
INSERT INTO best..tsegmentrule ( SGTRUL_NT, SGMT_NF, SGT_NT, SGTVER_NT, RULE_LS, RULPRIO_CT, FUNCDEF_T, TECHDEF_T, CRE_D, CREUSR_CF, LSTUPD_D, LSTUPDUSR_CF, timestamp )       VALUES ( 1, 162, 120, 1, ' ', 346, 'COUNTRY_REPORTING=''NAM''', 'StringUtils.equals(c.getAnlctyCf(), "NAM")', getDate(),'DBEU',getDate(),'DBEU',null )
INSERT INTO best..tsegmentrule ( SGTRUL_NT, SGMT_NF, SGT_NT, SGTVER_NT, RULE_LS, RULPRIO_CT, FUNCDEF_T, TECHDEF_T, CRE_D, CREUSR_CF, LSTUPD_D, LSTUPDUSR_CF, timestamp )       VALUES ( 1, 163, 120, 1, ' ', 347, 'COUNTRY_REPORTING=''NER''', 'StringUtils.equals(c.getAnlctyCf(), "NER")', getDate(),'DBEU',getDate(),'DBEU',null )
INSERT INTO best..tsegmentrule ( SGTRUL_NT, SGMT_NF, SGT_NT, SGTVER_NT, RULE_LS, RULPRIO_CT, FUNCDEF_T, TECHDEF_T, CRE_D, CREUSR_CF, LSTUPD_D, LSTUPDUSR_CF, timestamp )       VALUES ( 1, 164, 120, 1, ' ', 348, 'COUNTRY_REPORTING=''NGA''', 'StringUtils.equals(c.getAnlctyCf(), "NGA")', getDate(),'DBEU',getDate(),'DBEU',null )
INSERT INTO best..tsegmentrule ( SGTRUL_NT, SGMT_NF, SGT_NT, SGTVER_NT, RULE_LS, RULPRIO_CT, FUNCDEF_T, TECHDEF_T, CRE_D, CREUSR_CF, LSTUPD_D, LSTUPDUSR_CF, timestamp )       VALUES ( 3, 68, 120, 1, ' ', 349, 'COUNTRY_REPORTING=''NIC''', 'StringUtils.equals(c.getAnlctyCf(), "NIC")', getDate(),'DBEU',getDate(),'DBEU',null )
INSERT INTO best..tsegmentrule ( SGTRUL_NT, SGMT_NF, SGT_NT, SGTVER_NT, RULE_LS, RULPRIO_CT, FUNCDEF_T, TECHDEF_T, CRE_D, CREUSR_CF, LSTUPD_D, LSTUPDUSR_CF, timestamp )       VALUES ( 1, 165, 120, 1, ' ', 350, 'COUNTRY_REPORTING=''NLD''', 'StringUtils.equals(c.getAnlctyCf(), "NLD")', getDate(),'DBEU',getDate(),'DBEU',null )
INSERT INTO best..tsegmentrule ( SGTRUL_NT, SGMT_NF, SGT_NT, SGTVER_NT, RULE_LS, RULPRIO_CT, FUNCDEF_T, TECHDEF_T, CRE_D, CREUSR_CF, LSTUPD_D, LSTUPDUSR_CF, timestamp )       VALUES ( 1, 166, 120, 1, ' ', 351, 'COUNTRY_REPORTING=''NOR''', 'StringUtils.equals(c.getAnlctyCf(), "NOR")', getDate(),'DBEU',getDate(),'DBEU',null )
INSERT INTO best..tsegmentrule ( SGTRUL_NT, SGMT_NF, SGT_NT, SGTVER_NT, RULE_LS, RULPRIO_CT, FUNCDEF_T, TECHDEF_T, CRE_D, CREUSR_CF, LSTUPD_D, LSTUPDUSR_CF, timestamp )       VALUES ( 6, 47, 120, 1, ' ', 352, 'COUNTRY_REPORTING=''NPL''', 'StringUtils.equals(c.getAnlctyCf(), "NPL")', getDate(),'DBEU',getDate(),'DBEU',null )
INSERT INTO best..tsegmentrule ( SGTRUL_NT, SGMT_NF, SGT_NT, SGTVER_NT, RULE_LS, RULPRIO_CT, FUNCDEF_T, TECHDEF_T, CRE_D, CREUSR_CF, LSTUPD_D, LSTUPDUSR_CF, timestamp )       VALUES ( 5, 55, 120, 1, ' ', 353, 'COUNTRY_REPORTING=''NRU''', 'StringUtils.equals(c.getAnlctyCf(), "NRU")', getDate(),'DBEU',getDate(),'DBEU',null )
INSERT INTO best..tsegmentrule ( SGTRUL_NT, SGMT_NF, SGT_NT, SGTVER_NT, RULE_LS, RULPRIO_CT, FUNCDEF_T, TECHDEF_T, CRE_D, CREUSR_CF, LSTUPD_D, LSTUPDUSR_CF, timestamp )       VALUES ( 1, 167, 120, 1, ' ', 354, 'COUNTRY_REPORTING=''NZL''', 'StringUtils.equals(c.getAnlctyCf(), "NZL")', getDate(),'DBEU',getDate(),'DBEU',null )
INSERT INTO best..tsegmentrule ( SGTRUL_NT, SGMT_NF, SGT_NT, SGTVER_NT, RULE_LS, RULPRIO_CT, FUNCDEF_T, TECHDEF_T, CRE_D, CREUSR_CF, LSTUPD_D, LSTUPDUSR_CF, timestamp )       VALUES ( 1, 168, 120, 1, ' ', 355, 'COUNTRY_REPORTING=''OMN''', 'StringUtils.equals(c.getAnlctyCf(), "OMN")', getDate(),'DBEU',getDate(),'DBEU',null )
INSERT INTO best..tsegmentrule ( SGTRUL_NT, SGMT_NF, SGT_NT, SGTVER_NT, RULE_LS, RULPRIO_CT, FUNCDEF_T, TECHDEF_T, CRE_D, CREUSR_CF, LSTUPD_D, LSTUPDUSR_CF, timestamp )       VALUES ( 1, 169, 120, 1, ' ', 356, 'COUNTRY_REPORTING=''PAK''', 'StringUtils.equals(c.getAnlctyCf(), "PAK")', getDate(),'DBEU',getDate(),'DBEU',null )
INSERT INTO best..tsegmentrule ( SGTRUL_NT, SGMT_NF, SGT_NT, SGTVER_NT, RULE_LS, RULPRIO_CT, FUNCDEF_T, TECHDEF_T, CRE_D, CREUSR_CF, LSTUPD_D, LSTUPDUSR_CF, timestamp )       VALUES ( 1, 170, 120, 1, ' ', 357, 'COUNTRY_REPORTING=''PAL''', 'StringUtils.equals(c.getAnlctyCf(), "PAL")', getDate(),'DBEU',getDate(),'DBEU',null )
INSERT INTO best..tsegmentrule ( SGTRUL_NT, SGMT_NF, SGT_NT, SGTVER_NT, RULE_LS, RULPRIO_CT, FUNCDEF_T, TECHDEF_T, CRE_D, CREUSR_CF, LSTUPD_D, LSTUPDUSR_CF, timestamp )       VALUES ( 1, 171, 120, 1, ' ', 358, 'COUNTRY_REPORTING=''PAN''', 'StringUtils.equals(c.getAnlctyCf(), "PAN")', getDate(),'DBEU',getDate(),'DBEU',null )
INSERT INTO best..tsegmentrule ( SGTRUL_NT, SGMT_NF, SGT_NT, SGTVER_NT, RULE_LS, RULPRIO_CT, FUNCDEF_T, TECHDEF_T, CRE_D, CREUSR_CF, LSTUPD_D, LSTUPDUSR_CF, timestamp )       VALUES ( 6, 55, 120, 1, ' ', 359, 'COUNTRY_REPORTING=''PCN''', 'StringUtils.equals(c.getAnlctyCf(), "PCN")', getDate(),'DBEU',getDate(),'DBEU',null )
INSERT INTO best..tsegmentrule ( SGTRUL_NT, SGMT_NF, SGT_NT, SGTVER_NT, RULE_LS, RULPRIO_CT, FUNCDEF_T, TECHDEF_T, CRE_D, CREUSR_CF, LSTUPD_D, LSTUPDUSR_CF, timestamp )       VALUES ( 1, 172, 120, 1, ' ', 360, 'COUNTRY_REPORTING=''PER''', 'StringUtils.equals(c.getAnlctyCf(), "PER")', getDate(),'DBEU',getDate(),'DBEU',null )
INSERT INTO best..tsegmentrule ( SGTRUL_NT, SGMT_NF, SGT_NT, SGTVER_NT, RULE_LS, RULPRIO_CT, FUNCDEF_T, TECHDEF_T, CRE_D, CREUSR_CF, LSTUPD_D, LSTUPDUSR_CF, timestamp )       VALUES ( 1, 173, 120, 1, ' ', 361, 'COUNTRY_REPORTING=''PHL''', 'StringUtils.equals(c.getAnlctyCf(), "PHL")', getDate(),'DBEU',getDate(),'DBEU',null )
INSERT INTO best..tsegmentrule ( SGTRUL_NT, SGMT_NF, SGT_NT, SGTVER_NT, RULE_LS, RULPRIO_CT, FUNCDEF_T, TECHDEF_T, CRE_D, CREUSR_CF, LSTUPD_D, LSTUPDUSR_CF, timestamp )       VALUES ( 7, 55, 120, 1, ' ', 362, 'COUNTRY_REPORTING=''PLW''', 'StringUtils.equals(c.getAnlctyCf(), "PLW")', getDate(),'DBEU',getDate(),'DBEU',null )
INSERT INTO best..tsegmentrule ( SGTRUL_NT, SGMT_NF, SGT_NT, SGTVER_NT, RULE_LS, RULPRIO_CT, FUNCDEF_T, TECHDEF_T, CRE_D, CREUSR_CF, LSTUPD_D, LSTUPDUSR_CF, timestamp )       VALUES ( 8, 55, 120, 1, ' ', 363, 'COUNTRY_REPORTING=''PNG''', 'StringUtils.equals(c.getAnlctyCf(), "PNG")', getDate(),'DBEU',getDate(),'DBEU',null )
INSERT INTO best..tsegmentrule ( SGTRUL_NT, SGMT_NF, SGT_NT, SGTVER_NT, RULE_LS, RULPRIO_CT, FUNCDEF_T, TECHDEF_T, CRE_D, CREUSR_CF, LSTUPD_D, LSTUPDUSR_CF, timestamp )       VALUES ( 1, 174, 120, 1, ' ', 364, 'COUNTRY_REPORTING=''POL''', 'StringUtils.equals(c.getAnlctyCf(), "POL")', getDate(),'DBEU',getDate(),'DBEU',null )
INSERT INTO best..tsegmentrule ( SGTRUL_NT, SGMT_NF, SGT_NT, SGTVER_NT, RULE_LS, RULPRIO_CT, FUNCDEF_T, TECHDEF_T, CRE_D, CREUSR_CF, LSTUPD_D, LSTUPDUSR_CF, timestamp )       VALUES ( 3, 94, 120, 1, ' ', 365, 'COUNTRY_REPORTING=''PRI''', 'StringUtils.equals(c.getAnlctyCf(), "PRI")', getDate(),'DBEU',getDate(),'DBEU',null )
INSERT INTO best..tsegmentrule ( SGTRUL_NT, SGMT_NF, SGT_NT, SGTVER_NT, RULE_LS, RULPRIO_CT, FUNCDEF_T, TECHDEF_T, CRE_D, CREUSR_CF, LSTUPD_D, LSTUPDUSR_CF, timestamp )       VALUES ( 2, 138, 120, 1, ' ', 366, 'COUNTRY_REPORTING=''PRK''', 'StringUtils.equals(c.getAnlctyCf(), "PRK")', getDate(),'DBEU',getDate(),'DBEU',null )
INSERT INTO best..tsegmentrule ( SGTRUL_NT, SGMT_NF, SGT_NT, SGTVER_NT, RULE_LS, RULPRIO_CT, FUNCDEF_T, TECHDEF_T, CRE_D, CREUSR_CF, LSTUPD_D, LSTUPDUSR_CF, timestamp )       VALUES ( 1, 175, 120, 1, ' ', 367, 'COUNTRY_REPORTING=''PRT''', 'StringUtils.equals(c.getAnlctyCf(), "PRT")', getDate(),'DBEU',getDate(),'DBEU',null )
INSERT INTO best..tsegmentrule ( SGTRUL_NT, SGMT_NF, SGT_NT, SGTVER_NT, RULE_LS, RULPRIO_CT, FUNCDEF_T, TECHDEF_T, CRE_D, CREUSR_CF, LSTUPD_D, LSTUPDUSR_CF, timestamp )       VALUES ( 2, 53, 120, 1, ' ', 368, 'COUNTRY_REPORTING=''PRY''', 'StringUtils.equals(c.getAnlctyCf(), "PRY")', getDate(),'DBEU',getDate(),'DBEU',null )
INSERT INTO best..tsegmentrule ( SGTRUL_NT, SGMT_NF, SGT_NT, SGTVER_NT, RULE_LS, RULPRIO_CT, FUNCDEF_T, TECHDEF_T, CRE_D, CREUSR_CF, LSTUPD_D, LSTUPDUSR_CF, timestamp )       VALUES ( 1, 176, 120, 1, ' ', 369, 'COUNTRY_REPORTING=''QAT''', 'StringUtils.equals(c.getAnlctyCf(), "QAT")', getDate(),'DBEU',getDate(),'DBEU',null )
INSERT INTO best..tsegmentrule ( SGTRUL_NT, SGMT_NF, SGT_NT, SGTVER_NT, RULE_LS, RULPRIO_CT, FUNCDEF_T, TECHDEF_T, CRE_D, CREUSR_CF, LSTUPD_D, LSTUPDUSR_CF, timestamp )       VALUES ( 1, 177, 120, 1, ' ', 370, 'COUNTRY_REPORTING=''ROM''', 'StringUtils.equals(c.getAnlctyCf(), "ROM")', getDate(),'DBEU',getDate(),'DBEU',null )
INSERT INTO best..tsegmentrule ( SGTRUL_NT, SGMT_NF, SGT_NT, SGTVER_NT, RULE_LS, RULPRIO_CT, FUNCDEF_T, TECHDEF_T, CRE_D, CREUSR_CF, LSTUPD_D, LSTUPDUSR_CF, timestamp )       VALUES ( 1, 178, 120, 1, ' ', 371, 'COUNTRY_REPORTING=''RUS''', 'StringUtils.equals(c.getAnlctyCf(), "RUS")', getDate(),'DBEU',getDate(),'DBEU',null )
INSERT INTO best..tsegmentrule ( SGTRUL_NT, SGMT_NF, SGT_NT, SGTVER_NT, RULE_LS, RULPRIO_CT, FUNCDEF_T, TECHDEF_T, CRE_D, CREUSR_CF, LSTUPD_D, LSTUPDUSR_CF, timestamp )       VALUES ( 1, 179, 120, 1, ' ', 372, 'COUNTRY_REPORTING=''RWA''', 'StringUtils.equals(c.getAnlctyCf(), "RWA")', getDate(),'DBEU',getDate(),'DBEU',null )
INSERT INTO best..tsegmentrule ( SGTRUL_NT, SGMT_NF, SGT_NT, SGTVER_NT, RULE_LS, RULPRIO_CT, FUNCDEF_T, TECHDEF_T, CRE_D, CREUSR_CF, LSTUPD_D, LSTUPDUSR_CF, timestamp )       VALUES ( 1, 180, 120, 1, ' ', 373, 'COUNTRY_REPORTING=''SAU''', 'StringUtils.equals(c.getAnlctyCf(), "SAU")', getDate(),'DBEU',getDate(),'DBEU',null )
INSERT INTO best..tsegmentrule ( SGTRUL_NT, SGMT_NF, SGT_NT, SGTVER_NT, RULE_LS, RULPRIO_CT, FUNCDEF_T, TECHDEF_T, CRE_D, CREUSR_CF, LSTUPD_D, LSTUPDUSR_CF, timestamp )       VALUES ( 1, 181, 120, 1, ' ', 374, 'COUNTRY_REPORTING=''SCG''', 'StringUtils.equals(c.getAnlctyCf(), "SCG")', getDate(),'DBEU',getDate(),'DBEU',null )
INSERT INTO best..tsegmentrule ( SGTRUL_NT, SGMT_NF, SGT_NT, SGTVER_NT, RULE_LS, RULPRIO_CT, FUNCDEF_T, TECHDEF_T, CRE_D, CREUSR_CF, LSTUPD_D, LSTUPDUSR_CF, timestamp )       VALUES ( 1, 182, 120, 1, ' ', 375, 'COUNTRY_REPORTING=''SDN''', 'StringUtils.equals(c.getAnlctyCf(), "SDN")', getDate(),'DBEU',getDate(),'DBEU',null )
INSERT INTO best..tsegmentrule ( SGTRUL_NT, SGMT_NF, SGT_NT, SGTVER_NT, RULE_LS, RULPRIO_CT, FUNCDEF_T, TECHDEF_T, CRE_D, CREUSR_CF, LSTUPD_D, LSTUPDUSR_CF, timestamp )       VALUES ( 1, 183, 120, 1, ' ', 376, 'COUNTRY_REPORTING=''SEN''', 'StringUtils.equals(c.getAnlctyCf(), "SEN")', getDate(),'DBEU',getDate(),'DBEU',null )
INSERT INTO best..tsegmentrule ( SGTRUL_NT, SGMT_NF, SGT_NT, SGTVER_NT, RULE_LS, RULPRIO_CT, FUNCDEF_T, TECHDEF_T, CRE_D, CREUSR_CF, LSTUPD_D, LSTUPDUSR_CF, timestamp )       VALUES ( 3, 73, 120, 1, ' ', 377, 'COUNTRY_REPORTING=''SGP''', 'StringUtils.equals(c.getAnlctyCf(), "SGP")', getDate(),'DBEU',getDate(),'DBEU',null )
INSERT INTO best..tsegmentrule ( SGTRUL_NT, SGMT_NF, SGT_NT, SGTVER_NT, RULE_LS, RULPRIO_CT, FUNCDEF_T, TECHDEF_T, CRE_D, CREUSR_CF, LSTUPD_D, LSTUPDUSR_CF, timestamp )       VALUES ( 1, 184, 120, 1, ' ', 378, 'COUNTRY_REPORTING=''SGS''', 'StringUtils.equals(c.getAnlctyCf(), "SGS")', getDate(),'DBEU',getDate(),'DBEU',null )
INSERT INTO best..tsegmentrule ( SGTRUL_NT, SGMT_NF, SGT_NT, SGTVER_NT, RULE_LS, RULPRIO_CT, FUNCDEF_T, TECHDEF_T, CRE_D, CREUSR_CF, LSTUPD_D, LSTUPDUSR_CF, timestamp )       VALUES ( 9, 55, 120, 1, ' ', 379, 'COUNTRY_REPORTING=''SLB''', 'StringUtils.equals(c.getAnlctyCf(), "SLB")', getDate(),'DBEU',getDate(),'DBEU',null )
INSERT INTO best..tsegmentrule ( SGTRUL_NT, SGMT_NF, SGT_NT, SGTVER_NT, RULE_LS, RULPRIO_CT, FUNCDEF_T, TECHDEF_T, CRE_D, CREUSR_CF, LSTUPD_D, LSTUPDUSR_CF, timestamp )       VALUES ( 1, 185, 120, 1, ' ', 380, 'COUNTRY_REPORTING=''SLE''', 'StringUtils.equals(c.getAnlctyCf(), "SLE")', getDate(),'DBEU',getDate(),'DBEU',null )
INSERT INTO best..tsegmentrule ( SGTRUL_NT, SGMT_NF, SGT_NT, SGTVER_NT, RULE_LS, RULPRIO_CT, FUNCDEF_T, TECHDEF_T, CRE_D, CREUSR_CF, LSTUPD_D, LSTUPDUSR_CF, timestamp )       VALUES ( 1, 186, 120, 1, ' ', 381, 'COUNTRY_REPORTING=''SLV''', 'StringUtils.equals(c.getAnlctyCf(), "SLV")', getDate(),'DBEU',getDate(),'DBEU',null )
INSERT INTO best..tsegmentrule ( SGTRUL_NT, SGMT_NF, SGT_NT, SGTVER_NT, RULE_LS, RULPRIO_CT, FUNCDEF_T, TECHDEF_T, CRE_D, CREUSR_CF, LSTUPD_D, LSTUPDUSR_CF, timestamp )       VALUES ( 1, 187, 120, 1, ' ', 382, 'COUNTRY_REPORTING=''SMR''', 'StringUtils.equals(c.getAnlctyCf(), "SMR")', getDate(),'DBEU',getDate(),'DBEU',null )
INSERT INTO best..tsegmentrule ( SGTRUL_NT, SGMT_NF, SGT_NT, SGTVER_NT, RULE_LS, RULPRIO_CT, FUNCDEF_T, TECHDEF_T, CRE_D, CREUSR_CF, LSTUPD_D, LSTUPDUSR_CF, timestamp )       VALUES ( 4, 73, 120, 1, ' ', 383, 'COUNTRY_REPORTING=''SNG''', 'StringUtils.equals(c.getAnlctyCf(), "SNG")', getDate(),'DBEU',getDate(),'DBEU',null )
INSERT INTO best..tsegmentrule ( SGTRUL_NT, SGMT_NF, SGT_NT, SGTVER_NT, RULE_LS, RULPRIO_CT, FUNCDEF_T, TECHDEF_T, CRE_D, CREUSR_CF, LSTUPD_D, LSTUPDUSR_CF, timestamp )       VALUES ( 1, 188, 120, 1, ' ', 384, 'COUNTRY_REPORTING=''SOM''', 'StringUtils.equals(c.getAnlctyCf(), "SOM")', getDate(),'DBEU',getDate(),'DBEU',null )
INSERT INTO best..tsegmentrule ( SGTRUL_NT, SGMT_NF, SGT_NT, SGTVER_NT, RULE_LS, RULPRIO_CT, FUNCDEF_T, TECHDEF_T, CRE_D, CREUSR_CF, LSTUPD_D, LSTUPDUSR_CF, timestamp )       VALUES ( 1, 189, 120, 1, ' ', 385, 'COUNTRY_REPORTING=''SRB''', 'StringUtils.equals(c.getAnlctyCf(), "SRB")', getDate(),'DBEU',getDate(),'DBEU',null )
INSERT INTO best..tsegmentrule ( SGTRUL_NT, SGMT_NF, SGT_NT, SGTVER_NT, RULE_LS, RULPRIO_CT, FUNCDEF_T, TECHDEF_T, CRE_D, CREUSR_CF, LSTUPD_D, LSTUPDUSR_CF, timestamp )       VALUES ( 1, 190, 120, 1, ' ', 386, 'COUNTRY_REPORTING=''STP''', 'StringUtils.equals(c.getAnlctyCf(), "STP")', getDate(),'DBEU',getDate(),'DBEU',null )
INSERT INTO best..tsegmentrule ( SGTRUL_NT, SGMT_NF, SGT_NT, SGTVER_NT, RULE_LS, RULPRIO_CT, FUNCDEF_T, TECHDEF_T, CRE_D, CREUSR_CF, LSTUPD_D, LSTUPDUSR_CF, timestamp )       VALUES ( 2, 118, 120, 1, ' ', 387, 'COUNTRY_REPORTING=''SUR''', 'StringUtils.equals(c.getAnlctyCf(), "SUR")', getDate(),'DBEU',getDate(),'DBEU',null )
INSERT INTO best..tsegmentrule ( SGTRUL_NT, SGMT_NF, SGT_NT, SGTVER_NT, RULE_LS, RULPRIO_CT, FUNCDEF_T, TECHDEF_T, CRE_D, CREUSR_CF, LSTUPD_D, LSTUPDUSR_CF, timestamp )       VALUES ( 1, 191, 120, 1, ' ', 388, 'COUNTRY_REPORTING=''SVK''', 'StringUtils.equals(c.getAnlctyCf(), "SVK")', getDate(),'DBEU',getDate(),'DBEU',null )
INSERT INTO best..tsegmentrule ( SGTRUL_NT, SGMT_NF, SGT_NT, SGTVER_NT, RULE_LS, RULPRIO_CT, FUNCDEF_T, TECHDEF_T, CRE_D, CREUSR_CF, LSTUPD_D, LSTUPDUSR_CF, timestamp )       VALUES ( 1, 192, 120, 1, ' ', 389, 'COUNTRY_REPORTING=''SVN''', 'StringUtils.equals(c.getAnlctyCf(), "SVN")', getDate(),'DBEU',getDate(),'DBEU',null )
INSERT INTO best..tsegmentrule ( SGTRUL_NT, SGMT_NF, SGT_NT, SGTVER_NT, RULE_LS, RULPRIO_CT, FUNCDEF_T, TECHDEF_T, CRE_D, CREUSR_CF, LSTUPD_D, LSTUPDUSR_CF, timestamp )       VALUES ( 1, 193, 120, 1, ' ', 390, 'COUNTRY_REPORTING=''SWE''', 'StringUtils.equals(c.getAnlctyCf(), "SWE")', getDate(),'DBEU',getDate(),'DBEU',null )
INSERT INTO best..tsegmentrule ( SGTRUL_NT, SGMT_NF, SGT_NT, SGTVER_NT, RULE_LS, RULPRIO_CT, FUNCDEF_T, TECHDEF_T, CRE_D, CREUSR_CF, LSTUPD_D, LSTUPDUSR_CF, timestamp )       VALUES ( 1, 194, 120, 1, ' ', 391, 'COUNTRY_REPORTING=''SWZ''', 'StringUtils.equals(c.getAnlctyCf(), "SWZ")', getDate(),'DBEU',getDate(),'DBEU',null )
INSERT INTO best..tsegmentrule ( SGTRUL_NT, SGMT_NF, SGT_NT, SGTVER_NT, RULE_LS, RULPRIO_CT, FUNCDEF_T, TECHDEF_T, CRE_D, CREUSR_CF, LSTUPD_D, LSTUPDUSR_CF, timestamp )       VALUES ( 1, 195, 120, 1, ' ', 392, 'COUNTRY_REPORTING=''SYC''', 'StringUtils.equals(c.getAnlctyCf(), "SYC")', getDate(),'DBEU',getDate(),'DBEU',null )
INSERT INTO best..tsegmentrule ( SGTRUL_NT, SGMT_NF, SGT_NT, SGTVER_NT, RULE_LS, RULPRIO_CT, FUNCDEF_T, TECHDEF_T, CRE_D, CREUSR_CF, LSTUPD_D, LSTUPDUSR_CF, timestamp )       VALUES ( 1, 196, 120, 1, ' ', 393, 'COUNTRY_REPORTING=''SYR''', 'StringUtils.equals(c.getAnlctyCf(), "SYR")', getDate(),'DBEU',getDate(),'DBEU',null )
INSERT INTO best..tsegmentrule ( SGTRUL_NT, SGMT_NF, SGT_NT, SGTVER_NT, RULE_LS, RULPRIO_CT, FUNCDEF_T, TECHDEF_T, CRE_D, CREUSR_CF, LSTUPD_D, LSTUPDUSR_CF, timestamp )       VALUES ( 2, 65, 120, 1, ' ', 394, 'COUNTRY_REPORTING=''TCA''', 'StringUtils.equals(c.getAnlctyCf(), "TCA")', getDate(),'DBEU',getDate(),'DBEU',null )
INSERT INTO best..tsegmentrule ( SGTRUL_NT, SGMT_NF, SGT_NT, SGTVER_NT, RULE_LS, RULPRIO_CT, FUNCDEF_T, TECHDEF_T, CRE_D, CREUSR_CF, LSTUPD_D, LSTUPDUSR_CF, timestamp )       VALUES ( 1, 197, 120, 1, ' ', 395, 'COUNTRY_REPORTING=''TCD''', 'StringUtils.equals(c.getAnlctyCf(), "TCD")', getDate(),'DBEU',getDate(),'DBEU',null )
INSERT INTO best..tsegmentrule ( SGTRUL_NT, SGMT_NF, SGT_NT, SGTVER_NT, RULE_LS, RULPRIO_CT, FUNCDEF_T, TECHDEF_T, CRE_D, CREUSR_CF, LSTUPD_D, LSTUPDUSR_CF, timestamp )       VALUES ( 1, 198, 120, 1, ' ', 396, 'COUNTRY_REPORTING=''TGO''', 'StringUtils.equals(c.getAnlctyCf(), "TGO")', getDate(),'DBEU',getDate(),'DBEU',null )
INSERT INTO best..tsegmentrule ( SGTRUL_NT, SGMT_NF, SGT_NT, SGTVER_NT, RULE_LS, RULPRIO_CT, FUNCDEF_T, TECHDEF_T, CRE_D, CREUSR_CF, LSTUPD_D, LSTUPDUSR_CF, timestamp )       VALUES ( 1, 199, 120, 1, ' ', 397, 'COUNTRY_REPORTING=''THA''', 'StringUtils.equals(c.getAnlctyCf(), "THA")', getDate(),'DBEU',getDate(),'DBEU',null )
INSERT INTO best..tsegmentrule ( SGTRUL_NT, SGMT_NF, SGT_NT, SGTVER_NT, RULE_LS, RULPRIO_CT, FUNCDEF_T, TECHDEF_T, CRE_D, CREUSR_CF, LSTUPD_D, LSTUPDUSR_CF, timestamp )       VALUES ( 1, 200, 120, 1, ' ', 398, 'COUNTRY_REPORTING=''TJK''', 'StringUtils.equals(c.getAnlctyCf(), "TJK")', getDate(),'DBEU',getDate(),'DBEU',null )
INSERT INTO best..tsegmentrule ( SGTRUL_NT, SGMT_NF, SGT_NT, SGTVER_NT, RULE_LS, RULPRIO_CT, FUNCDEF_T, TECHDEF_T, CRE_D, CREUSR_CF, LSTUPD_D, LSTUPDUSR_CF, timestamp )       VALUES ( 1, 201, 120, 1, ' ', 399, 'COUNTRY_REPORTING=''TKM''', 'StringUtils.equals(c.getAnlctyCf(), "TKM")', getDate(),'DBEU',getDate(),'DBEU',null )
INSERT INTO best..tsegmentrule ( SGTRUL_NT, SGMT_NF, SGT_NT, SGTVER_NT, RULE_LS, RULPRIO_CT, FUNCDEF_T, TECHDEF_T, CRE_D, CREUSR_CF, LSTUPD_D, LSTUPDUSR_CF, timestamp )       VALUES ( 10, 55, 120, 1, ' ', 400, 'COUNTRY_REPORTING=''TON''', 'StringUtils.equals(c.getAnlctyCf(), "TON")', getDate(),'DBEU',getDate(),'DBEU',null )
INSERT INTO best..tsegmentrule ( SGTRUL_NT, SGMT_NF, SGT_NT, SGTVER_NT, RULE_LS, RULPRIO_CT, FUNCDEF_T, TECHDEF_T, CRE_D, CREUSR_CF, LSTUPD_D, LSTUPDUSR_CF, timestamp )       VALUES ( 1, 202, 120, 1, ' ', 401, 'COUNTRY_REPORTING=''TTO''', 'StringUtils.equals(c.getAnlctyCf(), "TTO")', getDate(),'DBEU',getDate(),'DBEU',null )
INSERT INTO best..tsegmentrule ( SGTRUL_NT, SGMT_NF, SGT_NT, SGTVER_NT, RULE_LS, RULPRIO_CT, FUNCDEF_T, TECHDEF_T, CRE_D, CREUSR_CF, LSTUPD_D, LSTUPDUSR_CF, timestamp )       VALUES ( 1, 203, 120, 1, ' ', 402, 'COUNTRY_REPORTING=''TUN''', 'StringUtils.equals(c.getAnlctyCf(), "TUN")', getDate(),'DBEU',getDate(),'DBEU',null )
INSERT INTO best..tsegmentrule ( SGTRUL_NT, SGMT_NF, SGT_NT, SGTVER_NT, RULE_LS, RULPRIO_CT, FUNCDEF_T, TECHDEF_T, CRE_D, CREUSR_CF, LSTUPD_D, LSTUPDUSR_CF, timestamp )       VALUES ( 1, 204, 120, 1, ' ', 403, 'COUNTRY_REPORTING=''TUR''', 'StringUtils.equals(c.getAnlctyCf(), "TUR")', getDate(),'DBEU',getDate(),'DBEU',null )
INSERT INTO best..tsegmentrule ( SGTRUL_NT, SGMT_NF, SGT_NT, SGTVER_NT, RULE_LS, RULPRIO_CT, FUNCDEF_T, TECHDEF_T, CRE_D, CREUSR_CF, LSTUPD_D, LSTUPDUSR_CF, timestamp )       VALUES ( 1, 205, 120, 1, ' ', 404, 'COUNTRY_REPORTING=''TWN''', 'StringUtils.equals(c.getAnlctyCf(), "TWN")', getDate(),'DBEU',getDate(),'DBEU',null )
INSERT INTO best..tsegmentrule ( SGTRUL_NT, SGMT_NF, SGT_NT, SGTVER_NT, RULE_LS, RULPRIO_CT, FUNCDEF_T, TECHDEF_T, CRE_D, CREUSR_CF, LSTUPD_D, LSTUPDUSR_CF, timestamp )       VALUES ( 1, 206, 120, 1, ' ', 405, 'COUNTRY_REPORTING=''TZA''', 'StringUtils.equals(c.getAnlctyCf(), "TZA")', getDate(),'DBEU',getDate(),'DBEU',null )
INSERT INTO best..tsegmentrule ( SGTRUL_NT, SGMT_NF, SGT_NT, SGTVER_NT, RULE_LS, RULPRIO_CT, FUNCDEF_T, TECHDEF_T, CRE_D, CREUSR_CF, LSTUPD_D, LSTUPDUSR_CF, timestamp )       VALUES ( 1, 207, 120, 1, ' ', 406, 'COUNTRY_REPORTING=''UGA''', 'StringUtils.equals(c.getAnlctyCf(), "UGA")', getDate(),'DBEU',getDate(),'DBEU',null )
INSERT INTO best..tsegmentrule ( SGTRUL_NT, SGMT_NF, SGT_NT, SGTVER_NT, RULE_LS, RULPRIO_CT, FUNCDEF_T, TECHDEF_T, CRE_D, CREUSR_CF, LSTUPD_D, LSTUPDUSR_CF, timestamp )       VALUES ( 1, 208, 120, 1, ' ', 407, 'COUNTRY_REPORTING=''UKR''', 'StringUtils.equals(c.getAnlctyCf(), "UKR")', getDate(),'DBEU',getDate(),'DBEU',null )
INSERT INTO best..tsegmentrule ( SGTRUL_NT, SGMT_NF, SGT_NT, SGTVER_NT, RULE_LS, RULPRIO_CT, FUNCDEF_T, TECHDEF_T, CRE_D, CREUSR_CF, LSTUPD_D, LSTUPDUSR_CF, timestamp )       VALUES ( 3, 53, 120, 1, ' ', 408, 'COUNTRY_REPORTING=''URY''', 'StringUtils.equals(c.getAnlctyCf(), "URY")', getDate(),'DBEU',getDate(),'DBEU',null )
INSERT INTO best..tsegmentrule ( SGTRUL_NT, SGMT_NF, SGT_NT, SGTVER_NT, RULE_LS, RULPRIO_CT, FUNCDEF_T, TECHDEF_T, CRE_D, CREUSR_CF, LSTUPD_D, LSTUPDUSR_CF, timestamp )       VALUES ( 1, 209, 120, 1, ' ', 409, 'SUBSIDIARY=17 AND COUNTRY_REPORTING=''USA''', 'IntegerUtils.equals(c.getSsdCf(), 17) && StringUtils.equals(c.getAnlctyCf(), "USA")', getDate(),'DBEU',getDate(),'DBEU',null )
INSERT INTO best..tsegmentrule ( SGTRUL_NT, SGMT_NF, SGT_NT, SGTVER_NT, RULE_LS, RULPRIO_CT, FUNCDEF_T, TECHDEF_T, CRE_D, CREUSR_CF, LSTUPD_D, LSTUPDUSR_CF, timestamp )       VALUES ( 1, 210, 120, 1, ' ', 410, 'CLI_SUBSIDIARY_SEGMENT=220 AND COUNTRY_REPORTING=''USA''', 'IntegerUtils.equals(c.getSordnbrNt(), 220) && StringUtils.equals(c.getAnlctyCf(), "USA")', getDate(),'DBEU',getDate(),'DBEU',null )
INSERT INTO best..tsegmentrule ( SGTRUL_NT, SGMT_NF, SGT_NT, SGTVER_NT, RULE_LS, RULPRIO_CT, FUNCDEF_T, TECHDEF_T, CRE_D, CREUSR_CF, LSTUPD_D, LSTUPDUSR_CF, timestamp )       VALUES ( 1, 211, 120, 1, ' ', 411, 'CLI_SUBSIDIARY_SEGMENT=230 AND COUNTRY_REPORTING=''USA''', 'IntegerUtils.equals(c.getSordnbrNt(), 230) && StringUtils.equals(c.getAnlctyCf(), "USA")', getDate(),'DBEU',getDate(),'DBEU',null )
INSERT INTO best..tsegmentrule ( SGTRUL_NT, SGMT_NF, SGT_NT, SGTVER_NT, RULE_LS, RULPRIO_CT, FUNCDEF_T, TECHDEF_T, CRE_D, CREUSR_CF, LSTUPD_D, LSTUPDUSR_CF, timestamp )       VALUES ( 1, 212, 120, 1, ' ', 412, 'CLI_SUBSIDIARY_SEGMENT=240 AND COUNTRY_REPORTING=''USA''', 'IntegerUtils.equals(c.getSordnbrNt(), 240) && StringUtils.equals(c.getAnlctyCf(), "USA")', getDate(),'DBEU',getDate(),'DBEU',null )
INSERT INTO best..tsegmentrule ( SGTRUL_NT, SGMT_NF, SGT_NT, SGTVER_NT, RULE_LS, RULPRIO_CT, FUNCDEF_T, TECHDEF_T, CRE_D, CREUSR_CF, LSTUPD_D, LSTUPDUSR_CF, timestamp )       VALUES ( 1, 213, 120, 1, ' ', 413, 'CLI_SUBSIDIARY_SEGMENT=250 AND COUNTRY_REPORTING=''USA''', 'IntegerUtils.equals(c.getSordnbrNt(), 250) && StringUtils.equals(c.getAnlctyCf(), "USA")', getDate(),'DBEU',getDate(),'DBEU',null )
INSERT INTO best..tsegmentrule ( SGTRUL_NT, SGMT_NF, SGT_NT, SGTVER_NT, RULE_LS, RULPRIO_CT, FUNCDEF_T, TECHDEF_T, CRE_D, CREUSR_CF, LSTUPD_D, LSTUPDUSR_CF, timestamp )       VALUES ( 1, 214, 120, 1, ' ', 414, 'CLI_SUBSIDIARY_SEGMENT=260 AND COUNTRY_REPORTING=''USA''', 'IntegerUtils.equals(c.getSordnbrNt(), 260) && StringUtils.equals(c.getAnlctyCf(), "USA")', getDate(),'DBEU',getDate(),'DBEU',null )
INSERT INTO best..tsegmentrule ( SGTRUL_NT, SGMT_NF, SGT_NT, SGTVER_NT, RULE_LS, RULPRIO_CT, FUNCDEF_T, TECHDEF_T, CRE_D, CREUSR_CF, LSTUPD_D, LSTUPDUSR_CF, timestamp )       VALUES ( 1, 215, 120, 1, ' ', 415, 'CLI_SUBSIDIARY_SEGMENT=270 AND COUNTRY_REPORTING=''USA''', 'IntegerUtils.equals(c.getSordnbrNt(), 270) && StringUtils.equals(c.getAnlctyCf(), "USA")', getDate(),'DBEU',getDate(),'DBEU',null )
INSERT INTO best..tsegmentrule ( SGTRUL_NT, SGMT_NF, SGT_NT, SGTVER_NT, RULE_LS, RULPRIO_CT, FUNCDEF_T, TECHDEF_T, CRE_D, CREUSR_CF, LSTUPD_D, LSTUPDUSR_CF, timestamp )       VALUES ( 1, 216, 120, 1, ' ', 416, 'CLI_SUBSIDIARY_SEGMENT=280 AND COUNTRY_REPORTING=''USA''', 'IntegerUtils.equals(c.getSordnbrNt(), 280) && StringUtils.equals(c.getAnlctyCf(), "USA")', getDate(),'DBEU',getDate(),'DBEU',null )
INSERT INTO best..tsegmentrule ( SGTRUL_NT, SGMT_NF, SGT_NT, SGTVER_NT, RULE_LS, RULPRIO_CT, FUNCDEF_T, TECHDEF_T, CRE_D, CREUSR_CF, LSTUPD_D, LSTUPDUSR_CF, timestamp )       VALUES ( 1, 217, 120, 1, ' ', 417, 'CLI_SUBSIDIARY_SEGMENT=290 AND COUNTRY_REPORTING=''USA''', 'IntegerUtils.equals(c.getSordnbrNt(), 290) && StringUtils.equals(c.getAnlctyCf(), "USA")', getDate(),'DBEU',getDate(),'DBEU',null )
INSERT INTO best..tsegmentrule ( SGTRUL_NT, SGMT_NF, SGT_NT, SGTVER_NT, RULE_LS, RULPRIO_CT, FUNCDEF_T, TECHDEF_T, CRE_D, CREUSR_CF, LSTUPD_D, LSTUPDUSR_CF, timestamp )       VALUES ( 1, 218, 120, 1, ' ', 418, 'CLI_SUBSIDIARY_SEGMENT=295 AND COUNTRY_REPORTING=''USA''', 'IntegerUtils.equals(c.getSordnbrNt(), 295) && StringUtils.equals(c.getAnlctyCf(), "USA")', getDate(),'DBEU',getDate(),'DBEU',null )
INSERT INTO best..tsegmentrule ( SGTRUL_NT, SGMT_NF, SGT_NT, SGTVER_NT, RULE_LS, RULPRIO_CT, FUNCDEF_T, TECHDEF_T, CRE_D, CREUSR_CF, LSTUPD_D, LSTUPDUSR_CF, timestamp )       VALUES ( 2, 210, 120, 1, ' ', 419, 'COUNTRY_REPORTING=''USA''', 'StringUtils.equals(c.getAnlctyCf(), "USA")', getDate(),'DBEU',getDate(),'DBEU',null )
INSERT INTO best..tsegmentrule ( SGTRUL_NT, SGMT_NF, SGT_NT, SGTVER_NT, RULE_LS, RULPRIO_CT, FUNCDEF_T, TECHDEF_T, CRE_D, CREUSR_CF, LSTUPD_D, LSTUPDUSR_CF, timestamp )       VALUES ( 3, 210, 120, 1, ' ', 420, 'COUNTRY_REPORTING=''USU''', 'StringUtils.equals(c.getAnlctyCf(), "USU")', getDate(),'DBEU',getDate(),'DBEU',null )
INSERT INTO best..tsegmentrule ( SGTRUL_NT, SGMT_NF, SGT_NT, SGTVER_NT, RULE_LS, RULPRIO_CT, FUNCDEF_T, TECHDEF_T, CRE_D, CREUSR_CF, LSTUPD_D, LSTUPDUSR_CF, timestamp )       VALUES ( 4, 210, 120, 1, ' ', 421, 'COUNTRY_REPORTING=''USV''', 'StringUtils.equals(c.getAnlctyCf(), "USV")', getDate(),'DBEU',getDate(),'DBEU',null )
INSERT INTO best..tsegmentrule ( SGTRUL_NT, SGMT_NF, SGT_NT, SGTVER_NT, RULE_LS, RULPRIO_CT, FUNCDEF_T, TECHDEF_T, CRE_D, CREUSR_CF, LSTUPD_D, LSTUPDUSR_CF, timestamp )       VALUES ( 5, 210, 120, 1, ' ', 422, 'COUNTRY_REPORTING=''USW''', 'StringUtils.equals(c.getAnlctyCf(), "USW")', getDate(),'DBEU',getDate(),'DBEU',null )
INSERT INTO best..tsegmentrule ( SGTRUL_NT, SGMT_NF, SGT_NT, SGTVER_NT, RULE_LS, RULPRIO_CT, FUNCDEF_T, TECHDEF_T, CRE_D, CREUSR_CF, LSTUPD_D, LSTUPDUSR_CF, timestamp )       VALUES ( 6, 210, 120, 1, ' ', 423, 'COUNTRY_REPORTING=''USX''', 'StringUtils.equals(c.getAnlctyCf(), "USX")', getDate(),'DBEU',getDate(),'DBEU',null )
INSERT INTO best..tsegmentrule ( SGTRUL_NT, SGMT_NF, SGT_NT, SGTVER_NT, RULE_LS, RULPRIO_CT, FUNCDEF_T, TECHDEF_T, CRE_D, CREUSR_CF, LSTUPD_D, LSTUPDUSR_CF, timestamp )       VALUES ( 7, 210, 120, 1, ' ', 424, 'COUNTRY_REPORTING=''USY''', 'StringUtils.equals(c.getAnlctyCf(), "USY")', getDate(),'DBEU',getDate(),'DBEU',null )
INSERT INTO best..tsegmentrule ( SGTRUL_NT, SGMT_NF, SGT_NT, SGTVER_NT, RULE_LS, RULPRIO_CT, FUNCDEF_T, TECHDEF_T, CRE_D, CREUSR_CF, LSTUPD_D, LSTUPDUSR_CF, timestamp )       VALUES ( 8, 210, 120, 1, ' ', 425, 'COUNTRY_REPORTING=''USZ''', 'StringUtils.equals(c.getAnlctyCf(), "USZ")', getDate(),'DBEU',getDate(),'DBEU',null )
INSERT INTO best..tsegmentrule ( SGTRUL_NT, SGMT_NF, SGT_NT, SGTVER_NT, RULE_LS, RULPRIO_CT, FUNCDEF_T, TECHDEF_T, CRE_D, CREUSR_CF, LSTUPD_D, LSTUPDUSR_CF, timestamp )       VALUES ( 1, 219, 120, 1, ' ', 426, 'COUNTRY_REPORTING=''UZB''', 'StringUtils.equals(c.getAnlctyCf(), "UZB")', getDate(),'DBEU',getDate(),'DBEU',null )
INSERT INTO best..tsegmentrule ( SGTRUL_NT, SGMT_NF, SGT_NT, SGTVER_NT, RULE_LS, RULPRIO_CT, FUNCDEF_T, TECHDEF_T, CRE_D, CREUSR_CF, LSTUPD_D, LSTUPDUSR_CF, timestamp )       VALUES ( 1, 220, 120, 1, ' ', 427, 'COUNTRY_REPORTING=''VAT''', 'StringUtils.equals(c.getAnlctyCf(), "VAT")', getDate(),'DBEU',getDate(),'DBEU',null )
INSERT INTO best..tsegmentrule ( SGTRUL_NT, SGMT_NF, SGT_NT, SGTVER_NT, RULE_LS, RULPRIO_CT, FUNCDEF_T, TECHDEF_T, CRE_D, CREUSR_CF, LSTUPD_D, LSTUPDUSR_CF, timestamp )       VALUES ( 4, 72, 120, 1, ' ', 428, 'COUNTRY_REPORTING=''VCT''', 'StringUtils.equals(c.getAnlctyCf(), "VCT")', getDate(),'DBEU',getDate(),'DBEU',null )
INSERT INTO best..tsegmentrule ( SGTRUL_NT, SGMT_NF, SGT_NT, SGTVER_NT, RULE_LS, RULPRIO_CT, FUNCDEF_T, TECHDEF_T, CRE_D, CREUSR_CF, LSTUPD_D, LSTUPDUSR_CF, timestamp )       VALUES ( 1, 221, 120, 1, ' ', 429, 'COUNTRY_REPORTING=''VEN''', 'StringUtils.equals(c.getAnlctyCf(), "VEN")', getDate(),'DBEU',getDate(),'DBEU',null )
INSERT INTO best..tsegmentrule ( SGTRUL_NT, SGMT_NF, SGT_NT, SGTVER_NT, RULE_LS, RULPRIO_CT, FUNCDEF_T, TECHDEF_T, CRE_D, CREUSR_CF, LSTUPD_D, LSTUPDUSR_CF, timestamp )       VALUES ( 7, 49, 120, 1, ' ', 430, 'COUNTRY_REPORTING=''VGB''', 'StringUtils.equals(c.getAnlctyCf(), "VGB")', getDate(),'DBEU',getDate(),'DBEU',null )
INSERT INTO best..tsegmentrule ( SGTRUL_NT, SGMT_NF, SGT_NT, SGTVER_NT, RULE_LS, RULPRIO_CT, FUNCDEF_T, TECHDEF_T, CRE_D, CREUSR_CF, LSTUPD_D, LSTUPDUSR_CF, timestamp )       VALUES ( 4, 94, 120, 1, ' ', 431, 'COUNTRY_REPORTING=''VIR''', 'StringUtils.equals(c.getAnlctyCf(), "VIR")', getDate(),'DBEU',getDate(),'DBEU',null )
INSERT INTO best..tsegmentrule ( SGTRUL_NT, SGMT_NF, SGT_NT, SGTVER_NT, RULE_LS, RULPRIO_CT, FUNCDEF_T, TECHDEF_T, CRE_D, CREUSR_CF, LSTUPD_D, LSTUPDUSR_CF, timestamp )       VALUES ( 1, 222, 120, 1, ' ', 432, 'COUNTRY_REPORTING=''VNM''', 'StringUtils.equals(c.getAnlctyCf(), "VNM")', getDate(),'DBEU',getDate(),'DBEU',null )
INSERT INTO best..tsegmentrule ( SGTRUL_NT, SGMT_NF, SGT_NT, SGTVER_NT, RULE_LS, RULPRIO_CT, FUNCDEF_T, TECHDEF_T, CRE_D, CREUSR_CF, LSTUPD_D, LSTUPDUSR_CF, timestamp )       VALUES ( 11, 55, 120, 1, ' ', 433, 'COUNTRY_REPORTING=''VUT''', 'StringUtils.equals(c.getAnlctyCf(), "VUT")', getDate(),'DBEU',getDate(),'DBEU',null )
INSERT INTO best..tsegmentrule ( SGTRUL_NT, SGMT_NF, SGT_NT, SGTVER_NT, RULE_LS, RULPRIO_CT, FUNCDEF_T, TECHDEF_T, CRE_D, CREUSR_CF, LSTUPD_D, LSTUPDUSR_CF, timestamp )       VALUES ( 12, 55, 120, 1, ' ', 434, 'COUNTRY_REPORTING=''WSM''', 'StringUtils.equals(c.getAnlctyCf(), "WSM")', getDate(),'DBEU',getDate(),'DBEU',null )
INSERT INTO best..tsegmentrule ( SGTRUL_NT, SGMT_NF, SGT_NT, SGTVER_NT, RULE_LS, RULPRIO_CT, FUNCDEF_T, TECHDEF_T, CRE_D, CREUSR_CF, LSTUPD_D, LSTUPDUSR_CF, timestamp )       VALUES ( 1, 223, 120, 1, ' ', 435, 'COUNTRY_REPORTING=''YEM''', 'StringUtils.equals(c.getAnlctyCf(), "YEM")', getDate(),'DBEU',getDate(),'DBEU',null )
INSERT INTO best..tsegmentrule ( SGTRUL_NT, SGMT_NF, SGT_NT, SGTVER_NT, RULE_LS, RULPRIO_CT, FUNCDEF_T, TECHDEF_T, CRE_D, CREUSR_CF, LSTUPD_D, LSTUPDUSR_CF, timestamp )       VALUES ( 1, 224, 120, 1, ' ', 436, 'COUNTRY_REPORTING=''YUG''', 'StringUtils.equals(c.getAnlctyCf(), "YUG")', getDate(),'DBEU',getDate(),'DBEU',null )
INSERT INTO best..tsegmentrule ( SGTRUL_NT, SGMT_NF, SGT_NT, SGTVER_NT, RULE_LS, RULPRIO_CT, FUNCDEF_T, TECHDEF_T, CRE_D, CREUSR_CF, LSTUPD_D, LSTUPDUSR_CF, timestamp )       VALUES ( 1, 225, 120, 1, ' ', 437, 'COUNTRY_REPORTING=''ZAF''', 'StringUtils.equals(c.getAnlctyCf(), "ZAF")', getDate(),'DBEU',getDate(),'DBEU',null )
INSERT INTO best..tsegmentrule ( SGTRUL_NT, SGMT_NF, SGT_NT, SGTVER_NT, RULE_LS, RULPRIO_CT, FUNCDEF_T, TECHDEF_T, CRE_D, CREUSR_CF, LSTUPD_D, LSTUPDUSR_CF, timestamp )       VALUES ( 1, 226, 120, 1, ' ', 438, 'COUNTRY_REPORTING=''ZAR''', 'StringUtils.equals(c.getAnlctyCf(), "ZAR")', getDate(),'DBEU',getDate(),'DBEU',null )
INSERT INTO best..tsegmentrule ( SGTRUL_NT, SGMT_NF, SGT_NT, SGTVER_NT, RULE_LS, RULPRIO_CT, FUNCDEF_T, TECHDEF_T, CRE_D, CREUSR_CF, LSTUPD_D, LSTUPDUSR_CF, timestamp )       VALUES ( 1, 227, 120, 1, ' ', 439, 'COUNTRY_REPORTING=''ZMB''', 'StringUtils.equals(c.getAnlctyCf(), "ZMB")', getDate(),'DBEU',getDate(),'DBEU',null )
INSERT INTO best..tsegmentrule ( SGTRUL_NT, SGMT_NF, SGT_NT, SGTVER_NT, RULE_LS, RULPRIO_CT, FUNCDEF_T, TECHDEF_T, CRE_D, CREUSR_CF, LSTUPD_D, LSTUPDUSR_CF, timestamp )       VALUES ( 1, 228, 120, 1, ' ', 440, 'COUNTRY_REPORTING=''ZWE''', 'StringUtils.equals(c.getAnlctyCf(), "ZWE")', getDate(),'DBEU',getDate(),'DBEU',null )
INSERT INTO best..tsegmentrule ( SGTRUL_NT, SGMT_NF, SGT_NT, SGTVER_NT, RULE_LS, RULPRIO_CT, FUNCDEF_T, TECHDEF_T, CRE_D, CREUSR_CF, LSTUPD_D, LSTUPDUSR_CF, timestamp )       VALUES ( 13, 55, 120, 1, ' ', 441, 'COUNTRY_REPORTING=''COK''', 'StringUtils.equals(c.getAnlctyCf(), "COK")', getDate(),'DBEU',getDate(),'DBEU',null )
INSERT INTO best..tsegmentrule ( SGTRUL_NT, SGMT_NF, SGT_NT, SGTVER_NT, RULE_LS, RULPRIO_CT, FUNCDEF_T, TECHDEF_T, CRE_D, CREUSR_CF, LSTUPD_D, LSTUPDUSR_CF, timestamp )       VALUES ( 2, 46, 120, 1, ' ', 442, 'COUNTRY_REPORTING=''CUW''', 'StringUtils.equals(c.getAnlctyCf(), "CUW")', getDate(),'DBEU',getDate(),'DBEU',null )
INSERT INTO best..tsegmentrule ( SGTRUL_NT, SGMT_NF, SGT_NT, SGTVER_NT, RULE_LS, RULPRIO_CT, FUNCDEF_T, TECHDEF_T, CRE_D, CREUSR_CF, LSTUPD_D, LSTUPDUSR_CF, timestamp )       VALUES ( 8, 49, 120, 1, ' ', 443, 'COUNTRY_REPORTING=''SXM''', 'StringUtils.equals(c.getAnlctyCf(), "SXM")', getDate(),'DBEU',getDate(),'DBEU',null )
INSERT INTO best..tsegmentrule ( SGTRUL_NT, SGMT_NF, SGT_NT, SGTVER_NT, RULE_LS, RULPRIO_CT, FUNCDEF_T, TECHDEF_T, CRE_D, CREUSR_CF, LSTUPD_D, LSTUPDUSR_CF, timestamp )       VALUES ( 1, 229, 120, 1, ' ', 444, 'COUNTRY_REPORTING=''GGY''', 'StringUtils.equals(c.getAnlctyCf(), "GGY")', getDate(),'DBEU',getDate(),'DBEU',null )
INSERT INTO best..tsegmentrule ( SGTRUL_NT, SGMT_NF, SGT_NT, SGTVER_NT, RULE_LS, RULPRIO_CT, FUNCDEF_T, TECHDEF_T, CRE_D, CREUSR_CF, LSTUPD_D, LSTUPDUSR_CF, timestamp )       VALUES ( 1, 230, 120, 1, ' ', 445, 'COUNTRY_REPORTING=''IMN''', 'StringUtils.equals(c.getAnlctyCf(), "IMN")', getDate(),'DBEU',getDate(),'DBEU',null )
INSERT INTO best..tsegmentrule ( SGTRUL_NT, SGMT_NF, SGT_NT, SGTVER_NT, RULE_LS, RULPRIO_CT, FUNCDEF_T, TECHDEF_T, CRE_D, CREUSR_CF, LSTUPD_D, LSTUPDUSR_CF, timestamp )       VALUES ( 1, 231, 120, 1, ' ', 446, 'COUNTRY_REPORTING=''SSD''', 'StringUtils.equals(c.getAnlctyCf(), "SSD")', getDate(),'DBEU',getDate(),'DBEU',null )

-- Update the Rule label with the label of the segment (TSEGMT.SGMT_LS)
UPDATE TSEGMENTRULE SET RULE_LS=SGMT_LS
FROM TSEGMENTRULE, TSEGMT
WHERE TSEGMT.SGT_NT = TSEGMENTRULE.SGT_NT AND TSEGMT.SGTVER_NT = TSEGMENTRULE.SGTVER_NT AND TSEGMENTRULE.SGMT_NF = TSEGMT.SGMT_NF
and TSEGMENTRULE.SGT_NT = 120
go

insert into TSEGMT (SGMT_NF, SGT_NT, SGTVER_NT, SGMT_LS, SGMT_LL, SGTLVL_NT, PARSGMT_CF, BALAIMGT_CT, CRE_D, CREUSR_CF, LSTUPD_D, LSTUPDUSR_CF, timestamp) values (1,120,1,'9IN','Indian S. Contin',0,null,null,getDate(),'DBEU',getDate(),'DBEU',null)
insert into TSEGMENTRULE2CRI (SGTRULE_NT, SGMT_NF, SGT_NT, SGTVER_NT, SGTCRI_CF, CRE_D, CREUSR_CF) values (1,1,120,1,'COUNTRY_REPORTING',getDate(),'DBEU')
insert into TSEGMENTRULE2TYPE (SGTRUL_NT, SGMT_NF, SGT_NT, SGTVER_NT, SGTTYP_NT, CRE_D, CREUSR_CF) values (1,1,120,1,18,getDate(),'DBEU')
insert into TSEGMENTRULE2CRI (SGTRULE_NT, SGMT_NF, SGT_NT, SGTVER_NT, SGTCRI_CF, CRE_D, CREUSR_CF) values (2,1,120,1,'COUNTRY_REPORTING',getDate(),'DBEU')
insert into TSEGMENTRULE2TYPE (SGTRUL_NT, SGMT_NF, SGT_NT, SGTVER_NT, SGTTYP_NT, CRE_D, CREUSR_CF) values (2,1,120,1,18,getDate(),'DBEU')
insert into TSEGMENTRULE2CRI (SGTRULE_NT, SGMT_NF, SGT_NT, SGTVER_NT, SGTCRI_CF, CRE_D, CREUSR_CF) values (3,1,120,1,'COUNTRY_REPORTING',getDate(),'DBEU')
insert into TSEGMENTRULE2TYPE (SGTRUL_NT, SGMT_NF, SGT_NT, SGTVER_NT, SGTTYP_NT, CRE_D, CREUSR_CF) values (3,1,120,1,18,getDate(),'DBEU')
insert into TSEGMENTRULE2CRI (SGTRULE_NT, SGMT_NF, SGT_NT, SGTVER_NT, SGTCRI_CF, CRE_D, CREUSR_CF) values (4,1,120,1,'COUNTRY_REPORTING',getDate(),'DBEU')
insert into TSEGMENTRULE2TYPE (SGTRUL_NT, SGMT_NF, SGT_NT, SGTVER_NT, SGTTYP_NT, CRE_D, CREUSR_CF) values (4,1,120,1,18,getDate(),'DBEU')
insert into TSEGMENTRULE2CRI (SGTRULE_NT, SGMT_NF, SGT_NT, SGTVER_NT, SGTCRI_CF, CRE_D, CREUSR_CF) values (5,1,120,1,'COUNTRY_REPORTING',getDate(),'DBEU')
insert into TSEGMENTRULE2TYPE (SGTRUL_NT, SGMT_NF, SGT_NT, SGTVER_NT, SGTTYP_NT, CRE_D, CREUSR_CF) values (5,1,120,1,18,getDate(),'DBEU')
insert into TSEGMENTRULE2CRI (SGTRULE_NT, SGMT_NF, SGT_NT, SGTVER_NT, SGTCRI_CF, CRE_D, CREUSR_CF) values (6,1,120,1,'COUNTRY_REPORTING',getDate(),'DBEU')
insert into TSEGMENTRULE2TYPE (SGTRUL_NT, SGMT_NF, SGT_NT, SGTVER_NT, SGTTYP_NT, CRE_D, CREUSR_CF) values (6,1,120,1,18,getDate(),'DBEU')
insert into TSEGMENTRULE2CRI (SGTRULE_NT, SGMT_NF, SGT_NT, SGTVER_NT, SGTCRI_CF, CRE_D, CREUSR_CF) values (7,1,120,1,'COUNTRY_REPORTING',getDate(),'DBEU')
insert into TSEGMENTRULE2TYPE (SGTRUL_NT, SGMT_NF, SGT_NT, SGTVER_NT, SGTTYP_NT, CRE_D, CREUSR_CF) values (7,1,120,1,18,getDate(),'DBEU')
insert into TSEGMENTRULE2CRI (SGTRULE_NT, SGMT_NF, SGT_NT, SGTVER_NT, SGTCRI_CF, CRE_D, CREUSR_CF) values (8,1,120,1,'COUNTRY_REPORTING',getDate(),'DBEU')
insert into TSEGMENTRULE2TYPE (SGTRUL_NT, SGMT_NF, SGT_NT, SGTVER_NT, SGTTYP_NT, CRE_D, CREUSR_CF) values (8,1,120,1,18,getDate(),'DBEU')

go
insert into TSEGMT (SGMT_NF, SGT_NT, SGTVER_NT, SGMT_LS, SGMT_LL, SGTLVL_NT, PARSGMT_CF, BALAIMGT_CT, CRE_D, CREUSR_CF, LSTUPD_D, LSTUPDUSR_CF, timestamp) values (2,120,1,'9RN','Rest of Non Fren',0,null,null,getDate(),'DBEU',getDate(),'DBEU',null)
insert into TSEGMENTRULE2CRI (SGTRULE_NT, SGMT_NF, SGT_NT, SGTVER_NT, SGTCRI_CF, CRE_D, CREUSR_CF) values (1,2,120,1,'COUNTRY_REPORTING',getDate(),'DBEU')
insert into TSEGMENTRULE2TYPE (SGTRUL_NT, SGMT_NF, SGT_NT, SGTVER_NT, SGTTYP_NT, CRE_D, CREUSR_CF) values (1,2,120,1,18,getDate(),'DBEU')
insert into TSEGMENTRULE2CRI (SGTRULE_NT, SGMT_NF, SGT_NT, SGTVER_NT, SGTCRI_CF, CRE_D, CREUSR_CF) values (2,2,120,1,'COUNTRY_REPORTING',getDate(),'DBEU')
insert into TSEGMENTRULE2TYPE (SGTRUL_NT, SGMT_NF, SGT_NT, SGTVER_NT, SGTTYP_NT, CRE_D, CREUSR_CF) values (2,2,120,1,18,getDate(),'DBEU')
insert into TSEGMENTRULE2CRI (SGTRULE_NT, SGMT_NF, SGT_NT, SGTVER_NT, SGTCRI_CF, CRE_D, CREUSR_CF) values (3,2,120,1,'COUNTRY_REPORTING',getDate(),'DBEU')
insert into TSEGMENTRULE2TYPE (SGTRUL_NT, SGMT_NF, SGT_NT, SGTVER_NT, SGTTYP_NT, CRE_D, CREUSR_CF) values (3,2,120,1,18,getDate(),'DBEU')
insert into TSEGMENTRULE2CRI (SGTRULE_NT, SGMT_NF, SGT_NT, SGTVER_NT, SGTCRI_CF, CRE_D, CREUSR_CF) values (4,2,120,1,'COUNTRY_REPORTING',getDate(),'DBEU')
insert into TSEGMENTRULE2TYPE (SGTRUL_NT, SGMT_NF, SGT_NT, SGTVER_NT, SGTTYP_NT, CRE_D, CREUSR_CF) values (4,2,120,1,18,getDate(),'DBEU')
insert into TSEGMENTRULE2CRI (SGTRULE_NT, SGMT_NF, SGT_NT, SGTVER_NT, SGTCRI_CF, CRE_D, CREUSR_CF) values (5,2,120,1,'COUNTRY_REPORTING',getDate(),'DBEU')
insert into TSEGMENTRULE2TYPE (SGTRUL_NT, SGMT_NF, SGT_NT, SGTVER_NT, SGTTYP_NT, CRE_D, CREUSR_CF) values (5,2,120,1,18,getDate(),'DBEU')
insert into TSEGMENTRULE2CRI (SGTRULE_NT, SGMT_NF, SGT_NT, SGTVER_NT, SGTCRI_CF, CRE_D, CREUSR_CF) values (6,2,120,1,'COUNTRY_REPORTING',getDate(),'DBEU')
insert into TSEGMENTRULE2TYPE (SGTRUL_NT, SGMT_NF, SGT_NT, SGTVER_NT, SGTTYP_NT, CRE_D, CREUSR_CF) values (6,2,120,1,18,getDate(),'DBEU')
insert into TSEGMENTRULE2CRI (SGTRULE_NT, SGMT_NF, SGT_NT, SGTVER_NT, SGTCRI_CF, CRE_D, CREUSR_CF) values (7,2,120,1,'COUNTRY_REPORTING',getDate(),'DBEU')
insert into TSEGMENTRULE2TYPE (SGTRUL_NT, SGMT_NF, SGT_NT, SGTVER_NT, SGTTYP_NT, CRE_D, CREUSR_CF) values (7,2,120,1,18,getDate(),'DBEU')
insert into TSEGMENTRULE2CRI (SGTRULE_NT, SGMT_NF, SGT_NT, SGTVER_NT, SGTCRI_CF, CRE_D, CREUSR_CF) values (8,2,120,1,'COUNTRY_REPORTING',getDate(),'DBEU')
insert into TSEGMENTRULE2TYPE (SGTRUL_NT, SGMT_NF, SGT_NT, SGTVER_NT, SGTTYP_NT, CRE_D, CREUSR_CF) values (8,2,120,1,18,getDate(),'DBEU')
insert into TSEGMENTRULE2CRI (SGTRULE_NT, SGMT_NF, SGT_NT, SGTVER_NT, SGTCRI_CF, CRE_D, CREUSR_CF) values (9,2,120,1,'COUNTRY_REPORTING',getDate(),'DBEU')
insert into TSEGMENTRULE2TYPE (SGTRUL_NT, SGMT_NF, SGT_NT, SGTVER_NT, SGTTYP_NT, CRE_D, CREUSR_CF) values (9,2,120,1,18,getDate(),'DBEU')
insert into TSEGMENTRULE2CRI (SGTRULE_NT, SGMT_NF, SGT_NT, SGTVER_NT, SGTCRI_CF, CRE_D, CREUSR_CF) values (10,2,120,1,'COUNTRY_REPORTING',getDate(),'DBEU')
insert into TSEGMENTRULE2TYPE (SGTRUL_NT, SGMT_NF, SGT_NT, SGTVER_NT, SGTTYP_NT, CRE_D, CREUSR_CF) values (10,2,120,1,18,getDate(),'DBEU')
insert into TSEGMENTRULE2CRI (SGTRULE_NT, SGMT_NF, SGT_NT, SGTVER_NT, SGTCRI_CF, CRE_D, CREUSR_CF) values (11,2,120,1,'COUNTRY_REPORTING',getDate(),'DBEU')
insert into TSEGMENTRULE2TYPE (SGTRUL_NT, SGMT_NF, SGT_NT, SGTVER_NT, SGTTYP_NT, CRE_D, CREUSR_CF) values (11,2,120,1,18,getDate(),'DBEU')
insert into TSEGMENTRULE2CRI (SGTRULE_NT, SGMT_NF, SGT_NT, SGTVER_NT, SGTCRI_CF, CRE_D, CREUSR_CF) values (12,2,120,1,'COUNTRY_REPORTING',getDate(),'DBEU')
insert into TSEGMENTRULE2TYPE (SGTRUL_NT, SGMT_NF, SGT_NT, SGTVER_NT, SGTTYP_NT, CRE_D, CREUSR_CF) values (12,2,120,1,18,getDate(),'DBEU')
insert into TSEGMENTRULE2CRI (SGTRULE_NT, SGMT_NF, SGT_NT, SGTVER_NT, SGTCRI_CF, CRE_D, CREUSR_CF) values (13,2,120,1,'COUNTRY_REPORTING',getDate(),'DBEU')
insert into TSEGMENTRULE2TYPE (SGTRUL_NT, SGMT_NF, SGT_NT, SGTVER_NT, SGTTYP_NT, CRE_D, CREUSR_CF) values (13,2,120,1,18,getDate(),'DBEU')
insert into TSEGMENTRULE2CRI (SGTRULE_NT, SGMT_NF, SGT_NT, SGTVER_NT, SGTCRI_CF, CRE_D, CREUSR_CF) values (14,2,120,1,'COUNTRY_REPORTING',getDate(),'DBEU')
insert into TSEGMENTRULE2TYPE (SGTRUL_NT, SGMT_NF, SGT_NT, SGTVER_NT, SGTTYP_NT, CRE_D, CREUSR_CF) values (14,2,120,1,18,getDate(),'DBEU')
insert into TSEGMENTRULE2CRI (SGTRULE_NT, SGMT_NF, SGT_NT, SGTVER_NT, SGTCRI_CF, CRE_D, CREUSR_CF) values (15,2,120,1,'COUNTRY_REPORTING',getDate(),'DBEU')
insert into TSEGMENTRULE2TYPE (SGTRUL_NT, SGMT_NF, SGT_NT, SGTVER_NT, SGTTYP_NT, CRE_D, CREUSR_CF) values (15,2,120,1,18,getDate(),'DBEU')
insert into TSEGMENTRULE2CRI (SGTRULE_NT, SGMT_NF, SGT_NT, SGTVER_NT, SGTCRI_CF, CRE_D, CREUSR_CF) values (16,2,120,1,'COUNTRY_REPORTING',getDate(),'DBEU')
insert into TSEGMENTRULE2TYPE (SGTRUL_NT, SGMT_NF, SGT_NT, SGTVER_NT, SGTTYP_NT, CRE_D, CREUSR_CF) values (16,2,120,1,18,getDate(),'DBEU')
insert into TSEGMENTRULE2CRI (SGTRULE_NT, SGMT_NF, SGT_NT, SGTVER_NT, SGTCRI_CF, CRE_D, CREUSR_CF) values (17,2,120,1,'COUNTRY_REPORTING',getDate(),'DBEU')
insert into TSEGMENTRULE2TYPE (SGTRUL_NT, SGMT_NF, SGT_NT, SGTVER_NT, SGTTYP_NT, CRE_D, CREUSR_CF) values (17,2,120,1,18,getDate(),'DBEU')
insert into TSEGMENTRULE2CRI (SGTRULE_NT, SGMT_NF, SGT_NT, SGTVER_NT, SGTCRI_CF, CRE_D, CREUSR_CF) values (18,2,120,1,'COUNTRY_REPORTING',getDate(),'DBEU')
insert into TSEGMENTRULE2TYPE (SGTRUL_NT, SGMT_NF, SGT_NT, SGTVER_NT, SGTTYP_NT, CRE_D, CREUSR_CF) values (18,2,120,1,18,getDate(),'DBEU')
insert into TSEGMENTRULE2CRI (SGTRULE_NT, SGMT_NF, SGT_NT, SGTVER_NT, SGTCRI_CF, CRE_D, CREUSR_CF) values (19,2,120,1,'COUNTRY_REPORTING',getDate(),'DBEU')
insert into TSEGMENTRULE2TYPE (SGTRUL_NT, SGMT_NF, SGT_NT, SGTVER_NT, SGTTYP_NT, CRE_D, CREUSR_CF) values (19,2,120,1,18,getDate(),'DBEU')
insert into TSEGMENTRULE2CRI (SGTRULE_NT, SGMT_NF, SGT_NT, SGTVER_NT, SGTCRI_CF, CRE_D, CREUSR_CF) values (20,2,120,1,'COUNTRY_REPORTING',getDate(),'DBEU')
insert into TSEGMENTRULE2TYPE (SGTRUL_NT, SGMT_NF, SGT_NT, SGTVER_NT, SGTTYP_NT, CRE_D, CREUSR_CF) values (20,2,120,1,18,getDate(),'DBEU')
insert into TSEGMENTRULE2CRI (SGTRULE_NT, SGMT_NF, SGT_NT, SGTVER_NT, SGTCRI_CF, CRE_D, CREUSR_CF) values (21,2,120,1,'COUNTRY_REPORTING',getDate(),'DBEU')
insert into TSEGMENTRULE2TYPE (SGTRUL_NT, SGMT_NF, SGT_NT, SGTVER_NT, SGTTYP_NT, CRE_D, CREUSR_CF) values (21,2,120,1,18,getDate(),'DBEU')
insert into TSEGMENTRULE2CRI (SGTRULE_NT, SGMT_NF, SGT_NT, SGTVER_NT, SGTCRI_CF, CRE_D, CREUSR_CF) values (22,2,120,1,'COUNTRY_REPORTING',getDate(),'DBEU')
insert into TSEGMENTRULE2TYPE (SGTRUL_NT, SGMT_NF, SGT_NT, SGTVER_NT, SGTTYP_NT, CRE_D, CREUSR_CF) values (22,2,120,1,18,getDate(),'DBEU')
insert into TSEGMENTRULE2CRI (SGTRULE_NT, SGMT_NF, SGT_NT, SGTVER_NT, SGTCRI_CF, CRE_D, CREUSR_CF) values (23,2,120,1,'COUNTRY_REPORTING',getDate(),'DBEU')
insert into TSEGMENTRULE2TYPE (SGTRUL_NT, SGMT_NF, SGT_NT, SGTVER_NT, SGTTYP_NT, CRE_D, CREUSR_CF) values (23,2,120,1,18,getDate(),'DBEU')
insert into TSEGMENTRULE2CRI (SGTRULE_NT, SGMT_NF, SGT_NT, SGTVER_NT, SGTCRI_CF, CRE_D, CREUSR_CF) values (24,2,120,1,'COUNTRY_REPORTING',getDate(),'DBEU')
insert into TSEGMENTRULE2TYPE (SGTRUL_NT, SGMT_NF, SGT_NT, SGTVER_NT, SGTTYP_NT, CRE_D, CREUSR_CF) values (24,2,120,1,18,getDate(),'DBEU')
insert into TSEGMENTRULE2CRI (SGTRULE_NT, SGMT_NF, SGT_NT, SGTVER_NT, SGTCRI_CF, CRE_D, CREUSR_CF) values (25,2,120,1,'COUNTRY_REPORTING',getDate(),'DBEU')
insert into TSEGMENTRULE2TYPE (SGTRUL_NT, SGMT_NF, SGT_NT, SGTVER_NT, SGTTYP_NT, CRE_D, CREUSR_CF) values (25,2,120,1,18,getDate(),'DBEU')
insert into TSEGMENTRULE2CRI (SGTRULE_NT, SGMT_NF, SGT_NT, SGTVER_NT, SGTCRI_CF, CRE_D, CREUSR_CF) values (26,2,120,1,'COUNTRY_REPORTING',getDate(),'DBEU')
insert into TSEGMENTRULE2TYPE (SGTRUL_NT, SGMT_NF, SGT_NT, SGTVER_NT, SGTTYP_NT, CRE_D, CREUSR_CF) values (26,2,120,1,18,getDate(),'DBEU')
insert into TSEGMENTRULE2CRI (SGTRULE_NT, SGMT_NF, SGT_NT, SGTVER_NT, SGTCRI_CF, CRE_D, CREUSR_CF) values (27,2,120,1,'COUNTRY_REPORTING',getDate(),'DBEU')
insert into TSEGMENTRULE2TYPE (SGTRUL_NT, SGMT_NF, SGT_NT, SGTVER_NT, SGTTYP_NT, CRE_D, CREUSR_CF) values (27,2,120,1,18,getDate(),'DBEU')
insert into TSEGMENTRULE2CRI (SGTRULE_NT, SGMT_NF, SGT_NT, SGTVER_NT, SGTCRI_CF, CRE_D, CREUSR_CF) values (28,2,120,1,'COUNTRY_REPORTING',getDate(),'DBEU')
insert into TSEGMENTRULE2TYPE (SGTRUL_NT, SGMT_NF, SGT_NT, SGTVER_NT, SGTTYP_NT, CRE_D, CREUSR_CF) values (28,2,120,1,18,getDate(),'DBEU')
go
insert into TSEGMT (SGMT_NF, SGT_NT, SGTVER_NT, SGMT_LS, SGMT_LL, SGTLVL_NT, PARSGMT_CF, BALAIMGT_CT, CRE_D, CREUSR_CF, LSTUPD_D, LSTUPDUSR_CF, timestamp) values (3,120,1,'9CB','Caribbean',0,null,null,getDate(),'DBEU',getDate(),'DBEU',null)
insert into TSEGMENTRULE2CRI (SGTRULE_NT, SGMT_NF, SGT_NT, SGTVER_NT, SGTCRI_CF, CRE_D, CREUSR_CF) values (1,3,120,1,'COUNTRY_REPORTING',getDate(),'DBEU')
insert into TSEGMENTRULE2TYPE (SGTRUL_NT, SGMT_NF, SGT_NT, SGTVER_NT, SGTTYP_NT, CRE_D, CREUSR_CF) values (1,3,120,1,18,getDate(),'DBEU')
insert into TSEGMENTRULE2CRI (SGTRULE_NT, SGMT_NF, SGT_NT, SGTVER_NT, SGTCRI_CF, CRE_D, CREUSR_CF) values (2,3,120,1,'COUNTRY_REPORTING',getDate(),'DBEU')
insert into TSEGMENTRULE2TYPE (SGTRUL_NT, SGMT_NF, SGT_NT, SGTVER_NT, SGTTYP_NT, CRE_D, CREUSR_CF) values (2,3,120,1,18,getDate(),'DBEU')
insert into TSEGMENTRULE2CRI (SGTRULE_NT, SGMT_NF, SGT_NT, SGTVER_NT, SGTCRI_CF, CRE_D, CREUSR_CF) values (3,3,120,1,'COUNTRY_REPORTING',getDate(),'DBEU')
insert into TSEGMENTRULE2TYPE (SGTRUL_NT, SGMT_NF, SGT_NT, SGTVER_NT, SGTTYP_NT, CRE_D, CREUSR_CF) values (3,3,120,1,18,getDate(),'DBEU')
insert into TSEGMENTRULE2CRI (SGTRULE_NT, SGMT_NF, SGT_NT, SGTVER_NT, SGTCRI_CF, CRE_D, CREUSR_CF) values (4,3,120,1,'COUNTRY_REPORTING',getDate(),'DBEU')
insert into TSEGMENTRULE2TYPE (SGTRUL_NT, SGMT_NF, SGT_NT, SGTVER_NT, SGTTYP_NT, CRE_D, CREUSR_CF) values (4,3,120,1,18,getDate(),'DBEU')
insert into TSEGMENTRULE2CRI (SGTRULE_NT, SGMT_NF, SGT_NT, SGTVER_NT, SGTCRI_CF, CRE_D, CREUSR_CF) values (5,3,120,1,'COUNTRY_REPORTING',getDate(),'DBEU')
insert into TSEGMENTRULE2TYPE (SGTRUL_NT, SGMT_NF, SGT_NT, SGTVER_NT, SGTTYP_NT, CRE_D, CREUSR_CF) values (5,3,120,1,18,getDate(),'DBEU')
insert into TSEGMENTRULE2CRI (SGTRULE_NT, SGMT_NF, SGT_NT, SGTVER_NT, SGTCRI_CF, CRE_D, CREUSR_CF) values (6,3,120,1,'COUNTRY_REPORTING',getDate(),'DBEU')
insert into TSEGMENTRULE2TYPE (SGTRUL_NT, SGMT_NF, SGT_NT, SGTVER_NT, SGTTYP_NT, CRE_D, CREUSR_CF) values (6,3,120,1,18,getDate(),'DBEU')
insert into TSEGMENTRULE2CRI (SGTRULE_NT, SGMT_NF, SGT_NT, SGTVER_NT, SGTCRI_CF, CRE_D, CREUSR_CF) values (7,3,120,1,'COUNTRY_REPORTING',getDate(),'DBEU')
insert into TSEGMENTRULE2TYPE (SGTRUL_NT, SGMT_NF, SGT_NT, SGTVER_NT, SGTTYP_NT, CRE_D, CREUSR_CF) values (7,3,120,1,18,getDate(),'DBEU')
insert into TSEGMENTRULE2CRI (SGTRULE_NT, SGMT_NF, SGT_NT, SGTVER_NT, SGTCRI_CF, CRE_D, CREUSR_CF) values (8,3,120,1,'COUNTRY_REPORTING',getDate(),'DBEU')
insert into TSEGMENTRULE2TYPE (SGTRUL_NT, SGMT_NF, SGT_NT, SGTVER_NT, SGTTYP_NT, CRE_D, CREUSR_CF) values (8,3,120,1,18,getDate(),'DBEU')
insert into TSEGMENTRULE2CRI (SGTRULE_NT, SGMT_NF, SGT_NT, SGTVER_NT, SGTCRI_CF, CRE_D, CREUSR_CF) values (9,3,120,1,'COUNTRY_REPORTING',getDate(),'DBEU')
insert into TSEGMENTRULE2TYPE (SGTRUL_NT, SGMT_NF, SGT_NT, SGTVER_NT, SGTTYP_NT, CRE_D, CREUSR_CF) values (9,3,120,1,18,getDate(),'DBEU')
insert into TSEGMENTRULE2CRI (SGTRULE_NT, SGMT_NF, SGT_NT, SGTVER_NT, SGTCRI_CF, CRE_D, CREUSR_CF) values (10,3,120,1,'COUNTRY_REPORTING',getDate(),'DBEU')
insert into TSEGMENTRULE2TYPE (SGTRUL_NT, SGMT_NF, SGT_NT, SGTVER_NT, SGTTYP_NT, CRE_D, CREUSR_CF) values (10,3,120,1,18,getDate(),'DBEU')
insert into TSEGMENTRULE2CRI (SGTRULE_NT, SGMT_NF, SGT_NT, SGTVER_NT, SGTCRI_CF, CRE_D, CREUSR_CF) values (11,3,120,1,'COUNTRY_REPORTING',getDate(),'DBEU')
insert into TSEGMENTRULE2TYPE (SGTRUL_NT, SGMT_NF, SGT_NT, SGTVER_NT, SGTTYP_NT, CRE_D, CREUSR_CF) values (11,3,120,1,18,getDate(),'DBEU')
insert into TSEGMENTRULE2CRI (SGTRULE_NT, SGMT_NF, SGT_NT, SGTVER_NT, SGTCRI_CF, CRE_D, CREUSR_CF) values (12,3,120,1,'COUNTRY_REPORTING',getDate(),'DBEU')
insert into TSEGMENTRULE2TYPE (SGTRUL_NT, SGMT_NF, SGT_NT, SGTVER_NT, SGTTYP_NT, CRE_D, CREUSR_CF) values (12,3,120,1,18,getDate(),'DBEU')
insert into TSEGMENTRULE2CRI (SGTRULE_NT, SGMT_NF, SGT_NT, SGTVER_NT, SGTCRI_CF, CRE_D, CREUSR_CF) values (13,3,120,1,'COUNTRY_REPORTING',getDate(),'DBEU')
insert into TSEGMENTRULE2TYPE (SGTRUL_NT, SGMT_NF, SGT_NT, SGTVER_NT, SGTTYP_NT, CRE_D, CREUSR_CF) values (13,3,120,1,18,getDate(),'DBEU')
insert into TSEGMENTRULE2CRI (SGTRULE_NT, SGMT_NF, SGT_NT, SGTVER_NT, SGTCRI_CF, CRE_D, CREUSR_CF) values (14,3,120,1,'COUNTRY_REPORTING',getDate(),'DBEU')
insert into TSEGMENTRULE2TYPE (SGTRUL_NT, SGMT_NF, SGT_NT, SGTVER_NT, SGTTYP_NT, CRE_D, CREUSR_CF) values (14,3,120,1,18,getDate(),'DBEU')
insert into TSEGMENTRULE2CRI (SGTRULE_NT, SGMT_NF, SGT_NT, SGTVER_NT, SGTCRI_CF, CRE_D, CREUSR_CF) values (15,3,120,1,'COUNTRY_REPORTING',getDate(),'DBEU')
insert into TSEGMENTRULE2TYPE (SGTRUL_NT, SGMT_NF, SGT_NT, SGTVER_NT, SGTTYP_NT, CRE_D, CREUSR_CF) values (15,3,120,1,18,getDate(),'DBEU')
insert into TSEGMENTRULE2CRI (SGTRULE_NT, SGMT_NF, SGT_NT, SGTVER_NT, SGTCRI_CF, CRE_D, CREUSR_CF) values (16,3,120,1,'COUNTRY_REPORTING',getDate(),'DBEU')
insert into TSEGMENTRULE2TYPE (SGTRUL_NT, SGMT_NF, SGT_NT, SGTVER_NT, SGTTYP_NT, CRE_D, CREUSR_CF) values (16,3,120,1,18,getDate(),'DBEU')
insert into TSEGMENTRULE2CRI (SGTRULE_NT, SGMT_NF, SGT_NT, SGTVER_NT, SGTCRI_CF, CRE_D, CREUSR_CF) values (17,3,120,1,'COUNTRY_REPORTING',getDate(),'DBEU')
insert into TSEGMENTRULE2TYPE (SGTRUL_NT, SGMT_NF, SGT_NT, SGTVER_NT, SGTTYP_NT, CRE_D, CREUSR_CF) values (17,3,120,1,18,getDate(),'DBEU')
insert into TSEGMENTRULE2CRI (SGTRULE_NT, SGMT_NF, SGT_NT, SGTVER_NT, SGTCRI_CF, CRE_D, CREUSR_CF) values (18,3,120,1,'COUNTRY_REPORTING',getDate(),'DBEU')
insert into TSEGMENTRULE2TYPE (SGTRUL_NT, SGMT_NF, SGT_NT, SGTVER_NT, SGTTYP_NT, CRE_D, CREUSR_CF) values (18,3,120,1,18,getDate(),'DBEU')
insert into TSEGMENTRULE2CRI (SGTRULE_NT, SGMT_NF, SGT_NT, SGTVER_NT, SGTCRI_CF, CRE_D, CREUSR_CF) values (19,3,120,1,'COUNTRY_REPORTING',getDate(),'DBEU')
insert into TSEGMENTRULE2TYPE (SGTRUL_NT, SGMT_NF, SGT_NT, SGTVER_NT, SGTTYP_NT, CRE_D, CREUSR_CF) values (19,3,120,1,18,getDate(),'DBEU')
insert into TSEGMENTRULE2CRI (SGTRULE_NT, SGMT_NF, SGT_NT, SGTVER_NT, SGTCRI_CF, CRE_D, CREUSR_CF) values (20,3,120,1,'COUNTRY_REPORTING',getDate(),'DBEU')
insert into TSEGMENTRULE2TYPE (SGTRUL_NT, SGMT_NF, SGT_NT, SGTVER_NT, SGTTYP_NT, CRE_D, CREUSR_CF) values (20,3,120,1,18,getDate(),'DBEU')
insert into TSEGMENTRULE2CRI (SGTRULE_NT, SGMT_NF, SGT_NT, SGTVER_NT, SGTCRI_CF, CRE_D, CREUSR_CF) values (21,3,120,1,'COUNTRY_REPORTING',getDate(),'DBEU')
insert into TSEGMENTRULE2TYPE (SGTRUL_NT, SGMT_NF, SGT_NT, SGTVER_NT, SGTTYP_NT, CRE_D, CREUSR_CF) values (21,3,120,1,18,getDate(),'DBEU')
insert into TSEGMENTRULE2CRI (SGTRULE_NT, SGMT_NF, SGT_NT, SGTVER_NT, SGTCRI_CF, CRE_D, CREUSR_CF) values (22,3,120,1,'COUNTRY_REPORTING',getDate(),'DBEU')
insert into TSEGMENTRULE2TYPE (SGTRUL_NT, SGMT_NF, SGT_NT, SGTVER_NT, SGTTYP_NT, CRE_D, CREUSR_CF) values (22,3,120,1,18,getDate(),'DBEU')
insert into TSEGMENTRULE2CRI (SGTRULE_NT, SGMT_NF, SGT_NT, SGTVER_NT, SGTCRI_CF, CRE_D, CREUSR_CF) values (23,3,120,1,'COUNTRY_REPORTING',getDate(),'DBEU')
insert into TSEGMENTRULE2TYPE (SGTRUL_NT, SGMT_NF, SGT_NT, SGTVER_NT, SGTTYP_NT, CRE_D, CREUSR_CF) values (23,3,120,1,18,getDate(),'DBEU')
insert into TSEGMENTRULE2CRI (SGTRULE_NT, SGMT_NF, SGT_NT, SGTVER_NT, SGTCRI_CF, CRE_D, CREUSR_CF) values (24,3,120,1,'COUNTRY_REPORTING',getDate(),'DBEU')
insert into TSEGMENTRULE2TYPE (SGTRUL_NT, SGMT_NF, SGT_NT, SGTVER_NT, SGTTYP_NT, CRE_D, CREUSR_CF) values (24,3,120,1,18,getDate(),'DBEU')
go
insert into TSEGMT (SGMT_NF, SGT_NT, SGTVER_NT, SGMT_LS, SGMT_LL, SGTLVL_NT, PARSGMT_CF, BALAIMGT_CT, CRE_D, CREUSR_CF, LSTUPD_D, LSTUPDUSR_CF, timestamp) values (4,120,1,'9ES','Southern Eastern',0,null,null,getDate(),'DBEU',getDate(),'DBEU',null)
insert into TSEGMENTRULE2CRI (SGTRULE_NT, SGMT_NF, SGT_NT, SGTVER_NT, SGTCRI_CF, CRE_D, CREUSR_CF) values (1,4,120,1,'COUNTRY_REPORTING',getDate(),'DBEU')
insert into TSEGMENTRULE2TYPE (SGTRUL_NT, SGMT_NF, SGT_NT, SGTVER_NT, SGTTYP_NT, CRE_D, CREUSR_CF) values (1,4,120,1,18,getDate(),'DBEU')
insert into TSEGMENTRULE2CRI (SGTRULE_NT, SGMT_NF, SGT_NT, SGTVER_NT, SGTCRI_CF, CRE_D, CREUSR_CF) values (2,4,120,1,'COUNTRY_REPORTING',getDate(),'DBEU')
insert into TSEGMENTRULE2TYPE (SGTRUL_NT, SGMT_NF, SGT_NT, SGTVER_NT, SGTTYP_NT, CRE_D, CREUSR_CF) values (2,4,120,1,18,getDate(),'DBEU')
insert into TSEGMENTRULE2CRI (SGTRULE_NT, SGMT_NF, SGT_NT, SGTVER_NT, SGTCRI_CF, CRE_D, CREUSR_CF) values (3,4,120,1,'COUNTRY_REPORTING',getDate(),'DBEU')
insert into TSEGMENTRULE2TYPE (SGTRUL_NT, SGMT_NF, SGT_NT, SGTVER_NT, SGTTYP_NT, CRE_D, CREUSR_CF) values (3,4,120,1,18,getDate(),'DBEU')
insert into TSEGMENTRULE2CRI (SGTRULE_NT, SGMT_NF, SGT_NT, SGTVER_NT, SGTCRI_CF, CRE_D, CREUSR_CF) values (4,4,120,1,'COUNTRY_REPORTING',getDate(),'DBEU')
insert into TSEGMENTRULE2TYPE (SGTRUL_NT, SGMT_NF, SGT_NT, SGTVER_NT, SGTTYP_NT, CRE_D, CREUSR_CF) values (4,4,120,1,18,getDate(),'DBEU')
insert into TSEGMENTRULE2CRI (SGTRULE_NT, SGMT_NF, SGT_NT, SGTVER_NT, SGTCRI_CF, CRE_D, CREUSR_CF) values (5,4,120,1,'COUNTRY_REPORTING',getDate(),'DBEU')
insert into TSEGMENTRULE2TYPE (SGTRUL_NT, SGMT_NF, SGT_NT, SGTVER_NT, SGTTYP_NT, CRE_D, CREUSR_CF) values (5,4,120,1,18,getDate(),'DBEU')
insert into TSEGMENTRULE2CRI (SGTRULE_NT, SGMT_NF, SGT_NT, SGTVER_NT, SGTCRI_CF, CRE_D, CREUSR_CF) values (6,4,120,1,'COUNTRY_REPORTING',getDate(),'DBEU')
insert into TSEGMENTRULE2TYPE (SGTRUL_NT, SGMT_NF, SGT_NT, SGTVER_NT, SGTTYP_NT, CRE_D, CREUSR_CF) values (6,4,120,1,18,getDate(),'DBEU')
insert into TSEGMENTRULE2CRI (SGTRULE_NT, SGMT_NF, SGT_NT, SGTVER_NT, SGTCRI_CF, CRE_D, CREUSR_CF) values (7,4,120,1,'COUNTRY_REPORTING',getDate(),'DBEU')
insert into TSEGMENTRULE2TYPE (SGTRUL_NT, SGMT_NF, SGT_NT, SGTVER_NT, SGTTYP_NT, CRE_D, CREUSR_CF) values (7,4,120,1,18,getDate(),'DBEU')
insert into TSEGMENTRULE2CRI (SGTRULE_NT, SGMT_NF, SGT_NT, SGTVER_NT, SGTCRI_CF, CRE_D, CREUSR_CF) values (8,4,120,1,'COUNTRY_REPORTING',getDate(),'DBEU')
insert into TSEGMENTRULE2TYPE (SGTRUL_NT, SGMT_NF, SGT_NT, SGTVER_NT, SGTTYP_NT, CRE_D, CREUSR_CF) values (8,4,120,1,18,getDate(),'DBEU')
insert into TSEGMENTRULE2CRI (SGTRULE_NT, SGMT_NF, SGT_NT, SGTVER_NT, SGTCRI_CF, CRE_D, CREUSR_CF) values (9,4,120,1,'COUNTRY_REPORTING',getDate(),'DBEU')
insert into TSEGMENTRULE2TYPE (SGTRUL_NT, SGMT_NF, SGT_NT, SGTVER_NT, SGTTYP_NT, CRE_D, CREUSR_CF) values (9,4,120,1,18,getDate(),'DBEU')
insert into TSEGMENTRULE2CRI (SGTRULE_NT, SGMT_NF, SGT_NT, SGTVER_NT, SGTCRI_CF, CRE_D, CREUSR_CF) values (10,4,120,1,'COUNTRY_REPORTING',getDate(),'DBEU')
insert into TSEGMENTRULE2TYPE (SGTRUL_NT, SGMT_NF, SGT_NT, SGTVER_NT, SGTTYP_NT, CRE_D, CREUSR_CF) values (10,4,120,1,18,getDate(),'DBEU')
insert into TSEGMENTRULE2CRI (SGTRULE_NT, SGMT_NF, SGT_NT, SGTVER_NT, SGTCRI_CF, CRE_D, CREUSR_CF) values (11,4,120,1,'COUNTRY_REPORTING',getDate(),'DBEU')
insert into TSEGMENTRULE2TYPE (SGTRUL_NT, SGMT_NF, SGT_NT, SGTVER_NT, SGTTYP_NT, CRE_D, CREUSR_CF) values (11,4,120,1,18,getDate(),'DBEU')
insert into TSEGMENTRULE2CRI (SGTRULE_NT, SGMT_NF, SGT_NT, SGTVER_NT, SGTCRI_CF, CRE_D, CREUSR_CF) values (12,4,120,1,'COUNTRY_REPORTING',getDate(),'DBEU')
insert into TSEGMENTRULE2TYPE (SGTRUL_NT, SGMT_NF, SGT_NT, SGTVER_NT, SGTTYP_NT, CRE_D, CREUSR_CF) values (12,4,120,1,18,getDate(),'DBEU')
insert into TSEGMENTRULE2CRI (SGTRULE_NT, SGMT_NF, SGT_NT, SGTVER_NT, SGTCRI_CF, CRE_D, CREUSR_CF) values (13,4,120,1,'COUNTRY_REPORTING',getDate(),'DBEU')
insert into TSEGMENTRULE2TYPE (SGTRUL_NT, SGMT_NF, SGT_NT, SGTVER_NT, SGTTYP_NT, CRE_D, CREUSR_CF) values (13,4,120,1,18,getDate(),'DBEU')
insert into TSEGMENTRULE2CRI (SGTRULE_NT, SGMT_NF, SGT_NT, SGTVER_NT, SGTCRI_CF, CRE_D, CREUSR_CF) values (14,4,120,1,'COUNTRY_REPORTING',getDate(),'DBEU')
insert into TSEGMENTRULE2TYPE (SGTRUL_NT, SGMT_NF, SGT_NT, SGTVER_NT, SGTTYP_NT, CRE_D, CREUSR_CF) values (14,4,120,1,18,getDate(),'DBEU')
go
insert into TSEGMT (SGMT_NF, SGT_NT, SGTVER_NT, SGMT_LS, SGMT_LL, SGTLVL_NT, PARSGMT_CF, BALAIMGT_CT, CRE_D, CREUSR_CF, LSTUPD_D, LSTUPDUSR_CF, timestamp) values (5,120,1,'9IB','Iberia',0,null,null,getDate(),'DBEU',getDate(),'DBEU',null)
insert into TSEGMENTRULE2CRI (SGTRULE_NT, SGMT_NF, SGT_NT, SGTVER_NT, SGTCRI_CF, CRE_D, CREUSR_CF) values (1,5,120,1,'COUNTRY_REPORTING',getDate(),'DBEU')
insert into TSEGMENTRULE2TYPE (SGTRUL_NT, SGMT_NF, SGT_NT, SGTVER_NT, SGTTYP_NT, CRE_D, CREUSR_CF) values (1,5,120,1,18,getDate(),'DBEU')
insert into TSEGMENTRULE2CRI (SGTRULE_NT, SGMT_NF, SGT_NT, SGTVER_NT, SGTCRI_CF, CRE_D, CREUSR_CF) values (2,5,120,1,'COUNTRY_REPORTING',getDate(),'DBEU')
insert into TSEGMENTRULE2TYPE (SGTRUL_NT, SGMT_NF, SGT_NT, SGTVER_NT, SGTTYP_NT, CRE_D, CREUSR_CF) values (2,5,120,1,18,getDate(),'DBEU')
insert into TSEGMENTRULE2CRI (SGTRULE_NT, SGMT_NF, SGT_NT, SGTVER_NT, SGTCRI_CF, CRE_D, CREUSR_CF) values (3,5,120,1,'COUNTRY_REPORTING',getDate(),'DBEU')
insert into TSEGMENTRULE2TYPE (SGTRUL_NT, SGMT_NF, SGT_NT, SGTVER_NT, SGTTYP_NT, CRE_D, CREUSR_CF) values (3,5,120,1,18,getDate(),'DBEU')
go
insert into TSEGMT (SGMT_NF, SGT_NT, SGTVER_NT, SGMT_LS, SGMT_LL, SGTLVL_NT, PARSGMT_CF, BALAIMGT_CT, CRE_D, CREUSR_CF, LSTUPD_D, LSTUPDUSR_CF, timestamp) values (6,120,1,'9UA','United Arab Emir',0,null,null,getDate(),'DBEU',getDate(),'DBEU',null)
insert into TSEGMENTRULE2CRI (SGTRULE_NT, SGMT_NF, SGT_NT, SGTVER_NT, SGTCRI_CF, CRE_D, CREUSR_CF) values (1,6,120,1,'COUNTRY_REPORTING',getDate(),'DBEU')
insert into TSEGMENTRULE2TYPE (SGTRUL_NT, SGMT_NF, SGT_NT, SGTVER_NT, SGTTYP_NT, CRE_D, CREUSR_CF) values (1,6,120,1,18,getDate(),'DBEU')
go
insert into TSEGMT (SGMT_NF, SGT_NT, SGTVER_NT, SGMT_LS, SGMT_LL, SGTLVL_NT, PARSGMT_CF, BALAIMGT_CT, CRE_D, CREUSR_CF, LSTUPD_D, LSTUPDUSR_CF, timestamp) values (7,120,1,'9SA','South America ex',0,null,null,getDate(),'DBEU',getDate(),'DBEU',null)
insert into TSEGMENTRULE2CRI (SGTRULE_NT, SGMT_NF, SGT_NT, SGTVER_NT, SGTCRI_CF, CRE_D, CREUSR_CF) values (1,7,120,1,'COUNTRY_REPORTING',getDate(),'DBEU')
insert into TSEGMENTRULE2TYPE (SGTRUL_NT, SGMT_NF, SGT_NT, SGTVER_NT, SGTTYP_NT, CRE_D, CREUSR_CF) values (1,7,120,1,18,getDate(),'DBEU')
insert into TSEGMENTRULE2CRI (SGTRULE_NT, SGMT_NF, SGT_NT, SGTVER_NT, SGTCRI_CF, CRE_D, CREUSR_CF) values (2,7,120,1,'COUNTRY_REPORTING',getDate(),'DBEU')
insert into TSEGMENTRULE2TYPE (SGTRUL_NT, SGMT_NF, SGT_NT, SGTVER_NT, SGTTYP_NT, CRE_D, CREUSR_CF) values (2,7,120,1,18,getDate(),'DBEU')
insert into TSEGMENTRULE2CRI (SGTRULE_NT, SGMT_NF, SGT_NT, SGTVER_NT, SGTCRI_CF, CRE_D, CREUSR_CF) values (3,7,120,1,'COUNTRY_REPORTING',getDate(),'DBEU')
insert into TSEGMENTRULE2TYPE (SGTRUL_NT, SGMT_NF, SGT_NT, SGTVER_NT, SGTTYP_NT, CRE_D, CREUSR_CF) values (3,7,120,1,18,getDate(),'DBEU')
insert into TSEGMENTRULE2CRI (SGTRULE_NT, SGMT_NF, SGT_NT, SGTVER_NT, SGTCRI_CF, CRE_D, CREUSR_CF) values (4,7,120,1,'COUNTRY_REPORTING',getDate(),'DBEU')
insert into TSEGMENTRULE2TYPE (SGTRUL_NT, SGMT_NF, SGT_NT, SGTVER_NT, SGTTYP_NT, CRE_D, CREUSR_CF) values (4,7,120,1,18,getDate(),'DBEU')
insert into TSEGMENTRULE2CRI (SGTRULE_NT, SGMT_NF, SGT_NT, SGTVER_NT, SGTCRI_CF, CRE_D, CREUSR_CF) values (5,7,120,1,'COUNTRY_REPORTING',getDate(),'DBEU')
insert into TSEGMENTRULE2TYPE (SGTRUL_NT, SGMT_NF, SGT_NT, SGTVER_NT, SGTTYP_NT, CRE_D, CREUSR_CF) values (5,7,120,1,18,getDate(),'DBEU')
insert into TSEGMENTRULE2CRI (SGTRULE_NT, SGMT_NF, SGT_NT, SGTVER_NT, SGTCRI_CF, CRE_D, CREUSR_CF) values (6,7,120,1,'COUNTRY_REPORTING',getDate(),'DBEU')
insert into TSEGMENTRULE2TYPE (SGTRUL_NT, SGMT_NF, SGT_NT, SGTVER_NT, SGTTYP_NT, CRE_D, CREUSR_CF) values (6,7,120,1,18,getDate(),'DBEU')
insert into TSEGMENTRULE2CRI (SGTRULE_NT, SGMT_NF, SGT_NT, SGTVER_NT, SGTCRI_CF, CRE_D, CREUSR_CF) values (7,7,120,1,'COUNTRY_REPORTING',getDate(),'DBEU')
insert into TSEGMENTRULE2TYPE (SGTRUL_NT, SGMT_NF, SGT_NT, SGTVER_NT, SGTTYP_NT, CRE_D, CREUSR_CF) values (7,7,120,1,18,getDate(),'DBEU')
insert into TSEGMENTRULE2CRI (SGTRULE_NT, SGMT_NF, SGT_NT, SGTVER_NT, SGTCRI_CF, CRE_D, CREUSR_CF) values (8,7,120,1,'COUNTRY_REPORTING',getDate(),'DBEU')
insert into TSEGMENTRULE2TYPE (SGTRUL_NT, SGMT_NF, SGT_NT, SGTVER_NT, SGTTYP_NT, CRE_D, CREUSR_CF) values (8,7,120,1,18,getDate(),'DBEU')
insert into TSEGMENTRULE2CRI (SGTRULE_NT, SGMT_NF, SGT_NT, SGTVER_NT, SGTCRI_CF, CRE_D, CREUSR_CF) values (9,7,120,1,'COUNTRY_REPORTING',getDate(),'DBEU')
insert into TSEGMENTRULE2TYPE (SGTRUL_NT, SGMT_NF, SGT_NT, SGTVER_NT, SGTTYP_NT, CRE_D, CREUSR_CF) values (9,7,120,1,18,getDate(),'DBEU')
go
insert into TSEGMT (SGMT_NF, SGT_NT, SGTVER_NT, SGMT_LS, SGMT_LL, SGTLVL_NT, PARSGMT_CF, BALAIMGT_CT, CRE_D, CREUSR_CF, LSTUPD_D, LSTUPDUSR_CF, timestamp) values (8,120,1,'9CI','C.I.S.',0,null,null,getDate(),'DBEU',getDate(),'DBEU',null)
insert into TSEGMENTRULE2CRI (SGTRULE_NT, SGMT_NF, SGT_NT, SGTVER_NT, SGTCRI_CF, CRE_D, CREUSR_CF) values (1,8,120,1,'COUNTRY_REPORTING',getDate(),'DBEU')
insert into TSEGMENTRULE2TYPE (SGTRUL_NT, SGMT_NF, SGT_NT, SGTVER_NT, SGTTYP_NT, CRE_D, CREUSR_CF) values (1,8,120,1,18,getDate(),'DBEU')
insert into TSEGMENTRULE2CRI (SGTRULE_NT, SGMT_NF, SGT_NT, SGTVER_NT, SGTCRI_CF, CRE_D, CREUSR_CF) values (2,8,120,1,'COUNTRY_REPORTING',getDate(),'DBEU')
insert into TSEGMENTRULE2TYPE (SGTRUL_NT, SGMT_NF, SGT_NT, SGTVER_NT, SGTTYP_NT, CRE_D, CREUSR_CF) values (2,8,120,1,18,getDate(),'DBEU')
insert into TSEGMENTRULE2CRI (SGTRULE_NT, SGMT_NF, SGT_NT, SGTVER_NT, SGTCRI_CF, CRE_D, CREUSR_CF) values (3,8,120,1,'COUNTRY_REPORTING',getDate(),'DBEU')
insert into TSEGMENTRULE2TYPE (SGTRUL_NT, SGMT_NF, SGT_NT, SGTVER_NT, SGTTYP_NT, CRE_D, CREUSR_CF) values (3,8,120,1,18,getDate(),'DBEU')
insert into TSEGMENTRULE2CRI (SGTRULE_NT, SGMT_NF, SGT_NT, SGTVER_NT, SGTCRI_CF, CRE_D, CREUSR_CF) values (4,8,120,1,'COUNTRY_REPORTING',getDate(),'DBEU')
insert into TSEGMENTRULE2TYPE (SGTRUL_NT, SGMT_NF, SGT_NT, SGTVER_NT, SGTTYP_NT, CRE_D, CREUSR_CF) values (4,8,120,1,18,getDate(),'DBEU')
insert into TSEGMENTRULE2CRI (SGTRULE_NT, SGMT_NF, SGT_NT, SGTVER_NT, SGTCRI_CF, CRE_D, CREUSR_CF) values (5,8,120,1,'COUNTRY_REPORTING',getDate(),'DBEU')
insert into TSEGMENTRULE2TYPE (SGTRUL_NT, SGMT_NF, SGT_NT, SGTVER_NT, SGTTYP_NT, CRE_D, CREUSR_CF) values (5,8,120,1,18,getDate(),'DBEU')
insert into TSEGMENTRULE2CRI (SGTRULE_NT, SGMT_NF, SGT_NT, SGTVER_NT, SGTCRI_CF, CRE_D, CREUSR_CF) values (6,8,120,1,'COUNTRY_REPORTING',getDate(),'DBEU')
insert into TSEGMENTRULE2TYPE (SGTRUL_NT, SGMT_NF, SGT_NT, SGTVER_NT, SGTTYP_NT, CRE_D, CREUSR_CF) values (6,8,120,1,18,getDate(),'DBEU')
insert into TSEGMENTRULE2CRI (SGTRULE_NT, SGMT_NF, SGT_NT, SGTVER_NT, SGTCRI_CF, CRE_D, CREUSR_CF) values (7,8,120,1,'COUNTRY_REPORTING',getDate(),'DBEU')
insert into TSEGMENTRULE2TYPE (SGTRUL_NT, SGMT_NF, SGT_NT, SGTVER_NT, SGTTYP_NT, CRE_D, CREUSR_CF) values (7,8,120,1,18,getDate(),'DBEU')
insert into TSEGMENTRULE2CRI (SGTRULE_NT, SGMT_NF, SGT_NT, SGTVER_NT, SGTCRI_CF, CRE_D, CREUSR_CF) values (8,8,120,1,'COUNTRY_REPORTING',getDate(),'DBEU')
insert into TSEGMENTRULE2TYPE (SGTRUL_NT, SGMT_NF, SGT_NT, SGTVER_NT, SGTTYP_NT, CRE_D, CREUSR_CF) values (8,8,120,1,18,getDate(),'DBEU')
insert into TSEGMENTRULE2CRI (SGTRULE_NT, SGMT_NF, SGT_NT, SGTVER_NT, SGTCRI_CF, CRE_D, CREUSR_CF) values (9,8,120,1,'COUNTRY_REPORTING',getDate(),'DBEU')
insert into TSEGMENTRULE2TYPE (SGTRUL_NT, SGMT_NF, SGT_NT, SGTVER_NT, SGTTYP_NT, CRE_D, CREUSR_CF) values (9,8,120,1,18,getDate(),'DBEU')
insert into TSEGMENTRULE2CRI (SGTRULE_NT, SGMT_NF, SGT_NT, SGTVER_NT, SGTCRI_CF, CRE_D, CREUSR_CF) values (10,8,120,1,'COUNTRY_REPORTING',getDate(),'DBEU')
insert into TSEGMENTRULE2TYPE (SGTRUL_NT, SGMT_NF, SGT_NT, SGTVER_NT, SGTTYP_NT, CRE_D, CREUSR_CF) values (10,8,120,1,18,getDate(),'DBEU')
insert into TSEGMENTRULE2CRI (SGTRULE_NT, SGMT_NF, SGT_NT, SGTVER_NT, SGTCRI_CF, CRE_D, CREUSR_CF) values (11,8,120,1,'COUNTRY_REPORTING',getDate(),'DBEU')
insert into TSEGMENTRULE2TYPE (SGTRUL_NT, SGMT_NF, SGT_NT, SGTVER_NT, SGTTYP_NT, CRE_D, CREUSR_CF) values (11,8,120,1,18,getDate(),'DBEU')
go
insert into TSEGMT (SGMT_NF, SGT_NT, SGTVER_NT, SGMT_LS, SGMT_LL, SGTLVL_NT, PARSGMT_CF, BALAIMGT_CT, CRE_D, CREUSR_CF, LSTUPD_D, LSTUPDUSR_CF, timestamp) values (9,120,1,'9AU','Australia',0,null,null,getDate(),'DBEU',getDate(),'DBEU',null)
insert into TSEGMENTRULE2CRI (SGTRULE_NT, SGMT_NF, SGT_NT, SGTVER_NT, SGTCRI_CF, CRE_D, CREUSR_CF) values (1,9,120,1,'COUNTRY_REPORTING',getDate(),'DBEU')
insert into TSEGMENTRULE2TYPE (SGTRUL_NT, SGMT_NF, SGT_NT, SGTVER_NT, SGTTYP_NT, CRE_D, CREUSR_CF) values (1,9,120,1,18,getDate(),'DBEU')
go
insert into TSEGMT (SGMT_NF, SGT_NT, SGTVER_NT, SGMT_LS, SGMT_LL, SGTLVL_NT, PARSGMT_CF, BALAIMGT_CT, CRE_D, CREUSR_CF, LSTUPD_D, LSTUPDUSR_CF, timestamp) values (10,120,1,'9AT','Austria',0,null,null,getDate(),'DBEU',getDate(),'DBEU',null)
insert into TSEGMENTRULE2CRI (SGTRULE_NT, SGMT_NF, SGT_NT, SGTVER_NT, SGTCRI_CF, CRE_D, CREUSR_CF) values (1,10,120,1,'COUNTRY_REPORTING',getDate(),'DBEU')
insert into TSEGMENTRULE2TYPE (SGTRUL_NT, SGMT_NF, SGT_NT, SGTVER_NT, SGTTYP_NT, CRE_D, CREUSR_CF) values (1,10,120,1,18,getDate(),'DBEU')
go
insert into TSEGMT (SGMT_NF, SGT_NT, SGTVER_NT, SGMT_LS, SGMT_LL, SGTLVL_NT, PARSGMT_CF, BALAIMGT_CT, CRE_D, CREUSR_CF, LSTUPD_D, LSTUPDUSR_CF, timestamp) values (11,120,1,'9FS','French Speaking',0,null,null,getDate(),'DBEU',getDate(),'DBEU',null)
insert into TSEGMENTRULE2CRI (SGTRULE_NT, SGMT_NF, SGT_NT, SGTVER_NT, SGTCRI_CF, CRE_D, CREUSR_CF) values (1,11,120,1,'COUNTRY_REPORTING',getDate(),'DBEU')
insert into TSEGMENTRULE2TYPE (SGTRUL_NT, SGMT_NF, SGT_NT, SGTVER_NT, SGTTYP_NT, CRE_D, CREUSR_CF) values (1,11,120,1,18,getDate(),'DBEU')
insert into TSEGMENTRULE2CRI (SGTRULE_NT, SGMT_NF, SGT_NT, SGTVER_NT, SGTCRI_CF, CRE_D, CREUSR_CF) values (2,11,120,1,'COUNTRY_REPORTING',getDate(),'DBEU')
insert into TSEGMENTRULE2TYPE (SGTRUL_NT, SGMT_NF, SGT_NT, SGTVER_NT, SGTTYP_NT, CRE_D, CREUSR_CF) values (2,11,120,1,18,getDate(),'DBEU')
insert into TSEGMENTRULE2CRI (SGTRULE_NT, SGMT_NF, SGT_NT, SGTVER_NT, SGTCRI_CF, CRE_D, CREUSR_CF) values (3,11,120,1,'COUNTRY_REPORTING',getDate(),'DBEU')
insert into TSEGMENTRULE2TYPE (SGTRUL_NT, SGMT_NF, SGT_NT, SGTVER_NT, SGTTYP_NT, CRE_D, CREUSR_CF) values (3,11,120,1,18,getDate(),'DBEU')
insert into TSEGMENTRULE2CRI (SGTRULE_NT, SGMT_NF, SGT_NT, SGTVER_NT, SGTCRI_CF, CRE_D, CREUSR_CF) values (4,11,120,1,'COUNTRY_REPORTING',getDate(),'DBEU')
insert into TSEGMENTRULE2TYPE (SGTRUL_NT, SGMT_NF, SGT_NT, SGTVER_NT, SGTTYP_NT, CRE_D, CREUSR_CF) values (4,11,120,1,18,getDate(),'DBEU')
insert into TSEGMENTRULE2CRI (SGTRULE_NT, SGMT_NF, SGT_NT, SGTVER_NT, SGTCRI_CF, CRE_D, CREUSR_CF) values (5,11,120,1,'COUNTRY_REPORTING',getDate(),'DBEU')
insert into TSEGMENTRULE2TYPE (SGTRUL_NT, SGMT_NF, SGT_NT, SGTVER_NT, SGTTYP_NT, CRE_D, CREUSR_CF) values (5,11,120,1,18,getDate(),'DBEU')
insert into TSEGMENTRULE2CRI (SGTRULE_NT, SGMT_NF, SGT_NT, SGTVER_NT, SGTCRI_CF, CRE_D, CREUSR_CF) values (6,11,120,1,'COUNTRY_REPORTING',getDate(),'DBEU')
insert into TSEGMENTRULE2TYPE (SGTRUL_NT, SGMT_NF, SGT_NT, SGTVER_NT, SGTTYP_NT, CRE_D, CREUSR_CF) values (6,11,120,1,18,getDate(),'DBEU')
insert into TSEGMENTRULE2CRI (SGTRULE_NT, SGMT_NF, SGT_NT, SGTVER_NT, SGTCRI_CF, CRE_D, CREUSR_CF) values (7,11,120,1,'COUNTRY_REPORTING',getDate(),'DBEU')
insert into TSEGMENTRULE2TYPE (SGTRUL_NT, SGMT_NF, SGT_NT, SGTVER_NT, SGTTYP_NT, CRE_D, CREUSR_CF) values (7,11,120,1,18,getDate(),'DBEU')
insert into TSEGMENTRULE2CRI (SGTRULE_NT, SGMT_NF, SGT_NT, SGTVER_NT, SGTCRI_CF, CRE_D, CREUSR_CF) values (8,11,120,1,'COUNTRY_REPORTING',getDate(),'DBEU')
insert into TSEGMENTRULE2TYPE (SGTRUL_NT, SGMT_NF, SGT_NT, SGTVER_NT, SGTTYP_NT, CRE_D, CREUSR_CF) values (8,11,120,1,18,getDate(),'DBEU')
insert into TSEGMENTRULE2CRI (SGTRULE_NT, SGMT_NF, SGT_NT, SGTVER_NT, SGTCRI_CF, CRE_D, CREUSR_CF) values (9,11,120,1,'COUNTRY_REPORTING',getDate(),'DBEU')
insert into TSEGMENTRULE2TYPE (SGTRUL_NT, SGMT_NF, SGT_NT, SGTVER_NT, SGTTYP_NT, CRE_D, CREUSR_CF) values (9,11,120,1,18,getDate(),'DBEU')
insert into TSEGMENTRULE2CRI (SGTRULE_NT, SGMT_NF, SGT_NT, SGTVER_NT, SGTCRI_CF, CRE_D, CREUSR_CF) values (10,11,120,1,'COUNTRY_REPORTING',getDate(),'DBEU')
insert into TSEGMENTRULE2TYPE (SGTRUL_NT, SGMT_NF, SGT_NT, SGTVER_NT, SGTTYP_NT, CRE_D, CREUSR_CF) values (10,11,120,1,18,getDate(),'DBEU')
insert into TSEGMENTRULE2CRI (SGTRULE_NT, SGMT_NF, SGT_NT, SGTVER_NT, SGTCRI_CF, CRE_D, CREUSR_CF) values (11,11,120,1,'COUNTRY_REPORTING',getDate(),'DBEU')
insert into TSEGMENTRULE2TYPE (SGTRUL_NT, SGMT_NF, SGT_NT, SGTVER_NT, SGTTYP_NT, CRE_D, CREUSR_CF) values (11,11,120,1,18,getDate(),'DBEU')
insert into TSEGMENTRULE2CRI (SGTRULE_NT, SGMT_NF, SGT_NT, SGTVER_NT, SGTCRI_CF, CRE_D, CREUSR_CF) values (12,11,120,1,'COUNTRY_REPORTING',getDate(),'DBEU')
insert into TSEGMENTRULE2TYPE (SGTRUL_NT, SGMT_NF, SGT_NT, SGTVER_NT, SGTTYP_NT, CRE_D, CREUSR_CF) values (12,11,120,1,18,getDate(),'DBEU')
insert into TSEGMENTRULE2CRI (SGTRULE_NT, SGMT_NF, SGT_NT, SGTVER_NT, SGTCRI_CF, CRE_D, CREUSR_CF) values (13,11,120,1,'COUNTRY_REPORTING',getDate(),'DBEU')
insert into TSEGMENTRULE2TYPE (SGTRUL_NT, SGMT_NF, SGT_NT, SGTVER_NT, SGTTYP_NT, CRE_D, CREUSR_CF) values (13,11,120,1,18,getDate(),'DBEU')
insert into TSEGMENTRULE2CRI (SGTRULE_NT, SGMT_NF, SGT_NT, SGTVER_NT, SGTCRI_CF, CRE_D, CREUSR_CF) values (14,11,120,1,'COUNTRY_REPORTING',getDate(),'DBEU')
insert into TSEGMENTRULE2TYPE (SGTRUL_NT, SGMT_NF, SGT_NT, SGTVER_NT, SGTTYP_NT, CRE_D, CREUSR_CF) values (14,11,120,1,18,getDate(),'DBEU')
insert into TSEGMENTRULE2CRI (SGTRULE_NT, SGMT_NF, SGT_NT, SGTVER_NT, SGTCRI_CF, CRE_D, CREUSR_CF) values (15,11,120,1,'COUNTRY_REPORTING',getDate(),'DBEU')
insert into TSEGMENTRULE2TYPE (SGTRUL_NT, SGMT_NF, SGT_NT, SGTVER_NT, SGTTYP_NT, CRE_D, CREUSR_CF) values (15,11,120,1,18,getDate(),'DBEU')
insert into TSEGMENTRULE2CRI (SGTRULE_NT, SGMT_NF, SGT_NT, SGTVER_NT, SGTCRI_CF, CRE_D, CREUSR_CF) values (16,11,120,1,'COUNTRY_REPORTING',getDate(),'DBEU')
insert into TSEGMENTRULE2TYPE (SGTRUL_NT, SGMT_NF, SGT_NT, SGTVER_NT, SGTTYP_NT, CRE_D, CREUSR_CF) values (16,11,120,1,18,getDate(),'DBEU')
insert into TSEGMENTRULE2CRI (SGTRULE_NT, SGMT_NF, SGT_NT, SGTVER_NT, SGTCRI_CF, CRE_D, CREUSR_CF) values (17,11,120,1,'COUNTRY_REPORTING',getDate(),'DBEU')
insert into TSEGMENTRULE2TYPE (SGTRUL_NT, SGMT_NF, SGT_NT, SGTVER_NT, SGTTYP_NT, CRE_D, CREUSR_CF) values (17,11,120,1,18,getDate(),'DBEU')
insert into TSEGMENTRULE2CRI (SGTRULE_NT, SGMT_NF, SGT_NT, SGTVER_NT, SGTCRI_CF, CRE_D, CREUSR_CF) values (18,11,120,1,'COUNTRY_REPORTING',getDate(),'DBEU')
insert into TSEGMENTRULE2TYPE (SGTRUL_NT, SGMT_NF, SGT_NT, SGTVER_NT, SGTTYP_NT, CRE_D, CREUSR_CF) values (18,11,120,1,18,getDate(),'DBEU')
insert into TSEGMENTRULE2CRI (SGTRULE_NT, SGMT_NF, SGT_NT, SGTVER_NT, SGTCRI_CF, CRE_D, CREUSR_CF) values (19,11,120,1,'COUNTRY_REPORTING',getDate(),'DBEU')
insert into TSEGMENTRULE2TYPE (SGTRUL_NT, SGMT_NF, SGT_NT, SGTVER_NT, SGTTYP_NT, CRE_D, CREUSR_CF) values (19,11,120,1,18,getDate(),'DBEU')
insert into TSEGMENTRULE2CRI (SGTRULE_NT, SGMT_NF, SGT_NT, SGTVER_NT, SGTCRI_CF, CRE_D, CREUSR_CF) values (20,11,120,1,'COUNTRY_REPORTING',getDate(),'DBEU')
insert into TSEGMENTRULE2TYPE (SGTRUL_NT, SGMT_NF, SGT_NT, SGTVER_NT, SGTTYP_NT, CRE_D, CREUSR_CF) values (20,11,120,1,18,getDate(),'DBEU')
insert into TSEGMENTRULE2CRI (SGTRULE_NT, SGMT_NF, SGT_NT, SGTVER_NT, SGTCRI_CF, CRE_D, CREUSR_CF) values (21,11,120,1,'COUNTRY_REPORTING',getDate(),'DBEU')
insert into TSEGMENTRULE2TYPE (SGTRUL_NT, SGMT_NF, SGT_NT, SGTVER_NT, SGTTYP_NT, CRE_D, CREUSR_CF) values (21,11,120,1,18,getDate(),'DBEU')
insert into TSEGMENTRULE2CRI (SGTRULE_NT, SGMT_NF, SGT_NT, SGTVER_NT, SGTCRI_CF, CRE_D, CREUSR_CF) values (22,11,120,1,'COUNTRY_REPORTING',getDate(),'DBEU')
insert into TSEGMENTRULE2TYPE (SGTRUL_NT, SGMT_NF, SGT_NT, SGTVER_NT, SGTTYP_NT, CRE_D, CREUSR_CF) values (22,11,120,1,18,getDate(),'DBEU')
insert into TSEGMENTRULE2CRI (SGTRULE_NT, SGMT_NF, SGT_NT, SGTVER_NT, SGTCRI_CF, CRE_D, CREUSR_CF) values (23,11,120,1,'COUNTRY_REPORTING',getDate(),'DBEU')
insert into TSEGMENTRULE2TYPE (SGTRUL_NT, SGMT_NF, SGT_NT, SGTVER_NT, SGTTYP_NT, CRE_D, CREUSR_CF) values (23,11,120,1,18,getDate(),'DBEU')
go
insert into TSEGMT (SGMT_NF, SGT_NT, SGTVER_NT, SGMT_LS, SGMT_LL, SGTLVL_NT, PARSGMT_CF, BALAIMGT_CT, CRE_D, CREUSR_CF, LSTUPD_D, LSTUPDUSR_CF, timestamp) values (12,120,1,'9BE','Belgium',0,null,null,getDate(),'DBEU',getDate(),'DBEU',null)
insert into TSEGMENTRULE2CRI (SGTRULE_NT, SGMT_NF, SGT_NT, SGTVER_NT, SGTCRI_CF, CRE_D, CREUSR_CF) values (1,12,120,1,'COUNTRY_REPORTING',getDate(),'DBEU')
insert into TSEGMENTRULE2TYPE (SGTRUL_NT, SGMT_NF, SGT_NT, SGTVER_NT, SGTTYP_NT, CRE_D, CREUSR_CF) values (1,12,120,1,18,getDate(),'DBEU')
go
insert into TSEGMT (SGMT_NF, SGT_NT, SGTVER_NT, SGMT_LS, SGMT_LL, SGTLVL_NT, PARSGMT_CF, BALAIMGT_CT, CRE_D, CREUSR_CF, LSTUPD_D, LSTUPDUSR_CF, timestamp) values (13,120,1,'9RM','Rest of Middle E',0,null,null,getDate(),'DBEU',getDate(),'DBEU',null)
insert into TSEGMENTRULE2CRI (SGTRULE_NT, SGMT_NF, SGT_NT, SGTVER_NT, SGTCRI_CF, CRE_D, CREUSR_CF) values (1,13,120,1,'COUNTRY_REPORTING',getDate(),'DBEU')
insert into TSEGMENTRULE2TYPE (SGTRUL_NT, SGMT_NF, SGT_NT, SGTVER_NT, SGTTYP_NT, CRE_D, CREUSR_CF) values (1,13,120,1,18,getDate(),'DBEU')
insert into TSEGMENTRULE2CRI (SGTRULE_NT, SGMT_NF, SGT_NT, SGTVER_NT, SGTCRI_CF, CRE_D, CREUSR_CF) values (2,13,120,1,'COUNTRY_REPORTING',getDate(),'DBEU')
insert into TSEGMENTRULE2TYPE (SGTRUL_NT, SGMT_NF, SGT_NT, SGTVER_NT, SGTTYP_NT, CRE_D, CREUSR_CF) values (2,13,120,1,18,getDate(),'DBEU')
insert into TSEGMENTRULE2CRI (SGTRULE_NT, SGMT_NF, SGT_NT, SGTVER_NT, SGTCRI_CF, CRE_D, CREUSR_CF) values (3,13,120,1,'COUNTRY_REPORTING',getDate(),'DBEU')
insert into TSEGMENTRULE2TYPE (SGTRUL_NT, SGMT_NF, SGT_NT, SGTVER_NT, SGTTYP_NT, CRE_D, CREUSR_CF) values (3,13,120,1,18,getDate(),'DBEU')
insert into TSEGMENTRULE2CRI (SGTRULE_NT, SGMT_NF, SGT_NT, SGTVER_NT, SGTCRI_CF, CRE_D, CREUSR_CF) values (4,13,120,1,'COUNTRY_REPORTING',getDate(),'DBEU')
insert into TSEGMENTRULE2TYPE (SGTRUL_NT, SGMT_NF, SGT_NT, SGTVER_NT, SGTTYP_NT, CRE_D, CREUSR_CF) values (4,13,120,1,18,getDate(),'DBEU')
insert into TSEGMENTRULE2CRI (SGTRULE_NT, SGMT_NF, SGT_NT, SGTVER_NT, SGTCRI_CF, CRE_D, CREUSR_CF) values (5,13,120,1,'COUNTRY_REPORTING',getDate(),'DBEU')
insert into TSEGMENTRULE2TYPE (SGTRUL_NT, SGMT_NF, SGT_NT, SGTVER_NT, SGTTYP_NT, CRE_D, CREUSR_CF) values (5,13,120,1,18,getDate(),'DBEU')
insert into TSEGMENTRULE2CRI (SGTRULE_NT, SGMT_NF, SGT_NT, SGTVER_NT, SGTCRI_CF, CRE_D, CREUSR_CF) values (6,13,120,1,'COUNTRY_REPORTING',getDate(),'DBEU')
insert into TSEGMENTRULE2TYPE (SGTRUL_NT, SGMT_NF, SGT_NT, SGTVER_NT, SGTTYP_NT, CRE_D, CREUSR_CF) values (6,13,120,1,18,getDate(),'DBEU')
insert into TSEGMENTRULE2CRI (SGTRULE_NT, SGMT_NF, SGT_NT, SGTVER_NT, SGTCRI_CF, CRE_D, CREUSR_CF) values (7,13,120,1,'COUNTRY_REPORTING',getDate(),'DBEU')
insert into TSEGMENTRULE2TYPE (SGTRUL_NT, SGMT_NF, SGT_NT, SGTVER_NT, SGTTYP_NT, CRE_D, CREUSR_CF) values (7,13,120,1,18,getDate(),'DBEU')
insert into TSEGMENTRULE2CRI (SGTRULE_NT, SGMT_NF, SGT_NT, SGTVER_NT, SGTCRI_CF, CRE_D, CREUSR_CF) values (8,13,120,1,'COUNTRY_REPORTING',getDate(),'DBEU')
insert into TSEGMENTRULE2TYPE (SGTRUL_NT, SGMT_NF, SGT_NT, SGTVER_NT, SGTTYP_NT, CRE_D, CREUSR_CF) values (8,13,120,1,18,getDate(),'DBEU')
insert into TSEGMENTRULE2CRI (SGTRULE_NT, SGMT_NF, SGT_NT, SGTVER_NT, SGTCRI_CF, CRE_D, CREUSR_CF) values (9,13,120,1,'COUNTRY_REPORTING',getDate(),'DBEU')
insert into TSEGMENTRULE2TYPE (SGTRUL_NT, SGMT_NF, SGT_NT, SGTVER_NT, SGTTYP_NT, CRE_D, CREUSR_CF) values (9,13,120,1,18,getDate(),'DBEU')
insert into TSEGMENTRULE2CRI (SGTRULE_NT, SGMT_NF, SGT_NT, SGTVER_NT, SGTCRI_CF, CRE_D, CREUSR_CF) values (10,13,120,1,'COUNTRY_REPORTING',getDate(),'DBEU')
insert into TSEGMENTRULE2TYPE (SGTRUL_NT, SGMT_NF, SGT_NT, SGTVER_NT, SGTTYP_NT, CRE_D, CREUSR_CF) values (10,13,120,1,18,getDate(),'DBEU')
go
insert into TSEGMT (SGMT_NF, SGT_NT, SGTVER_NT, SGMT_LS, SGMT_LL, SGTLVL_NT, PARSGMT_CF, BALAIMGT_CT, CRE_D, CREUSR_CF, LSTUPD_D, LSTUPDUSR_CF, timestamp) values (14,120,1,'9CA','Central America',0,null,null,getDate(),'DBEU',getDate(),'DBEU',null)
insert into TSEGMENTRULE2CRI (SGTRULE_NT, SGMT_NF, SGT_NT, SGTVER_NT, SGTCRI_CF, CRE_D, CREUSR_CF) values (1,14,120,1,'COUNTRY_REPORTING',getDate(),'DBEU')
insert into TSEGMENTRULE2TYPE (SGTRUL_NT, SGMT_NF, SGT_NT, SGTVER_NT, SGTTYP_NT, CRE_D, CREUSR_CF) values (1,14,120,1,18,getDate(),'DBEU')
insert into TSEGMENTRULE2CRI (SGTRULE_NT, SGMT_NF, SGT_NT, SGTVER_NT, SGTCRI_CF, CRE_D, CREUSR_CF) values (2,14,120,1,'COUNTRY_REPORTING',getDate(),'DBEU')
insert into TSEGMENTRULE2TYPE (SGTRUL_NT, SGMT_NF, SGT_NT, SGTVER_NT, SGTTYP_NT, CRE_D, CREUSR_CF) values (2,14,120,1,18,getDate(),'DBEU')
insert into TSEGMENTRULE2CRI (SGTRULE_NT, SGMT_NF, SGT_NT, SGTVER_NT, SGTCRI_CF, CRE_D, CREUSR_CF) values (3,14,120,1,'COUNTRY_REPORTING',getDate(),'DBEU')
insert into TSEGMENTRULE2TYPE (SGTRUL_NT, SGMT_NF, SGT_NT, SGTVER_NT, SGTTYP_NT, CRE_D, CREUSR_CF) values (3,14,120,1,18,getDate(),'DBEU')
insert into TSEGMENTRULE2CRI (SGTRULE_NT, SGMT_NF, SGT_NT, SGTVER_NT, SGTCRI_CF, CRE_D, CREUSR_CF) values (4,14,120,1,'COUNTRY_REPORTING',getDate(),'DBEU')
insert into TSEGMENTRULE2TYPE (SGTRUL_NT, SGMT_NF, SGT_NT, SGTVER_NT, SGTTYP_NT, CRE_D, CREUSR_CF) values (4,14,120,1,18,getDate(),'DBEU')
insert into TSEGMENTRULE2CRI (SGTRULE_NT, SGMT_NF, SGT_NT, SGTVER_NT, SGTCRI_CF, CRE_D, CREUSR_CF) values (5,14,120,1,'COUNTRY_REPORTING',getDate(),'DBEU')
insert into TSEGMENTRULE2TYPE (SGTRUL_NT, SGMT_NF, SGT_NT, SGTVER_NT, SGTTYP_NT, CRE_D, CREUSR_CF) values (5,14,120,1,18,getDate(),'DBEU')
insert into TSEGMENTRULE2CRI (SGTRULE_NT, SGMT_NF, SGT_NT, SGTVER_NT, SGTCRI_CF, CRE_D, CREUSR_CF) values (6,14,120,1,'COUNTRY_REPORTING',getDate(),'DBEU')
insert into TSEGMENTRULE2TYPE (SGTRUL_NT, SGMT_NF, SGT_NT, SGTVER_NT, SGTTYP_NT, CRE_D, CREUSR_CF) values (6,14,120,1,18,getDate(),'DBEU')
insert into TSEGMENTRULE2CRI (SGTRULE_NT, SGMT_NF, SGT_NT, SGTVER_NT, SGTCRI_CF, CRE_D, CREUSR_CF) values (7,14,120,1,'COUNTRY_REPORTING',getDate(),'DBEU')
insert into TSEGMENTRULE2TYPE (SGTRUL_NT, SGMT_NF, SGT_NT, SGTVER_NT, SGTTYP_NT, CRE_D, CREUSR_CF) values (7,14,120,1,18,getDate(),'DBEU')
go
insert into TSEGMT (SGMT_NF, SGT_NT, SGTVER_NT, SGMT_LS, SGMT_LL, SGTLVL_NT, PARSGMT_CF, BALAIMGT_CT, CRE_D, CREUSR_CF, LSTUPD_D, LSTUPDUSR_CF, timestamp) values (15,120,1,'9BZ','Brazil',0,null,null,getDate(),'DBEU',getDate(),'DBEU',null)
insert into TSEGMENTRULE2CRI (SGTRULE_NT, SGMT_NF, SGT_NT, SGTVER_NT, SGTCRI_CF, CRE_D, CREUSR_CF) values (1,15,120,1,'COUNTRY_REPORTING',getDate(),'DBEU')
insert into TSEGMENTRULE2TYPE (SGTRUL_NT, SGMT_NF, SGT_NT, SGTVER_NT, SGTTYP_NT, CRE_D, CREUSR_CF) values (1,15,120,1,18,getDate(),'DBEU')
go
insert into TSEGMT (SGMT_NF, SGT_NT, SGTVER_NT, SGMT_LS, SGMT_LL, SGTLVL_NT, PARSGMT_CF, BALAIMGT_CT, CRE_D, CREUSR_CF, LSTUPD_D, LSTUPDUSR_CF, timestamp) values (16,120,1,'9SG','Singapore',0,null,null,getDate(),'DBEU',getDate(),'DBEU',null)
insert into TSEGMENTRULE2CRI (SGTRULE_NT, SGMT_NF, SGT_NT, SGTVER_NT, SGTCRI_CF, CRE_D, CREUSR_CF) values (1,16,120,1,'COUNTRY_REPORTING',getDate(),'DBEU')
insert into TSEGMENTRULE2TYPE (SGTRUL_NT, SGMT_NF, SGT_NT, SGTVER_NT, SGTTYP_NT, CRE_D, CREUSR_CF) values (1,16,120,1,18,getDate(),'DBEU')
insert into TSEGMENTRULE2CRI (SGTRULE_NT, SGMT_NF, SGT_NT, SGTVER_NT, SGTCRI_CF, CRE_D, CREUSR_CF) values (2,16,120,1,'COUNTRY_REPORTING',getDate(),'DBEU')
insert into TSEGMENTRULE2TYPE (SGTRUL_NT, SGMT_NF, SGT_NT, SGTVER_NT, SGTTYP_NT, CRE_D, CREUSR_CF) values (2,16,120,1,18,getDate(),'DBEU')
insert into TSEGMENTRULE2CRI (SGTRULE_NT, SGMT_NF, SGT_NT, SGTVER_NT, SGTCRI_CF, CRE_D, CREUSR_CF) values (3,16,120,1,'COUNTRY_REPORTING',getDate(),'DBEU')
insert into TSEGMENTRULE2TYPE (SGTRUL_NT, SGMT_NF, SGT_NT, SGTVER_NT, SGTTYP_NT, CRE_D, CREUSR_CF) values (3,16,120,1,18,getDate(),'DBEU')
go
insert into TSEGMT (SGMT_NF, SGT_NT, SGTVER_NT, SGMT_LS, SGMT_LL, SGTLVL_NT, PARSGMT_CF, BALAIMGT_CT, CRE_D, CREUSR_CF, LSTUPD_D, LSTUPDUSR_CF, timestamp) values (17,120,1,'9CD','Canada',0,null,null,getDate(),'DBEU',getDate(),'DBEU',null)
insert into TSEGMENTRULE2CRI (SGTRULE_NT, SGMT_NF, SGT_NT, SGTVER_NT, SGTCRI_CF, CRE_D, CREUSR_CF) values (1,17,120,1,'COUNTRY_REPORTING',getDate(),'DBEU')
insert into TSEGMENTRULE2TYPE (SGTRUL_NT, SGMT_NF, SGT_NT, SGTVER_NT, SGTTYP_NT, CRE_D, CREUSR_CF) values (1,17,120,1,18,getDate(),'DBEU')
go
insert into TSEGMT (SGMT_NF, SGT_NT, SGTVER_NT, SGMT_LS, SGMT_LL, SGTLVL_NT, PARSGMT_CF, BALAIMGT_CT, CRE_D, CREUSR_CF, LSTUPD_D, LSTUPDUSR_CF, timestamp) values (18,120,1,'9SW','Switzerland',0,null,null,getDate(),'DBEU',getDate(),'DBEU',null)
insert into TSEGMENTRULE2CRI (SGTRULE_NT, SGMT_NF, SGT_NT, SGTVER_NT, SGTCRI_CF, CRE_D, CREUSR_CF) values (1,18,120,1,'COUNTRY_REPORTING',getDate(),'DBEU')
insert into TSEGMENTRULE2TYPE (SGTRUL_NT, SGMT_NF, SGT_NT, SGTVER_NT, SGTTYP_NT, CRE_D, CREUSR_CF) values (1,18,120,1,18,getDate(),'DBEU')
insert into TSEGMENTRULE2CRI (SGTRULE_NT, SGMT_NF, SGT_NT, SGTVER_NT, SGTCRI_CF, CRE_D, CREUSR_CF) values (2,18,120,1,'COUNTRY_REPORTING',getDate(),'DBEU')
insert into TSEGMENTRULE2TYPE (SGTRUL_NT, SGMT_NF, SGT_NT, SGTVER_NT, SGTTYP_NT, CRE_D, CREUSR_CF) values (2,18,120,1,18,getDate(),'DBEU')
go
insert into TSEGMT (SGMT_NF, SGT_NT, SGTVER_NT, SGMT_LS, SGMT_LL, SGTLVL_NT, PARSGMT_CF, BALAIMGT_CT, CRE_D, CREUSR_CF, LSTUPD_D, LSTUPDUSR_CF, timestamp) values (19,120,1,'9CH','Greater China',0,null,null,getDate(),'DBEU',getDate(),'DBEU',null)
insert into TSEGMENTRULE2CRI (SGTRULE_NT, SGMT_NF, SGT_NT, SGTVER_NT, SGTCRI_CF, CRE_D, CREUSR_CF) values (1,19,120,1,'COUNTRY_REPORTING',getDate(),'DBEU')
insert into TSEGMENTRULE2TYPE (SGTRUL_NT, SGMT_NF, SGT_NT, SGTVER_NT, SGTTYP_NT, CRE_D, CREUSR_CF) values (1,19,120,1,18,getDate(),'DBEU')
insert into TSEGMENTRULE2CRI (SGTRULE_NT, SGMT_NF, SGT_NT, SGTVER_NT, SGTCRI_CF, CRE_D, CREUSR_CF) values (2,19,120,1,'COUNTRY_REPORTING',getDate(),'DBEU')
insert into TSEGMENTRULE2TYPE (SGTRUL_NT, SGMT_NF, SGT_NT, SGTVER_NT, SGTTYP_NT, CRE_D, CREUSR_CF) values (2,19,120,1,18,getDate(),'DBEU')
go
insert into TSEGMT (SGMT_NF, SGT_NT, SGTVER_NT, SGMT_LS, SGMT_LL, SGTLVL_NT, PARSGMT_CF, BALAIMGT_CT, CRE_D, CREUSR_CF, LSTUPD_D, LSTUPDUSR_CF, timestamp) values (20,120,1,'9TG','Turkey Greece',0,null,null,getDate(),'DBEU',getDate(),'DBEU',null)
insert into TSEGMENTRULE2CRI (SGTRULE_NT, SGMT_NF, SGT_NT, SGTVER_NT, SGTCRI_CF, CRE_D, CREUSR_CF) values (1,20,120,1,'COUNTRY_REPORTING',getDate(),'DBEU')
insert into TSEGMENTRULE2TYPE (SGTRUL_NT, SGMT_NF, SGT_NT, SGTVER_NT, SGTTYP_NT, CRE_D, CREUSR_CF) values (1,20,120,1,18,getDate(),'DBEU')
insert into TSEGMENTRULE2CRI (SGTRULE_NT, SGMT_NF, SGT_NT, SGTVER_NT, SGTCRI_CF, CRE_D, CREUSR_CF) values (2,20,120,1,'COUNTRY_REPORTING',getDate(),'DBEU')
insert into TSEGMENTRULE2TYPE (SGTRUL_NT, SGMT_NF, SGT_NT, SGTVER_NT, SGTTYP_NT, CRE_D, CREUSR_CF) values (2,20,120,1,18,getDate(),'DBEU')
insert into TSEGMENTRULE2CRI (SGTRULE_NT, SGMT_NF, SGT_NT, SGTVER_NT, SGTCRI_CF, CRE_D, CREUSR_CF) values (3,20,120,1,'COUNTRY_REPORTING',getDate(),'DBEU')
insert into TSEGMENTRULE2TYPE (SGTRUL_NT, SGMT_NF, SGT_NT, SGTVER_NT, SGTTYP_NT, CRE_D, CREUSR_CF) values (3,20,120,1,18,getDate(),'DBEU')
insert into TSEGMENTRULE2CRI (SGTRULE_NT, SGMT_NF, SGT_NT, SGTVER_NT, SGTCRI_CF, CRE_D, CREUSR_CF) values (4,20,120,1,'COUNTRY_REPORTING',getDate(),'DBEU')
insert into TSEGMENTRULE2TYPE (SGTRUL_NT, SGMT_NF, SGT_NT, SGTVER_NT, SGTTYP_NT, CRE_D, CREUSR_CF) values (4,20,120,1,18,getDate(),'DBEU')
go
insert into TSEGMT (SGMT_NF, SGT_NT, SGTVER_NT, SGMT_LS, SGMT_LL, SGTLVL_NT, PARSGMT_CF, BALAIMGT_CT, CRE_D, CREUSR_CF, LSTUPD_D, LSTUPDUSR_CF, timestamp) values (21,120,1,'9DE','Germany',0,null,null,getDate(),'DBEU',getDate(),'DBEU',null)
insert into TSEGMENTRULE2CRI (SGTRULE_NT, SGMT_NF, SGT_NT, SGTVER_NT, SGTCRI_CF, CRE_D, CREUSR_CF) values (1,21,120,1,'COUNTRY_REPORTING',getDate(),'DBEU')
insert into TSEGMENTRULE2TYPE (SGTRUL_NT, SGMT_NF, SGT_NT, SGTVER_NT, SGTTYP_NT, CRE_D, CREUSR_CF) values (1,21,120,1,18,getDate(),'DBEU')
go
insert into TSEGMT (SGMT_NF, SGT_NT, SGTVER_NT, SGMT_LS, SGMT_LL, SGTLVL_NT, PARSGMT_CF, BALAIMGT_CT, CRE_D, CREUSR_CF, LSTUPD_D, LSTUPDUSR_CF, timestamp) values (22,120,1,'9SC','Scandinavia',0,null,null,getDate(),'DBEU',getDate(),'DBEU',null)
insert into TSEGMENTRULE2CRI (SGTRULE_NT, SGMT_NF, SGT_NT, SGTVER_NT, SGTCRI_CF, CRE_D, CREUSR_CF) values (1,22,120,1,'COUNTRY_REPORTING',getDate(),'DBEU')
insert into TSEGMENTRULE2TYPE (SGTRUL_NT, SGMT_NF, SGT_NT, SGTVER_NT, SGTTYP_NT, CRE_D, CREUSR_CF) values (1,22,120,1,18,getDate(),'DBEU')
insert into TSEGMENTRULE2CRI (SGTRULE_NT, SGMT_NF, SGT_NT, SGTVER_NT, SGTCRI_CF, CRE_D, CREUSR_CF) values (2,22,120,1,'COUNTRY_REPORTING',getDate(),'DBEU')
insert into TSEGMENTRULE2TYPE (SGTRUL_NT, SGMT_NF, SGT_NT, SGTVER_NT, SGTTYP_NT, CRE_D, CREUSR_CF) values (2,22,120,1,18,getDate(),'DBEU')
insert into TSEGMENTRULE2CRI (SGTRULE_NT, SGMT_NF, SGT_NT, SGTVER_NT, SGTCRI_CF, CRE_D, CREUSR_CF) values (3,22,120,1,'COUNTRY_REPORTING',getDate(),'DBEU')
insert into TSEGMENTRULE2TYPE (SGTRUL_NT, SGMT_NF, SGT_NT, SGTVER_NT, SGTTYP_NT, CRE_D, CREUSR_CF) values (3,22,120,1,18,getDate(),'DBEU')
insert into TSEGMENTRULE2CRI (SGTRULE_NT, SGMT_NF, SGT_NT, SGTVER_NT, SGTCRI_CF, CRE_D, CREUSR_CF) values (4,22,120,1,'COUNTRY_REPORTING',getDate(),'DBEU')
insert into TSEGMENTRULE2TYPE (SGTRUL_NT, SGMT_NF, SGT_NT, SGTVER_NT, SGTTYP_NT, CRE_D, CREUSR_CF) values (4,22,120,1,18,getDate(),'DBEU')
insert into TSEGMENTRULE2CRI (SGTRULE_NT, SGMT_NF, SGT_NT, SGTVER_NT, SGTCRI_CF, CRE_D, CREUSR_CF) values (5,22,120,1,'COUNTRY_REPORTING',getDate(),'DBEU')
insert into TSEGMENTRULE2TYPE (SGTRUL_NT, SGMT_NF, SGT_NT, SGTVER_NT, SGTTYP_NT, CRE_D, CREUSR_CF) values (5,22,120,1,18,getDate(),'DBEU')
insert into TSEGMENTRULE2CRI (SGTRULE_NT, SGMT_NF, SGT_NT, SGTVER_NT, SGTCRI_CF, CRE_D, CREUSR_CF) values (6,22,120,1,'COUNTRY_REPORTING',getDate(),'DBEU')
insert into TSEGMENTRULE2TYPE (SGTRUL_NT, SGMT_NF, SGT_NT, SGTVER_NT, SGTTYP_NT, CRE_D, CREUSR_CF) values (6,22,120,1,18,getDate(),'DBEU')
go
insert into TSEGMT (SGMT_NF, SGT_NT, SGTVER_NT, SGMT_LS, SGMT_LL, SGTLVL_NT, PARSGMT_CF, BALAIMGT_CT, CRE_D, CREUSR_CF, LSTUPD_D, LSTUPDUSR_CF, timestamp) values (23,120,1,'9EG','Egypt',0,null,null,getDate(),'DBEU',getDate(),'DBEU',null)
insert into TSEGMENTRULE2CRI (SGTRULE_NT, SGMT_NF, SGT_NT, SGTVER_NT, SGTCRI_CF, CRE_D, CREUSR_CF) values (1,23,120,1,'COUNTRY_REPORTING',getDate(),'DBEU')
insert into TSEGMENTRULE2TYPE (SGTRUL_NT, SGMT_NF, SGT_NT, SGTVER_NT, SGTTYP_NT, CRE_D, CREUSR_CF) values (1,23,120,1,18,getDate(),'DBEU')
go
insert into TSEGMT (SGMT_NF, SGT_NT, SGTVER_NT, SGMT_LS, SGMT_LL, SGTLVL_NT, PARSGMT_CF, BALAIMGT_CT, CRE_D, CREUSR_CF, LSTUPD_D, LSTUPDUSR_CF, timestamp) values (24,120,1,'9NE','Northern Eastern',0,null,null,getDate(),'DBEU',getDate(),'DBEU',null)
insert into TSEGMENTRULE2CRI (SGTRULE_NT, SGMT_NF, SGT_NT, SGTVER_NT, SGTCRI_CF, CRE_D, CREUSR_CF) values (1,24,120,1,'COUNTRY_REPORTING',getDate(),'DBEU')
insert into TSEGMENTRULE2TYPE (SGTRUL_NT, SGMT_NF, SGT_NT, SGTVER_NT, SGTTYP_NT, CRE_D, CREUSR_CF) values (1,24,120,1,18,getDate(),'DBEU')
insert into TSEGMENTRULE2CRI (SGTRULE_NT, SGMT_NF, SGT_NT, SGTVER_NT, SGTCRI_CF, CRE_D, CREUSR_CF) values (2,24,120,1,'COUNTRY_REPORTING',getDate(),'DBEU')
insert into TSEGMENTRULE2TYPE (SGTRUL_NT, SGMT_NF, SGT_NT, SGTVER_NT, SGTTYP_NT, CRE_D, CREUSR_CF) values (2,24,120,1,18,getDate(),'DBEU')
insert into TSEGMENTRULE2CRI (SGTRULE_NT, SGMT_NF, SGT_NT, SGTVER_NT, SGTCRI_CF, CRE_D, CREUSR_CF) values (3,24,120,1,'COUNTRY_REPORTING',getDate(),'DBEU')
insert into TSEGMENTRULE2TYPE (SGTRUL_NT, SGMT_NF, SGT_NT, SGTVER_NT, SGTTYP_NT, CRE_D, CREUSR_CF) values (3,24,120,1,18,getDate(),'DBEU')
insert into TSEGMENTRULE2CRI (SGTRULE_NT, SGMT_NF, SGT_NT, SGTVER_NT, SGTCRI_CF, CRE_D, CREUSR_CF) values (4,24,120,1,'COUNTRY_REPORTING',getDate(),'DBEU')
insert into TSEGMENTRULE2TYPE (SGTRUL_NT, SGMT_NF, SGT_NT, SGTVER_NT, SGTTYP_NT, CRE_D, CREUSR_CF) values (4,24,120,1,18,getDate(),'DBEU')
go
insert into TSEGMT (SGMT_NF, SGT_NT, SGTVER_NT, SGMT_LS, SGMT_LL, SGTLVL_NT, PARSGMT_CF, BALAIMGT_CT, CRE_D, CREUSR_CF, LSTUPD_D, LSTUPDUSR_CF, timestamp) values (25,120,1,'9OC','Oceania',0,null,null,getDate(),'DBEU',getDate(),'DBEU',null)
insert into TSEGMENTRULE2CRI (SGTRULE_NT, SGMT_NF, SGT_NT, SGTVER_NT, SGTCRI_CF, CRE_D, CREUSR_CF) values (1,25,120,1,'COUNTRY_REPORTING',getDate(),'DBEU')
insert into TSEGMENTRULE2TYPE (SGTRUL_NT, SGMT_NF, SGT_NT, SGTVER_NT, SGTTYP_NT, CRE_D, CREUSR_CF) values (1,25,120,1,18,getDate(),'DBEU')
insert into TSEGMENTRULE2CRI (SGTRULE_NT, SGMT_NF, SGT_NT, SGTVER_NT, SGTCRI_CF, CRE_D, CREUSR_CF) values (2,25,120,1,'COUNTRY_REPORTING',getDate(),'DBEU')
insert into TSEGMENTRULE2TYPE (SGTRUL_NT, SGMT_NF, SGT_NT, SGTVER_NT, SGTTYP_NT, CRE_D, CREUSR_CF) values (2,25,120,1,18,getDate(),'DBEU')
insert into TSEGMENTRULE2CRI (SGTRULE_NT, SGMT_NF, SGT_NT, SGTVER_NT, SGTCRI_CF, CRE_D, CREUSR_CF) values (3,25,120,1,'COUNTRY_REPORTING',getDate(),'DBEU')
insert into TSEGMENTRULE2TYPE (SGTRUL_NT, SGMT_NF, SGT_NT, SGTVER_NT, SGTTYP_NT, CRE_D, CREUSR_CF) values (3,25,120,1,18,getDate(),'DBEU')
insert into TSEGMENTRULE2CRI (SGTRULE_NT, SGMT_NF, SGT_NT, SGTVER_NT, SGTCRI_CF, CRE_D, CREUSR_CF) values (4,25,120,1,'COUNTRY_REPORTING',getDate(),'DBEU')
insert into TSEGMENTRULE2TYPE (SGTRUL_NT, SGMT_NF, SGT_NT, SGTVER_NT, SGTTYP_NT, CRE_D, CREUSR_CF) values (4,25,120,1,18,getDate(),'DBEU')
insert into TSEGMENTRULE2CRI (SGTRULE_NT, SGMT_NF, SGT_NT, SGTVER_NT, SGTCRI_CF, CRE_D, CREUSR_CF) values (5,25,120,1,'COUNTRY_REPORTING',getDate(),'DBEU')
insert into TSEGMENTRULE2TYPE (SGTRUL_NT, SGMT_NF, SGT_NT, SGTVER_NT, SGTTYP_NT, CRE_D, CREUSR_CF) values (5,25,120,1,18,getDate(),'DBEU')
go
insert into TSEGMT (SGMT_NF, SGT_NT, SGTVER_NT, SGMT_LS, SGMT_LL, SGTLVL_NT, PARSGMT_CF, BALAIMGT_CT, CRE_D, CREUSR_CF, LSTUPD_D, LSTUPDUSR_CF, timestamp) values (26,120,1,'9FR','France',0,null,null,getDate(),'DBEU',getDate(),'DBEU',null)
insert into TSEGMENTRULE2CRI (SGTRULE_NT, SGMT_NF, SGT_NT, SGTVER_NT, SGTCRI_CF, CRE_D, CREUSR_CF) values (1,26,120,1,'COUNTRY_REPORTING',getDate(),'DBEU')
insert into TSEGMENTRULE2TYPE (SGTRUL_NT, SGMT_NF, SGT_NT, SGTVER_NT, SGTTYP_NT, CRE_D, CREUSR_CF) values (1,26,120,1,18,getDate(),'DBEU')
insert into TSEGMENTRULE2CRI (SGTRULE_NT, SGMT_NF, SGT_NT, SGTVER_NT, SGTCRI_CF, CRE_D, CREUSR_CF) values (2,26,120,1,'COUNTRY_REPORTING',getDate(),'DBEU')
insert into TSEGMENTRULE2TYPE (SGTRUL_NT, SGMT_NF, SGT_NT, SGTVER_NT, SGTTYP_NT, CRE_D, CREUSR_CF) values (2,26,120,1,18,getDate(),'DBEU')
go
insert into TSEGMT (SGMT_NF, SGT_NT, SGTVER_NT, SGMT_LS, SGMT_LL, SGTLVL_NT, PARSGMT_CF, BALAIMGT_CT, CRE_D, CREUSR_CF, LSTUPD_D, LSTUPDUSR_CF, timestamp) values (27,120,1,'9UK','UK / Ireland',0,null,null,getDate(),'DBEU',getDate(),'DBEU',null)
insert into TSEGMENTRULE2CRI (SGTRULE_NT, SGMT_NF, SGT_NT, SGTVER_NT, SGTCRI_CF, CRE_D, CREUSR_CF) values (1,27,120,1,'COUNTRY_REPORTING',getDate(),'DBEU')
insert into TSEGMENTRULE2TYPE (SGTRUL_NT, SGMT_NF, SGT_NT, SGTVER_NT, SGTTYP_NT, CRE_D, CREUSR_CF) values (1,27,120,1,18,getDate(),'DBEU')
insert into TSEGMENTRULE2CRI (SGTRULE_NT, SGMT_NF, SGT_NT, SGTVER_NT, SGTCRI_CF, CRE_D, CREUSR_CF) values (2,27,120,1,'COUNTRY_REPORTING',getDate(),'DBEU')
insert into TSEGMENTRULE2TYPE (SGTRUL_NT, SGMT_NF, SGT_NT, SGTVER_NT, SGTTYP_NT, CRE_D, CREUSR_CF) values (2,27,120,1,18,getDate(),'DBEU')
insert into TSEGMENTRULE2CRI (SGTRULE_NT, SGMT_NF, SGT_NT, SGTVER_NT, SGTCRI_CF, CRE_D, CREUSR_CF) values (3,27,120,1,'COUNTRY_REPORTING',getDate(),'DBEU')
insert into TSEGMENTRULE2TYPE (SGTRUL_NT, SGMT_NF, SGT_NT, SGTVER_NT, SGTTYP_NT, CRE_D, CREUSR_CF) values (3,27,120,1,18,getDate(),'DBEU')
insert into TSEGMENTRULE2CRI (SGTRULE_NT, SGMT_NF, SGT_NT, SGTVER_NT, SGTCRI_CF, CRE_D, CREUSR_CF) values (4,27,120,1,'COUNTRY_REPORTING',getDate(),'DBEU')
insert into TSEGMENTRULE2TYPE (SGTRUL_NT, SGMT_NF, SGT_NT, SGTVER_NT, SGTTYP_NT, CRE_D, CREUSR_CF) values (4,27,120,1,18,getDate(),'DBEU')
go
insert into TSEGMT (SGMT_NF, SGT_NT, SGTVER_NT, SGMT_LS, SGMT_LL, SGTLVL_NT, PARSGMT_CF, BALAIMGT_CT, CRE_D, CREUSR_CF, LSTUPD_D, LSTUPDUSR_CF, timestamp) values (28,120,1,'9US','USA',0,null,null,getDate(),'DBEU',getDate(),'DBEU',null)
insert into TSEGMENTRULE2CRI (SGTRULE_NT, SGMT_NF, SGT_NT, SGTVER_NT, SGTCRI_CF, CRE_D, CREUSR_CF) values (1,28,120,1,'COUNTRY_REPORTING',getDate(),'DBEU')
insert into TSEGMENTRULE2TYPE (SGTRUL_NT, SGMT_NF, SGT_NT, SGTVER_NT, SGTTYP_NT, CRE_D, CREUSR_CF) values (1,28,120,1,18,getDate(),'DBEU')
insert into TSEGMENTRULE2CRI (SGTRULE_NT, SGMT_NF, SGT_NT, SGTVER_NT, SGTCRI_CF, CRE_D, CREUSR_CF) values (2,28,120,1,'COUNTRY_REPORTING',getDate(),'DBEU')
insert into TSEGMENTRULE2TYPE (SGTRUL_NT, SGMT_NF, SGT_NT, SGTVER_NT, SGTTYP_NT, CRE_D, CREUSR_CF) values (2,28,120,1,18,getDate(),'DBEU')
insert into TSEGMENTRULE2CRI (SGTRULE_NT, SGMT_NF, SGT_NT, SGTVER_NT, SGTCRI_CF, CRE_D, CREUSR_CF) values (3,28,120,1,'COUNTRY_REPORTING',getDate(),'DBEU')
insert into TSEGMENTRULE2TYPE (SGTRUL_NT, SGMT_NF, SGT_NT, SGTVER_NT, SGTTYP_NT, CRE_D, CREUSR_CF) values (3,28,120,1,18,getDate(),'DBEU')
insert into TSEGMENTRULE2CRI (SGTRULE_NT, SGMT_NF, SGT_NT, SGTVER_NT, SGTCRI_CF, CRE_D, CREUSR_CF) values (4,28,120,1,'COUNTRY_REPORTING',getDate(),'DBEU')
insert into TSEGMENTRULE2TYPE (SGTRUL_NT, SGMT_NF, SGT_NT, SGTVER_NT, SGTTYP_NT, CRE_D, CREUSR_CF) values (4,28,120,1,18,getDate(),'DBEU')
insert into TSEGMENTRULE2CRI (SGTRULE_NT, SGMT_NF, SGT_NT, SGTVER_NT, SGTCRI_CF, CRE_D, CREUSR_CF) values (5,28,120,1,'COUNTRY_REPORTING',getDate(),'DBEU')
insert into TSEGMENTRULE2TYPE (SGTRUL_NT, SGMT_NF, SGT_NT, SGTVER_NT, SGTTYP_NT, CRE_D, CREUSR_CF) values (5,28,120,1,18,getDate(),'DBEU')
insert into TSEGMENTRULE2CRI (SGTRULE_NT, SGMT_NF, SGT_NT, SGTVER_NT, SGTCRI_CF, CRE_D, CREUSR_CF) values (6,28,120,1,'COUNTRY_REPORTING',getDate(),'DBEU')
insert into TSEGMENTRULE2TYPE (SGTRUL_NT, SGMT_NF, SGT_NT, SGTVER_NT, SGTTYP_NT, CRE_D, CREUSR_CF) values (6,28,120,1,18,getDate(),'DBEU')
insert into TSEGMENTRULE2CRI (SGTRULE_NT, SGMT_NF, SGT_NT, SGTVER_NT, SGTCRI_CF, CRE_D, CREUSR_CF) values (7,28,120,1,'COUNTRY_REPORTING',getDate(),'DBEU')
insert into TSEGMENTRULE2TYPE (SGTRUL_NT, SGMT_NF, SGT_NT, SGTVER_NT, SGTTYP_NT, CRE_D, CREUSR_CF) values (7,28,120,1,18,getDate(),'DBEU')
go
insert into TSEGMT (SGMT_NF, SGT_NT, SGTVER_NT, SGMT_LS, SGMT_LL, SGTLVL_NT, PARSGMT_CF, BALAIMGT_CT, CRE_D, CREUSR_CF, LSTUPD_D, LSTUPDUSR_CF, timestamp) values (29,120,1,'9HK','Hong Kong',0,null,null,getDate(),'DBEU',getDate(),'DBEU',null)
insert into TSEGMENTRULE2CRI (SGTRULE_NT, SGMT_NF, SGT_NT, SGTVER_NT, SGTCRI_CF, CRE_D, CREUSR_CF) values (1,29,120,1,'COUNTRY_REPORTING',getDate(),'DBEU')
insert into TSEGMENTRULE2TYPE (SGTRUL_NT, SGMT_NF, SGT_NT, SGTVER_NT, SGTTYP_NT, CRE_D, CREUSR_CF) values (1,29,120,1,18,getDate(),'DBEU')
go
insert into TSEGMT (SGMT_NF, SGT_NT, SGTVER_NT, SGMT_LS, SGMT_LL, SGTLVL_NT, PARSGMT_CF, BALAIMGT_CT, CRE_D, CREUSR_CF, LSTUPD_D, LSTUPDUSR_CF, timestamp) values (30,120,1,'9RA','Rest of Asia',0,null,null,getDate(),'DBEU',getDate(),'DBEU',null)
insert into TSEGMENTRULE2CRI (SGTRULE_NT, SGMT_NF, SGT_NT, SGTVER_NT, SGTCRI_CF, CRE_D, CREUSR_CF) values (1,30,120,1,'COUNTRY_REPORTING',getDate(),'DBEU')
insert into TSEGMENTRULE2TYPE (SGTRUL_NT, SGMT_NF, SGT_NT, SGTVER_NT, SGTTYP_NT, CRE_D, CREUSR_CF) values (1,30,120,1,18,getDate(),'DBEU')
insert into TSEGMENTRULE2CRI (SGTRULE_NT, SGMT_NF, SGT_NT, SGTVER_NT, SGTCRI_CF, CRE_D, CREUSR_CF) values (2,30,120,1,'COUNTRY_REPORTING',getDate(),'DBEU')
insert into TSEGMENTRULE2TYPE (SGTRUL_NT, SGMT_NF, SGT_NT, SGTVER_NT, SGTTYP_NT, CRE_D, CREUSR_CF) values (2,30,120,1,18,getDate(),'DBEU')
insert into TSEGMENTRULE2CRI (SGTRULE_NT, SGMT_NF, SGT_NT, SGTVER_NT, SGTCRI_CF, CRE_D, CREUSR_CF) values (3,30,120,1,'COUNTRY_REPORTING',getDate(),'DBEU')
insert into TSEGMENTRULE2TYPE (SGTRUL_NT, SGMT_NF, SGT_NT, SGTVER_NT, SGTTYP_NT, CRE_D, CREUSR_CF) values (3,30,120,1,18,getDate(),'DBEU')
insert into TSEGMENTRULE2CRI (SGTRULE_NT, SGMT_NF, SGT_NT, SGTVER_NT, SGTCRI_CF, CRE_D, CREUSR_CF) values (4,30,120,1,'COUNTRY_REPORTING',getDate(),'DBEU')
insert into TSEGMENTRULE2TYPE (SGTRUL_NT, SGMT_NF, SGT_NT, SGTVER_NT, SGTTYP_NT, CRE_D, CREUSR_CF) values (4,30,120,1,18,getDate(),'DBEU')
go
insert into TSEGMT (SGMT_NF, SGT_NT, SGTVER_NT, SGMT_LS, SGMT_LL, SGTLVL_NT, PARSGMT_CF, BALAIMGT_CT, CRE_D, CREUSR_CF, LSTUPD_D, LSTUPDUSR_CF, timestamp) values (31,120,1,'9IS','Israel',0,null,null,getDate(),'DBEU',getDate(),'DBEU',null)
insert into TSEGMENTRULE2CRI (SGTRULE_NT, SGMT_NF, SGT_NT, SGTVER_NT, SGTCRI_CF, CRE_D, CREUSR_CF) values (1,31,120,1,'COUNTRY_REPORTING',getDate(),'DBEU')
insert into TSEGMENTRULE2TYPE (SGTRUL_NT, SGMT_NF, SGT_NT, SGTVER_NT, SGTTYP_NT, CRE_D, CREUSR_CF) values (1,31,120,1,18,getDate(),'DBEU')
go
insert into TSEGMT (SGMT_NF, SGT_NT, SGTVER_NT, SGMT_LS, SGMT_LL, SGTLVL_NT, PARSGMT_CF, BALAIMGT_CT, CRE_D, CREUSR_CF, LSTUPD_D, LSTUPDUSR_CF, timestamp) values (32,120,1,'9IT','Italy',0,null,null,getDate(),'DBEU',getDate(),'DBEU',null)
insert into TSEGMENTRULE2CRI (SGTRULE_NT, SGMT_NF, SGT_NT, SGTVER_NT, SGTCRI_CF, CRE_D, CREUSR_CF) values (1,32,120,1,'COUNTRY_REPORTING',getDate(),'DBEU')
insert into TSEGMENTRULE2TYPE (SGTRUL_NT, SGMT_NF, SGT_NT, SGTVER_NT, SGTTYP_NT, CRE_D, CREUSR_CF) values (1,32,120,1,18,getDate(),'DBEU')
go
insert into TSEGMT (SGMT_NF, SGT_NT, SGTVER_NT, SGMT_LS, SGMT_LL, SGTLVL_NT, PARSGMT_CF, BALAIMGT_CT, CRE_D, CREUSR_CF, LSTUPD_D, LSTUPDUSR_CF, timestamp) values (33,120,1,'9JO','Jordan',0,null,null,getDate(),'DBEU',getDate(),'DBEU',null)
insert into TSEGMENTRULE2CRI (SGTRULE_NT, SGMT_NF, SGT_NT, SGTVER_NT, SGTCRI_CF, CRE_D, CREUSR_CF) values (1,33,120,1,'COUNTRY_REPORTING',getDate(),'DBEU')
insert into TSEGMENTRULE2TYPE (SGTRUL_NT, SGMT_NF, SGT_NT, SGTVER_NT, SGTTYP_NT, CRE_D, CREUSR_CF) values (1,33,120,1,18,getDate(),'DBEU')
go
insert into TSEGMT (SGMT_NF, SGT_NT, SGTVER_NT, SGMT_LS, SGMT_LL, SGTLVL_NT, PARSGMT_CF, BALAIMGT_CT, CRE_D, CREUSR_CF, LSTUPD_D, LSTUPDUSR_CF, timestamp) values (34,120,1,'9JN','Japan',0,null,null,getDate(),'DBEU',getDate(),'DBEU',null)
insert into TSEGMENTRULE2CRI (SGTRULE_NT, SGMT_NF, SGT_NT, SGTVER_NT, SGTCRI_CF, CRE_D, CREUSR_CF) values (1,34,120,1,'COUNTRY_REPORTING',getDate(),'DBEU')
insert into TSEGMENTRULE2TYPE (SGTRUL_NT, SGMT_NF, SGT_NT, SGTVER_NT, SGTTYP_NT, CRE_D, CREUSR_CF) values (1,34,120,1,18,getDate(),'DBEU')
go
insert into TSEGMT (SGMT_NF, SGT_NT, SGTVER_NT, SGMT_LS, SGMT_LL, SGTLVL_NT, PARSGMT_CF, BALAIMGT_CT, CRE_D, CREUSR_CF, LSTUPD_D, LSTUPDUSR_CF, timestamp) values (35,120,1,'9ML','Malaysia',0,null,null,getDate(),'DBEU',getDate(),'DBEU',null)
insert into TSEGMENTRULE2CRI (SGTRULE_NT, SGMT_NF, SGT_NT, SGTVER_NT, SGTCRI_CF, CRE_D, CREUSR_CF) values (1,35,120,1,'COUNTRY_REPORTING',getDate(),'DBEU')
insert into TSEGMENTRULE2TYPE (SGTRUL_NT, SGMT_NF, SGT_NT, SGTVER_NT, SGTTYP_NT, CRE_D, CREUSR_CF) values (1,35,120,1,18,getDate(),'DBEU')
insert into TSEGMENTRULE2CRI (SGTRULE_NT, SGMT_NF, SGT_NT, SGTVER_NT, SGTCRI_CF, CRE_D, CREUSR_CF) values (2,35,120,1,'COUNTRY_REPORTING',getDate(),'DBEU')
insert into TSEGMENTRULE2TYPE (SGTRUL_NT, SGMT_NF, SGT_NT, SGTVER_NT, SGTTYP_NT, CRE_D, CREUSR_CF) values (2,35,120,1,18,getDate(),'DBEU')
insert into TSEGMENTRULE2CRI (SGTRULE_NT, SGMT_NF, SGT_NT, SGTVER_NT, SGTCRI_CF, CRE_D, CREUSR_CF) values (3,35,120,1,'COUNTRY_REPORTING',getDate(),'DBEU')
insert into TSEGMENTRULE2TYPE (SGTRUL_NT, SGMT_NF, SGT_NT, SGTVER_NT, SGTTYP_NT, CRE_D, CREUSR_CF) values (3,35,120,1,18,getDate(),'DBEU')
go
insert into TSEGMT (SGMT_NF, SGT_NT, SGTVER_NT, SGMT_LS, SGMT_LL, SGTLVL_NT, PARSGMT_CF, BALAIMGT_CT, CRE_D, CREUSR_CF, LSTUPD_D, LSTUPDUSR_CF, timestamp) values (36,120,1,'9KO','Korea',0,null,null,getDate(),'DBEU',getDate(),'DBEU',null)
insert into TSEGMENTRULE2CRI (SGTRULE_NT, SGMT_NF, SGT_NT, SGTVER_NT, SGTCRI_CF, CRE_D, CREUSR_CF) values (1,36,120,1,'COUNTRY_REPORTING',getDate(),'DBEU')
insert into TSEGMENTRULE2TYPE (SGTRUL_NT, SGMT_NF, SGT_NT, SGTVER_NT, SGTTYP_NT, CRE_D, CREUSR_CF) values (1,36,120,1,18,getDate(),'DBEU')
insert into TSEGMENTRULE2CRI (SGTRULE_NT, SGMT_NF, SGT_NT, SGTVER_NT, SGTCRI_CF, CRE_D, CREUSR_CF) values (2,36,120,1,'COUNTRY_REPORTING',getDate(),'DBEU')
insert into TSEGMENTRULE2TYPE (SGTRUL_NT, SGMT_NF, SGT_NT, SGTVER_NT, SGTTYP_NT, CRE_D, CREUSR_CF) values (2,36,120,1,18,getDate(),'DBEU')
go
insert into TSEGMT (SGMT_NF, SGT_NT, SGTVER_NT, SGMT_LS, SGMT_LL, SGTLVL_NT, PARSGMT_CF, BALAIMGT_CT, CRE_D, CREUSR_CF, LSTUPD_D, LSTUPDUSR_CF, timestamp) values (37,120,1,'9LX','Luxembourg',0,null,null,getDate(),'DBEU',getDate(),'DBEU',null)
insert into TSEGMENTRULE2CRI (SGTRULE_NT, SGMT_NF, SGT_NT, SGTVER_NT, SGTCRI_CF, CRE_D, CREUSR_CF) values (1,37,120,1,'COUNTRY_REPORTING',getDate(),'DBEU')
insert into TSEGMENTRULE2TYPE (SGTRUL_NT, SGMT_NF, SGT_NT, SGTVER_NT, SGTTYP_NT, CRE_D, CREUSR_CF) values (1,37,120,1,18,getDate(),'DBEU')
go
insert into TSEGMT (SGMT_NF, SGT_NT, SGTVER_NT, SGMT_LS, SGMT_LL, SGTLVL_NT, PARSGMT_CF, BALAIMGT_CT, CRE_D, CREUSR_CF, LSTUPD_D, LSTUPDUSR_CF, timestamp) values (38,120,1,'9MX','Mexico',0,null,null,getDate(),'DBEU',getDate(),'DBEU',null)
insert into TSEGMENTRULE2CRI (SGTRULE_NT, SGMT_NF, SGT_NT, SGTVER_NT, SGTCRI_CF, CRE_D, CREUSR_CF) values (1,38,120,1,'COUNTRY_REPORTING',getDate(),'DBEU')
insert into TSEGMENTRULE2TYPE (SGTRUL_NT, SGMT_NF, SGT_NT, SGTVER_NT, SGTTYP_NT, CRE_D, CREUSR_CF) values (1,38,120,1,18,getDate(),'DBEU')
go
insert into TSEGMT (SGMT_NF, SGT_NT, SGTVER_NT, SGMT_LS, SGMT_LL, SGTLVL_NT, PARSGMT_CF, BALAIMGT_CT, CRE_D, CREUSR_CF, LSTUPD_D, LSTUPDUSR_CF, timestamp) values (39,120,1,'9NS','Netherlands',0,null,null,getDate(),'DBEU',getDate(),'DBEU',null)
insert into TSEGMENTRULE2CRI (SGTRULE_NT, SGMT_NF, SGT_NT, SGTVER_NT, SGTCRI_CF, CRE_D, CREUSR_CF) values (1,39,120,1,'COUNTRY_REPORTING',getDate(),'DBEU')
insert into TSEGMENTRULE2TYPE (SGTRUL_NT, SGMT_NF, SGT_NT, SGTVER_NT, SGTTYP_NT, CRE_D, CREUSR_CF) values (1,39,120,1,18,getDate(),'DBEU')
go
insert into TSEGMT (SGMT_NF, SGT_NT, SGTVER_NT, SGMT_LS, SGMT_LL, SGTLVL_NT, PARSGMT_CF, BALAIMGT_CT, CRE_D, CREUSR_CF, LSTUPD_D, LSTUPDUSR_CF, timestamp) values (40,120,1,'9NZ','New Zealand',0,null,null,getDate(),'DBEU',getDate(),'DBEU',null)
insert into TSEGMENTRULE2CRI (SGTRULE_NT, SGMT_NF, SGT_NT, SGTVER_NT, SGTCRI_CF, CRE_D, CREUSR_CF) values (1,40,120,1,'COUNTRY_REPORTING',getDate(),'DBEU')
insert into TSEGMENTRULE2TYPE (SGTRUL_NT, SGMT_NF, SGT_NT, SGTVER_NT, SGTTYP_NT, CRE_D, CREUSR_CF) values (1,40,120,1,18,getDate(),'DBEU')
go
insert into TSEGMT (SGMT_NF, SGT_NT, SGTVER_NT, SGMT_LS, SGMT_LL, SGTLVL_NT, PARSGMT_CF, BALAIMGT_CT, CRE_D, CREUSR_CF, LSTUPD_D, LSTUPDUSR_CF, timestamp) values (41,120,1,'9AR','Saudi Arabia',0,null,null,getDate(),'DBEU',getDate(),'DBEU',null)
insert into TSEGMENTRULE2CRI (SGTRULE_NT, SGMT_NF, SGT_NT, SGTVER_NT, SGTCRI_CF, CRE_D, CREUSR_CF) values (1,41,120,1,'COUNTRY_REPORTING',getDate(),'DBEU')
insert into TSEGMENTRULE2TYPE (SGTRUL_NT, SGMT_NF, SGT_NT, SGTVER_NT, SGTTYP_NT, CRE_D, CREUSR_CF) values (1,41,120,1,18,getDate(),'DBEU')
go
insert into TSEGMT (SGMT_NF, SGT_NT, SGTVER_NT, SGMT_LS, SGMT_LL, SGTLVL_NT, PARSGMT_CF, BALAIMGT_CT, CRE_D, CREUSR_CF, LSTUPD_D, LSTUPDUSR_CF, timestamp) values (42,120,1,'9TH','Thailand',0,null,null,getDate(),'DBEU',getDate(),'DBEU',null)
insert into TSEGMENTRULE2CRI (SGTRULE_NT, SGMT_NF, SGT_NT, SGTVER_NT, SGTCRI_CF, CRE_D, CREUSR_CF) values (1,42,120,1,'COUNTRY_REPORTING',getDate(),'DBEU')
insert into TSEGMENTRULE2TYPE (SGTRUL_NT, SGMT_NF, SGT_NT, SGTVER_NT, SGTTYP_NT, CRE_D, CREUSR_CF) values (1,42,120,1,18,getDate(),'DBEU')
go
insert into TSEGMT (SGMT_NF, SGT_NT, SGTVER_NT, SGMT_LS, SGMT_LL, SGTLVL_NT, PARSGMT_CF, BALAIMGT_CT, CRE_D, CREUSR_CF, LSTUPD_D, LSTUPDUSR_CF, timestamp) values (43,120,1,'9TW','Taiwan',0,null,null,getDate(),'DBEU',getDate(),'DBEU',null)
insert into TSEGMENTRULE2CRI (SGTRULE_NT, SGMT_NF, SGT_NT, SGTVER_NT, SGTCRI_CF, CRE_D, CREUSR_CF) values (1,43,120,1,'COUNTRY_REPORTING',getDate(),'DBEU')
insert into TSEGMENTRULE2TYPE (SGTRUL_NT, SGMT_NF, SGT_NT, SGTVER_NT, SGTTYP_NT, CRE_D, CREUSR_CF) values (1,43,120,1,18,getDate(),'DBEU')
go
insert into TSEGMT (SGMT_NF, SGT_NT, SGTVER_NT, SGMT_LS, SGMT_LL, SGTLVL_NT, PARSGMT_CF, BALAIMGT_CT, CRE_D, CREUSR_CF, LSTUPD_D, LSTUPDUSR_CF, timestamp) values (44,120,1,'9SH','South Africa',0,null,null,getDate(),'DBEU',getDate(),'DBEU',null)
insert into TSEGMENTRULE2CRI (SGTRULE_NT, SGMT_NF, SGT_NT, SGTVER_NT, SGTCRI_CF, CRE_D, CREUSR_CF) values (1,44,120,1,'COUNTRY_REPORTING',getDate(),'DBEU')
insert into TSEGMENTRULE2TYPE (SGTRUL_NT, SGMT_NF, SGT_NT, SGTVER_NT, SGTTYP_NT, CRE_D, CREUSR_CF) values (1,44,120,1,18,getDate(),'DBEU')
go
insert into TSEGMT (SGMT_NF, SGT_NT, SGTVER_NT, SGMT_LS, SGMT_LL, SGTLVL_NT, PARSGMT_CF, BALAIMGT_CT, CRE_D, CREUSR_CF, LSTUPD_D, LSTUPDUSR_CF, timestamp) values (45,120,1,'9UN','Unspecified',0,null,null,getDate(),'DBEU',getDate(),'DBEU',null)
insert into TSEGMENTRULE2TYPE (SGTRUL_NT, SGMT_NF, SGT_NT, SGTVER_NT, SGTTYP_NT, CRE_D, CREUSR_CF) values (1,45,120,1,18,getDate(),'DBEU')
go
insert into TSEGMT (SGMT_NF, SGT_NT, SGTVER_NT, SGMT_LS, SGMT_LL, SGTLVL_NT, PARSGMT_CF, BALAIMGT_CT, CRE_D, CREUSR_CF, LSTUPD_D, LSTUPDUSR_CF, timestamp) values (46,120,1,'CA3','Caribbean 3',0,null,null,getDate(),'DBEU',getDate(),'DBEU',null)
insert into TSEGMENTRULE2CRI (SGTRULE_NT, SGMT_NF, SGT_NT, SGTVER_NT, SGTCRI_CF, CRE_D, CREUSR_CF) values (1,46,120,1,'COUNTRY_REPORTING',getDate(),'DBEU')
insert into TSEGMENTRULE2CRI (SGTRULE_NT, SGMT_NF, SGT_NT, SGTVER_NT, SGTCRI_CF, CRE_D, CREUSR_CF) values (2,46,120,1,'COUNTRY_REPORTING',getDate(),'DBEU')
go
insert into TSEGMT (SGMT_NF, SGT_NT, SGTVER_NT, SGMT_LS, SGMT_LL, SGTLVL_NT, PARSGMT_CF, BALAIMGT_CT, CRE_D, CREUSR_CF, LSTUPD_D, LSTUPDUSR_CF, timestamp) values (47,120,1,'OSI','Others Sub India',0,null,null,getDate(),'DBEU',getDate(),'DBEU',null)
insert into TSEGMENTRULE2CRI (SGTRULE_NT, SGMT_NF, SGT_NT, SGTVER_NT, SGTCRI_CF, CRE_D, CREUSR_CF) values (1,47,120,1,'COUNTRY_REPORTING',getDate(),'DBEU')
insert into TSEGMENTRULE2CRI (SGTRULE_NT, SGMT_NF, SGT_NT, SGTVER_NT, SGTCRI_CF, CRE_D, CREUSR_CF) values (2,47,120,1,'COUNTRY_REPORTING',getDate(),'DBEU')
insert into TSEGMENTRULE2CRI (SGTRULE_NT, SGMT_NF, SGT_NT, SGTVER_NT, SGTCRI_CF, CRE_D, CREUSR_CF) values (3,47,120,1,'COUNTRY_REPORTING',getDate(),'DBEU')
insert into TSEGMENTRULE2CRI (SGTRULE_NT, SGMT_NF, SGT_NT, SGTVER_NT, SGTCRI_CF, CRE_D, CREUSR_CF) values (4,47,120,1,'COUNTRY_REPORTING',getDate(),'DBEU')
insert into TSEGMENTRULE2CRI (SGTRULE_NT, SGMT_NF, SGT_NT, SGTVER_NT, SGTCRI_CF, CRE_D, CREUSR_CF) values (5,47,120,1,'COUNTRY_REPORTING',getDate(),'DBEU')
insert into TSEGMENTRULE2CRI (SGTRULE_NT, SGMT_NF, SGT_NT, SGTVER_NT, SGTCRI_CF, CRE_D, CREUSR_CF) values (6,47,120,1,'COUNTRY_REPORTING',getDate(),'DBEU')
go
insert into TSEGMT (SGMT_NF, SGT_NT, SGTVER_NT, SGMT_LS, SGMT_LL, SGTLVL_NT, PARSGMT_CF, BALAIMGT_CT, CRE_D, CREUSR_CF, LSTUPD_D, LSTUPDUSR_CF, timestamp) values (48,120,1,'AGO','ANGOLA',0,null,null,getDate(),'DBEU',getDate(),'DBEU',null)
insert into TSEGMENTRULE2CRI (SGTRULE_NT, SGMT_NF, SGT_NT, SGTVER_NT, SGTCRI_CF, CRE_D, CREUSR_CF) values (1,48,120,1,'COUNTRY_REPORTING',getDate(),'DBEU')
go
insert into TSEGMT (SGMT_NF, SGT_NT, SGTVER_NT, SGMT_LS, SGMT_LL, SGTLVL_NT, PARSGMT_CF, BALAIMGT_CT, CRE_D, CREUSR_CF, LSTUPD_D, LSTUPDUSR_CF, timestamp) values (49,120,1,'CA6','Caribbean 6',0,null,null,getDate(),'DBEU',getDate(),'DBEU',null)
insert into TSEGMENTRULE2CRI (SGTRULE_NT, SGMT_NF, SGT_NT, SGTVER_NT, SGTCRI_CF, CRE_D, CREUSR_CF) values (1,49,120,1,'COUNTRY_REPORTING',getDate(),'DBEU')
insert into TSEGMENTRULE2CRI (SGTRULE_NT, SGMT_NF, SGT_NT, SGTVER_NT, SGTCRI_CF, CRE_D, CREUSR_CF) values (2,49,120,1,'COUNTRY_REPORTING',getDate(),'DBEU')
insert into TSEGMENTRULE2CRI (SGTRULE_NT, SGMT_NF, SGT_NT, SGTVER_NT, SGTCRI_CF, CRE_D, CREUSR_CF) values (3,49,120,1,'COUNTRY_REPORTING',getDate(),'DBEU')
insert into TSEGMENTRULE2CRI (SGTRULE_NT, SGMT_NF, SGT_NT, SGTVER_NT, SGTCRI_CF, CRE_D, CREUSR_CF) values (4,49,120,1,'COUNTRY_REPORTING',getDate(),'DBEU')
insert into TSEGMENTRULE2CRI (SGTRULE_NT, SGMT_NF, SGT_NT, SGTVER_NT, SGTCRI_CF, CRE_D, CREUSR_CF) values (5,49,120,1,'COUNTRY_REPORTING',getDate(),'DBEU')
insert into TSEGMENTRULE2CRI (SGTRULE_NT, SGMT_NF, SGT_NT, SGTVER_NT, SGTCRI_CF, CRE_D, CREUSR_CF) values (6,49,120,1,'COUNTRY_REPORTING',getDate(),'DBEU')
insert into TSEGMENTRULE2CRI (SGTRULE_NT, SGMT_NF, SGT_NT, SGTVER_NT, SGTCRI_CF, CRE_D, CREUSR_CF) values (7,49,120,1,'COUNTRY_REPORTING',getDate(),'DBEU')
insert into TSEGMENTRULE2CRI (SGTRULE_NT, SGMT_NF, SGT_NT, SGTVER_NT, SGTCRI_CF, CRE_D, CREUSR_CF) values (8,49,120,1,'COUNTRY_REPORTING',getDate(),'DBEU')
go
insert into TSEGMT (SGMT_NF, SGT_NT, SGTVER_NT, SGMT_LS, SGMT_LL, SGTLVL_NT, PARSGMT_CF, BALAIMGT_CT, CRE_D, CREUSR_CF, LSTUPD_D, LSTUPDUSR_CF, timestamp) values (50,120,1,'ALB','ALBANIA',0,null,null,getDate(),'DBEU',getDate(),'DBEU',null)
insert into TSEGMENTRULE2CRI (SGTRULE_NT, SGMT_NF, SGT_NT, SGTVER_NT, SGTCRI_CF, CRE_D, CREUSR_CF) values (1,50,120,1,'COUNTRY_REPORTING',getDate(),'DBEU')
go
insert into TSEGMT (SGMT_NF, SGT_NT, SGTVER_NT, SGMT_LS, SGMT_LL, SGTLVL_NT, PARSGMT_CF, BALAIMGT_CT, CRE_D, CREUSR_CF, LSTUPD_D, LSTUPDUSR_CF, timestamp) values (51,120,1,'AND','ANDORRA',0,null,null,getDate(),'DBEU',getDate(),'DBEU',null)
insert into TSEGMENTRULE2CRI (SGTRULE_NT, SGMT_NF, SGT_NT, SGTVER_NT, SGTCRI_CF, CRE_D, CREUSR_CF) values (1,51,120,1,'COUNTRY_REPORTING',getDate(),'DBEU')
go
insert into TSEGMT (SGMT_NF, SGT_NT, SGTVER_NT, SGMT_LS, SGMT_LL, SGTLVL_NT, PARSGMT_CF, BALAIMGT_CT, CRE_D, CREUSR_CF, LSTUPD_D, LSTUPDUSR_CF, timestamp) values (52,120,1,'ARE','UNITED ARAB EMIR',0,null,null,getDate(),'DBEU',getDate(),'DBEU',null)
insert into TSEGMENTRULE2CRI (SGTRULE_NT, SGMT_NF, SGT_NT, SGTVER_NT, SGTCRI_CF, CRE_D, CREUSR_CF) values (1,52,120,1,'COUNTRY_REPORTING',getDate(),'DBEU')
go
insert into TSEGMT (SGMT_NF, SGT_NT, SGTVER_NT, SGMT_LS, SGMT_LL, SGTLVL_NT, PARSGMT_CF, BALAIMGT_CT, CRE_D, CREUSR_CF, LSTUPD_D, LSTUPDUSR_CF, timestamp) values (53,120,1,'APU','APU',0,null,null,getDate(),'DBEU',getDate(),'DBEU',null)
insert into TSEGMENTRULE2CRI (SGTRULE_NT, SGMT_NF, SGT_NT, SGTVER_NT, SGTCRI_CF, CRE_D, CREUSR_CF) values (1,53,120,1,'COUNTRY_REPORTING',getDate(),'DBEU')
insert into TSEGMENTRULE2CRI (SGTRULE_NT, SGMT_NF, SGT_NT, SGTVER_NT, SGTCRI_CF, CRE_D, CREUSR_CF) values (2,53,120,1,'COUNTRY_REPORTING',getDate(),'DBEU')
insert into TSEGMENTRULE2CRI (SGTRULE_NT, SGMT_NF, SGT_NT, SGTVER_NT, SGTCRI_CF, CRE_D, CREUSR_CF) values (3,53,120,1,'COUNTRY_REPORTING',getDate(),'DBEU')
go
insert into TSEGMT (SGMT_NF, SGT_NT, SGTVER_NT, SGMT_LS, SGMT_LL, SGTLVL_NT, PARSGMT_CF, BALAIMGT_CT, CRE_D, CREUSR_CF, LSTUPD_D, LSTUPDUSR_CF, timestamp) values (54,120,1,'ARM','ARMENIA',0,null,null,getDate(),'DBEU',getDate(),'DBEU',null)
insert into TSEGMENTRULE2CRI (SGTRULE_NT, SGMT_NF, SGT_NT, SGTVER_NT, SGTCRI_CF, CRE_D, CREUSR_CF) values (1,54,120,1,'COUNTRY_REPORTING',getDate(),'DBEU')
go
insert into TSEGMT (SGMT_NF, SGT_NT, SGTVER_NT, SGMT_LS, SGMT_LL, SGTLVL_NT, PARSGMT_CF, BALAIMGT_CT, CRE_D, CREUSR_CF, LSTUPD_D, LSTUPDUSR_CF, timestamp) values (55,120,1,'OCE','Oceania',0,null,null,getDate(),'DBEU',getDate(),'DBEU',null)
insert into TSEGMENTRULE2CRI (SGTRULE_NT, SGMT_NF, SGT_NT, SGTVER_NT, SGTCRI_CF, CRE_D, CREUSR_CF) values (1,55,120,1,'COUNTRY_REPORTING',getDate(),'DBEU')
insert into TSEGMENTRULE2CRI (SGTRULE_NT, SGMT_NF, SGT_NT, SGTVER_NT, SGTCRI_CF, CRE_D, CREUSR_CF) values (2,55,120,1,'COUNTRY_REPORTING',getDate(),'DBEU')
insert into TSEGMENTRULE2CRI (SGTRULE_NT, SGMT_NF, SGT_NT, SGTVER_NT, SGTCRI_CF, CRE_D, CREUSR_CF) values (3,55,120,1,'COUNTRY_REPORTING',getDate(),'DBEU')
insert into TSEGMENTRULE2CRI (SGTRULE_NT, SGMT_NF, SGT_NT, SGTVER_NT, SGTCRI_CF, CRE_D, CREUSR_CF) values (4,55,120,1,'COUNTRY_REPORTING',getDate(),'DBEU')
insert into TSEGMENTRULE2CRI (SGTRULE_NT, SGMT_NF, SGT_NT, SGTVER_NT, SGTCRI_CF, CRE_D, CREUSR_CF) values (5,55,120,1,'COUNTRY_REPORTING',getDate(),'DBEU')
insert into TSEGMENTRULE2CRI (SGTRULE_NT, SGMT_NF, SGT_NT, SGTVER_NT, SGTCRI_CF, CRE_D, CREUSR_CF) values (6,55,120,1,'COUNTRY_REPORTING',getDate(),'DBEU')
insert into TSEGMENTRULE2CRI (SGTRULE_NT, SGMT_NF, SGT_NT, SGTVER_NT, SGTCRI_CF, CRE_D, CREUSR_CF) values (7,55,120,1,'COUNTRY_REPORTING',getDate(),'DBEU')
insert into TSEGMENTRULE2CRI (SGTRULE_NT, SGMT_NF, SGT_NT, SGTVER_NT, SGTCRI_CF, CRE_D, CREUSR_CF) values (8,55,120,1,'COUNTRY_REPORTING',getDate(),'DBEU')
insert into TSEGMENTRULE2CRI (SGTRULE_NT, SGMT_NF, SGT_NT, SGTVER_NT, SGTCRI_CF, CRE_D, CREUSR_CF) values (9,55,120,1,'COUNTRY_REPORTING',getDate(),'DBEU')
insert into TSEGMENTRULE2CRI (SGTRULE_NT, SGMT_NF, SGT_NT, SGTVER_NT, SGTCRI_CF, CRE_D, CREUSR_CF) values (10,55,120,1,'COUNTRY_REPORTING',getDate(),'DBEU')
insert into TSEGMENTRULE2CRI (SGTRULE_NT, SGMT_NF, SGT_NT, SGTVER_NT, SGTCRI_CF, CRE_D, CREUSR_CF) values (11,55,120,1,'COUNTRY_REPORTING',getDate(),'DBEU')
insert into TSEGMENTRULE2CRI (SGTRULE_NT, SGMT_NF, SGT_NT, SGTVER_NT, SGTCRI_CF, CRE_D, CREUSR_CF) values (12,55,120,1,'COUNTRY_REPORTING',getDate(),'DBEU')
insert into TSEGMENTRULE2CRI (SGTRULE_NT, SGMT_NF, SGT_NT, SGTVER_NT, SGTCRI_CF, CRE_D, CREUSR_CF) values (13,55,120,1,'COUNTRY_REPORTING',getDate(),'DBEU')
go
insert into TSEGMT (SGMT_NF, SGT_NT, SGTVER_NT, SGMT_LS, SGMT_LL, SGTLVL_NT, PARSGMT_CF, BALAIMGT_CT, CRE_D, CREUSR_CF, LSTUPD_D, LSTUPDUSR_CF, timestamp) values (56,120,1,'AUS','Australia',0,null,null,getDate(),'DBEU',getDate(),'DBEU',null)
insert into TSEGMENTRULE2CRI (SGTRULE_NT, SGMT_NF, SGT_NT, SGTVER_NT, SGTCRI_CF, CRE_D, CREUSR_CF) values (1,56,120,1,'COUNTRY_REPORTING',getDate(),'DBEU')
go
insert into TSEGMT (SGMT_NF, SGT_NT, SGTVER_NT, SGMT_LS, SGMT_LL, SGTLVL_NT, PARSGMT_CF, BALAIMGT_CT, CRE_D, CREUSR_CF, LSTUPD_D, LSTUPDUSR_CF, timestamp) values (57,120,1,'AUT','Austria',0,null,null,getDate(),'DBEU',getDate(),'DBEU',null)
insert into TSEGMENTRULE2CRI (SGTRULE_NT, SGMT_NF, SGT_NT, SGTVER_NT, SGTCRI_CF, CRE_D, CREUSR_CF) values (1,57,120,1,'COUNTRY_REPORTING',getDate(),'DBEU')
go
insert into TSEGMT (SGMT_NF, SGT_NT, SGTVER_NT, SGMT_LS, SGMT_LL, SGTLVL_NT, PARSGMT_CF, BALAIMGT_CT, CRE_D, CREUSR_CF, LSTUPD_D, LSTUPDUSR_CF, timestamp) values (58,120,1,'AZE','AZERBAIJAN',0,null,null,getDate(),'DBEU',getDate(),'DBEU',null)
insert into TSEGMENTRULE2CRI (SGTRULE_NT, SGMT_NF, SGT_NT, SGTVER_NT, SGTCRI_CF, CRE_D, CREUSR_CF) values (1,58,120,1,'COUNTRY_REPORTING',getDate(),'DBEU')
go
insert into TSEGMT (SGMT_NF, SGT_NT, SGTVER_NT, SGMT_LS, SGMT_LL, SGTLVL_NT, PARSGMT_CF, BALAIMGT_CT, CRE_D, CREUSR_CF, LSTUPD_D, LSTUPDUSR_CF, timestamp) values (59,120,1,'BDI','BURUNDI',0,null,null,getDate(),'DBEU',getDate(),'DBEU',null)
insert into TSEGMENTRULE2CRI (SGTRULE_NT, SGMT_NF, SGT_NT, SGTVER_NT, SGTCRI_CF, CRE_D, CREUSR_CF) values (1,59,120,1,'COUNTRY_REPORTING',getDate(),'DBEU')
go
insert into TSEGMT (SGMT_NF, SGT_NT, SGTVER_NT, SGMT_LS, SGMT_LL, SGTLVL_NT, PARSGMT_CF, BALAIMGT_CT, CRE_D, CREUSR_CF, LSTUPD_D, LSTUPDUSR_CF, timestamp) values (60,120,1,'BEL','BELGIUM',0,null,null,getDate(),'DBEU',getDate(),'DBEU',null)
insert into TSEGMENTRULE2CRI (SGTRULE_NT, SGMT_NF, SGT_NT, SGTVER_NT, SGTCRI_CF, CRE_D, CREUSR_CF) values (1,60,120,1,'COUNTRY_REPORTING',getDate(),'DBEU')
go
insert into TSEGMT (SGMT_NF, SGT_NT, SGTVER_NT, SGMT_LS, SGMT_LL, SGTLVL_NT, PARSGMT_CF, BALAIMGT_CT, CRE_D, CREUSR_CF, LSTUPD_D, LSTUPDUSR_CF, timestamp) values (61,120,1,'BEN','BENIN',0,null,null,getDate(),'DBEU',getDate(),'DBEU',null)
insert into TSEGMENTRULE2CRI (SGTRULE_NT, SGMT_NF, SGT_NT, SGTVER_NT, SGTCRI_CF, CRE_D, CREUSR_CF) values (1,61,120,1,'COUNTRY_REPORTING',getDate(),'DBEU')
go
insert into TSEGMT (SGMT_NF, SGT_NT, SGTVER_NT, SGMT_LS, SGMT_LL, SGTLVL_NT, PARSGMT_CF, BALAIMGT_CT, CRE_D, CREUSR_CF, LSTUPD_D, LSTUPDUSR_CF, timestamp) values (62,120,1,'BFA','BURKINA FASO',0,null,null,getDate(),'DBEU',getDate(),'DBEU',null)
insert into TSEGMENTRULE2CRI (SGTRULE_NT, SGMT_NF, SGT_NT, SGTVER_NT, SGTCRI_CF, CRE_D, CREUSR_CF) values (1,62,120,1,'COUNTRY_REPORTING',getDate(),'DBEU')
go
insert into TSEGMT (SGMT_NF, SGT_NT, SGTVER_NT, SGMT_LS, SGMT_LL, SGTLVL_NT, PARSGMT_CF, BALAIMGT_CT, CRE_D, CREUSR_CF, LSTUPD_D, LSTUPDUSR_CF, timestamp) values (63,120,1,'BGR','BULGARIA',0,null,null,getDate(),'DBEU',getDate(),'DBEU',null)
insert into TSEGMENTRULE2CRI (SGTRULE_NT, SGMT_NF, SGT_NT, SGTVER_NT, SGTCRI_CF, CRE_D, CREUSR_CF) values (1,63,120,1,'COUNTRY_REPORTING',getDate(),'DBEU')
go
insert into TSEGMT (SGMT_NF, SGT_NT, SGTVER_NT, SGMT_LS, SGMT_LL, SGTLVL_NT, PARSGMT_CF, BALAIMGT_CT, CRE_D, CREUSR_CF, LSTUPD_D, LSTUPDUSR_CF, timestamp) values (64,120,1,'BHR','BAHRAIN',0,null,null,getDate(),'DBEU',getDate(),'DBEU',null)
insert into TSEGMENTRULE2CRI (SGTRULE_NT, SGMT_NF, SGT_NT, SGTVER_NT, SGTCRI_CF, CRE_D, CREUSR_CF) values (1,64,120,1,'COUNTRY_REPORTING',getDate(),'DBEU')
go
insert into TSEGMT (SGMT_NF, SGT_NT, SGTVER_NT, SGMT_LS, SGMT_LL, SGTLVL_NT, PARSGMT_CF, BALAIMGT_CT, CRE_D, CREUSR_CF, LSTUPD_D, LSTUPDUSR_CF, timestamp) values (65,120,1,'CA1','Caribbean 1',0,null,null,getDate(),'DBEU',getDate(),'DBEU',null)
insert into TSEGMENTRULE2CRI (SGTRULE_NT, SGMT_NF, SGT_NT, SGTVER_NT, SGTCRI_CF, CRE_D, CREUSR_CF) values (1,65,120,1,'COUNTRY_REPORTING',getDate(),'DBEU')
insert into TSEGMENTRULE2CRI (SGTRULE_NT, SGMT_NF, SGT_NT, SGTVER_NT, SGTCRI_CF, CRE_D, CREUSR_CF) values (2,65,120,1,'COUNTRY_REPORTING',getDate(),'DBEU')
go
insert into TSEGMT (SGMT_NF, SGT_NT, SGTVER_NT, SGMT_LS, SGMT_LL, SGTLVL_NT, PARSGMT_CF, BALAIMGT_CT, CRE_D, CREUSR_CF, LSTUPD_D, LSTUPDUSR_CF, timestamp) values (66,120,1,'BIH','BOSNIA-HERZEGOV.',0,null,null,getDate(),'DBEU',getDate(),'DBEU',null)
insert into TSEGMENTRULE2CRI (SGTRULE_NT, SGMT_NF, SGT_NT, SGTVER_NT, SGTCRI_CF, CRE_D, CREUSR_CF) values (1,66,120,1,'COUNTRY_REPORTING',getDate(),'DBEU')
go
insert into TSEGMT (SGMT_NF, SGT_NT, SGTVER_NT, SGMT_LS, SGMT_LL, SGTLVL_NT, PARSGMT_CF, BALAIMGT_CT, CRE_D, CREUSR_CF, LSTUPD_D, LSTUPDUSR_CF, timestamp) values (67,120,1,'BLR','BELARUS',0,null,null,getDate(),'DBEU',getDate(),'DBEU',null)
insert into TSEGMENTRULE2CRI (SGTRULE_NT, SGMT_NF, SGT_NT, SGTVER_NT, SGTCRI_CF, CRE_D, CREUSR_CF) values (1,67,120,1,'COUNTRY_REPORTING',getDate(),'DBEU')
go
insert into TSEGMT (SGMT_NF, SGT_NT, SGTVER_NT, SGMT_LS, SGMT_LL, SGTLVL_NT, PARSGMT_CF, BALAIMGT_CT, CRE_D, CREUSR_CF, LSTUPD_D, LSTUPDUSR_CF, timestamp) values (68,120,1,'BHN','BHN',0,null,null,getDate(),'DBEU',getDate(),'DBEU',null)
insert into TSEGMENTRULE2CRI (SGTRULE_NT, SGMT_NF, SGT_NT, SGTVER_NT, SGTCRI_CF, CRE_D, CREUSR_CF) values (1,68,120,1,'COUNTRY_REPORTING',getDate(),'DBEU')
insert into TSEGMENTRULE2CRI (SGTRULE_NT, SGMT_NF, SGT_NT, SGTVER_NT, SGTCRI_CF, CRE_D, CREUSR_CF) values (2,68,120,1,'COUNTRY_REPORTING',getDate(),'DBEU')
insert into TSEGMENTRULE2CRI (SGTRULE_NT, SGMT_NF, SGT_NT, SGTVER_NT, SGTCRI_CF, CRE_D, CREUSR_CF) values (3,68,120,1,'COUNTRY_REPORTING',getDate(),'DBEU')
go
insert into TSEGMT (SGMT_NF, SGT_NT, SGTVER_NT, SGMT_LS, SGMT_LL, SGTLVL_NT, PARSGMT_CF, BALAIMGT_CT, CRE_D, CREUSR_CF, LSTUPD_D, LSTUPDUSR_CF, timestamp) values (69,120,1,'BMU','BERMUDA',0,null,null,getDate(),'DBEU',getDate(),'DBEU',null)
insert into TSEGMENTRULE2CRI (SGTRULE_NT, SGMT_NF, SGT_NT, SGTVER_NT, SGTCRI_CF, CRE_D, CREUSR_CF) values (1,69,120,1,'COUNTRY_REPORTING',getDate(),'DBEU')
go
insert into TSEGMT (SGMT_NF, SGT_NT, SGTVER_NT, SGMT_LS, SGMT_LL, SGTLVL_NT, PARSGMT_CF, BALAIMGT_CT, CRE_D, CREUSR_CF, LSTUPD_D, LSTUPDUSR_CF, timestamp) values (70,120,1,'BOL','BOLIVIA',0,null,null,getDate(),'DBEU',getDate(),'DBEU',null)
insert into TSEGMENTRULE2CRI (SGTRULE_NT, SGMT_NF, SGT_NT, SGTVER_NT, SGTCRI_CF, CRE_D, CREUSR_CF) values (1,70,120,1,'COUNTRY_REPORTING',getDate(),'DBEU')
go
insert into TSEGMT (SGMT_NF, SGT_NT, SGTVER_NT, SGMT_LS, SGMT_LL, SGTLVL_NT, PARSGMT_CF, BALAIMGT_CT, CRE_D, CREUSR_CF, LSTUPD_D, LSTUPDUSR_CF, timestamp) values (71,120,1,'BRA','BRAZIL',0,null,null,getDate(),'DBEU',getDate(),'DBEU',null)
insert into TSEGMENTRULE2CRI (SGTRULE_NT, SGMT_NF, SGT_NT, SGTVER_NT, SGTCRI_CF, CRE_D, CREUSR_CF) values (1,71,120,1,'COUNTRY_REPORTING',getDate(),'DBEU')
go
insert into TSEGMT (SGMT_NF, SGT_NT, SGTVER_NT, SGMT_LS, SGMT_LL, SGTLVL_NT, PARSGMT_CF, BALAIMGT_CT, CRE_D, CREUSR_CF, LSTUPD_D, LSTUPDUSR_CF, timestamp) values (72,120,1,'CA5','Caribbean 5',0,null,null,getDate(),'DBEU',getDate(),'DBEU',null)
insert into TSEGMENTRULE2CRI (SGTRULE_NT, SGMT_NF, SGT_NT, SGTVER_NT, SGTCRI_CF, CRE_D, CREUSR_CF) values (1,72,120,1,'COUNTRY_REPORTING',getDate(),'DBEU')
insert into TSEGMENTRULE2CRI (SGTRULE_NT, SGMT_NF, SGT_NT, SGTVER_NT, SGTCRI_CF, CRE_D, CREUSR_CF) values (2,72,120,1,'COUNTRY_REPORTING',getDate(),'DBEU')
insert into TSEGMENTRULE2CRI (SGTRULE_NT, SGMT_NF, SGT_NT, SGTVER_NT, SGTCRI_CF, CRE_D, CREUSR_CF) values (3,72,120,1,'COUNTRY_REPORTING',getDate(),'DBEU')
insert into TSEGMENTRULE2CRI (SGTRULE_NT, SGMT_NF, SGT_NT, SGTVER_NT, SGTCRI_CF, CRE_D, CREUSR_CF) values (4,72,120,1,'COUNTRY_REPORTING',getDate(),'DBEU')
go
insert into TSEGMT (SGMT_NF, SGT_NT, SGTVER_NT, SGMT_LS, SGMT_LL, SGTLVL_NT, PARSGMT_CF, BALAIMGT_CT, CRE_D, CREUSR_CF, LSTUPD_D, LSTUPDUSR_CF, timestamp) values (73,120,1,'SNG','Singapore N0',0,null,null,getDate(),'DBEU',getDate(),'DBEU',null)
insert into TSEGMENTRULE2CRI (SGTRULE_NT, SGMT_NF, SGT_NT, SGTVER_NT, SGTCRI_CF, CRE_D, CREUSR_CF) values (1,73,120,1,'COUNTRY_REPORTING',getDate(),'DBEU')
insert into TSEGMENTRULE2CRI (SGTRULE_NT, SGMT_NF, SGT_NT, SGTVER_NT, SGTCRI_CF, CRE_D, CREUSR_CF) values (2,73,120,1,'COUNTRY_REPORTING',getDate(),'DBEU')
insert into TSEGMENTRULE2CRI (SGTRULE_NT, SGMT_NF, SGT_NT, SGTVER_NT, SGTCRI_CF, CRE_D, CREUSR_CF) values (3,73,120,1,'COUNTRY_REPORTING',getDate(),'DBEU')
insert into TSEGMENTRULE2CRI (SGTRULE_NT, SGMT_NF, SGT_NT, SGTVER_NT, SGTCRI_CF, CRE_D, CREUSR_CF) values (4,73,120,1,'COUNTRY_REPORTING',getDate(),'DBEU')
go
insert into TSEGMT (SGMT_NF, SGT_NT, SGTVER_NT, SGMT_LS, SGMT_LL, SGTLVL_NT, PARSGMT_CF, BALAIMGT_CT, CRE_D, CREUSR_CF, LSTUPD_D, LSTUPDUSR_CF, timestamp) values (74,120,1,'BWA','BOTSWANA',0,null,null,getDate(),'DBEU',getDate(),'DBEU',null)
insert into TSEGMENTRULE2CRI (SGTRULE_NT, SGMT_NF, SGT_NT, SGTVER_NT, SGTCRI_CF, CRE_D, CREUSR_CF) values (1,74,120,1,'COUNTRY_REPORTING',getDate(),'DBEU')
go
insert into TSEGMT (SGMT_NF, SGT_NT, SGTVER_NT, SGMT_LS, SGMT_LL, SGTLVL_NT, PARSGMT_CF, BALAIMGT_CT, CRE_D, CREUSR_CF, LSTUPD_D, LSTUPDUSR_CF, timestamp) values (75,120,1,'CAF','CENTRAL AFRICAN',0,null,null,getDate(),'DBEU',getDate(),'DBEU',null)
insert into TSEGMENTRULE2CRI (SGTRULE_NT, SGMT_NF, SGT_NT, SGTVER_NT, SGTCRI_CF, CRE_D, CREUSR_CF) values (1,75,120,1,'COUNTRY_REPORTING',getDate(),'DBEU')
go
insert into TSEGMT (SGMT_NF, SGT_NT, SGTVER_NT, SGMT_LS, SGMT_LL, SGTLVL_NT, PARSGMT_CF, BALAIMGT_CT, CRE_D, CREUSR_CF, LSTUPD_D, LSTUPDUSR_CF, timestamp) values (76,120,1,'CAN','Canada',0,null,null,getDate(),'DBEU',getDate(),'DBEU',null)
insert into TSEGMENTRULE2CRI (SGTRULE_NT, SGMT_NF, SGT_NT, SGTVER_NT, SGTCRI_CF, CRE_D, CREUSR_CF) values (1,76,120,1,'COUNTRY_REPORTING',getDate(),'DBEU')
go
insert into TSEGMT (SGMT_NF, SGT_NT, SGTVER_NT, SGMT_LS, SGMT_LL, SGTLVL_NT, PARSGMT_CF, BALAIMGT_CT, CRE_D, CREUSR_CF, LSTUPD_D, LSTUPDUSR_CF, timestamp) values (77,120,1,'CHE','SWITZERLAND',0,null,null,getDate(),'DBEU',getDate(),'DBEU',null)
insert into TSEGMENTRULE2CRI (SGTRULE_NT, SGMT_NF, SGT_NT, SGTVER_NT, SGTCRI_CF, CRE_D, CREUSR_CF) values (1,77,120,1,'COUNTRY_REPORTING',getDate(),'DBEU')
go
insert into TSEGMT (SGMT_NF, SGT_NT, SGTVER_NT, SGMT_LS, SGMT_LL, SGTLVL_NT, PARSGMT_CF, BALAIMGT_CT, CRE_D, CREUSR_CF, LSTUPD_D, LSTUPDUSR_CF, timestamp) values (78,120,1,'CHL','CHILE',0,null,null,getDate(),'DBEU',getDate(),'DBEU',null)
insert into TSEGMENTRULE2CRI (SGTRULE_NT, SGMT_NF, SGT_NT, SGTVER_NT, SGTCRI_CF, CRE_D, CREUSR_CF) values (1,78,120,1,'COUNTRY_REPORTING',getDate(),'DBEU')
go
insert into TSEGMT (SGMT_NF, SGT_NT, SGTVER_NT, SGMT_LS, SGMT_LL, SGTLVL_NT, PARSGMT_CF, BALAIMGT_CT, CRE_D, CREUSR_CF, LSTUPD_D, LSTUPDUSR_CF, timestamp) values (79,120,1,'CHN','CHINA',0,null,null,getDate(),'DBEU',getDate(),'DBEU',null)
insert into TSEGMENTRULE2CRI (SGTRULE_NT, SGMT_NF, SGT_NT, SGTVER_NT, SGTCRI_CF, CRE_D, CREUSR_CF) values (1,79,120,1,'COUNTRY_REPORTING',getDate(),'DBEU')
go
insert into TSEGMT (SGMT_NF, SGT_NT, SGTVER_NT, SGMT_LS, SGMT_LL, SGTLVL_NT, PARSGMT_CF, BALAIMGT_CT, CRE_D, CREUSR_CF, LSTUPD_D, LSTUPDUSR_CF, timestamp) values (80,120,1,'CIV','IVORY COAST',0,null,null,getDate(),'DBEU',getDate(),'DBEU',null)
insert into TSEGMENTRULE2CRI (SGTRULE_NT, SGMT_NF, SGT_NT, SGTVER_NT, SGTCRI_CF, CRE_D, CREUSR_CF) values (1,80,120,1,'COUNTRY_REPORTING',getDate(),'DBEU')
go
insert into TSEGMT (SGMT_NF, SGT_NT, SGTVER_NT, SGMT_LS, SGMT_LL, SGTLVL_NT, PARSGMT_CF, BALAIMGT_CT, CRE_D, CREUSR_CF, LSTUPD_D, LSTUPDUSR_CF, timestamp) values (81,120,1,'CMR','CAMEROON',0,null,null,getDate(),'DBEU',getDate(),'DBEU',null)
insert into TSEGMENTRULE2CRI (SGTRULE_NT, SGMT_NF, SGT_NT, SGTVER_NT, SGTCRI_CF, CRE_D, CREUSR_CF) values (1,81,120,1,'COUNTRY_REPORTING',getDate(),'DBEU')
go
insert into TSEGMT (SGMT_NF, SGT_NT, SGTVER_NT, SGMT_LS, SGMT_LL, SGTLVL_NT, PARSGMT_CF, BALAIMGT_CT, CRE_D, CREUSR_CF, LSTUPD_D, LSTUPDUSR_CF, timestamp) values (82,120,1,'COG','CONGO',0,null,null,getDate(),'DBEU',getDate(),'DBEU',null)
insert into TSEGMENTRULE2CRI (SGTRULE_NT, SGMT_NF, SGT_NT, SGTVER_NT, SGTCRI_CF, CRE_D, CREUSR_CF) values (1,82,120,1,'COUNTRY_REPORTING',getDate(),'DBEU')
go
insert into TSEGMT (SGMT_NF, SGT_NT, SGTVER_NT, SGMT_LS, SGMT_LL, SGTLVL_NT, PARSGMT_CF, BALAIMGT_CT, CRE_D, CREUSR_CF, LSTUPD_D, LSTUPDUSR_CF, timestamp) values (83,120,1,'COL','COLOMBIA',0,null,null,getDate(),'DBEU',getDate(),'DBEU',null)
insert into TSEGMENTRULE2CRI (SGTRULE_NT, SGMT_NF, SGT_NT, SGTVER_NT, SGTCRI_CF, CRE_D, CREUSR_CF) values (1,83,120,1,'COUNTRY_REPORTING',getDate(),'DBEU')
go
insert into TSEGMT (SGMT_NF, SGT_NT, SGTVER_NT, SGMT_LS, SGMT_LL, SGTLVL_NT, PARSGMT_CF, BALAIMGT_CT, CRE_D, CREUSR_CF, LSTUPD_D, LSTUPDUSR_CF, timestamp) values (84,120,1,'COM','COMOROS',0,null,null,getDate(),'DBEU',getDate(),'DBEU',null)
insert into TSEGMENTRULE2CRI (SGTRULE_NT, SGMT_NF, SGT_NT, SGTVER_NT, SGTCRI_CF, CRE_D, CREUSR_CF) values (1,84,120,1,'COUNTRY_REPORTING',getDate(),'DBEU')
go
insert into TSEGMT (SGMT_NF, SGT_NT, SGTVER_NT, SGMT_LS, SGMT_LL, SGTLVL_NT, PARSGMT_CF, BALAIMGT_CT, CRE_D, CREUSR_CF, LSTUPD_D, LSTUPDUSR_CF, timestamp) values (85,120,1,'CPV','CAPE VERDE',0,null,null,getDate(),'DBEU',getDate(),'DBEU',null)
insert into TSEGMENTRULE2CRI (SGTRULE_NT, SGMT_NF, SGT_NT, SGTVER_NT, SGTCRI_CF, CRE_D, CREUSR_CF) values (1,85,120,1,'COUNTRY_REPORTING',getDate(),'DBEU')
go
insert into TSEGMT (SGMT_NF, SGT_NT, SGTVER_NT, SGMT_LS, SGMT_LL, SGTLVL_NT, PARSGMT_CF, BALAIMGT_CT, CRE_D, CREUSR_CF, LSTUPD_D, LSTUPDUSR_CF, timestamp) values (86,120,1,'CRI','COSTA RICA',0,null,null,getDate(),'DBEU',getDate(),'DBEU',null)
insert into TSEGMENTRULE2CRI (SGTRULE_NT, SGMT_NF, SGT_NT, SGTVER_NT, SGTCRI_CF, CRE_D, CREUSR_CF) values (1,86,120,1,'COUNTRY_REPORTING',getDate(),'DBEU')
go
insert into TSEGMT (SGMT_NF, SGT_NT, SGTVER_NT, SGMT_LS, SGMT_LL, SGTLVL_NT, PARSGMT_CF, BALAIMGT_CT, CRE_D, CREUSR_CF, LSTUPD_D, LSTUPDUSR_CF, timestamp) values (87,120,1,'CUB','CUBA',0,null,null,getDate(),'DBEU',getDate(),'DBEU',null)
insert into TSEGMENTRULE2CRI (SGTRULE_NT, SGMT_NF, SGT_NT, SGTVER_NT, SGTCRI_CF, CRE_D, CREUSR_CF) values (1,87,120,1,'COUNTRY_REPORTING',getDate(),'DBEU')
go
insert into TSEGMT (SGMT_NF, SGT_NT, SGTVER_NT, SGMT_LS, SGMT_LL, SGTLVL_NT, PARSGMT_CF, BALAIMGT_CT, CRE_D, CREUSR_CF, LSTUPD_D, LSTUPDUSR_CF, timestamp) values (88,120,1,'CA2','Caribbean 2',0,null,null,getDate(),'DBEU',getDate(),'DBEU',null)
insert into TSEGMENTRULE2CRI (SGTRULE_NT, SGMT_NF, SGT_NT, SGTVER_NT, SGTCRI_CF, CRE_D, CREUSR_CF) values (1,88,120,1,'COUNTRY_REPORTING',getDate(),'DBEU')
insert into TSEGMENTRULE2CRI (SGTRULE_NT, SGMT_NF, SGT_NT, SGTVER_NT, SGTCRI_CF, CRE_D, CREUSR_CF) values (2,88,120,1,'COUNTRY_REPORTING',getDate(),'DBEU')
go
insert into TSEGMT (SGMT_NF, SGT_NT, SGTVER_NT, SGMT_LS, SGMT_LL, SGTLVL_NT, PARSGMT_CF, BALAIMGT_CT, CRE_D, CREUSR_CF, LSTUPD_D, LSTUPDUSR_CF, timestamp) values (89,120,1,'CYP','CYPRUS',0,null,null,getDate(),'DBEU',getDate(),'DBEU',null)
insert into TSEGMENTRULE2CRI (SGTRULE_NT, SGMT_NF, SGT_NT, SGTVER_NT, SGTCRI_CF, CRE_D, CREUSR_CF) values (1,89,120,1,'COUNTRY_REPORTING',getDate(),'DBEU')
go
insert into TSEGMT (SGMT_NF, SGT_NT, SGTVER_NT, SGMT_LS, SGMT_LL, SGTLVL_NT, PARSGMT_CF, BALAIMGT_CT, CRE_D, CREUSR_CF, LSTUPD_D, LSTUPDUSR_CF, timestamp) values (90,120,1,'CZE','CZECH REPUBLIC',0,null,null,getDate(),'DBEU',getDate(),'DBEU',null)
insert into TSEGMENTRULE2CRI (SGTRULE_NT, SGMT_NF, SGT_NT, SGTVER_NT, SGTCRI_CF, CRE_D, CREUSR_CF) values (1,90,120,1,'COUNTRY_REPORTING',getDate(),'DBEU')
go
insert into TSEGMT (SGMT_NF, SGT_NT, SGTVER_NT, SGMT_LS, SGMT_LL, SGTLVL_NT, PARSGMT_CF, BALAIMGT_CT, CRE_D, CREUSR_CF, LSTUPD_D, LSTUPDUSR_CF, timestamp) values (91,120,1,'DEU','GERMANY',0,null,null,getDate(),'DBEU',getDate(),'DBEU',null)
insert into TSEGMENTRULE2CRI (SGTRULE_NT, SGMT_NF, SGT_NT, SGTVER_NT, SGTCRI_CF, CRE_D, CREUSR_CF) values (1,91,120,1,'COUNTRY_REPORTING',getDate(),'DBEU')
go
insert into TSEGMT (SGMT_NF, SGT_NT, SGTVER_NT, SGMT_LS, SGMT_LL, SGTLVL_NT, PARSGMT_CF, BALAIMGT_CT, CRE_D, CREUSR_CF, LSTUPD_D, LSTUPDUSR_CF, timestamp) values (92,120,1,'DJI','DJIBOUTI',0,null,null,getDate(),'DBEU',getDate(),'DBEU',null)
insert into TSEGMENTRULE2CRI (SGTRULE_NT, SGMT_NF, SGT_NT, SGTVER_NT, SGTCRI_CF, CRE_D, CREUSR_CF) values (1,92,120,1,'COUNTRY_REPORTING',getDate(),'DBEU')
go
insert into TSEGMT (SGMT_NF, SGT_NT, SGTVER_NT, SGMT_LS, SGMT_LL, SGTLVL_NT, PARSGMT_CF, BALAIMGT_CT, CRE_D, CREUSR_CF, LSTUPD_D, LSTUPDUSR_CF, timestamp) values (93,120,1,'DNK','DENMARK',0,null,null,getDate(),'DBEU',getDate(),'DBEU',null)
insert into TSEGMENTRULE2CRI (SGTRULE_NT, SGMT_NF, SGT_NT, SGTVER_NT, SGTCRI_CF, CRE_D, CREUSR_CF) values (1,93,120,1,'COUNTRY_REPORTING',getDate(),'DBEU')
go
insert into TSEGMT (SGMT_NF, SGT_NT, SGTVER_NT, SGMT_LS, SGMT_LL, SGTLVL_NT, PARSGMT_CF, BALAIMGT_CT, CRE_D, CREUSR_CF, LSTUPD_D, LSTUPDUSR_CF, timestamp) values (94,120,1,'CA7','Caribbean 7',0,null,null,getDate(),'DBEU',getDate(),'DBEU',null)
insert into TSEGMENTRULE2CRI (SGTRULE_NT, SGMT_NF, SGT_NT, SGTVER_NT, SGTCRI_CF, CRE_D, CREUSR_CF) values (1,94,120,1,'COUNTRY_REPORTING',getDate(),'DBEU')
insert into TSEGMENTRULE2CRI (SGTRULE_NT, SGMT_NF, SGT_NT, SGTVER_NT, SGTCRI_CF, CRE_D, CREUSR_CF) values (2,94,120,1,'COUNTRY_REPORTING',getDate(),'DBEU')
insert into TSEGMENTRULE2CRI (SGTRULE_NT, SGMT_NF, SGT_NT, SGTVER_NT, SGTCRI_CF, CRE_D, CREUSR_CF) values (3,94,120,1,'COUNTRY_REPORTING',getDate(),'DBEU')
insert into TSEGMENTRULE2CRI (SGTRULE_NT, SGMT_NF, SGT_NT, SGTVER_NT, SGTCRI_CF, CRE_D, CREUSR_CF) values (4,94,120,1,'COUNTRY_REPORTING',getDate(),'DBEU')
go
insert into TSEGMT (SGMT_NF, SGT_NT, SGTVER_NT, SGMT_LS, SGMT_LL, SGTLVL_NT, PARSGMT_CF, BALAIMGT_CT, CRE_D, CREUSR_CF, LSTUPD_D, LSTUPDUSR_CF, timestamp) values (95,120,1,'DZA','ALGERIA',0,null,null,getDate(),'DBEU',getDate(),'DBEU',null)
insert into TSEGMENTRULE2CRI (SGTRULE_NT, SGMT_NF, SGT_NT, SGTVER_NT, SGTCRI_CF, CRE_D, CREUSR_CF) values (1,95,120,1,'COUNTRY_REPORTING',getDate(),'DBEU')
go
insert into TSEGMT (SGMT_NF, SGT_NT, SGTVER_NT, SGMT_LS, SGMT_LL, SGTLVL_NT, PARSGMT_CF, BALAIMGT_CT, CRE_D, CREUSR_CF, LSTUPD_D, LSTUPDUSR_CF, timestamp) values (96,120,1,'ECU','ECUADOR',0,null,null,getDate(),'DBEU',getDate(),'DBEU',null)
insert into TSEGMENTRULE2CRI (SGTRULE_NT, SGMT_NF, SGT_NT, SGTVER_NT, SGTCRI_CF, CRE_D, CREUSR_CF) values (1,96,120,1,'COUNTRY_REPORTING',getDate(),'DBEU')
go
insert into TSEGMT (SGMT_NF, SGT_NT, SGTVER_NT, SGMT_LS, SGMT_LL, SGTLVL_NT, PARSGMT_CF, BALAIMGT_CT, CRE_D, CREUSR_CF, LSTUPD_D, LSTUPDUSR_CF, timestamp) values (97,120,1,'EGY','EGYPT',0,null,null,getDate(),'DBEU',getDate(),'DBEU',null)
insert into TSEGMENTRULE2CRI (SGTRULE_NT, SGMT_NF, SGT_NT, SGTVER_NT, SGTCRI_CF, CRE_D, CREUSR_CF) values (1,97,120,1,'COUNTRY_REPORTING',getDate(),'DBEU')
go
insert into TSEGMT (SGMT_NF, SGT_NT, SGTVER_NT, SGMT_LS, SGMT_LL, SGTLVL_NT, PARSGMT_CF, BALAIMGT_CT, CRE_D, CREUSR_CF, LSTUPD_D, LSTUPDUSR_CF, timestamp) values (98,120,1,'ERI','ERITREA',0,null,null,getDate(),'DBEU',getDate(),'DBEU',null)
insert into TSEGMENTRULE2CRI (SGTRULE_NT, SGMT_NF, SGT_NT, SGTVER_NT, SGTCRI_CF, CRE_D, CREUSR_CF) values (1,98,120,1,'COUNTRY_REPORTING',getDate(),'DBEU')
go
insert into TSEGMT (SGMT_NF, SGT_NT, SGTVER_NT, SGMT_LS, SGMT_LL, SGTLVL_NT, PARSGMT_CF, BALAIMGT_CT, CRE_D, CREUSR_CF, LSTUPD_D, LSTUPDUSR_CF, timestamp) values (99,120,1,'ESP','SPAIN',0,null,null,getDate(),'DBEU',getDate(),'DBEU',null)
insert into TSEGMENTRULE2CRI (SGTRULE_NT, SGMT_NF, SGT_NT, SGTVER_NT, SGTCRI_CF, CRE_D, CREUSR_CF) values (1,99,120,1,'COUNTRY_REPORTING',getDate(),'DBEU')
go
insert into TSEGMT (SGMT_NF, SGT_NT, SGTVER_NT, SGMT_LS, SGMT_LL, SGTLVL_NT, PARSGMT_CF, BALAIMGT_CT, CRE_D, CREUSR_CF, LSTUPD_D, LSTUPDUSR_CF, timestamp) values (100,120,1,'EST','ESTONIA',0,null,null,getDate(),'DBEU',getDate(),'DBEU',null)
insert into TSEGMENTRULE2CRI (SGTRULE_NT, SGMT_NF, SGT_NT, SGTVER_NT, SGTCRI_CF, CRE_D, CREUSR_CF) values (1,100,120,1,'COUNTRY_REPORTING',getDate(),'DBEU')
go
insert into TSEGMT (SGMT_NF, SGT_NT, SGTVER_NT, SGMT_LS, SGMT_LL, SGTLVL_NT, PARSGMT_CF, BALAIMGT_CT, CRE_D, CREUSR_CF, LSTUPD_D, LSTUPDUSR_CF, timestamp) values (101,120,1,'ETH','ETHIOPIA',0,null,null,getDate(),'DBEU',getDate(),'DBEU',null)
insert into TSEGMENTRULE2CRI (SGTRULE_NT, SGMT_NF, SGT_NT, SGTVER_NT, SGTCRI_CF, CRE_D, CREUSR_CF) values (1,101,120,1,'COUNTRY_REPORTING',getDate(),'DBEU')
go
insert into TSEGMT (SGMT_NF, SGT_NT, SGTVER_NT, SGMT_LS, SGMT_LL, SGTLVL_NT, PARSGMT_CF, BALAIMGT_CT, CRE_D, CREUSR_CF, LSTUPD_D, LSTUPDUSR_CF, timestamp) values (102,120,1,'FIN','FINLAND',0,null,null,getDate(),'DBEU',getDate(),'DBEU',null)
insert into TSEGMENTRULE2CRI (SGTRULE_NT, SGMT_NF, SGT_NT, SGTVER_NT, SGTCRI_CF, CRE_D, CREUSR_CF) values (1,102,120,1,'COUNTRY_REPORTING',getDate(),'DBEU')
go
insert into TSEGMT (SGMT_NF, SGT_NT, SGTVER_NT, SGMT_LS, SGMT_LL, SGTLVL_NT, PARSGMT_CF, BALAIMGT_CT, CRE_D, CREUSR_CF, LSTUPD_D, LSTUPDUSR_CF, timestamp) values (103,120,1,'FRA','FRANCE',0,null,null,getDate(),'DBEU',getDate(),'DBEU',null)
insert into TSEGMENTRULE2CRI (SGTRULE_NT, SGMT_NF, SGT_NT, SGTVER_NT, SGTCRI_CF, CRE_D, CREUSR_CF) values (1,103,120,1,'COUNTRY_REPORTING',getDate(),'DBEU')
go
insert into TSEGMT (SGMT_NF, SGT_NT, SGTVER_NT, SGMT_LS, SGMT_LL, SGTLVL_NT, PARSGMT_CF, BALAIMGT_CT, CRE_D, CREUSR_CF, LSTUPD_D, LSTUPDUSR_CF, timestamp) values (104,120,1,'FRO','FEROE ISLANDS',0,null,null,getDate(),'DBEU',getDate(),'DBEU',null)
insert into TSEGMENTRULE2CRI (SGTRULE_NT, SGMT_NF, SGT_NT, SGTVER_NT, SGTCRI_CF, CRE_D, CREUSR_CF) values (1,104,120,1,'COUNTRY_REPORTING',getDate(),'DBEU')
go
insert into TSEGMT (SGMT_NF, SGT_NT, SGTVER_NT, SGMT_LS, SGMT_LL, SGTLVL_NT, PARSGMT_CF, BALAIMGT_CT, CRE_D, CREUSR_CF, LSTUPD_D, LSTUPDUSR_CF, timestamp) values (105,120,1,'GAB','GABON',0,null,null,getDate(),'DBEU',getDate(),'DBEU',null)
insert into TSEGMENTRULE2CRI (SGTRULE_NT, SGMT_NF, SGT_NT, SGTVER_NT, SGTCRI_CF, CRE_D, CREUSR_CF) values (1,105,120,1,'COUNTRY_REPORTING',getDate(),'DBEU')
go
insert into TSEGMT (SGMT_NF, SGT_NT, SGTVER_NT, SGMT_LS, SGMT_LL, SGTLVL_NT, PARSGMT_CF, BALAIMGT_CT, CRE_D, CREUSR_CF, LSTUPD_D, LSTUPDUSR_CF, timestamp) values (106,120,1,'GBR','UNITED KINGDOM',0,null,null,getDate(),'DBEU',getDate(),'DBEU',null)
insert into TSEGMENTRULE2CRI (SGTRULE_NT, SGMT_NF, SGT_NT, SGTVER_NT, SGTCRI_CF, CRE_D, CREUSR_CF) values (1,106,120,1,'COUNTRY_REPORTING',getDate(),'DBEU')
go
insert into TSEGMT (SGMT_NF, SGT_NT, SGTVER_NT, SGMT_LS, SGMT_LL, SGTLVL_NT, PARSGMT_CF, BALAIMGT_CT, CRE_D, CREUSR_CF, LSTUPD_D, LSTUPDUSR_CF, timestamp) values (107,120,1,'GEO','GEORGIA',0,null,null,getDate(),'DBEU',getDate(),'DBEU',null)
insert into TSEGMENTRULE2CRI (SGTRULE_NT, SGMT_NF, SGT_NT, SGTVER_NT, SGTCRI_CF, CRE_D, CREUSR_CF) values (1,107,120,1,'COUNTRY_REPORTING',getDate(),'DBEU')
go
insert into TSEGMT (SGMT_NF, SGT_NT, SGTVER_NT, SGMT_LS, SGMT_LL, SGTLVL_NT, PARSGMT_CF, BALAIMGT_CT, CRE_D, CREUSR_CF, LSTUPD_D, LSTUPDUSR_CF, timestamp) values (108,120,1,'GHA','GHANA',0,null,null,getDate(),'DBEU',getDate(),'DBEU',null)
insert into TSEGMENTRULE2CRI (SGTRULE_NT, SGMT_NF, SGT_NT, SGTVER_NT, SGTCRI_CF, CRE_D, CREUSR_CF) values (1,108,120,1,'COUNTRY_REPORTING',getDate(),'DBEU')
go
insert into TSEGMT (SGMT_NF, SGT_NT, SGTVER_NT, SGMT_LS, SGMT_LL, SGTLVL_NT, PARSGMT_CF, BALAIMGT_CT, CRE_D, CREUSR_CF, LSTUPD_D, LSTUPDUSR_CF, timestamp) values (109,120,1,'GIB','GIBRALTAR',0,null,null,getDate(),'DBEU',getDate(),'DBEU',null)
insert into TSEGMENTRULE2CRI (SGTRULE_NT, SGMT_NF, SGT_NT, SGTVER_NT, SGTCRI_CF, CRE_D, CREUSR_CF) values (1,109,120,1,'COUNTRY_REPORTING',getDate(),'DBEU')
go
insert into TSEGMT (SGMT_NF, SGT_NT, SGTVER_NT, SGMT_LS, SGMT_LL, SGTLVL_NT, PARSGMT_CF, BALAIMGT_CT, CRE_D, CREUSR_CF, LSTUPD_D, LSTUPDUSR_CF, timestamp) values (110,120,1,'GIN','GUINEA',0,null,null,getDate(),'DBEU',getDate(),'DBEU',null)
insert into TSEGMENTRULE2CRI (SGTRULE_NT, SGMT_NF, SGT_NT, SGTVER_NT, SGTCRI_CF, CRE_D, CREUSR_CF) values (1,110,120,1,'COUNTRY_REPORTING',getDate(),'DBEU')
go
insert into TSEGMT (SGMT_NF, SGT_NT, SGTVER_NT, SGMT_LS, SGMT_LL, SGTLVL_NT, PARSGMT_CF, BALAIMGT_CT, CRE_D, CREUSR_CF, LSTUPD_D, LSTUPDUSR_CF, timestamp) values (111,120,1,'GMB','GAMBIA',0,null,null,getDate(),'DBEU',getDate(),'DBEU',null)
insert into TSEGMENTRULE2CRI (SGTRULE_NT, SGMT_NF, SGT_NT, SGTVER_NT, SGTCRI_CF, CRE_D, CREUSR_CF) values (1,111,120,1,'COUNTRY_REPORTING',getDate(),'DBEU')
go
insert into TSEGMT (SGMT_NF, SGT_NT, SGTVER_NT, SGMT_LS, SGMT_LL, SGTLVL_NT, PARSGMT_CF, BALAIMGT_CT, CRE_D, CREUSR_CF, LSTUPD_D, LSTUPDUSR_CF, timestamp) values (112,120,1,'GNB','GUINEA-BISSAU',0,null,null,getDate(),'DBEU',getDate(),'DBEU',null)
insert into TSEGMENTRULE2CRI (SGTRULE_NT, SGMT_NF, SGT_NT, SGTVER_NT, SGTCRI_CF, CRE_D, CREUSR_CF) values (1,112,120,1,'COUNTRY_REPORTING',getDate(),'DBEU')
go
insert into TSEGMT (SGMT_NF, SGT_NT, SGTVER_NT, SGMT_LS, SGMT_LL, SGTLVL_NT, PARSGMT_CF, BALAIMGT_CT, CRE_D, CREUSR_CF, LSTUPD_D, LSTUPDUSR_CF, timestamp) values (113,120,1,'GNQ','EQUATOR. GUINEA',0,null,null,getDate(),'DBEU',getDate(),'DBEU',null)
insert into TSEGMENTRULE2CRI (SGTRULE_NT, SGMT_NF, SGT_NT, SGTVER_NT, SGTCRI_CF, CRE_D, CREUSR_CF) values (1,113,120,1,'COUNTRY_REPORTING',getDate(),'DBEU')
go
insert into TSEGMT (SGMT_NF, SGT_NT, SGTVER_NT, SGMT_LS, SGMT_LL, SGTLVL_NT, PARSGMT_CF, BALAIMGT_CT, CRE_D, CREUSR_CF, LSTUPD_D, LSTUPDUSR_CF, timestamp) values (114,120,1,'GRC','GREECE',0,null,null,getDate(),'DBEU',getDate(),'DBEU',null)
insert into TSEGMENTRULE2CRI (SGTRULE_NT, SGMT_NF, SGT_NT, SGTVER_NT, SGTCRI_CF, CRE_D, CREUSR_CF) values (1,114,120,1,'COUNTRY_REPORTING',getDate(),'DBEU')
go
insert into TSEGMT (SGMT_NF, SGT_NT, SGTVER_NT, SGMT_LS, SGMT_LL, SGTLVL_NT, PARSGMT_CF, BALAIMGT_CT, CRE_D, CREUSR_CF, LSTUPD_D, LSTUPDUSR_CF, timestamp) values (115,120,1,'GRL','GROENLAND',0,null,null,getDate(),'DBEU',getDate(),'DBEU',null)
insert into TSEGMENTRULE2CRI (SGTRULE_NT, SGMT_NF, SGT_NT, SGTVER_NT, SGTCRI_CF, CRE_D, CREUSR_CF) values (1,115,120,1,'COUNTRY_REPORTING',getDate(),'DBEU')
go
insert into TSEGMT (SGMT_NF, SGT_NT, SGTVER_NT, SGMT_LS, SGMT_LL, SGTLVL_NT, PARSGMT_CF, BALAIMGT_CT, CRE_D, CREUSR_CF, LSTUPD_D, LSTUPDUSR_CF, timestamp) values (116,120,1,'GTM','GUATEMALA',0,null,null,getDate(),'DBEU',getDate(),'DBEU',null)
insert into TSEGMENTRULE2CRI (SGTRULE_NT, SGMT_NF, SGT_NT, SGTVER_NT, SGTCRI_CF, CRE_D, CREUSR_CF) values (1,116,120,1,'COUNTRY_REPORTING',getDate(),'DBEU')
go
insert into TSEGMT (SGMT_NF, SGT_NT, SGTVER_NT, SGMT_LS, SGMT_LL, SGTLVL_NT, PARSGMT_CF, BALAIMGT_CT, CRE_D, CREUSR_CF, LSTUPD_D, LSTUPDUSR_CF, timestamp) values (117,120,1,'GUM','GUAM',0,null,null,getDate(),'DBEU',getDate(),'DBEU',null)
insert into TSEGMENTRULE2CRI (SGTRULE_NT, SGMT_NF, SGT_NT, SGTVER_NT, SGTCRI_CF, CRE_D, CREUSR_CF) values (1,117,120,1,'COUNTRY_REPORTING',getDate(),'DBEU')
go
insert into TSEGMT (SGMT_NF, SGT_NT, SGTVER_NT, SGMT_LS, SGMT_LL, SGTLVL_NT, PARSGMT_CF, BALAIMGT_CT, CRE_D, CREUSR_CF, LSTUPD_D, LSTUPDUSR_CF, timestamp) values (118,120,1,'GYS','Guyana - Surinam',0,null,null,getDate(),'DBEU',getDate(),'DBEU',null)
insert into TSEGMENTRULE2CRI (SGTRULE_NT, SGMT_NF, SGT_NT, SGTVER_NT, SGTCRI_CF, CRE_D, CREUSR_CF) values (1,118,120,1,'COUNTRY_REPORTING',getDate(),'DBEU')
insert into TSEGMENTRULE2CRI (SGTRULE_NT, SGMT_NF, SGT_NT, SGTVER_NT, SGTCRI_CF, CRE_D, CREUSR_CF) values (2,118,120,1,'COUNTRY_REPORTING',getDate(),'DBEU')
go
insert into TSEGMT (SGMT_NF, SGT_NT, SGTVER_NT, SGMT_LS, SGMT_LL, SGTLVL_NT, PARSGMT_CF, BALAIMGT_CT, CRE_D, CREUSR_CF, LSTUPD_D, LSTUPDUSR_CF, timestamp) values (119,120,1,'HKM','Hong Kong Macau',0,null,null,getDate(),'DBEU',getDate(),'DBEU',null)
insert into TSEGMENTRULE2CRI (SGTRULE_NT, SGMT_NF, SGT_NT, SGTVER_NT, SGTCRI_CF, CRE_D, CREUSR_CF) values (1,119,120,1,'COUNTRY_REPORTING',getDate(),'DBEU')
insert into TSEGMENTRULE2CRI (SGTRULE_NT, SGMT_NF, SGT_NT, SGTVER_NT, SGTCRI_CF, CRE_D, CREUSR_CF) values (2,119,120,1,'COUNTRY_REPORTING',getDate(),'DBEU')
insert into TSEGMENTRULE2CRI (SGTRULE_NT, SGMT_NF, SGT_NT, SGTVER_NT, SGTCRI_CF, CRE_D, CREUSR_CF) values (3,119,120,1,'COUNTRY_REPORTING',getDate(),'DBEU')
go
insert into TSEGMT (SGMT_NF, SGT_NT, SGTVER_NT, SGMT_LS, SGMT_LL, SGTLVL_NT, PARSGMT_CF, BALAIMGT_CT, CRE_D, CREUSR_CF, LSTUPD_D, LSTUPDUSR_CF, timestamp) values (120,120,1,'HRV','CROATIA',0,null,null,getDate(),'DBEU',getDate(),'DBEU',null)
insert into TSEGMENTRULE2CRI (SGTRULE_NT, SGMT_NF, SGT_NT, SGTVER_NT, SGTCRI_CF, CRE_D, CREUSR_CF) values (1,120,120,1,'COUNTRY_REPORTING',getDate(),'DBEU')
go
insert into TSEGMT (SGMT_NF, SGT_NT, SGTVER_NT, SGMT_LS, SGMT_LL, SGTLVL_NT, PARSGMT_CF, BALAIMGT_CT, CRE_D, CREUSR_CF, LSTUPD_D, LSTUPDUSR_CF, timestamp) values (121,120,1,'HUN','HUNGARY',0,null,null,getDate(),'DBEU',getDate(),'DBEU',null)
insert into TSEGMENTRULE2CRI (SGTRULE_NT, SGMT_NF, SGT_NT, SGTVER_NT, SGTCRI_CF, CRE_D, CREUSR_CF) values (1,121,120,1,'COUNTRY_REPORTING',getDate(),'DBEU')
go
insert into TSEGMT (SGMT_NF, SGT_NT, SGTVER_NT, SGMT_LS, SGMT_LL, SGTLVL_NT, PARSGMT_CF, BALAIMGT_CT, CRE_D, CREUSR_CF, LSTUPD_D, LSTUPDUSR_CF, timestamp) values (122,120,1,'IDN','INDONESIA',0,null,null,getDate(),'DBEU',getDate(),'DBEU',null)
insert into TSEGMENTRULE2CRI (SGTRULE_NT, SGMT_NF, SGT_NT, SGTVER_NT, SGTCRI_CF, CRE_D, CREUSR_CF) values (1,122,120,1,'COUNTRY_REPORTING',getDate(),'DBEU')
go
insert into TSEGMT (SGMT_NF, SGT_NT, SGTVER_NT, SGMT_LS, SGMT_LL, SGTLVL_NT, PARSGMT_CF, BALAIMGT_CT, CRE_D, CREUSR_CF, LSTUPD_D, LSTUPDUSR_CF, timestamp) values (123,120,1,'IND','INDIA',0,null,null,getDate(),'DBEU',getDate(),'DBEU',null)
insert into TSEGMENTRULE2CRI (SGTRULE_NT, SGMT_NF, SGT_NT, SGTVER_NT, SGTCRI_CF, CRE_D, CREUSR_CF) values (1,123,120,1,'COUNTRY_REPORTING',getDate(),'DBEU')
go
insert into TSEGMT (SGMT_NF, SGT_NT, SGTVER_NT, SGMT_LS, SGMT_LL, SGTLVL_NT, PARSGMT_CF, BALAIMGT_CT, CRE_D, CREUSR_CF, LSTUPD_D, LSTUPDUSR_CF, timestamp) values (124,120,1,'IOT','BRITISH IOT',0,null,null,getDate(),'DBEU',getDate(),'DBEU',null)
insert into TSEGMENTRULE2CRI (SGTRULE_NT, SGMT_NF, SGT_NT, SGTVER_NT, SGTCRI_CF, CRE_D, CREUSR_CF) values (1,124,120,1,'COUNTRY_REPORTING',getDate(),'DBEU')
go
insert into TSEGMT (SGMT_NF, SGT_NT, SGTVER_NT, SGMT_LS, SGMT_LL, SGTLVL_NT, PARSGMT_CF, BALAIMGT_CT, CRE_D, CREUSR_CF, LSTUPD_D, LSTUPDUSR_CF, timestamp) values (125,120,1,'IRL','IRELAND',0,null,null,getDate(),'DBEU',getDate(),'DBEU',null)
insert into TSEGMENTRULE2CRI (SGTRULE_NT, SGMT_NF, SGT_NT, SGTVER_NT, SGTCRI_CF, CRE_D, CREUSR_CF) values (1,125,120,1,'COUNTRY_REPORTING',getDate(),'DBEU')
go
insert into TSEGMT (SGMT_NF, SGT_NT, SGTVER_NT, SGMT_LS, SGMT_LL, SGTLVL_NT, PARSGMT_CF, BALAIMGT_CT, CRE_D, CREUSR_CF, LSTUPD_D, LSTUPDUSR_CF, timestamp) values (126,120,1,'IRN','IRAN',0,null,null,getDate(),'DBEU',getDate(),'DBEU',null)
insert into TSEGMENTRULE2CRI (SGTRULE_NT, SGMT_NF, SGT_NT, SGTVER_NT, SGTCRI_CF, CRE_D, CREUSR_CF) values (1,126,120,1,'COUNTRY_REPORTING',getDate(),'DBEU')
go
insert into TSEGMT (SGMT_NF, SGT_NT, SGTVER_NT, SGMT_LS, SGMT_LL, SGTLVL_NT, PARSGMT_CF, BALAIMGT_CT, CRE_D, CREUSR_CF, LSTUPD_D, LSTUPDUSR_CF, timestamp) values (127,120,1,'IRQ','IRAQ',0,null,null,getDate(),'DBEU',getDate(),'DBEU',null)
insert into TSEGMENTRULE2CRI (SGTRULE_NT, SGMT_NF, SGT_NT, SGTVER_NT, SGTCRI_CF, CRE_D, CREUSR_CF) values (1,127,120,1,'COUNTRY_REPORTING',getDate(),'DBEU')
go
insert into TSEGMT (SGMT_NF, SGT_NT, SGTVER_NT, SGMT_LS, SGMT_LL, SGTLVL_NT, PARSGMT_CF, BALAIMGT_CT, CRE_D, CREUSR_CF, LSTUPD_D, LSTUPDUSR_CF, timestamp) values (128,120,1,'ISL','ICELAND',0,null,null,getDate(),'DBEU',getDate(),'DBEU',null)
insert into TSEGMENTRULE2CRI (SGTRULE_NT, SGMT_NF, SGT_NT, SGTVER_NT, SGTCRI_CF, CRE_D, CREUSR_CF) values (1,128,120,1,'COUNTRY_REPORTING',getDate(),'DBEU')
go
insert into TSEGMT (SGMT_NF, SGT_NT, SGTVER_NT, SGMT_LS, SGMT_LL, SGTLVL_NT, PARSGMT_CF, BALAIMGT_CT, CRE_D, CREUSR_CF, LSTUPD_D, LSTUPDUSR_CF, timestamp) values (129,120,1,'ISR','ISRAEL',0,null,null,getDate(),'DBEU',getDate(),'DBEU',null)
insert into TSEGMENTRULE2CRI (SGTRULE_NT, SGMT_NF, SGT_NT, SGTVER_NT, SGTCRI_CF, CRE_D, CREUSR_CF) values (1,129,120,1,'COUNTRY_REPORTING',getDate(),'DBEU')
go
insert into TSEGMT (SGMT_NF, SGT_NT, SGTVER_NT, SGMT_LS, SGMT_LL, SGTLVL_NT, PARSGMT_CF, BALAIMGT_CT, CRE_D, CREUSR_CF, LSTUPD_D, LSTUPDUSR_CF, timestamp) values (130,120,1,'ITA','ITALY',0,null,null,getDate(),'DBEU',getDate(),'DBEU',null)
insert into TSEGMENTRULE2CRI (SGTRULE_NT, SGMT_NF, SGT_NT, SGTVER_NT, SGTCRI_CF, CRE_D, CREUSR_CF) values (1,130,120,1,'COUNTRY_REPORTING',getDate(),'DBEU')
go
insert into TSEGMT (SGMT_NF, SGT_NT, SGTVER_NT, SGMT_LS, SGMT_LL, SGTLVL_NT, PARSGMT_CF, BALAIMGT_CT, CRE_D, CREUSR_CF, LSTUPD_D, LSTUPDUSR_CF, timestamp) values (131,120,1,'JEY','JERSEY',0,null,null,getDate(),'DBEU',getDate(),'DBEU',null)
insert into TSEGMENTRULE2CRI (SGTRULE_NT, SGMT_NF, SGT_NT, SGTVER_NT, SGTCRI_CF, CRE_D, CREUSR_CF) values (1,131,120,1,'COUNTRY_REPORTING',getDate(),'DBEU')
go
insert into TSEGMT (SGMT_NF, SGT_NT, SGTVER_NT, SGMT_LS, SGMT_LL, SGTLVL_NT, PARSGMT_CF, BALAIMGT_CT, CRE_D, CREUSR_CF, LSTUPD_D, LSTUPDUSR_CF, timestamp) values (132,120,1,'JOR','JORDAN',0,null,null,getDate(),'DBEU',getDate(),'DBEU',null)
insert into TSEGMENTRULE2CRI (SGTRULE_NT, SGMT_NF, SGT_NT, SGTVER_NT, SGTCRI_CF, CRE_D, CREUSR_CF) values (1,132,120,1,'COUNTRY_REPORTING',getDate(),'DBEU')
go
insert into TSEGMT (SGMT_NF, SGT_NT, SGTVER_NT, SGMT_LS, SGMT_LL, SGTLVL_NT, PARSGMT_CF, BALAIMGT_CT, CRE_D, CREUSR_CF, LSTUPD_D, LSTUPDUSR_CF, timestamp) values (133,120,1,'JPN','JAPAN',0,null,null,getDate(),'DBEU',getDate(),'DBEU',null)
insert into TSEGMENTRULE2CRI (SGTRULE_NT, SGMT_NF, SGT_NT, SGTVER_NT, SGTCRI_CF, CRE_D, CREUSR_CF) values (1,133,120,1,'COUNTRY_REPORTING',getDate(),'DBEU')
go
insert into TSEGMT (SGMT_NF, SGT_NT, SGTVER_NT, SGMT_LS, SGMT_LL, SGTLVL_NT, PARSGMT_CF, BALAIMGT_CT, CRE_D, CREUSR_CF, LSTUPD_D, LSTUPDUSR_CF, timestamp) values (134,120,1,'KAZ','KAZAKHSTAN',0,null,null,getDate(),'DBEU',getDate(),'DBEU',null)
insert into TSEGMENTRULE2CRI (SGTRULE_NT, SGMT_NF, SGT_NT, SGTVER_NT, SGTCRI_CF, CRE_D, CREUSR_CF) values (1,134,120,1,'COUNTRY_REPORTING',getDate(),'DBEU')
go
insert into TSEGMT (SGMT_NF, SGT_NT, SGTVER_NT, SGMT_LS, SGMT_LL, SGTLVL_NT, PARSGMT_CF, BALAIMGT_CT, CRE_D, CREUSR_CF, LSTUPD_D, LSTUPDUSR_CF, timestamp) values (135,120,1,'KEN','KENYA',0,null,null,getDate(),'DBEU',getDate(),'DBEU',null)
insert into TSEGMENTRULE2CRI (SGTRULE_NT, SGMT_NF, SGT_NT, SGTVER_NT, SGTCRI_CF, CRE_D, CREUSR_CF) values (1,135,120,1,'COUNTRY_REPORTING',getDate(),'DBEU')
go
insert into TSEGMT (SGMT_NF, SGT_NT, SGTVER_NT, SGMT_LS, SGMT_LL, SGTLVL_NT, PARSGMT_CF, BALAIMGT_CT, CRE_D, CREUSR_CF, LSTUPD_D, LSTUPDUSR_CF, timestamp) values (136,120,1,'KGZ','KYRGYZSTAN',0,null,null,getDate(),'DBEU',getDate(),'DBEU',null)
insert into TSEGMENTRULE2CRI (SGTRULE_NT, SGMT_NF, SGT_NT, SGTVER_NT, SGTCRI_CF, CRE_D, CREUSR_CF) values (1,136,120,1,'COUNTRY_REPORTING',getDate(),'DBEU')
go
insert into TSEGMT (SGMT_NF, SGT_NT, SGTVER_NT, SGMT_LS, SGMT_LL, SGTLVL_NT, PARSGMT_CF, BALAIMGT_CT, CRE_D, CREUSR_CF, LSTUPD_D, LSTUPDUSR_CF, timestamp) values (137,120,1,'MAL','Malaysia N0',0,null,null,getDate(),'DBEU',getDate(),'DBEU',null)
insert into TSEGMENTRULE2CRI (SGTRULE_NT, SGMT_NF, SGT_NT, SGTVER_NT, SGTCRI_CF, CRE_D, CREUSR_CF) values (1,137,120,1,'COUNTRY_REPORTING',getDate(),'DBEU')
insert into TSEGMENTRULE2CRI (SGTRULE_NT, SGMT_NF, SGT_NT, SGTVER_NT, SGTCRI_CF, CRE_D, CREUSR_CF) values (2,137,120,1,'COUNTRY_REPORTING',getDate(),'DBEU')
insert into TSEGMENTRULE2CRI (SGTRULE_NT, SGMT_NF, SGT_NT, SGTVER_NT, SGTCRI_CF, CRE_D, CREUSR_CF) values (3,137,120,1,'COUNTRY_REPORTING',getDate(),'DBEU')
go
insert into TSEGMT (SGMT_NF, SGT_NT, SGTVER_NT, SGMT_LS, SGMT_LL, SGTLVL_NT, PARSGMT_CF, BALAIMGT_CT, CRE_D, CREUSR_CF, LSTUPD_D, LSTUPDUSR_CF, timestamp) values (138,120,1,'KRA','KOREA',0,null,null,getDate(),'DBEU',getDate(),'DBEU',null)
insert into TSEGMENTRULE2CRI (SGTRULE_NT, SGMT_NF, SGT_NT, SGTVER_NT, SGTCRI_CF, CRE_D, CREUSR_CF) values (1,138,120,1,'COUNTRY_REPORTING',getDate(),'DBEU')
insert into TSEGMENTRULE2CRI (SGTRULE_NT, SGMT_NF, SGT_NT, SGTVER_NT, SGTCRI_CF, CRE_D, CREUSR_CF) values (2,138,120,1,'COUNTRY_REPORTING',getDate(),'DBEU')
go
insert into TSEGMT (SGMT_NF, SGT_NT, SGTVER_NT, SGMT_LS, SGMT_LL, SGTLVL_NT, PARSGMT_CF, BALAIMGT_CT, CRE_D, CREUSR_CF, LSTUPD_D, LSTUPDUSR_CF, timestamp) values (139,120,1,'KWT','KUWAIT',0,null,null,getDate(),'DBEU',getDate(),'DBEU',null)
insert into TSEGMENTRULE2CRI (SGTRULE_NT, SGMT_NF, SGT_NT, SGTVER_NT, SGTCRI_CF, CRE_D, CREUSR_CF) values (1,139,120,1,'COUNTRY_REPORTING',getDate(),'DBEU')
go
insert into TSEGMT (SGMT_NF, SGT_NT, SGTVER_NT, SGMT_LS, SGMT_LL, SGTLVL_NT, PARSGMT_CF, BALAIMGT_CT, CRE_D, CREUSR_CF, LSTUPD_D, LSTUPDUSR_CF, timestamp) values (140,120,1,'LBN','LEBANON',0,null,null,getDate(),'DBEU',getDate(),'DBEU',null)
insert into TSEGMENTRULE2CRI (SGTRULE_NT, SGMT_NF, SGT_NT, SGTVER_NT, SGTCRI_CF, CRE_D, CREUSR_CF) values (1,140,120,1,'COUNTRY_REPORTING',getDate(),'DBEU')
go
insert into TSEGMT (SGMT_NF, SGT_NT, SGTVER_NT, SGMT_LS, SGMT_LL, SGTLVL_NT, PARSGMT_CF, BALAIMGT_CT, CRE_D, CREUSR_CF, LSTUPD_D, LSTUPDUSR_CF, timestamp) values (141,120,1,'LBR','LIBERIA',0,null,null,getDate(),'DBEU',getDate(),'DBEU',null)
insert into TSEGMENTRULE2CRI (SGTRULE_NT, SGMT_NF, SGT_NT, SGTVER_NT, SGTCRI_CF, CRE_D, CREUSR_CF) values (1,141,120,1,'COUNTRY_REPORTING',getDate(),'DBEU')
go
insert into TSEGMT (SGMT_NF, SGT_NT, SGTVER_NT, SGMT_LS, SGMT_LL, SGTLVL_NT, PARSGMT_CF, BALAIMGT_CT, CRE_D, CREUSR_CF, LSTUPD_D, LSTUPDUSR_CF, timestamp) values (142,120,1,'LBY','LIBYA',0,null,null,getDate(),'DBEU',getDate(),'DBEU',null)
insert into TSEGMENTRULE2CRI (SGTRULE_NT, SGMT_NF, SGT_NT, SGTVER_NT, SGTCRI_CF, CRE_D, CREUSR_CF) values (1,142,120,1,'COUNTRY_REPORTING',getDate(),'DBEU')
go
insert into TSEGMT (SGMT_NF, SGT_NT, SGTVER_NT, SGMT_LS, SGMT_LL, SGTLVL_NT, PARSGMT_CF, BALAIMGT_CT, CRE_D, CREUSR_CF, LSTUPD_D, LSTUPDUSR_CF, timestamp) values (143,120,1,'LIE','LIECHTENSTEIN',0,null,null,getDate(),'DBEU',getDate(),'DBEU',null)
insert into TSEGMENTRULE2CRI (SGTRULE_NT, SGMT_NF, SGT_NT, SGTVER_NT, SGTCRI_CF, CRE_D, CREUSR_CF) values (1,143,120,1,'COUNTRY_REPORTING',getDate(),'DBEU')
go
insert into TSEGMT (SGMT_NF, SGT_NT, SGTVER_NT, SGMT_LS, SGMT_LL, SGTLVL_NT, PARSGMT_CF, BALAIMGT_CT, CRE_D, CREUSR_CF, LSTUPD_D, LSTUPDUSR_CF, timestamp) values (144,120,1,'LSO','LESOTHO',0,null,null,getDate(),'DBEU',getDate(),'DBEU',null)
insert into TSEGMENTRULE2CRI (SGTRULE_NT, SGMT_NF, SGT_NT, SGTVER_NT, SGTCRI_CF, CRE_D, CREUSR_CF) values (1,144,120,1,'COUNTRY_REPORTING',getDate(),'DBEU')
go
insert into TSEGMT (SGMT_NF, SGT_NT, SGTVER_NT, SGMT_LS, SGMT_LL, SGTLVL_NT, PARSGMT_CF, BALAIMGT_CT, CRE_D, CREUSR_CF, LSTUPD_D, LSTUPDUSR_CF, timestamp) values (145,120,1,'LTU','LITHUANIA',0,null,null,getDate(),'DBEU',getDate(),'DBEU',null)
insert into TSEGMENTRULE2CRI (SGTRULE_NT, SGMT_NF, SGT_NT, SGTVER_NT, SGTCRI_CF, CRE_D, CREUSR_CF) values (1,145,120,1,'COUNTRY_REPORTING',getDate(),'DBEU')
go
insert into TSEGMT (SGMT_NF, SGT_NT, SGTVER_NT, SGMT_LS, SGMT_LL, SGTLVL_NT, PARSGMT_CF, BALAIMGT_CT, CRE_D, CREUSR_CF, LSTUPD_D, LSTUPDUSR_CF, timestamp) values (146,120,1,'LUX','LUXEMBOURG',0,null,null,getDate(),'DBEU',getDate(),'DBEU',null)
insert into TSEGMENTRULE2CRI (SGTRULE_NT, SGMT_NF, SGT_NT, SGTVER_NT, SGTCRI_CF, CRE_D, CREUSR_CF) values (1,146,120,1,'COUNTRY_REPORTING',getDate(),'DBEU')
go
insert into TSEGMT (SGMT_NF, SGT_NT, SGTVER_NT, SGMT_LS, SGMT_LL, SGTLVL_NT, PARSGMT_CF, BALAIMGT_CT, CRE_D, CREUSR_CF, LSTUPD_D, LSTUPDUSR_CF, timestamp) values (147,120,1,'LVA','LATVIA',0,null,null,getDate(),'DBEU',getDate(),'DBEU',null)
insert into TSEGMENTRULE2CRI (SGTRULE_NT, SGMT_NF, SGT_NT, SGTVER_NT, SGTCRI_CF, CRE_D, CREUSR_CF) values (1,147,120,1,'COUNTRY_REPORTING',getDate(),'DBEU')
go
insert into TSEGMT (SGMT_NF, SGT_NT, SGTVER_NT, SGMT_LS, SGMT_LL, SGTLVL_NT, PARSGMT_CF, BALAIMGT_CT, CRE_D, CREUSR_CF, LSTUPD_D, LSTUPDUSR_CF, timestamp) values (148,120,1,'MAR','MOROCCO',0,null,null,getDate(),'DBEU',getDate(),'DBEU',null)
insert into TSEGMENTRULE2CRI (SGTRULE_NT, SGMT_NF, SGT_NT, SGTVER_NT, SGTCRI_CF, CRE_D, CREUSR_CF) values (1,148,120,1,'COUNTRY_REPORTING',getDate(),'DBEU')
go
insert into TSEGMT (SGMT_NF, SGT_NT, SGTVER_NT, SGMT_LS, SGMT_LL, SGTLVL_NT, PARSGMT_CF, BALAIMGT_CT, CRE_D, CREUSR_CF, LSTUPD_D, LSTUPDUSR_CF, timestamp) values (149,120,1,'MCO','MONACO',0,null,null,getDate(),'DBEU',getDate(),'DBEU',null)
insert into TSEGMENTRULE2CRI (SGTRULE_NT, SGMT_NF, SGT_NT, SGTVER_NT, SGTCRI_CF, CRE_D, CREUSR_CF) values (1,149,120,1,'COUNTRY_REPORTING',getDate(),'DBEU')
go
insert into TSEGMT (SGMT_NF, SGT_NT, SGTVER_NT, SGMT_LS, SGMT_LL, SGTLVL_NT, PARSGMT_CF, BALAIMGT_CT, CRE_D, CREUSR_CF, LSTUPD_D, LSTUPDUSR_CF, timestamp) values (150,120,1,'MDA','MOLDOVA',0,null,null,getDate(),'DBEU',getDate(),'DBEU',null)
insert into TSEGMENTRULE2CRI (SGTRULE_NT, SGMT_NF, SGT_NT, SGTVER_NT, SGTCRI_CF, CRE_D, CREUSR_CF) values (1,150,120,1,'COUNTRY_REPORTING',getDate(),'DBEU')
go
insert into TSEGMT (SGMT_NF, SGT_NT, SGTVER_NT, SGMT_LS, SGMT_LL, SGTLVL_NT, PARSGMT_CF, BALAIMGT_CT, CRE_D, CREUSR_CF, LSTUPD_D, LSTUPDUSR_CF, timestamp) values (151,120,1,'MDG','MADAGASCAR',0,null,null,getDate(),'DBEU',getDate(),'DBEU',null)
insert into TSEGMENTRULE2CRI (SGTRULE_NT, SGMT_NF, SGT_NT, SGTVER_NT, SGTCRI_CF, CRE_D, CREUSR_CF) values (1,151,120,1,'COUNTRY_REPORTING',getDate(),'DBEU')
go
insert into TSEGMT (SGMT_NF, SGT_NT, SGTVER_NT, SGMT_LS, SGMT_LL, SGTLVL_NT, PARSGMT_CF, BALAIMGT_CT, CRE_D, CREUSR_CF, LSTUPD_D, LSTUPDUSR_CF, timestamp) values (152,120,1,'MEX','MEXICO',0,null,null,getDate(),'DBEU',getDate(),'DBEU',null)
insert into TSEGMENTRULE2CRI (SGTRULE_NT, SGMT_NF, SGT_NT, SGTVER_NT, SGTCRI_CF, CRE_D, CREUSR_CF) values (1,152,120,1,'COUNTRY_REPORTING',getDate(),'DBEU')
go
insert into TSEGMT (SGMT_NF, SGT_NT, SGTVER_NT, SGMT_LS, SGMT_LL, SGTLVL_NT, PARSGMT_CF, BALAIMGT_CT, CRE_D, CREUSR_CF, LSTUPD_D, LSTUPDUSR_CF, timestamp) values (153,120,1,'MKD','MACEDONIA',0,null,null,getDate(),'DBEU',getDate(),'DBEU',null)
insert into TSEGMENTRULE2CRI (SGTRULE_NT, SGMT_NF, SGT_NT, SGTVER_NT, SGTCRI_CF, CRE_D, CREUSR_CF) values (1,153,120,1,'COUNTRY_REPORTING',getDate(),'DBEU')
go
insert into TSEGMT (SGMT_NF, SGT_NT, SGTVER_NT, SGMT_LS, SGMT_LL, SGTLVL_NT, PARSGMT_CF, BALAIMGT_CT, CRE_D, CREUSR_CF, LSTUPD_D, LSTUPDUSR_CF, timestamp) values (154,120,1,'MLI','MALI',0,null,null,getDate(),'DBEU',getDate(),'DBEU',null)
insert into TSEGMENTRULE2CRI (SGTRULE_NT, SGMT_NF, SGT_NT, SGTVER_NT, SGTCRI_CF, CRE_D, CREUSR_CF) values (1,154,120,1,'COUNTRY_REPORTING',getDate(),'DBEU')
go
insert into TSEGMT (SGMT_NF, SGT_NT, SGTVER_NT, SGMT_LS, SGMT_LL, SGTLVL_NT, PARSGMT_CF, BALAIMGT_CT, CRE_D, CREUSR_CF, LSTUPD_D, LSTUPDUSR_CF, timestamp) values (155,120,1,'MLT','MALTA',0,null,null,getDate(),'DBEU',getDate(),'DBEU',null)
insert into TSEGMENTRULE2CRI (SGTRULE_NT, SGMT_NF, SGT_NT, SGTVER_NT, SGTCRI_CF, CRE_D, CREUSR_CF) values (1,155,120,1,'COUNTRY_REPORTING',getDate(),'DBEU')
go
insert into TSEGMT (SGMT_NF, SGT_NT, SGTVER_NT, SGMT_LS, SGMT_LL, SGTLVL_NT, PARSGMT_CF, BALAIMGT_CT, CRE_D, CREUSR_CF, LSTUPD_D, LSTUPDUSR_CF, timestamp) values (156,120,1,'MNE','MONTENEGRO',0,null,null,getDate(),'DBEU',getDate(),'DBEU',null)
insert into TSEGMENTRULE2CRI (SGTRULE_NT, SGMT_NF, SGT_NT, SGTVER_NT, SGTCRI_CF, CRE_D, CREUSR_CF) values (1,156,120,1,'COUNTRY_REPORTING',getDate(),'DBEU')
go
insert into TSEGMT (SGMT_NF, SGT_NT, SGTVER_NT, SGMT_LS, SGMT_LL, SGTLVL_NT, PARSGMT_CF, BALAIMGT_CT, CRE_D, CREUSR_CF, LSTUPD_D, LSTUPDUSR_CF, timestamp) values (157,120,1,'MNG','MONGOLIA',0,null,null,getDate(),'DBEU',getDate(),'DBEU',null)
insert into TSEGMENTRULE2CRI (SGTRULE_NT, SGMT_NF, SGT_NT, SGTVER_NT, SGTCRI_CF, CRE_D, CREUSR_CF) values (1,157,120,1,'COUNTRY_REPORTING',getDate(),'DBEU')
go
insert into TSEGMT (SGMT_NF, SGT_NT, SGTVER_NT, SGMT_LS, SGMT_LL, SGTLVL_NT, PARSGMT_CF, BALAIMGT_CT, CRE_D, CREUSR_CF, LSTUPD_D, LSTUPDUSR_CF, timestamp) values (158,120,1,'MOZ','MOZAMBIQUE',0,null,null,getDate(),'DBEU',getDate(),'DBEU',null)
insert into TSEGMENTRULE2CRI (SGTRULE_NT, SGMT_NF, SGT_NT, SGTVER_NT, SGTCRI_CF, CRE_D, CREUSR_CF) values (1,158,120,1,'COUNTRY_REPORTING',getDate(),'DBEU')
go
insert into TSEGMT (SGMT_NF, SGT_NT, SGTVER_NT, SGMT_LS, SGMT_LL, SGTLVL_NT, PARSGMT_CF, BALAIMGT_CT, CRE_D, CREUSR_CF, LSTUPD_D, LSTUPDUSR_CF, timestamp) values (159,120,1,'MRT','MAURITANIA',0,null,null,getDate(),'DBEU',getDate(),'DBEU',null)
insert into TSEGMENTRULE2CRI (SGTRULE_NT, SGMT_NF, SGT_NT, SGTVER_NT, SGTCRI_CF, CRE_D, CREUSR_CF) values (1,159,120,1,'COUNTRY_REPORTING',getDate(),'DBEU')
go
insert into TSEGMT (SGMT_NF, SGT_NT, SGTVER_NT, SGMT_LS, SGMT_LL, SGTLVL_NT, PARSGMT_CF, BALAIMGT_CT, CRE_D, CREUSR_CF, LSTUPD_D, LSTUPDUSR_CF, timestamp) values (160,120,1,'MUS','MAURITIUS',0,null,null,getDate(),'DBEU',getDate(),'DBEU',null)
insert into TSEGMENTRULE2CRI (SGTRULE_NT, SGMT_NF, SGT_NT, SGTVER_NT, SGTCRI_CF, CRE_D, CREUSR_CF) values (1,160,120,1,'COUNTRY_REPORTING',getDate(),'DBEU')
go
insert into TSEGMT (SGMT_NF, SGT_NT, SGTVER_NT, SGMT_LS, SGMT_LL, SGTLVL_NT, PARSGMT_CF, BALAIMGT_CT, CRE_D, CREUSR_CF, LSTUPD_D, LSTUPDUSR_CF, timestamp) values (161,120,1,'MWI','MALAWI',0,null,null,getDate(),'DBEU',getDate(),'DBEU',null)
insert into TSEGMENTRULE2CRI (SGTRULE_NT, SGMT_NF, SGT_NT, SGTVER_NT, SGTCRI_CF, CRE_D, CREUSR_CF) values (1,161,120,1,'COUNTRY_REPORTING',getDate(),'DBEU')
go
insert into TSEGMT (SGMT_NF, SGT_NT, SGTVER_NT, SGMT_LS, SGMT_LL, SGTLVL_NT, PARSGMT_CF, BALAIMGT_CT, CRE_D, CREUSR_CF, LSTUPD_D, LSTUPDUSR_CF, timestamp) values (162,120,1,'NAM','NAMIBIA',0,null,null,getDate(),'DBEU',getDate(),'DBEU',null)
insert into TSEGMENTRULE2CRI (SGTRULE_NT, SGMT_NF, SGT_NT, SGTVER_NT, SGTCRI_CF, CRE_D, CREUSR_CF) values (1,162,120,1,'COUNTRY_REPORTING',getDate(),'DBEU')
go
insert into TSEGMT (SGMT_NF, SGT_NT, SGTVER_NT, SGMT_LS, SGMT_LL, SGTLVL_NT, PARSGMT_CF, BALAIMGT_CT, CRE_D, CREUSR_CF, LSTUPD_D, LSTUPDUSR_CF, timestamp) values (163,120,1,'NER','NIGER',0,null,null,getDate(),'DBEU',getDate(),'DBEU',null)
insert into TSEGMENTRULE2CRI (SGTRULE_NT, SGMT_NF, SGT_NT, SGTVER_NT, SGTCRI_CF, CRE_D, CREUSR_CF) values (1,163,120,1,'COUNTRY_REPORTING',getDate(),'DBEU')
go
insert into TSEGMT (SGMT_NF, SGT_NT, SGTVER_NT, SGMT_LS, SGMT_LL, SGTLVL_NT, PARSGMT_CF, BALAIMGT_CT, CRE_D, CREUSR_CF, LSTUPD_D, LSTUPDUSR_CF, timestamp) values (164,120,1,'NGA','NIGERIA',0,null,null,getDate(),'DBEU',getDate(),'DBEU',null)
insert into TSEGMENTRULE2CRI (SGTRULE_NT, SGMT_NF, SGT_NT, SGTVER_NT, SGTCRI_CF, CRE_D, CREUSR_CF) values (1,164,120,1,'COUNTRY_REPORTING',getDate(),'DBEU')
go
insert into TSEGMT (SGMT_NF, SGT_NT, SGTVER_NT, SGMT_LS, SGMT_LL, SGTLVL_NT, PARSGMT_CF, BALAIMGT_CT, CRE_D, CREUSR_CF, LSTUPD_D, LSTUPDUSR_CF, timestamp) values (165,120,1,'NLD','NETHERLANDS',0,null,null,getDate(),'DBEU',getDate(),'DBEU',null)
insert into TSEGMENTRULE2CRI (SGTRULE_NT, SGMT_NF, SGT_NT, SGTVER_NT, SGTCRI_CF, CRE_D, CREUSR_CF) values (1,165,120,1,'COUNTRY_REPORTING',getDate(),'DBEU')
go
insert into TSEGMT (SGMT_NF, SGT_NT, SGTVER_NT, SGMT_LS, SGMT_LL, SGTLVL_NT, PARSGMT_CF, BALAIMGT_CT, CRE_D, CREUSR_CF, LSTUPD_D, LSTUPDUSR_CF, timestamp) values (166,120,1,'NOR','NORWAY',0,null,null,getDate(),'DBEU',getDate(),'DBEU',null)
insert into TSEGMENTRULE2CRI (SGTRULE_NT, SGMT_NF, SGT_NT, SGTVER_NT, SGTCRI_CF, CRE_D, CREUSR_CF) values (1,166,120,1,'COUNTRY_REPORTING',getDate(),'DBEU')
go
insert into TSEGMT (SGMT_NF, SGT_NT, SGTVER_NT, SGMT_LS, SGMT_LL, SGTLVL_NT, PARSGMT_CF, BALAIMGT_CT, CRE_D, CREUSR_CF, LSTUPD_D, LSTUPDUSR_CF, timestamp) values (167,120,1,'NZL','NEW ZEALAND',0,null,null,getDate(),'DBEU',getDate(),'DBEU',null)
insert into TSEGMENTRULE2CRI (SGTRULE_NT, SGMT_NF, SGT_NT, SGTVER_NT, SGTCRI_CF, CRE_D, CREUSR_CF) values (1,167,120,1,'COUNTRY_REPORTING',getDate(),'DBEU')
go
insert into TSEGMT (SGMT_NF, SGT_NT, SGTVER_NT, SGMT_LS, SGMT_LL, SGTLVL_NT, PARSGMT_CF, BALAIMGT_CT, CRE_D, CREUSR_CF, LSTUPD_D, LSTUPDUSR_CF, timestamp) values (168,120,1,'OMN','OMAN',0,null,null,getDate(),'DBEU',getDate(),'DBEU',null)
insert into TSEGMENTRULE2CRI (SGTRULE_NT, SGMT_NF, SGT_NT, SGTVER_NT, SGTCRI_CF, CRE_D, CREUSR_CF) values (1,168,120,1,'COUNTRY_REPORTING',getDate(),'DBEU')
go
insert into TSEGMT (SGMT_NF, SGT_NT, SGTVER_NT, SGMT_LS, SGMT_LL, SGTLVL_NT, PARSGMT_CF, BALAIMGT_CT, CRE_D, CREUSR_CF, LSTUPD_D, LSTUPDUSR_CF, timestamp) values (169,120,1,'PAK','PAKISTAN',0,null,null,getDate(),'DBEU',getDate(),'DBEU',null)
insert into TSEGMENTRULE2CRI (SGTRULE_NT, SGMT_NF, SGT_NT, SGTVER_NT, SGTCRI_CF, CRE_D, CREUSR_CF) values (1,169,120,1,'COUNTRY_REPORTING',getDate(),'DBEU')
go
insert into TSEGMT (SGMT_NF, SGT_NT, SGTVER_NT, SGMT_LS, SGMT_LL, SGTLVL_NT, PARSGMT_CF, BALAIMGT_CT, CRE_D, CREUSR_CF, LSTUPD_D, LSTUPDUSR_CF, timestamp) values (170,120,1,'PAL','PALESTINE',0,null,null,getDate(),'DBEU',getDate(),'DBEU',null)
insert into TSEGMENTRULE2CRI (SGTRULE_NT, SGMT_NF, SGT_NT, SGTVER_NT, SGTCRI_CF, CRE_D, CREUSR_CF) values (1,170,120,1,'COUNTRY_REPORTING',getDate(),'DBEU')
go
insert into TSEGMT (SGMT_NF, SGT_NT, SGTVER_NT, SGMT_LS, SGMT_LL, SGTLVL_NT, PARSGMT_CF, BALAIMGT_CT, CRE_D, CREUSR_CF, LSTUPD_D, LSTUPDUSR_CF, timestamp) values (171,120,1,'PAN','PANAMA',0,null,null,getDate(),'DBEU',getDate(),'DBEU',null)
insert into TSEGMENTRULE2CRI (SGTRULE_NT, SGMT_NF, SGT_NT, SGTVER_NT, SGTCRI_CF, CRE_D, CREUSR_CF) values (1,171,120,1,'COUNTRY_REPORTING',getDate(),'DBEU')
go
insert into TSEGMT (SGMT_NF, SGT_NT, SGTVER_NT, SGMT_LS, SGMT_LL, SGTLVL_NT, PARSGMT_CF, BALAIMGT_CT, CRE_D, CREUSR_CF, LSTUPD_D, LSTUPDUSR_CF, timestamp) values (172,120,1,'PER','PERU',0,null,null,getDate(),'DBEU',getDate(),'DBEU',null)
insert into TSEGMENTRULE2CRI (SGTRULE_NT, SGMT_NF, SGT_NT, SGTVER_NT, SGTCRI_CF, CRE_D, CREUSR_CF) values (1,172,120,1,'COUNTRY_REPORTING',getDate(),'DBEU')
go
insert into TSEGMT (SGMT_NF, SGT_NT, SGTVER_NT, SGMT_LS, SGMT_LL, SGTLVL_NT, PARSGMT_CF, BALAIMGT_CT, CRE_D, CREUSR_CF, LSTUPD_D, LSTUPDUSR_CF, timestamp) values (173,120,1,'PHL','PHILIPPINES',0,null,null,getDate(),'DBEU',getDate(),'DBEU',null)
insert into TSEGMENTRULE2CRI (SGTRULE_NT, SGMT_NF, SGT_NT, SGTVER_NT, SGTCRI_CF, CRE_D, CREUSR_CF) values (1,173,120,1,'COUNTRY_REPORTING',getDate(),'DBEU')
go
insert into TSEGMT (SGMT_NF, SGT_NT, SGTVER_NT, SGMT_LS, SGMT_LL, SGTLVL_NT, PARSGMT_CF, BALAIMGT_CT, CRE_D, CREUSR_CF, LSTUPD_D, LSTUPDUSR_CF, timestamp) values (174,120,1,'POL','POLAND',0,null,null,getDate(),'DBEU',getDate(),'DBEU',null)
insert into TSEGMENTRULE2CRI (SGTRULE_NT, SGMT_NF, SGT_NT, SGTVER_NT, SGTCRI_CF, CRE_D, CREUSR_CF) values (1,174,120,1,'COUNTRY_REPORTING',getDate(),'DBEU')
go
insert into TSEGMT (SGMT_NF, SGT_NT, SGTVER_NT, SGMT_LS, SGMT_LL, SGTLVL_NT, PARSGMT_CF, BALAIMGT_CT, CRE_D, CREUSR_CF, LSTUPD_D, LSTUPDUSR_CF, timestamp) values (175,120,1,'PRT','PORTUGAL',0,null,null,getDate(),'DBEU',getDate(),'DBEU',null)
insert into TSEGMENTRULE2CRI (SGTRULE_NT, SGMT_NF, SGT_NT, SGTVER_NT, SGTCRI_CF, CRE_D, CREUSR_CF) values (1,175,120,1,'COUNTRY_REPORTING',getDate(),'DBEU')
go
insert into TSEGMT (SGMT_NF, SGT_NT, SGTVER_NT, SGMT_LS, SGMT_LL, SGTLVL_NT, PARSGMT_CF, BALAIMGT_CT, CRE_D, CREUSR_CF, LSTUPD_D, LSTUPDUSR_CF, timestamp) values (176,120,1,'QAT','QATAR',0,null,null,getDate(),'DBEU',getDate(),'DBEU',null)
insert into TSEGMENTRULE2CRI (SGTRULE_NT, SGMT_NF, SGT_NT, SGTVER_NT, SGTCRI_CF, CRE_D, CREUSR_CF) values (1,176,120,1,'COUNTRY_REPORTING',getDate(),'DBEU')
go
insert into TSEGMT (SGMT_NF, SGT_NT, SGTVER_NT, SGMT_LS, SGMT_LL, SGTLVL_NT, PARSGMT_CF, BALAIMGT_CT, CRE_D, CREUSR_CF, LSTUPD_D, LSTUPDUSR_CF, timestamp) values (177,120,1,'ROM','ROMANIA',0,null,null,getDate(),'DBEU',getDate(),'DBEU',null)
insert into TSEGMENTRULE2CRI (SGTRULE_NT, SGMT_NF, SGT_NT, SGTVER_NT, SGTCRI_CF, CRE_D, CREUSR_CF) values (1,177,120,1,'COUNTRY_REPORTING',getDate(),'DBEU')
go
insert into TSEGMT (SGMT_NF, SGT_NT, SGTVER_NT, SGMT_LS, SGMT_LL, SGTLVL_NT, PARSGMT_CF, BALAIMGT_CT, CRE_D, CREUSR_CF, LSTUPD_D, LSTUPDUSR_CF, timestamp) values (178,120,1,'RUS','RUSSIA',0,null,null,getDate(),'DBEU',getDate(),'DBEU',null)
insert into TSEGMENTRULE2CRI (SGTRULE_NT, SGMT_NF, SGT_NT, SGTVER_NT, SGTCRI_CF, CRE_D, CREUSR_CF) values (1,178,120,1,'COUNTRY_REPORTING',getDate(),'DBEU')
go
insert into TSEGMT (SGMT_NF, SGT_NT, SGTVER_NT, SGMT_LS, SGMT_LL, SGTLVL_NT, PARSGMT_CF, BALAIMGT_CT, CRE_D, CREUSR_CF, LSTUPD_D, LSTUPDUSR_CF, timestamp) values (179,120,1,'RWA','RWANDA',0,null,null,getDate(),'DBEU',getDate(),'DBEU',null)
insert into TSEGMENTRULE2CRI (SGTRULE_NT, SGMT_NF, SGT_NT, SGTVER_NT, SGTCRI_CF, CRE_D, CREUSR_CF) values (1,179,120,1,'COUNTRY_REPORTING',getDate(),'DBEU')
go
insert into TSEGMT (SGMT_NF, SGT_NT, SGTVER_NT, SGMT_LS, SGMT_LL, SGTLVL_NT, PARSGMT_CF, BALAIMGT_CT, CRE_D, CREUSR_CF, LSTUPD_D, LSTUPDUSR_CF, timestamp) values (180,120,1,'SAU','SAUDI ARABIA',0,null,null,getDate(),'DBEU',getDate(),'DBEU',null)
insert into TSEGMENTRULE2CRI (SGTRULE_NT, SGMT_NF, SGT_NT, SGTVER_NT, SGTCRI_CF, CRE_D, CREUSR_CF) values (1,180,120,1,'COUNTRY_REPORTING',getDate(),'DBEU')
go
insert into TSEGMT (SGMT_NF, SGT_NT, SGTVER_NT, SGMT_LS, SGMT_LL, SGTLVL_NT, PARSGMT_CF, BALAIMGT_CT, CRE_D, CREUSR_CF, LSTUPD_D, LSTUPDUSR_CF, timestamp) values (181,120,1,'SCG','YUGOSLAVIA',0,null,null,getDate(),'DBEU',getDate(),'DBEU',null)
insert into TSEGMENTRULE2CRI (SGTRULE_NT, SGMT_NF, SGT_NT, SGTVER_NT, SGTCRI_CF, CRE_D, CREUSR_CF) values (1,181,120,1,'COUNTRY_REPORTING',getDate(),'DBEU')
go
insert into TSEGMT (SGMT_NF, SGT_NT, SGTVER_NT, SGMT_LS, SGMT_LL, SGTLVL_NT, PARSGMT_CF, BALAIMGT_CT, CRE_D, CREUSR_CF, LSTUPD_D, LSTUPDUSR_CF, timestamp) values (182,120,1,'SDN','SUDAN',0,null,null,getDate(),'DBEU',getDate(),'DBEU',null)
insert into TSEGMENTRULE2CRI (SGTRULE_NT, SGMT_NF, SGT_NT, SGTVER_NT, SGTCRI_CF, CRE_D, CREUSR_CF) values (1,182,120,1,'COUNTRY_REPORTING',getDate(),'DBEU')
go
insert into TSEGMT (SGMT_NF, SGT_NT, SGTVER_NT, SGMT_LS, SGMT_LL, SGTLVL_NT, PARSGMT_CF, BALAIMGT_CT, CRE_D, CREUSR_CF, LSTUPD_D, LSTUPDUSR_CF, timestamp) values (183,120,1,'SEN','SENEGAL',0,null,null,getDate(),'DBEU',getDate(),'DBEU',null)
insert into TSEGMENTRULE2CRI (SGTRULE_NT, SGMT_NF, SGT_NT, SGTVER_NT, SGTCRI_CF, CRE_D, CREUSR_CF) values (1,183,120,1,'COUNTRY_REPORTING',getDate(),'DBEU')
go
insert into TSEGMT (SGMT_NF, SGT_NT, SGTVER_NT, SGMT_LS, SGMT_LL, SGTLVL_NT, PARSGMT_CF, BALAIMGT_CT, CRE_D, CREUSR_CF, LSTUPD_D, LSTUPDUSR_CF, timestamp) values (184,120,1,'SGS','SOUTH GEORGIA...',0,null,null,getDate(),'DBEU',getDate(),'DBEU',null)
insert into TSEGMENTRULE2CRI (SGTRULE_NT, SGMT_NF, SGT_NT, SGTVER_NT, SGTCRI_CF, CRE_D, CREUSR_CF) values (1,184,120,1,'COUNTRY_REPORTING',getDate(),'DBEU')
go
insert into TSEGMT (SGMT_NF, SGT_NT, SGTVER_NT, SGMT_LS, SGMT_LL, SGTLVL_NT, PARSGMT_CF, BALAIMGT_CT, CRE_D, CREUSR_CF, LSTUPD_D, LSTUPDUSR_CF, timestamp) values (185,120,1,'SLE','SIERRA LEONE',0,null,null,getDate(),'DBEU',getDate(),'DBEU',null)
insert into TSEGMENTRULE2CRI (SGTRULE_NT, SGMT_NF, SGT_NT, SGTVER_NT, SGTCRI_CF, CRE_D, CREUSR_CF) values (1,185,120,1,'COUNTRY_REPORTING',getDate(),'DBEU')
go
insert into TSEGMT (SGMT_NF, SGT_NT, SGTVER_NT, SGMT_LS, SGMT_LL, SGTLVL_NT, PARSGMT_CF, BALAIMGT_CT, CRE_D, CREUSR_CF, LSTUPD_D, LSTUPDUSR_CF, timestamp) values (186,120,1,'SLV','EL SALVADOR',0,null,null,getDate(),'DBEU',getDate(),'DBEU',null)
insert into TSEGMENTRULE2CRI (SGTRULE_NT, SGMT_NF, SGT_NT, SGTVER_NT, SGTCRI_CF, CRE_D, CREUSR_CF) values (1,186,120,1,'COUNTRY_REPORTING',getDate(),'DBEU')
go
insert into TSEGMT (SGMT_NF, SGT_NT, SGTVER_NT, SGMT_LS, SGMT_LL, SGTLVL_NT, PARSGMT_CF, BALAIMGT_CT, CRE_D, CREUSR_CF, LSTUPD_D, LSTUPDUSR_CF, timestamp) values (187,120,1,'SMR','SAN MARINO',0,null,null,getDate(),'DBEU',getDate(),'DBEU',null)
insert into TSEGMENTRULE2CRI (SGTRULE_NT, SGMT_NF, SGT_NT, SGTVER_NT, SGTCRI_CF, CRE_D, CREUSR_CF) values (1,187,120,1,'COUNTRY_REPORTING',getDate(),'DBEU')
go
insert into TSEGMT (SGMT_NF, SGT_NT, SGTVER_NT, SGMT_LS, SGMT_LL, SGTLVL_NT, PARSGMT_CF, BALAIMGT_CT, CRE_D, CREUSR_CF, LSTUPD_D, LSTUPDUSR_CF, timestamp) values (188,120,1,'SOM','SOMALIA',0,null,null,getDate(),'DBEU',getDate(),'DBEU',null)
insert into TSEGMENTRULE2CRI (SGTRULE_NT, SGMT_NF, SGT_NT, SGTVER_NT, SGTCRI_CF, CRE_D, CREUSR_CF) values (1,188,120,1,'COUNTRY_REPORTING',getDate(),'DBEU')
go
insert into TSEGMT (SGMT_NF, SGT_NT, SGTVER_NT, SGMT_LS, SGMT_LL, SGTLVL_NT, PARSGMT_CF, BALAIMGT_CT, CRE_D, CREUSR_CF, LSTUPD_D, LSTUPDUSR_CF, timestamp) values (189,120,1,'SRB','SERBIA',0,null,null,getDate(),'DBEU',getDate(),'DBEU',null)
insert into TSEGMENTRULE2CRI (SGTRULE_NT, SGMT_NF, SGT_NT, SGTVER_NT, SGTCRI_CF, CRE_D, CREUSR_CF) values (1,189,120,1,'COUNTRY_REPORTING',getDate(),'DBEU')
go
insert into TSEGMT (SGMT_NF, SGT_NT, SGTVER_NT, SGMT_LS, SGMT_LL, SGTLVL_NT, PARSGMT_CF, BALAIMGT_CT, CRE_D, CREUSR_CF, LSTUPD_D, LSTUPDUSR_CF, timestamp) values (190,120,1,'STP','SAO TOME',0,null,null,getDate(),'DBEU',getDate(),'DBEU',null)
insert into TSEGMENTRULE2CRI (SGTRULE_NT, SGMT_NF, SGT_NT, SGTVER_NT, SGTCRI_CF, CRE_D, CREUSR_CF) values (1,190,120,1,'COUNTRY_REPORTING',getDate(),'DBEU')
go
insert into TSEGMT (SGMT_NF, SGT_NT, SGTVER_NT, SGMT_LS, SGMT_LL, SGTLVL_NT, PARSGMT_CF, BALAIMGT_CT, CRE_D, CREUSR_CF, LSTUPD_D, LSTUPDUSR_CF, timestamp) values (191,120,1,'SVK','SLOVAKIA',0,null,null,getDate(),'DBEU',getDate(),'DBEU',null)
insert into TSEGMENTRULE2CRI (SGTRULE_NT, SGMT_NF, SGT_NT, SGTVER_NT, SGTCRI_CF, CRE_D, CREUSR_CF) values (1,191,120,1,'COUNTRY_REPORTING',getDate(),'DBEU')
go
insert into TSEGMT (SGMT_NF, SGT_NT, SGTVER_NT, SGMT_LS, SGMT_LL, SGTLVL_NT, PARSGMT_CF, BALAIMGT_CT, CRE_D, CREUSR_CF, LSTUPD_D, LSTUPDUSR_CF, timestamp) values (192,120,1,'SVN','SLOVENIA',0,null,null,getDate(),'DBEU',getDate(),'DBEU',null)
insert into TSEGMENTRULE2CRI (SGTRULE_NT, SGMT_NF, SGT_NT, SGTVER_NT, SGTCRI_CF, CRE_D, CREUSR_CF) values (1,192,120,1,'COUNTRY_REPORTING',getDate(),'DBEU')
go
insert into TSEGMT (SGMT_NF, SGT_NT, SGTVER_NT, SGMT_LS, SGMT_LL, SGTLVL_NT, PARSGMT_CF, BALAIMGT_CT, CRE_D, CREUSR_CF, LSTUPD_D, LSTUPDUSR_CF, timestamp) values (193,120,1,'SWE','SWEDEN',0,null,null,getDate(),'DBEU',getDate(),'DBEU',null)
insert into TSEGMENTRULE2CRI (SGTRULE_NT, SGMT_NF, SGT_NT, SGTVER_NT, SGTCRI_CF, CRE_D, CREUSR_CF) values (1,193,120,1,'COUNTRY_REPORTING',getDate(),'DBEU')
go
insert into TSEGMT (SGMT_NF, SGT_NT, SGTVER_NT, SGMT_LS, SGMT_LL, SGTLVL_NT, PARSGMT_CF, BALAIMGT_CT, CRE_D, CREUSR_CF, LSTUPD_D, LSTUPDUSR_CF, timestamp) values (194,120,1,'SWZ','SWAZILAND',0,null,null,getDate(),'DBEU',getDate(),'DBEU',null)
insert into TSEGMENTRULE2CRI (SGTRULE_NT, SGMT_NF, SGT_NT, SGTVER_NT, SGTCRI_CF, CRE_D, CREUSR_CF) values (1,194,120,1,'COUNTRY_REPORTING',getDate(),'DBEU')
go
insert into TSEGMT (SGMT_NF, SGT_NT, SGTVER_NT, SGMT_LS, SGMT_LL, SGTLVL_NT, PARSGMT_CF, BALAIMGT_CT, CRE_D, CREUSR_CF, LSTUPD_D, LSTUPDUSR_CF, timestamp) values (195,120,1,'SYC','SEYCHELLES',0,null,null,getDate(),'DBEU',getDate(),'DBEU',null)
insert into TSEGMENTRULE2CRI (SGTRULE_NT, SGMT_NF, SGT_NT, SGTVER_NT, SGTCRI_CF, CRE_D, CREUSR_CF) values (1,195,120,1,'COUNTRY_REPORTING',getDate(),'DBEU')
go
insert into TSEGMT (SGMT_NF, SGT_NT, SGTVER_NT, SGMT_LS, SGMT_LL, SGTLVL_NT, PARSGMT_CF, BALAIMGT_CT, CRE_D, CREUSR_CF, LSTUPD_D, LSTUPDUSR_CF, timestamp) values (196,120,1,'SYR','SYRIA',0,null,null,getDate(),'DBEU',getDate(),'DBEU',null)
insert into TSEGMENTRULE2CRI (SGTRULE_NT, SGMT_NF, SGT_NT, SGTVER_NT, SGTCRI_CF, CRE_D, CREUSR_CF) values (1,196,120,1,'COUNTRY_REPORTING',getDate(),'DBEU')
go
insert into TSEGMT (SGMT_NF, SGT_NT, SGTVER_NT, SGMT_LS, SGMT_LL, SGTLVL_NT, PARSGMT_CF, BALAIMGT_CT, CRE_D, CREUSR_CF, LSTUPD_D, LSTUPDUSR_CF, timestamp) values (197,120,1,'TCD','CHAD',0,null,null,getDate(),'DBEU',getDate(),'DBEU',null)
insert into TSEGMENTRULE2CRI (SGTRULE_NT, SGMT_NF, SGT_NT, SGTVER_NT, SGTCRI_CF, CRE_D, CREUSR_CF) values (1,197,120,1,'COUNTRY_REPORTING',getDate(),'DBEU')
go
insert into TSEGMT (SGMT_NF, SGT_NT, SGTVER_NT, SGMT_LS, SGMT_LL, SGTLVL_NT, PARSGMT_CF, BALAIMGT_CT, CRE_D, CREUSR_CF, LSTUPD_D, LSTUPDUSR_CF, timestamp) values (198,120,1,'TGO','TOGO',0,null,null,getDate(),'DBEU',getDate(),'DBEU',null)
insert into TSEGMENTRULE2CRI (SGTRULE_NT, SGMT_NF, SGT_NT, SGTVER_NT, SGTCRI_CF, CRE_D, CREUSR_CF) values (1,198,120,1,'COUNTRY_REPORTING',getDate(),'DBEU')
go
insert into TSEGMT (SGMT_NF, SGT_NT, SGTVER_NT, SGMT_LS, SGMT_LL, SGTLVL_NT, PARSGMT_CF, BALAIMGT_CT, CRE_D, CREUSR_CF, LSTUPD_D, LSTUPDUSR_CF, timestamp) values (199,120,1,'THA','THAILAND',0,null,null,getDate(),'DBEU',getDate(),'DBEU',null)
insert into TSEGMENTRULE2CRI (SGTRULE_NT, SGMT_NF, SGT_NT, SGTVER_NT, SGTCRI_CF, CRE_D, CREUSR_CF) values (1,199,120,1,'COUNTRY_REPORTING',getDate(),'DBEU')
go
insert into TSEGMT (SGMT_NF, SGT_NT, SGTVER_NT, SGMT_LS, SGMT_LL, SGTLVL_NT, PARSGMT_CF, BALAIMGT_CT, CRE_D, CREUSR_CF, LSTUPD_D, LSTUPDUSR_CF, timestamp) values (200,120,1,'TJK','TAJIKISTAN',0,null,null,getDate(),'DBEU',getDate(),'DBEU',null)
insert into TSEGMENTRULE2CRI (SGTRULE_NT, SGMT_NF, SGT_NT, SGTVER_NT, SGTCRI_CF, CRE_D, CREUSR_CF) values (1,200,120,1,'COUNTRY_REPORTING',getDate(),'DBEU')
go
insert into TSEGMT (SGMT_NF, SGT_NT, SGTVER_NT, SGMT_LS, SGMT_LL, SGTLVL_NT, PARSGMT_CF, BALAIMGT_CT, CRE_D, CREUSR_CF, LSTUPD_D, LSTUPDUSR_CF, timestamp) values (201,120,1,'TKM','TURKMENISTAN',0,null,null,getDate(),'DBEU',getDate(),'DBEU',null)
insert into TSEGMENTRULE2CRI (SGTRULE_NT, SGMT_NF, SGT_NT, SGTVER_NT, SGTCRI_CF, CRE_D, CREUSR_CF) values (1,201,120,1,'COUNTRY_REPORTING',getDate(),'DBEU')
go
insert into TSEGMT (SGMT_NF, SGT_NT, SGTVER_NT, SGMT_LS, SGMT_LL, SGTLVL_NT, PARSGMT_CF, BALAIMGT_CT, CRE_D, CREUSR_CF, LSTUPD_D, LSTUPDUSR_CF, timestamp) values (202,120,1,'CA4','Caribbean 4',0,null,null,getDate(),'DBEU',getDate(),'DBEU',null)
insert into TSEGMENTRULE2CRI (SGTRULE_NT, SGMT_NF, SGT_NT, SGTVER_NT, SGTCRI_CF, CRE_D, CREUSR_CF) values (1,202,120,1,'COUNTRY_REPORTING',getDate(),'DBEU')
go
insert into TSEGMT (SGMT_NF, SGT_NT, SGTVER_NT, SGMT_LS, SGMT_LL, SGTLVL_NT, PARSGMT_CF, BALAIMGT_CT, CRE_D, CREUSR_CF, LSTUPD_D, LSTUPDUSR_CF, timestamp) values (203,120,1,'TUN','TUNISIA',0,null,null,getDate(),'DBEU',getDate(),'DBEU',null)
insert into TSEGMENTRULE2CRI (SGTRULE_NT, SGMT_NF, SGT_NT, SGTVER_NT, SGTCRI_CF, CRE_D, CREUSR_CF) values (1,203,120,1,'COUNTRY_REPORTING',getDate(),'DBEU')
go
insert into TSEGMT (SGMT_NF, SGT_NT, SGTVER_NT, SGMT_LS, SGMT_LL, SGTLVL_NT, PARSGMT_CF, BALAIMGT_CT, CRE_D, CREUSR_CF, LSTUPD_D, LSTUPDUSR_CF, timestamp) values (204,120,1,'TUR','TURKEY',0,null,null,getDate(),'DBEU',getDate(),'DBEU',null)
insert into TSEGMENTRULE2CRI (SGTRULE_NT, SGMT_NF, SGT_NT, SGTVER_NT, SGTCRI_CF, CRE_D, CREUSR_CF) values (1,204,120,1,'COUNTRY_REPORTING',getDate(),'DBEU')
go
insert into TSEGMT (SGMT_NF, SGT_NT, SGTVER_NT, SGMT_LS, SGMT_LL, SGTLVL_NT, PARSGMT_CF, BALAIMGT_CT, CRE_D, CREUSR_CF, LSTUPD_D, LSTUPDUSR_CF, timestamp) values (205,120,1,'TWN','TAIWAN',0,null,null,getDate(),'DBEU',getDate(),'DBEU',null)
insert into TSEGMENTRULE2CRI (SGTRULE_NT, SGMT_NF, SGT_NT, SGTVER_NT, SGTCRI_CF, CRE_D, CREUSR_CF) values (1,205,120,1,'COUNTRY_REPORTING',getDate(),'DBEU')
go
insert into TSEGMT (SGMT_NF, SGT_NT, SGTVER_NT, SGMT_LS, SGMT_LL, SGTLVL_NT, PARSGMT_CF, BALAIMGT_CT, CRE_D, CREUSR_CF, LSTUPD_D, LSTUPDUSR_CF, timestamp) values (206,120,1,'TZA','TANZANIA',0,null,null,getDate(),'DBEU',getDate(),'DBEU',null)
insert into TSEGMENTRULE2CRI (SGTRULE_NT, SGMT_NF, SGT_NT, SGTVER_NT, SGTCRI_CF, CRE_D, CREUSR_CF) values (1,206,120,1,'COUNTRY_REPORTING',getDate(),'DBEU')
go
insert into TSEGMT (SGMT_NF, SGT_NT, SGTVER_NT, SGMT_LS, SGMT_LL, SGTLVL_NT, PARSGMT_CF, BALAIMGT_CT, CRE_D, CREUSR_CF, LSTUPD_D, LSTUPDUSR_CF, timestamp) values (207,120,1,'UGA','UGANDA',0,null,null,getDate(),'DBEU',getDate(),'DBEU',null)
insert into TSEGMENTRULE2CRI (SGTRULE_NT, SGMT_NF, SGT_NT, SGTVER_NT, SGTCRI_CF, CRE_D, CREUSR_CF) values (1,207,120,1,'COUNTRY_REPORTING',getDate(),'DBEU')
go
insert into TSEGMT (SGMT_NF, SGT_NT, SGTVER_NT, SGMT_LS, SGMT_LL, SGTLVL_NT, PARSGMT_CF, BALAIMGT_CT, CRE_D, CREUSR_CF, LSTUPD_D, LSTUPDUSR_CF, timestamp) values (208,120,1,'UKR','UKRAINE',0,null,null,getDate(),'DBEU',getDate(),'DBEU',null)
insert into TSEGMENTRULE2CRI (SGTRULE_NT, SGMT_NF, SGT_NT, SGTVER_NT, SGTCRI_CF, CRE_D, CREUSR_CF) values (1,208,120,1,'COUNTRY_REPORTING',getDate(),'DBEU')
go
insert into TSEGMT (SGMT_NF, SGT_NT, SGTVER_NT, SGMT_LS, SGMT_LL, SGTLVL_NT, PARSGMT_CF, BALAIMGT_CT, CRE_D, CREUSR_CF, LSTUPD_D, LSTUPDUSR_CF, timestamp) values (209,120,1,'UNW','US CAT Nationwid',0,null,null,getDate(),'DBEU',getDate(),'DBEU',null)
insert into TSEGMENTRULE2CRI (SGTRULE_NT, SGMT_NF, SGT_NT, SGTVER_NT, SGTCRI_CF, CRE_D, CREUSR_CF) values (1,209,120,1,'COUNTRY_REPORTING',getDate(),'DBEU')
insert into TSEGMENTRULE2CRI (SGTRULE_NT, SGMT_NF, SGT_NT, SGTVER_NT, SGTCRI_CF, CRE_D, CREUSR_CF) values (1,209,120,1,'SUBSIDIARY',getDate(),'DBEU')
go
insert into TSEGMT (SGMT_NF, SGT_NT, SGTVER_NT, SGMT_LS, SGMT_LL, SGTLVL_NT, PARSGMT_CF, BALAIMGT_CT, CRE_D, CREUSR_CF, LSTUPD_D, LSTUPDUSR_CF, timestamp) values (210,120,1,'UOT','US Other',0,null,null,getDate(),'DBEU',getDate(),'DBEU',null)
insert into TSEGMENTRULE2CRI (SGTRULE_NT, SGMT_NF, SGT_NT, SGTVER_NT, SGTCRI_CF, CRE_D, CREUSR_CF) values (1,210,120,1,'COUNTRY_REPORTING',getDate(),'DBEU')
insert into TSEGMENTRULE2CRI (SGTRULE_NT, SGMT_NF, SGT_NT, SGTVER_NT, SGTCRI_CF, CRE_D, CREUSR_CF) values (1,210,120,1,'CLI_SUBSIDIARY_SEGMENT',getDate(),'DBEU')
insert into TSEGMENTRULE2CRI (SGTRULE_NT, SGMT_NF, SGT_NT, SGTVER_NT, SGTCRI_CF, CRE_D, CREUSR_CF) values (2,210,120,1,'COUNTRY_REPORTING',getDate(),'DBEU')
insert into TSEGMENTRULE2CRI (SGTRULE_NT, SGMT_NF, SGT_NT, SGTVER_NT, SGTCRI_CF, CRE_D, CREUSR_CF) values (3,210,120,1,'COUNTRY_REPORTING',getDate(),'DBEU')
insert into TSEGMENTRULE2CRI (SGTRULE_NT, SGMT_NF, SGT_NT, SGTVER_NT, SGTCRI_CF, CRE_D, CREUSR_CF) values (4,210,120,1,'COUNTRY_REPORTING',getDate(),'DBEU')
insert into TSEGMENTRULE2CRI (SGTRULE_NT, SGMT_NF, SGT_NT, SGTVER_NT, SGTCRI_CF, CRE_D, CREUSR_CF) values (5,210,120,1,'COUNTRY_REPORTING',getDate(),'DBEU')
insert into TSEGMENTRULE2CRI (SGTRULE_NT, SGMT_NF, SGT_NT, SGTVER_NT, SGTCRI_CF, CRE_D, CREUSR_CF) values (6,210,120,1,'COUNTRY_REPORTING',getDate(),'DBEU')
insert into TSEGMENTRULE2CRI (SGTRULE_NT, SGMT_NF, SGT_NT, SGTVER_NT, SGTCRI_CF, CRE_D, CREUSR_CF) values (7,210,120,1,'COUNTRY_REPORTING',getDate(),'DBEU')
insert into TSEGMENTRULE2CRI (SGTRULE_NT, SGMT_NF, SGT_NT, SGTVER_NT, SGTCRI_CF, CRE_D, CREUSR_CF) values (8,210,120,1,'COUNTRY_REPORTING',getDate(),'DBEU')
go
insert into TSEGMT (SGMT_NF, SGT_NT, SGTVER_NT, SGMT_LS, SGMT_LL, SGTLVL_NT, PARSGMT_CF, BALAIMGT_CT, CRE_D, CREUSR_CF, LSTUPD_D, LSTUPDUSR_CF, timestamp) values (211,120,1,'USM','US Small Region.',0,null,null,getDate(),'DBEU',getDate(),'DBEU',null)
insert into TSEGMENTRULE2CRI (SGTRULE_NT, SGMT_NF, SGT_NT, SGTVER_NT, SGTCRI_CF, CRE_D, CREUSR_CF) values (1,211,120,1,'COUNTRY_REPORTING',getDate(),'DBEU')
insert into TSEGMENTRULE2CRI (SGTRULE_NT, SGMT_NF, SGT_NT, SGTVER_NT, SGTCRI_CF, CRE_D, CREUSR_CF) values (1,211,120,1,'CLI_SUBSIDIARY_SEGMENT',getDate(),'DBEU')
go
insert into TSEGMT (SGMT_NF, SGT_NT, SGTVER_NT, SGMT_LS, SGMT_LL, SGTLVL_NT, PARSGMT_CF, BALAIMGT_CT, CRE_D, CREUSR_CF, LSTUPD_D, LSTUPDUSR_CF, timestamp) values (212,120,1,'UMR','US Med Regional',0,null,null,getDate(),'DBEU',getDate(),'DBEU',null)
insert into TSEGMENTRULE2CRI (SGTRULE_NT, SGMT_NF, SGT_NT, SGTVER_NT, SGTCRI_CF, CRE_D, CREUSR_CF) values (1,212,120,1,'COUNTRY_REPORTING',getDate(),'DBEU')
insert into TSEGMENTRULE2CRI (SGTRULE_NT, SGMT_NF, SGT_NT, SGTVER_NT, SGTCRI_CF, CRE_D, CREUSR_CF) values (1,212,120,1,'CLI_SUBSIDIARY_SEGMENT',getDate(),'DBEU')
go
insert into TSEGMT (SGMT_NF, SGT_NT, SGTVER_NT, SGMT_LS, SGMT_LL, SGTLVL_NT, PARSGMT_CF, BALAIMGT_CT, CRE_D, CREUSR_CF, LSTUPD_D, LSTUPDUSR_CF, timestamp) values (213,120,1,'USR','US Super Region.',0,null,null,getDate(),'DBEU',getDate(),'DBEU',null)
insert into TSEGMENTRULE2CRI (SGTRULE_NT, SGMT_NF, SGT_NT, SGTVER_NT, SGTCRI_CF, CRE_D, CREUSR_CF) values (1,213,120,1,'COUNTRY_REPORTING',getDate(),'DBEU')
insert into TSEGMENTRULE2CRI (SGTRULE_NT, SGMT_NF, SGT_NT, SGTVER_NT, SGTCRI_CF, CRE_D, CREUSR_CF) values (1,213,120,1,'CLI_SUBSIDIARY_SEGMENT',getDate(),'DBEU')
go
insert into TSEGMT (SGMT_NF, SGT_NT, SGTVER_NT, SGMT_LS, SGMT_LL, SGTLVL_NT, PARSGMT_CF, BALAIMGT_CT, CRE_D, CREUSR_CF, LSTUPD_D, LSTUPDUSR_CF, timestamp) values (214,120,1,'URR','US RRG',0,null,null,getDate(),'DBEU',getDate(),'DBEU',null)
insert into TSEGMENTRULE2CRI (SGTRULE_NT, SGMT_NF, SGT_NT, SGTVER_NT, SGTCRI_CF, CRE_D, CREUSR_CF) values (1,214,120,1,'COUNTRY_REPORTING',getDate(),'DBEU')
insert into TSEGMENTRULE2CRI (SGTRULE_NT, SGMT_NF, SGT_NT, SGTVER_NT, SGTCRI_CF, CRE_D, CREUSR_CF) values (1,214,120,1,'CLI_SUBSIDIARY_SEGMENT',getDate(),'DBEU')
go
insert into TSEGMT (SGMT_NF, SGT_NT, SGTVER_NT, SGMT_LS, SGMT_LL, SGTLVL_NT, PARSGMT_CF, BALAIMGT_CT, CRE_D, CREUSR_CF, LSTUPD_D, LSTUPDUSR_CF, timestamp) values (215,120,1,'UNC','US Niche Comp',0,null,null,getDate(),'DBEU',getDate(),'DBEU',null)
insert into TSEGMENTRULE2CRI (SGTRULE_NT, SGMT_NF, SGT_NT, SGTVER_NT, SGTCRI_CF, CRE_D, CREUSR_CF) values (1,215,120,1,'COUNTRY_REPORTING',getDate(),'DBEU')
insert into TSEGMENTRULE2CRI (SGTRULE_NT, SGMT_NF, SGT_NT, SGTVER_NT, SGTCRI_CF, CRE_D, CREUSR_CF) values (1,215,120,1,'CLI_SUBSIDIARY_SEGMENT',getDate(),'DBEU')
go
insert into TSEGMT (SGMT_NF, SGT_NT, SGTVER_NT, SGMT_LS, SGMT_LL, SGTLVL_NT, PARSGMT_CF, BALAIMGT_CT, CRE_D, CREUSR_CF, LSTUPD_D, LSTUPDUSR_CF, timestamp) values (216,120,1,'USP','US Medmal',0,null,null,getDate(),'DBEU',getDate(),'DBEU',null)
insert into TSEGMENTRULE2CRI (SGTRULE_NT, SGMT_NF, SGT_NT, SGTVER_NT, SGTCRI_CF, CRE_D, CREUSR_CF) values (1,216,120,1,'COUNTRY_REPORTING',getDate(),'DBEU')
insert into TSEGMENTRULE2CRI (SGTRULE_NT, SGMT_NF, SGT_NT, SGTVER_NT, SGTCRI_CF, CRE_D, CREUSR_CF) values (1,216,120,1,'CLI_SUBSIDIARY_SEGMENT',getDate(),'DBEU')
go
insert into TSEGMT (SGMT_NF, SGT_NT, SGTVER_NT, SGMT_LS, SGMT_LL, SGTLVL_NT, PARSGMT_CF, BALAIMGT_CT, CRE_D, CREUSR_CF, LSTUPD_D, LSTUPDUSR_CF, timestamp) values (217,120,1,'UES','US E&S',0,null,null,getDate(),'DBEU',getDate(),'DBEU',null)
insert into TSEGMENTRULE2CRI (SGTRULE_NT, SGMT_NF, SGT_NT, SGTVER_NT, SGTCRI_CF, CRE_D, CREUSR_CF) values (1,217,120,1,'COUNTRY_REPORTING',getDate(),'DBEU')
insert into TSEGMENTRULE2CRI (SGTRULE_NT, SGMT_NF, SGT_NT, SGTVER_NT, SGTCRI_CF, CRE_D, CREUSR_CF) values (1,217,120,1,'CLI_SUBSIDIARY_SEGMENT',getDate(),'DBEU')
go
insert into TSEGMT (SGMT_NF, SGT_NT, SGTVER_NT, SGMT_LS, SGMT_LL, SGTLVL_NT, PARSGMT_CF, BALAIMGT_CT, CRE_D, CREUSR_CF, LSTUPD_D, LSTUPDUSR_CF, timestamp) values (218,120,1,'UDC','US Direct Coins.',0,null,null,getDate(),'DBEU',getDate(),'DBEU',null)
insert into TSEGMENTRULE2CRI (SGTRULE_NT, SGMT_NF, SGT_NT, SGTVER_NT, SGTCRI_CF, CRE_D, CREUSR_CF) values (1,218,120,1,'COUNTRY_REPORTING',getDate(),'DBEU')
insert into TSEGMENTRULE2CRI (SGTRULE_NT, SGMT_NF, SGT_NT, SGTVER_NT, SGTCRI_CF, CRE_D, CREUSR_CF) values (1,218,120,1,'CLI_SUBSIDIARY_SEGMENT',getDate(),'DBEU')
go
insert into TSEGMT (SGMT_NF, SGT_NT, SGTVER_NT, SGMT_LS, SGMT_LL, SGTLVL_NT, PARSGMT_CF, BALAIMGT_CT, CRE_D, CREUSR_CF, LSTUPD_D, LSTUPDUSR_CF, timestamp) values (219,120,1,'UZB','UZBEKISTAN',0,null,null,getDate(),'DBEU',getDate(),'DBEU',null)
insert into TSEGMENTRULE2CRI (SGTRULE_NT, SGMT_NF, SGT_NT, SGTVER_NT, SGTCRI_CF, CRE_D, CREUSR_CF) values (1,219,120,1,'COUNTRY_REPORTING',getDate(),'DBEU')
go
insert into TSEGMT (SGMT_NF, SGT_NT, SGTVER_NT, SGMT_LS, SGMT_LL, SGTLVL_NT, PARSGMT_CF, BALAIMGT_CT, CRE_D, CREUSR_CF, LSTUPD_D, LSTUPDUSR_CF, timestamp) values (220,120,1,'VAT','VATICAN',0,null,null,getDate(),'DBEU',getDate(),'DBEU',null)
insert into TSEGMENTRULE2CRI (SGTRULE_NT, SGMT_NF, SGT_NT, SGTVER_NT, SGTCRI_CF, CRE_D, CREUSR_CF) values (1,220,120,1,'COUNTRY_REPORTING',getDate(),'DBEU')
go
insert into TSEGMT (SGMT_NF, SGT_NT, SGTVER_NT, SGMT_LS, SGMT_LL, SGTLVL_NT, PARSGMT_CF, BALAIMGT_CT, CRE_D, CREUSR_CF, LSTUPD_D, LSTUPDUSR_CF, timestamp) values (221,120,1,'VEN','VENEZUELA',0,null,null,getDate(),'DBEU',getDate(),'DBEU',null)
insert into TSEGMENTRULE2CRI (SGTRULE_NT, SGMT_NF, SGT_NT, SGTVER_NT, SGTCRI_CF, CRE_D, CREUSR_CF) values (1,221,120,1,'COUNTRY_REPORTING',getDate(),'DBEU')
go
insert into TSEGMT (SGMT_NF, SGT_NT, SGTVER_NT, SGMT_LS, SGMT_LL, SGTLVL_NT, PARSGMT_CF, BALAIMGT_CT, CRE_D, CREUSR_CF, LSTUPD_D, LSTUPDUSR_CF, timestamp) values (222,120,1,'VNM','VIET NAM',0,null,null,getDate(),'DBEU',getDate(),'DBEU',null)
insert into TSEGMENTRULE2CRI (SGTRULE_NT, SGMT_NF, SGT_NT, SGTVER_NT, SGTCRI_CF, CRE_D, CREUSR_CF) values (1,222,120,1,'COUNTRY_REPORTING',getDate(),'DBEU')
go
insert into TSEGMT (SGMT_NF, SGT_NT, SGTVER_NT, SGMT_LS, SGMT_LL, SGTLVL_NT, PARSGMT_CF, BALAIMGT_CT, CRE_D, CREUSR_CF, LSTUPD_D, LSTUPDUSR_CF, timestamp) values (223,120,1,'YEM','YEMEN',0,null,null,getDate(),'DBEU',getDate(),'DBEU',null)
insert into TSEGMENTRULE2CRI (SGTRULE_NT, SGMT_NF, SGT_NT, SGTVER_NT, SGTCRI_CF, CRE_D, CREUSR_CF) values (1,223,120,1,'COUNTRY_REPORTING',getDate(),'DBEU')
go
insert into TSEGMT (SGMT_NF, SGT_NT, SGTVER_NT, SGMT_LS, SGMT_LL, SGTLVL_NT, PARSGMT_CF, BALAIMGT_CT, CRE_D, CREUSR_CF, LSTUPD_D, LSTUPDUSR_CF, timestamp) values (224,120,1,'YUG','YUGOSLAVIA Old',0,null,null,getDate(),'DBEU',getDate(),'DBEU',null)
insert into TSEGMENTRULE2CRI (SGTRULE_NT, SGMT_NF, SGT_NT, SGTVER_NT, SGTCRI_CF, CRE_D, CREUSR_CF) values (1,224,120,1,'COUNTRY_REPORTING',getDate(),'DBEU')
go
insert into TSEGMT (SGMT_NF, SGT_NT, SGTVER_NT, SGMT_LS, SGMT_LL, SGTLVL_NT, PARSGMT_CF, BALAIMGT_CT, CRE_D, CREUSR_CF, LSTUPD_D, LSTUPDUSR_CF, timestamp) values (225,120,1,'ZAF','SOUTH AFRICA',0,null,null,getDate(),'DBEU',getDate(),'DBEU',null)
insert into TSEGMENTRULE2CRI (SGTRULE_NT, SGMT_NF, SGT_NT, SGTVER_NT, SGTCRI_CF, CRE_D, CREUSR_CF) values (1,225,120,1,'COUNTRY_REPORTING',getDate(),'DBEU')
go
insert into TSEGMT (SGMT_NF, SGT_NT, SGTVER_NT, SGMT_LS, SGMT_LL, SGTLVL_NT, PARSGMT_CF, BALAIMGT_CT, CRE_D, CREUSR_CF, LSTUPD_D, LSTUPDUSR_CF, timestamp) values (226,120,1,'ZAR','ZAIRE',0,null,null,getDate(),'DBEU',getDate(),'DBEU',null)
insert into TSEGMENTRULE2CRI (SGTRULE_NT, SGMT_NF, SGT_NT, SGTVER_NT, SGTCRI_CF, CRE_D, CREUSR_CF) values (1,226,120,1,'COUNTRY_REPORTING',getDate(),'DBEU')
go
insert into TSEGMT (SGMT_NF, SGT_NT, SGTVER_NT, SGMT_LS, SGMT_LL, SGTLVL_NT, PARSGMT_CF, BALAIMGT_CT, CRE_D, CREUSR_CF, LSTUPD_D, LSTUPDUSR_CF, timestamp) values (227,120,1,'ZMB','ZAMBIA',0,null,null,getDate(),'DBEU',getDate(),'DBEU',null)
insert into TSEGMENTRULE2CRI (SGTRULE_NT, SGMT_NF, SGT_NT, SGTVER_NT, SGTCRI_CF, CRE_D, CREUSR_CF) values (1,227,120,1,'COUNTRY_REPORTING',getDate(),'DBEU')
go
insert into TSEGMT (SGMT_NF, SGT_NT, SGTVER_NT, SGMT_LS, SGMT_LL, SGTLVL_NT, PARSGMT_CF, BALAIMGT_CT, CRE_D, CREUSR_CF, LSTUPD_D, LSTUPDUSR_CF, timestamp) values (228,120,1,'ZWE','ZIMBABWE',0,null,null,getDate(),'DBEU',getDate(),'DBEU',null)
insert into TSEGMENTRULE2CRI (SGTRULE_NT, SGMT_NF, SGT_NT, SGTVER_NT, SGTCRI_CF, CRE_D, CREUSR_CF) values (1,228,120,1,'COUNTRY_REPORTING',getDate(),'DBEU')
go
insert into TSEGMT (SGMT_NF, SGT_NT, SGTVER_NT, SGMT_LS, SGMT_LL, SGTLVL_NT, PARSGMT_CF, BALAIMGT_CT, CRE_D, CREUSR_CF, LSTUPD_D, LSTUPDUSR_CF, timestamp) values (229,120,1,'GGY','GUERNSEY',0,null,null,getDate(),'DBEU',getDate(),'DBEU',null)
insert into TSEGMENTRULE2CRI (SGTRULE_NT, SGMT_NF, SGT_NT, SGTVER_NT, SGTCRI_CF, CRE_D, CREUSR_CF) values (1,229,120,1,'COUNTRY_REPORTING',getDate(),'DBEU')
go
insert into TSEGMT (SGMT_NF, SGT_NT, SGTVER_NT, SGMT_LS, SGMT_LL, SGTLVL_NT, PARSGMT_CF, BALAIMGT_CT, CRE_D, CREUSR_CF, LSTUPD_D, LSTUPDUSR_CF, timestamp) values (230,120,1,'IMN','ISLE OF MAN',0,null,null,getDate(),'DBEU',getDate(),'DBEU',null)
insert into TSEGMENTRULE2CRI (SGTRULE_NT, SGMT_NF, SGT_NT, SGTVER_NT, SGTCRI_CF, CRE_D, CREUSR_CF) values (1,230,120,1,'COUNTRY_REPORTING',getDate(),'DBEU')
go
insert into TSEGMT (SGMT_NF, SGT_NT, SGTVER_NT, SGMT_LS, SGMT_LL, SGTLVL_NT, PARSGMT_CF, BALAIMGT_CT, CRE_D, CREUSR_CF, LSTUPD_D, LSTUPDUSR_CF, timestamp) values (231,120,1,'SSD','SOUTH SUDAN',0,null,null,getDate(),'DBEU',getDate(),'DBEU',null)
insert into TSEGMENTRULE2CRI (SGTRULE_NT, SGMT_NF, SGT_NT, SGTVER_NT, SGTCRI_CF, CRE_D, CREUSR_CF) values (1,231,120,1,'COUNTRY_REPORTING',getDate(),'DBEU')
go
