use BEST
go 

/*==============================================================*/
/* Table: Segmentation 107 - 1 */
/*==============================================================*/

delete from TSEGTYPE where SGTTYP_NT = 7

delete from TSEGMENTATION where SGT_NT = 107
delete from  TSEGMT where SGT_NT = 107
delete from  TSEGMENTLVL where SGT_NT = 107
delete from  TSEGMENTEXCEPT where SGT_NT = 107
delete from  TSEGMENTRULE2TYPE where SGT_NT = 107
delete from  TSEGMENTRULE2CRI where SGT_NT = 107
delete from  TSEGMENTRULE where SGT_NT = 107
delete from  TSEG2ESB where SGT_NT = 107
delete from  TSEG2CTRSTS where SGT_NT = 107
delete from  TSEG2CTRCAT where SGT_NT = 107
delete from  TSEG2SECSTS where SGT_NT = 107
delete from  TSEG2SECACCSTS where SGT_NT = 107
go


INSERT INTO TSEGTYPE values (7,'GEO SII','1','1','1',1, getDate(),'DBEU',getDate(),'DBEU',null)
INSERT INTO TSEGMENTATION values (107,1,7,'GEO SII','GEO SII',null,null,'3','3',0,1,0,0,4020,'DBEU','1','0',1,1,1,1,'1',null,null,getDate(),null,getDate(),'DBEU',getDate(),'DBEU',null)
insert into TSEGMENTLVL (SGTLVL_CT, SGT_NT, SGTVER_NT, LVL_LS, LVL_LM, CRE_D, CREUSR_CF, LSTUPD_D, LSTUPDUSR_CF, timestamp) values (0, 107,1,'lvl 0',null,getDate(),'DBEU',getDate(),'DBEU',null)
go

insert into TSEGMT (SGMT_NF, SGT_NT, SGTVER_NT, SGMT_LS, SGMT_LL, SGTLVL_NT, PARSGMT_CF, BALAIMGT_CT, CRE_D, CREUSR_CF, LSTUPD_D, LSTUPDUSR_CF, timestamp) values (1,107,1,'1','Cent & West Asia',0,null,null,getDate(),'DBEU',getDate(),'DBEU',null)

insert into TSEGMENTRULE (SGTRUL_NT, SGMT_NF, SGT_NT, SGTVER_NT, RULE_LS, RULPRIO_CT, FUNCDEF_T, TECHDEF_T, CRE_D, CREUSR_CF, LSTUPD_D, LSTUPDUSR_CF, timestamp) values (1,1,107,1,'',1,'COUNTRY_REPORTING=''ARM''','StringUtils.equals(c.getAnlctyCf(), "ARM")',getDate(),'DBEU',getDate(),'DBEU',null)

insert into TSEGMENTRULE2CRI (SGTRULE_NT, SGMT_NF, SGT_NT, SGTVER_NT, SGTCRI_CF, CRE_D, CREUSR_CF) values (1,1,107,1,'COUNTRY_REPORTING',getDate(),'DBEU')

insert into TSEGMENTRULE (SGTRUL_NT, SGMT_NF, SGT_NT, SGTVER_NT, RULE_LS, RULPRIO_CT, FUNCDEF_T, TECHDEF_T, CRE_D, CREUSR_CF, LSTUPD_D, LSTUPDUSR_CF, timestamp) values (2,1,107,1,'',2,'COUNTRY_REPORTING=''AZE''','StringUtils.equals(c.getAnlctyCf(), "AZE")',getDate(),'DBEU',getDate(),'DBEU',null)

insert into TSEGMENTRULE2CRI (SGTRULE_NT, SGMT_NF, SGT_NT, SGTVER_NT, SGTCRI_CF, CRE_D, CREUSR_CF) values (2,1,107,1,'COUNTRY_REPORTING',getDate(),'DBEU')

insert into TSEGMENTRULE (SGTRUL_NT, SGMT_NF, SGT_NT, SGTVER_NT, RULE_LS, RULPRIO_CT, FUNCDEF_T, TECHDEF_T, CRE_D, CREUSR_CF, LSTUPD_D, LSTUPDUSR_CF, timestamp) values (3,1,107,1,'',3,'COUNTRY_REPORTING=''BHR''','StringUtils.equals(c.getAnlctyCf(), "BHR")',getDate(),'DBEU',getDate(),'DBEU',null)

insert into TSEGMENTRULE2CRI (SGTRULE_NT, SGMT_NF, SGT_NT, SGTVER_NT, SGTCRI_CF, CRE_D, CREUSR_CF) values (3,1,107,1,'COUNTRY_REPORTING',getDate(),'DBEU')

insert into TSEGMENTRULE (SGTRUL_NT, SGMT_NF, SGT_NT, SGTVER_NT, RULE_LS, RULPRIO_CT, FUNCDEF_T, TECHDEF_T, CRE_D, CREUSR_CF, LSTUPD_D, LSTUPDUSR_CF, timestamp) values (4,1,107,1,'',4,'COUNTRY_REPORTING=''GEO''','StringUtils.equals(c.getAnlctyCf(), "GEO")',getDate(),'DBEU',getDate(),'DBEU',null)

insert into TSEGMENTRULE2CRI (SGTRULE_NT, SGMT_NF, SGT_NT, SGTVER_NT, SGTCRI_CF, CRE_D, CREUSR_CF) values (4,1,107,1,'COUNTRY_REPORTING',getDate(),'DBEU')

insert into TSEGMENTRULE (SGTRUL_NT, SGMT_NF, SGT_NT, SGTVER_NT, RULE_LS, RULPRIO_CT, FUNCDEF_T, TECHDEF_T, CRE_D, CREUSR_CF, LSTUPD_D, LSTUPDUSR_CF, timestamp) values (5,1,107,1,'',5,'COUNTRY_REPORTING=''IRQ''','StringUtils.equals(c.getAnlctyCf(), "IRQ")',getDate(),'DBEU',getDate(),'DBEU',null)

insert into TSEGMENTRULE2CRI (SGTRULE_NT, SGMT_NF, SGT_NT, SGTVER_NT, SGTCRI_CF, CRE_D, CREUSR_CF) values (5,1,107,1,'COUNTRY_REPORTING',getDate(),'DBEU')

insert into TSEGMENTRULE (SGTRUL_NT, SGMT_NF, SGT_NT, SGTVER_NT, RULE_LS, RULPRIO_CT, FUNCDEF_T, TECHDEF_T, CRE_D, CREUSR_CF, LSTUPD_D, LSTUPDUSR_CF, timestamp) values (6,1,107,1,'',6,'COUNTRY_REPORTING=''ISR''','StringUtils.equals(c.getAnlctyCf(), "ISR")',getDate(),'DBEU',getDate(),'DBEU',null)

insert into TSEGMENTRULE2CRI (SGTRULE_NT, SGMT_NF, SGT_NT, SGTVER_NT, SGTCRI_CF, CRE_D, CREUSR_CF) values (6,1,107,1,'COUNTRY_REPORTING',getDate(),'DBEU')

insert into TSEGMENTRULE (SGTRUL_NT, SGMT_NF, SGT_NT, SGTVER_NT, RULE_LS, RULPRIO_CT, FUNCDEF_T, TECHDEF_T, CRE_D, CREUSR_CF, LSTUPD_D, LSTUPDUSR_CF, timestamp) values (7,1,107,1,'',7,'COUNTRY_REPORTING=''JOR''','StringUtils.equals(c.getAnlctyCf(), "JOR")',getDate(),'DBEU',getDate(),'DBEU',null)

insert into TSEGMENTRULE2CRI (SGTRULE_NT, SGMT_NF, SGT_NT, SGTVER_NT, SGTCRI_CF, CRE_D, CREUSR_CF) values (7,1,107,1,'COUNTRY_REPORTING',getDate(),'DBEU')

insert into TSEGMENTRULE (SGTRUL_NT, SGMT_NF, SGT_NT, SGTVER_NT, RULE_LS, RULPRIO_CT, FUNCDEF_T, TECHDEF_T, CRE_D, CREUSR_CF, LSTUPD_D, LSTUPDUSR_CF, timestamp) values (8,1,107,1,'',8,'COUNTRY_REPORTING=''KAZ''','StringUtils.equals(c.getAnlctyCf(), "KAZ")',getDate(),'DBEU',getDate(),'DBEU',null)

insert into TSEGMENTRULE2CRI (SGTRULE_NT, SGMT_NF, SGT_NT, SGTVER_NT, SGTCRI_CF, CRE_D, CREUSR_CF) values (8,1,107,1,'COUNTRY_REPORTING',getDate(),'DBEU')

insert into TSEGMENTRULE (SGTRUL_NT, SGMT_NF, SGT_NT, SGTVER_NT, RULE_LS, RULPRIO_CT, FUNCDEF_T, TECHDEF_T, CRE_D, CREUSR_CF, LSTUPD_D, LSTUPDUSR_CF, timestamp) values (9,1,107,1,'',9,'COUNTRY_REPORTING=''KWT''','StringUtils.equals(c.getAnlctyCf(), "KWT")',getDate(),'DBEU',getDate(),'DBEU',null)

insert into TSEGMENTRULE2CRI (SGTRULE_NT, SGMT_NF, SGT_NT, SGTVER_NT, SGTCRI_CF, CRE_D, CREUSR_CF) values (9,1,107,1,'COUNTRY_REPORTING',getDate(),'DBEU')

insert into TSEGMENTRULE (SGTRUL_NT, SGMT_NF, SGT_NT, SGTVER_NT, RULE_LS, RULPRIO_CT, FUNCDEF_T, TECHDEF_T, CRE_D, CREUSR_CF, LSTUPD_D, LSTUPDUSR_CF, timestamp) values (10,1,107,1,'',10,'COUNTRY_REPORTING=''KGZ''','StringUtils.equals(c.getAnlctyCf(), "KGZ")',getDate(),'DBEU',getDate(),'DBEU',null)

insert into TSEGMENTRULE2CRI (SGTRULE_NT, SGMT_NF, SGT_NT, SGTVER_NT, SGTCRI_CF, CRE_D, CREUSR_CF) values (10,1,107,1,'COUNTRY_REPORTING',getDate(),'DBEU')

insert into TSEGMENTRULE (SGTRUL_NT, SGMT_NF, SGT_NT, SGTVER_NT, RULE_LS, RULPRIO_CT, FUNCDEF_T, TECHDEF_T, CRE_D, CREUSR_CF, LSTUPD_D, LSTUPDUSR_CF, timestamp) values (11,1,107,1,'',11,'COUNTRY_REPORTING=''LBN''','StringUtils.equals(c.getAnlctyCf(), "LBN")',getDate(),'DBEU',getDate(),'DBEU',null)

insert into TSEGMENTRULE2CRI (SGTRULE_NT, SGMT_NF, SGT_NT, SGTVER_NT, SGTCRI_CF, CRE_D, CREUSR_CF) values (11,1,107,1,'COUNTRY_REPORTING',getDate(),'DBEU')

insert into TSEGMENTRULE (SGTRUL_NT, SGMT_NF, SGT_NT, SGTVER_NT, RULE_LS, RULPRIO_CT, FUNCDEF_T, TECHDEF_T, CRE_D, CREUSR_CF, LSTUPD_D, LSTUPDUSR_CF, timestamp) values (12,1,107,1,'',12,'COUNTRY_REPORTING=''OMN''','StringUtils.equals(c.getAnlctyCf(), "OMN")',getDate(),'DBEU',getDate(),'DBEU',null)

insert into TSEGMENTRULE2CRI (SGTRULE_NT, SGMT_NF, SGT_NT, SGTVER_NT, SGTCRI_CF, CRE_D, CREUSR_CF) values (12,1,107,1,'COUNTRY_REPORTING',getDate(),'DBEU')

insert into TSEGMENTRULE (SGTRUL_NT, SGMT_NF, SGT_NT, SGTVER_NT, RULE_LS, RULPRIO_CT, FUNCDEF_T, TECHDEF_T, CRE_D, CREUSR_CF, LSTUPD_D, LSTUPDUSR_CF, timestamp) values (13,1,107,1,'',13,'COUNTRY_REPORTING=''PAL''','StringUtils.equals(c.getAnlctyCf(), "PAL")',getDate(),'DBEU',getDate(),'DBEU',null)

insert into TSEGMENTRULE2CRI (SGTRULE_NT, SGMT_NF, SGT_NT, SGTVER_NT, SGTCRI_CF, CRE_D, CREUSR_CF) values (13,1,107,1,'COUNTRY_REPORTING',getDate(),'DBEU')

insert into TSEGMENTRULE (SGTRUL_NT, SGMT_NF, SGT_NT, SGTVER_NT, RULE_LS, RULPRIO_CT, FUNCDEF_T, TECHDEF_T, CRE_D, CREUSR_CF, LSTUPD_D, LSTUPDUSR_CF, timestamp) values (14,1,107,1,'',14,'COUNTRY_REPORTING=''QAT''','StringUtils.equals(c.getAnlctyCf(), "QAT")',getDate(),'DBEU',getDate(),'DBEU',null)

insert into TSEGMENTRULE2CRI (SGTRULE_NT, SGMT_NF, SGT_NT, SGTVER_NT, SGTCRI_CF, CRE_D, CREUSR_CF) values (14,1,107,1,'COUNTRY_REPORTING',getDate(),'DBEU')

insert into TSEGMENTRULE (SGTRUL_NT, SGMT_NF, SGT_NT, SGTVER_NT, RULE_LS, RULPRIO_CT, FUNCDEF_T, TECHDEF_T, CRE_D, CREUSR_CF, LSTUPD_D, LSTUPDUSR_CF, timestamp) values (15,1,107,1,'',15,'COUNTRY_REPORTING=''SAU''','StringUtils.equals(c.getAnlctyCf(), "SAU")',getDate(),'DBEU',getDate(),'DBEU',null)

insert into TSEGMENTRULE2CRI (SGTRULE_NT, SGMT_NF, SGT_NT, SGTVER_NT, SGTCRI_CF, CRE_D, CREUSR_CF) values (15,1,107,1,'COUNTRY_REPORTING',getDate(),'DBEU')

insert into TSEGMENTRULE (SGTRUL_NT, SGMT_NF, SGT_NT, SGTVER_NT, RULE_LS, RULPRIO_CT, FUNCDEF_T, TECHDEF_T, CRE_D, CREUSR_CF, LSTUPD_D, LSTUPDUSR_CF, timestamp) values (16,1,107,1,'',16,'COUNTRY_REPORTING=''SYR''','StringUtils.equals(c.getAnlctyCf(), "SYR")',getDate(),'DBEU',getDate(),'DBEU',null)

insert into TSEGMENTRULE2CRI (SGTRULE_NT, SGMT_NF, SGT_NT, SGTVER_NT, SGTCRI_CF, CRE_D, CREUSR_CF) values (16,1,107,1,'COUNTRY_REPORTING',getDate(),'DBEU')

insert into TSEGMENTRULE (SGTRUL_NT, SGMT_NF, SGT_NT, SGTVER_NT, RULE_LS, RULPRIO_CT, FUNCDEF_T, TECHDEF_T, CRE_D, CREUSR_CF, LSTUPD_D, LSTUPDUSR_CF, timestamp) values (17,1,107,1,'',17,'COUNTRY_REPORTING=''TJK''','StringUtils.equals(c.getAnlctyCf(), "TJK")',getDate(),'DBEU',getDate(),'DBEU',null)

insert into TSEGMENTRULE2CRI (SGTRULE_NT, SGMT_NF, SGT_NT, SGTVER_NT, SGTCRI_CF, CRE_D, CREUSR_CF) values (17,1,107,1,'COUNTRY_REPORTING',getDate(),'DBEU')

insert into TSEGMENTRULE (SGTRUL_NT, SGMT_NF, SGT_NT, SGTVER_NT, RULE_LS, RULPRIO_CT, FUNCDEF_T, TECHDEF_T, CRE_D, CREUSR_CF, LSTUPD_D, LSTUPDUSR_CF, timestamp) values (18,1,107,1,'',18,'COUNTRY_REPORTING=''TUR''','StringUtils.equals(c.getAnlctyCf(), "TUR")',getDate(),'DBEU',getDate(),'DBEU',null)

insert into TSEGMENTRULE2CRI (SGTRULE_NT, SGMT_NF, SGT_NT, SGTVER_NT, SGTCRI_CF, CRE_D, CREUSR_CF) values (18,1,107,1,'COUNTRY_REPORTING',getDate(),'DBEU')

insert into TSEGMENTRULE (SGTRUL_NT, SGMT_NF, SGT_NT, SGTVER_NT, RULE_LS, RULPRIO_CT, FUNCDEF_T, TECHDEF_T, CRE_D, CREUSR_CF, LSTUPD_D, LSTUPDUSR_CF, timestamp) values (19,1,107,1,'',19,'COUNTRY_REPORTING=''TKM''','StringUtils.equals(c.getAnlctyCf(), "TKM")',getDate(),'DBEU',getDate(),'DBEU',null)

insert into TSEGMENTRULE2CRI (SGTRULE_NT, SGMT_NF, SGT_NT, SGTVER_NT, SGTCRI_CF, CRE_D, CREUSR_CF) values (19,1,107,1,'COUNTRY_REPORTING',getDate(),'DBEU')

insert into TSEGMENTRULE (SGTRUL_NT, SGMT_NF, SGT_NT, SGTVER_NT, RULE_LS, RULPRIO_CT, FUNCDEF_T, TECHDEF_T, CRE_D, CREUSR_CF, LSTUPD_D, LSTUPDUSR_CF, timestamp) values (20,1,107,1,'',20,'COUNTRY_REPORTING=''ARE''','StringUtils.equals(c.getAnlctyCf(), "ARE")',getDate(),'DBEU',getDate(),'DBEU',null)

insert into TSEGMENTRULE2CRI (SGTRULE_NT, SGMT_NF, SGT_NT, SGTVER_NT, SGTCRI_CF, CRE_D, CREUSR_CF) values (20,1,107,1,'COUNTRY_REPORTING',getDate(),'DBEU')

insert into TSEGMENTRULE (SGTRUL_NT, SGMT_NF, SGT_NT, SGTVER_NT, RULE_LS, RULPRIO_CT, FUNCDEF_T, TECHDEF_T, CRE_D, CREUSR_CF, LSTUPD_D, LSTUPDUSR_CF, timestamp) values (21,1,107,1,'',21,'COUNTRY_REPORTING=''UZB''','StringUtils.equals(c.getAnlctyCf(), "UZB")',getDate(),'DBEU',getDate(),'DBEU',null)

insert into TSEGMENTRULE2CRI (SGTRULE_NT, SGMT_NF, SGT_NT, SGTVER_NT, SGTCRI_CF, CRE_D, CREUSR_CF) values (21,1,107,1,'COUNTRY_REPORTING',getDate(),'DBEU')

insert into TSEGMENTRULE (SGTRUL_NT, SGMT_NF, SGT_NT, SGTVER_NT, RULE_LS, RULPRIO_CT, FUNCDEF_T, TECHDEF_T, CRE_D, CREUSR_CF, LSTUPD_D, LSTUPDUSR_CF, timestamp) values (22,1,107,1,'',22,'COUNTRY_REPORTING=''YEM''','StringUtils.equals(c.getAnlctyCf(), "YEM")',getDate(),'DBEU',getDate(),'DBEU',null)

insert into TSEGMENTRULE2CRI (SGTRULE_NT, SGMT_NF, SGT_NT, SGTVER_NT, SGTCRI_CF, CRE_D, CREUSR_CF) values (22,1,107,1,'COUNTRY_REPORTING',getDate(),'DBEU')

go

insert into TSEGMT (SGMT_NF, SGT_NT, SGTVER_NT, SGMT_LS, SGMT_LL, SGTLVL_NT, PARSGMT_CF, BALAIMGT_CT, CRE_D, CREUSR_CF, LSTUPD_D, LSTUPDUSR_CF, timestamp) values (2,107,1,'2','Eastern Asia',0,null,null,getDate(),'DBEU',getDate(),'DBEU',null)

insert into TSEGMENTRULE (SGTRUL_NT, SGMT_NF, SGT_NT, SGTVER_NT, RULE_LS, RULPRIO_CT, FUNCDEF_T, TECHDEF_T, CRE_D, CREUSR_CF, LSTUPD_D, LSTUPDUSR_CF, timestamp) values (1,2,107,1,'',23,'COUNTRY_REPORTING=''CHN''','StringUtils.equals(c.getAnlctyCf(), "CHN")',getDate(),'DBEU',getDate(),'DBEU',null)

insert into TSEGMENTRULE2CRI (SGTRULE_NT, SGMT_NF, SGT_NT, SGTVER_NT, SGTCRI_CF, CRE_D, CREUSR_CF) values (1,2,107,1,'COUNTRY_REPORTING',getDate(),'DBEU')

insert into TSEGMENTRULE (SGTRUL_NT, SGMT_NF, SGT_NT, SGTVER_NT, RULE_LS, RULPRIO_CT, FUNCDEF_T, TECHDEF_T, CRE_D, CREUSR_CF, LSTUPD_D, LSTUPDUSR_CF, timestamp) values (2,2,107,1,'',24,'COUNTRY_REPORTING=''HKG''','StringUtils.equals(c.getAnlctyCf(), "HKG")',getDate(),'DBEU',getDate(),'DBEU',null)

insert into TSEGMENTRULE2CRI (SGTRULE_NT, SGMT_NF, SGT_NT, SGTVER_NT, SGTCRI_CF, CRE_D, CREUSR_CF) values (2,2,107,1,'COUNTRY_REPORTING',getDate(),'DBEU')

insert into TSEGMENTRULE (SGTRUL_NT, SGMT_NF, SGT_NT, SGTVER_NT, RULE_LS, RULPRIO_CT, FUNCDEF_T, TECHDEF_T, CRE_D, CREUSR_CF, LSTUPD_D, LSTUPDUSR_CF, timestamp) values (3,2,107,1,'',25,'COUNTRY_REPORTING=''JPN''','StringUtils.equals(c.getAnlctyCf(), "JPN")',getDate(),'DBEU',getDate(),'DBEU',null)

insert into TSEGMENTRULE2CRI (SGTRULE_NT, SGMT_NF, SGT_NT, SGTVER_NT, SGTCRI_CF, CRE_D, CREUSR_CF) values (3,2,107,1,'COUNTRY_REPORTING',getDate(),'DBEU')

insert into TSEGMENTRULE (SGTRUL_NT, SGMT_NF, SGT_NT, SGTVER_NT, RULE_LS, RULPRIO_CT, FUNCDEF_T, TECHDEF_T, CRE_D, CREUSR_CF, LSTUPD_D, LSTUPDUSR_CF, timestamp) values (4,2,107,1,'',26,'COUNTRY_REPORTING=''MAC''','StringUtils.equals(c.getAnlctyCf(), "MAC")',getDate(),'DBEU',getDate(),'DBEU',null)

insert into TSEGMENTRULE2CRI (SGTRULE_NT, SGMT_NF, SGT_NT, SGTVER_NT, SGTCRI_CF, CRE_D, CREUSR_CF) values (4,2,107,1,'COUNTRY_REPORTING',getDate(),'DBEU')

insert into TSEGMENTRULE (SGTRUL_NT, SGMT_NF, SGT_NT, SGTVER_NT, RULE_LS, RULPRIO_CT, FUNCDEF_T, TECHDEF_T, CRE_D, CREUSR_CF, LSTUPD_D, LSTUPDUSR_CF, timestamp) values (5,2,107,1,'',27,'COUNTRY_REPORTING=''MNG''','StringUtils.equals(c.getAnlctyCf(), "MNG")',getDate(),'DBEU',getDate(),'DBEU',null)

insert into TSEGMENTRULE2CRI (SGTRULE_NT, SGMT_NF, SGT_NT, SGTVER_NT, SGTCRI_CF, CRE_D, CREUSR_CF) values (5,2,107,1,'COUNTRY_REPORTING',getDate(),'DBEU')

insert into TSEGMENTRULE (SGTRUL_NT, SGMT_NF, SGT_NT, SGTVER_NT, RULE_LS, RULPRIO_CT, FUNCDEF_T, TECHDEF_T, CRE_D, CREUSR_CF, LSTUPD_D, LSTUPDUSR_CF, timestamp) values (6,2,107,1,'',28,'COUNTRY_REPORTING=''PRK''','StringUtils.equals(c.getAnlctyCf(), "PRK")',getDate(),'DBEU',getDate(),'DBEU',null)

insert into TSEGMENTRULE2CRI (SGTRULE_NT, SGMT_NF, SGT_NT, SGTVER_NT, SGTCRI_CF, CRE_D, CREUSR_CF) values (6,2,107,1,'COUNTRY_REPORTING',getDate(),'DBEU')

insert into TSEGMENTRULE (SGTRUL_NT, SGMT_NF, SGT_NT, SGTVER_NT, RULE_LS, RULPRIO_CT, FUNCDEF_T, TECHDEF_T, CRE_D, CREUSR_CF, LSTUPD_D, LSTUPDUSR_CF, timestamp) values (7,2,107,1,'',29,'COUNTRY_REPORTING=''KOR''','StringUtils.equals(c.getAnlctyCf(), "KOR")',getDate(),'DBEU',getDate(),'DBEU',null)

insert into TSEGMENTRULE2CRI (SGTRULE_NT, SGMT_NF, SGT_NT, SGTVER_NT, SGTCRI_CF, CRE_D, CREUSR_CF) values (7,2,107,1,'COUNTRY_REPORTING',getDate(),'DBEU')

insert into TSEGMENTRULE (SGTRUL_NT, SGMT_NF, SGT_NT, SGTVER_NT, RULE_LS, RULPRIO_CT, FUNCDEF_T, TECHDEF_T, CRE_D, CREUSR_CF, LSTUPD_D, LSTUPDUSR_CF, timestamp) values (8,2,107,1,'',30,'COUNTRY_REPORTING=''TWN''','StringUtils.equals(c.getAnlctyCf(), "TWN")',getDate(),'DBEU',getDate(),'DBEU',null)

insert into TSEGMENTRULE2CRI (SGTRULE_NT, SGMT_NF, SGT_NT, SGTVER_NT, SGTCRI_CF, CRE_D, CREUSR_CF) values (8,2,107,1,'COUNTRY_REPORTING',getDate(),'DBEU')

go

insert into TSEGMT (SGMT_NF, SGT_NT, SGTVER_NT, SGMT_LS, SGMT_LL, SGTLVL_NT, PARSGMT_CF, BALAIMGT_CT, CRE_D, CREUSR_CF, LSTUPD_D, LSTUPDUSR_CF, timestamp) values (3,107,1,'3','South & SE Asia',0,null,null,getDate(),'DBEU',getDate(),'DBEU',null)

insert into TSEGMENTRULE (SGTRUL_NT, SGMT_NF, SGT_NT, SGTVER_NT, RULE_LS, RULPRIO_CT, FUNCDEF_T, TECHDEF_T, CRE_D, CREUSR_CF, LSTUPD_D, LSTUPDUSR_CF, timestamp) values (1,3,107,1,'',31,'COUNTRY_REPORTING=''AFG''','StringUtils.equals(c.getAnlctyCf(), "AFG")',getDate(),'DBEU',getDate(),'DBEU',null)

insert into TSEGMENTRULE2CRI (SGTRULE_NT, SGMT_NF, SGT_NT, SGTVER_NT, SGTCRI_CF, CRE_D, CREUSR_CF) values (1,3,107,1,'COUNTRY_REPORTING',getDate(),'DBEU')

insert into TSEGMENTRULE (SGTRUL_NT, SGMT_NF, SGT_NT, SGTVER_NT, RULE_LS, RULPRIO_CT, FUNCDEF_T, TECHDEF_T, CRE_D, CREUSR_CF, LSTUPD_D, LSTUPDUSR_CF, timestamp) values (2,3,107,1,'',32,'COUNTRY_REPORTING=''BGD''','StringUtils.equals(c.getAnlctyCf(), "BGD")',getDate(),'DBEU',getDate(),'DBEU',null)

insert into TSEGMENTRULE2CRI (SGTRULE_NT, SGMT_NF, SGT_NT, SGTVER_NT, SGTCRI_CF, CRE_D, CREUSR_CF) values (2,3,107,1,'COUNTRY_REPORTING',getDate(),'DBEU')

insert into TSEGMENTRULE (SGTRUL_NT, SGMT_NF, SGT_NT, SGTVER_NT, RULE_LS, RULPRIO_CT, FUNCDEF_T, TECHDEF_T, CRE_D, CREUSR_CF, LSTUPD_D, LSTUPDUSR_CF, timestamp) values (3,3,107,1,'',33,'COUNTRY_REPORTING=''BTN''','StringUtils.equals(c.getAnlctyCf(), "BTN")',getDate(),'DBEU',getDate(),'DBEU',null)

insert into TSEGMENTRULE2CRI (SGTRULE_NT, SGMT_NF, SGT_NT, SGTVER_NT, SGTCRI_CF, CRE_D, CREUSR_CF) values (3,3,107,1,'COUNTRY_REPORTING',getDate(),'DBEU')

insert into TSEGMENTRULE (SGTRUL_NT, SGMT_NF, SGT_NT, SGTVER_NT, RULE_LS, RULPRIO_CT, FUNCDEF_T, TECHDEF_T, CRE_D, CREUSR_CF, LSTUPD_D, LSTUPDUSR_CF, timestamp) values (4,3,107,1,'',34,'COUNTRY_REPORTING=''BRN''','StringUtils.equals(c.getAnlctyCf(), "BRN")',getDate(),'DBEU',getDate(),'DBEU',null)

insert into TSEGMENTRULE2CRI (SGTRULE_NT, SGMT_NF, SGT_NT, SGTVER_NT, SGTCRI_CF, CRE_D, CREUSR_CF) values (4,3,107,1,'COUNTRY_REPORTING',getDate(),'DBEU')

insert into TSEGMENTRULE (SGTRUL_NT, SGMT_NF, SGT_NT, SGTVER_NT, RULE_LS, RULPRIO_CT, FUNCDEF_T, TECHDEF_T, CRE_D, CREUSR_CF, LSTUPD_D, LSTUPDUSR_CF, timestamp) values (5,3,107,1,'',35,'COUNTRY_REPORTING=''KHM''','StringUtils.equals(c.getAnlctyCf(), "KHM")',getDate(),'DBEU',getDate(),'DBEU',null)

insert into TSEGMENTRULE2CRI (SGTRULE_NT, SGMT_NF, SGT_NT, SGTVER_NT, SGTCRI_CF, CRE_D, CREUSR_CF) values (5,3,107,1,'COUNTRY_REPORTING',getDate(),'DBEU')

insert into TSEGMENTRULE (SGTRUL_NT, SGMT_NF, SGT_NT, SGTVER_NT, RULE_LS, RULPRIO_CT, FUNCDEF_T, TECHDEF_T, CRE_D, CREUSR_CF, LSTUPD_D, LSTUPDUSR_CF, timestamp) values (6,3,107,1,'',36,'COUNTRY_REPORTING=''IND''','StringUtils.equals(c.getAnlctyCf(), "IND")',getDate(),'DBEU',getDate(),'DBEU',null)

insert into TSEGMENTRULE2CRI (SGTRULE_NT, SGMT_NF, SGT_NT, SGTVER_NT, SGTCRI_CF, CRE_D, CREUSR_CF) values (6,3,107,1,'COUNTRY_REPORTING',getDate(),'DBEU')

insert into TSEGMENTRULE (SGTRUL_NT, SGMT_NF, SGT_NT, SGTVER_NT, RULE_LS, RULPRIO_CT, FUNCDEF_T, TECHDEF_T, CRE_D, CREUSR_CF, LSTUPD_D, LSTUPDUSR_CF, timestamp) values (7,3,107,1,'',37,'COUNTRY_REPORTING=''IDN''','StringUtils.equals(c.getAnlctyCf(), "IDN")',getDate(),'DBEU',getDate(),'DBEU',null)

insert into TSEGMENTRULE2CRI (SGTRULE_NT, SGMT_NF, SGT_NT, SGTVER_NT, SGTCRI_CF, CRE_D, CREUSR_CF) values (7,3,107,1,'COUNTRY_REPORTING',getDate(),'DBEU')

insert into TSEGMENTRULE (SGTRUL_NT, SGMT_NF, SGT_NT, SGTVER_NT, RULE_LS, RULPRIO_CT, FUNCDEF_T, TECHDEF_T, CRE_D, CREUSR_CF, LSTUPD_D, LSTUPDUSR_CF, timestamp) values (8,3,107,1,'',38,'COUNTRY_REPORTING=''IRN''','StringUtils.equals(c.getAnlctyCf(), "IRN")',getDate(),'DBEU',getDate(),'DBEU',null)

insert into TSEGMENTRULE2CRI (SGTRULE_NT, SGMT_NF, SGT_NT, SGTVER_NT, SGTCRI_CF, CRE_D, CREUSR_CF) values (8,3,107,1,'COUNTRY_REPORTING',getDate(),'DBEU')

insert into TSEGMENTRULE (SGTRUL_NT, SGMT_NF, SGT_NT, SGTVER_NT, RULE_LS, RULPRIO_CT, FUNCDEF_T, TECHDEF_T, CRE_D, CREUSR_CF, LSTUPD_D, LSTUPDUSR_CF, timestamp) values (9,3,107,1,'',39,'COUNTRY_REPORTING=''LAO''','StringUtils.equals(c.getAnlctyCf(), "LAO")',getDate(),'DBEU',getDate(),'DBEU',null)

insert into TSEGMENTRULE2CRI (SGTRULE_NT, SGMT_NF, SGT_NT, SGTVER_NT, SGTCRI_CF, CRE_D, CREUSR_CF) values (9,3,107,1,'COUNTRY_REPORTING',getDate(),'DBEU')

insert into TSEGMENTRULE (SGTRUL_NT, SGMT_NF, SGT_NT, SGTVER_NT, RULE_LS, RULPRIO_CT, FUNCDEF_T, TECHDEF_T, CRE_D, CREUSR_CF, LSTUPD_D, LSTUPDUSR_CF, timestamp) values (10,3,107,1,'',40,'COUNTRY_REPORTING=''MYS''','StringUtils.equals(c.getAnlctyCf(), "MYS")',getDate(),'DBEU',getDate(),'DBEU',null)

insert into TSEGMENTRULE2CRI (SGTRULE_NT, SGMT_NF, SGT_NT, SGTVER_NT, SGTCRI_CF, CRE_D, CREUSR_CF) values (10,3,107,1,'COUNTRY_REPORTING',getDate(),'DBEU')

insert into TSEGMENTRULE (SGTRUL_NT, SGMT_NF, SGT_NT, SGTVER_NT, RULE_LS, RULPRIO_CT, FUNCDEF_T, TECHDEF_T, CRE_D, CREUSR_CF, LSTUPD_D, LSTUPDUSR_CF, timestamp) values (11,3,107,1,'',41,'COUNTRY_REPORTING=''MDV''','StringUtils.equals(c.getAnlctyCf(), "MDV")',getDate(),'DBEU',getDate(),'DBEU',null)

insert into TSEGMENTRULE2CRI (SGTRULE_NT, SGMT_NF, SGT_NT, SGTVER_NT, SGTCRI_CF, CRE_D, CREUSR_CF) values (11,3,107,1,'COUNTRY_REPORTING',getDate(),'DBEU')

insert into TSEGMENTRULE (SGTRUL_NT, SGMT_NF, SGT_NT, SGTVER_NT, RULE_LS, RULPRIO_CT, FUNCDEF_T, TECHDEF_T, CRE_D, CREUSR_CF, LSTUPD_D, LSTUPDUSR_CF, timestamp) values (12,3,107,1,'',42,'COUNTRY_REPORTING=''MMR''','StringUtils.equals(c.getAnlctyCf(), "MMR")',getDate(),'DBEU',getDate(),'DBEU',null)

insert into TSEGMENTRULE2CRI (SGTRULE_NT, SGMT_NF, SGT_NT, SGTVER_NT, SGTCRI_CF, CRE_D, CREUSR_CF) values (12,3,107,1,'COUNTRY_REPORTING',getDate(),'DBEU')

insert into TSEGMENTRULE (SGTRUL_NT, SGMT_NF, SGT_NT, SGTVER_NT, RULE_LS, RULPRIO_CT, FUNCDEF_T, TECHDEF_T, CRE_D, CREUSR_CF, LSTUPD_D, LSTUPDUSR_CF, timestamp) values (13,3,107,1,'',43,'COUNTRY_REPORTING=''NPL''','StringUtils.equals(c.getAnlctyCf(), "NPL")',getDate(),'DBEU',getDate(),'DBEU',null)

insert into TSEGMENTRULE2CRI (SGTRULE_NT, SGMT_NF, SGT_NT, SGTVER_NT, SGTCRI_CF, CRE_D, CREUSR_CF) values (13,3,107,1,'COUNTRY_REPORTING',getDate(),'DBEU')

insert into TSEGMENTRULE (SGTRUL_NT, SGMT_NF, SGT_NT, SGTVER_NT, RULE_LS, RULPRIO_CT, FUNCDEF_T, TECHDEF_T, CRE_D, CREUSR_CF, LSTUPD_D, LSTUPDUSR_CF, timestamp) values (14,3,107,1,'',44,'COUNTRY_REPORTING=''PAK''','StringUtils.equals(c.getAnlctyCf(), "PAK")',getDate(),'DBEU',getDate(),'DBEU',null)

insert into TSEGMENTRULE2CRI (SGTRULE_NT, SGMT_NF, SGT_NT, SGTVER_NT, SGTCRI_CF, CRE_D, CREUSR_CF) values (14,3,107,1,'COUNTRY_REPORTING',getDate(),'DBEU')

insert into TSEGMENTRULE (SGTRUL_NT, SGMT_NF, SGT_NT, SGTVER_NT, RULE_LS, RULPRIO_CT, FUNCDEF_T, TECHDEF_T, CRE_D, CREUSR_CF, LSTUPD_D, LSTUPDUSR_CF, timestamp) values (15,3,107,1,'',45,'COUNTRY_REPORTING=''PHL''','StringUtils.equals(c.getAnlctyCf(), "PHL")',getDate(),'DBEU',getDate(),'DBEU',null)

insert into TSEGMENTRULE2CRI (SGTRULE_NT, SGMT_NF, SGT_NT, SGTVER_NT, SGTCRI_CF, CRE_D, CREUSR_CF) values (15,3,107,1,'COUNTRY_REPORTING',getDate(),'DBEU')

insert into TSEGMENTRULE (SGTRUL_NT, SGMT_NF, SGT_NT, SGTVER_NT, RULE_LS, RULPRIO_CT, FUNCDEF_T, TECHDEF_T, CRE_D, CREUSR_CF, LSTUPD_D, LSTUPDUSR_CF, timestamp) values (16,3,107,1,'',46,'COUNTRY_REPORTING=''SGP''','StringUtils.equals(c.getAnlctyCf(), "SGP")',getDate(),'DBEU',getDate(),'DBEU',null)

insert into TSEGMENTRULE2CRI (SGTRULE_NT, SGMT_NF, SGT_NT, SGTVER_NT, SGTCRI_CF, CRE_D, CREUSR_CF) values (16,3,107,1,'COUNTRY_REPORTING',getDate(),'DBEU')

insert into TSEGMENTRULE (SGTRUL_NT, SGMT_NF, SGT_NT, SGTVER_NT, RULE_LS, RULPRIO_CT, FUNCDEF_T, TECHDEF_T, CRE_D, CREUSR_CF, LSTUPD_D, LSTUPDUSR_CF, timestamp) values (17,3,107,1,'',47,'COUNTRY_REPORTING=''LKA''','StringUtils.equals(c.getAnlctyCf(), "LKA")',getDate(),'DBEU',getDate(),'DBEU',null)

insert into TSEGMENTRULE2CRI (SGTRULE_NT, SGMT_NF, SGT_NT, SGTVER_NT, SGTCRI_CF, CRE_D, CREUSR_CF) values (17,3,107,1,'COUNTRY_REPORTING',getDate(),'DBEU')

insert into TSEGMENTRULE (SGTRUL_NT, SGMT_NF, SGT_NT, SGTVER_NT, RULE_LS, RULPRIO_CT, FUNCDEF_T, TECHDEF_T, CRE_D, CREUSR_CF, LSTUPD_D, LSTUPDUSR_CF, timestamp) values (18,3,107,1,'',48,'COUNTRY_REPORTING=''THA''','StringUtils.equals(c.getAnlctyCf(), "THA")',getDate(),'DBEU',getDate(),'DBEU',null)

insert into TSEGMENTRULE2CRI (SGTRULE_NT, SGMT_NF, SGT_NT, SGTVER_NT, SGTCRI_CF, CRE_D, CREUSR_CF) values (18,3,107,1,'COUNTRY_REPORTING',getDate(),'DBEU')

insert into TSEGMENTRULE (SGTRUL_NT, SGMT_NF, SGT_NT, SGTVER_NT, RULE_LS, RULPRIO_CT, FUNCDEF_T, TECHDEF_T, CRE_D, CREUSR_CF, LSTUPD_D, LSTUPDUSR_CF, timestamp) values (19,3,107,1,'',49,'COUNTRY_REPORTING=''VNM''','StringUtils.equals(c.getAnlctyCf(), "VNM")',getDate(),'DBEU',getDate(),'DBEU',null)

insert into TSEGMENTRULE2CRI (SGTRULE_NT, SGMT_NF, SGT_NT, SGTVER_NT, SGTCRI_CF, CRE_D, CREUSR_CF) values (19,3,107,1,'COUNTRY_REPORTING',getDate(),'DBEU')

go

insert into TSEGMT (SGMT_NF, SGT_NT, SGTVER_NT, SGMT_LS, SGMT_LL, SGTLVL_NT, PARSGMT_CF, BALAIMGT_CT, CRE_D, CREUSR_CF, LSTUPD_D, LSTUPDUSR_CF, timestamp) values (4,107,1,'4','Oceania',0,null,null,getDate(),'DBEU',getDate(),'DBEU',null)

insert into TSEGMENTRULE (SGTRUL_NT, SGMT_NF, SGT_NT, SGTVER_NT, RULE_LS, RULPRIO_CT, FUNCDEF_T, TECHDEF_T, CRE_D, CREUSR_CF, LSTUPD_D, LSTUPDUSR_CF, timestamp) values (1,4,107,1,'',50,'COUNTRY_REPORTING=''ASM''','StringUtils.equals(c.getAnlctyCf(), "ASM")',getDate(),'DBEU',getDate(),'DBEU',null)

insert into TSEGMENTRULE2CRI (SGTRULE_NT, SGMT_NF, SGT_NT, SGTVER_NT, SGTCRI_CF, CRE_D, CREUSR_CF) values (1,4,107,1,'COUNTRY_REPORTING',getDate(),'DBEU')

insert into TSEGMENTRULE (SGTRUL_NT, SGMT_NF, SGT_NT, SGTVER_NT, RULE_LS, RULPRIO_CT, FUNCDEF_T, TECHDEF_T, CRE_D, CREUSR_CF, LSTUPD_D, LSTUPDUSR_CF, timestamp) values (2,4,107,1,'',51,'COUNTRY_REPORTING=''AUS''','StringUtils.equals(c.getAnlctyCf(), "AUS")',getDate(),'DBEU',getDate(),'DBEU',null)

insert into TSEGMENTRULE2CRI (SGTRULE_NT, SGMT_NF, SGT_NT, SGTVER_NT, SGTCRI_CF, CRE_D, CREUSR_CF) values (2,4,107,1,'COUNTRY_REPORTING',getDate(),'DBEU')

insert into TSEGMENTRULE (SGTRUL_NT, SGMT_NF, SGT_NT, SGTVER_NT, RULE_LS, RULPRIO_CT, FUNCDEF_T, TECHDEF_T, CRE_D, CREUSR_CF, LSTUPD_D, LSTUPDUSR_CF, timestamp) values (3,4,107,1,'',52,'COUNTRY_REPORTING=''COK''','StringUtils.equals(c.getAnlctyCf(), "COK")',getDate(),'DBEU',getDate(),'DBEU',null)

insert into TSEGMENTRULE2CRI (SGTRULE_NT, SGMT_NF, SGT_NT, SGTVER_NT, SGTCRI_CF, CRE_D, CREUSR_CF) values (3,4,107,1,'COUNTRY_REPORTING',getDate(),'DBEU')

insert into TSEGMENTRULE (SGTRUL_NT, SGMT_NF, SGT_NT, SGTVER_NT, RULE_LS, RULPRIO_CT, FUNCDEF_T, TECHDEF_T, CRE_D, CREUSR_CF, LSTUPD_D, LSTUPDUSR_CF, timestamp) values (4,4,107,1,'',53,'COUNTRY_REPORTING=''FJI''','StringUtils.equals(c.getAnlctyCf(), "FJI")',getDate(),'DBEU',getDate(),'DBEU',null)

insert into TSEGMENTRULE2CRI (SGTRULE_NT, SGMT_NF, SGT_NT, SGTVER_NT, SGTCRI_CF, CRE_D, CREUSR_CF) values (4,4,107,1,'COUNTRY_REPORTING',getDate(),'DBEU')

insert into TSEGMENTRULE (SGTRUL_NT, SGMT_NF, SGT_NT, SGTVER_NT, RULE_LS, RULPRIO_CT, FUNCDEF_T, TECHDEF_T, CRE_D, CREUSR_CF, LSTUPD_D, LSTUPDUSR_CF, timestamp) values (5,4,107,1,'',54,'COUNTRY_REPORTING=''GUM''','StringUtils.equals(c.getAnlctyCf(), "GUM")',getDate(),'DBEU',getDate(),'DBEU',null)

insert into TSEGMENTRULE2CRI (SGTRULE_NT, SGMT_NF, SGT_NT, SGTVER_NT, SGTCRI_CF, CRE_D, CREUSR_CF) values (5,4,107,1,'COUNTRY_REPORTING',getDate(),'DBEU')

insert into TSEGMENTRULE (SGTRUL_NT, SGMT_NF, SGT_NT, SGTVER_NT, RULE_LS, RULPRIO_CT, FUNCDEF_T, TECHDEF_T, CRE_D, CREUSR_CF, LSTUPD_D, LSTUPDUSR_CF, timestamp) values (6,4,107,1,'',55,'COUNTRY_REPORTING=''KIR''','StringUtils.equals(c.getAnlctyCf(), "KIR")',getDate(),'DBEU',getDate(),'DBEU',null)

insert into TSEGMENTRULE2CRI (SGTRULE_NT, SGMT_NF, SGT_NT, SGTVER_NT, SGTCRI_CF, CRE_D, CREUSR_CF) values (6,4,107,1,'COUNTRY_REPORTING',getDate(),'DBEU')

insert into TSEGMENTRULE (SGTRUL_NT, SGMT_NF, SGT_NT, SGTVER_NT, RULE_LS, RULPRIO_CT, FUNCDEF_T, TECHDEF_T, CRE_D, CREUSR_CF, LSTUPD_D, LSTUPDUSR_CF, timestamp) values (7,4,107,1,'',56,'COUNTRY_REPORTING=''FSM''','StringUtils.equals(c.getAnlctyCf(), "FSM")',getDate(),'DBEU',getDate(),'DBEU',null)

insert into TSEGMENTRULE2CRI (SGTRULE_NT, SGMT_NF, SGT_NT, SGTVER_NT, SGTCRI_CF, CRE_D, CREUSR_CF) values (7,4,107,1,'COUNTRY_REPORTING',getDate(),'DBEU')

insert into TSEGMENTRULE (SGTRUL_NT, SGMT_NF, SGT_NT, SGTVER_NT, RULE_LS, RULPRIO_CT, FUNCDEF_T, TECHDEF_T, CRE_D, CREUSR_CF, LSTUPD_D, LSTUPDUSR_CF, timestamp) values (8,4,107,1,'',57,'COUNTRY_REPORTING=''NRU''','StringUtils.equals(c.getAnlctyCf(), "NRU")',getDate(),'DBEU',getDate(),'DBEU',null)

insert into TSEGMENTRULE2CRI (SGTRULE_NT, SGMT_NF, SGT_NT, SGTVER_NT, SGTCRI_CF, CRE_D, CREUSR_CF) values (8,4,107,1,'COUNTRY_REPORTING',getDate(),'DBEU')

insert into TSEGMENTRULE (SGTRUL_NT, SGMT_NF, SGT_NT, SGTVER_NT, RULE_LS, RULPRIO_CT, FUNCDEF_T, TECHDEF_T, CRE_D, CREUSR_CF, LSTUPD_D, LSTUPDUSR_CF, timestamp) values (9,4,107,1,'',58,'COUNTRY_REPORTING=''NZL''','StringUtils.equals(c.getAnlctyCf(), "NZL")',getDate(),'DBEU',getDate(),'DBEU',null)

insert into TSEGMENTRULE2CRI (SGTRULE_NT, SGMT_NF, SGT_NT, SGTVER_NT, SGTCRI_CF, CRE_D, CREUSR_CF) values (9,4,107,1,'COUNTRY_REPORTING',getDate(),'DBEU')

insert into TSEGMENTRULE (SGTRUL_NT, SGMT_NF, SGT_NT, SGTVER_NT, RULE_LS, RULPRIO_CT, FUNCDEF_T, TECHDEF_T, CRE_D, CREUSR_CF, LSTUPD_D, LSTUPDUSR_CF, timestamp) values (10,4,107,1,'',59,'COUNTRY_REPORTING=''MNP''','StringUtils.equals(c.getAnlctyCf(), "MNP")',getDate(),'DBEU',getDate(),'DBEU',null)

insert into TSEGMENTRULE2CRI (SGTRULE_NT, SGMT_NF, SGT_NT, SGTVER_NT, SGTCRI_CF, CRE_D, CREUSR_CF) values (10,4,107,1,'COUNTRY_REPORTING',getDate(),'DBEU')

insert into TSEGMENTRULE (SGTRUL_NT, SGMT_NF, SGT_NT, SGTVER_NT, RULE_LS, RULPRIO_CT, FUNCDEF_T, TECHDEF_T, CRE_D, CREUSR_CF, LSTUPD_D, LSTUPDUSR_CF, timestamp) values (11,4,107,1,'',60,'COUNTRY_REPORTING=''PLW''','StringUtils.equals(c.getAnlctyCf(), "PLW")',getDate(),'DBEU',getDate(),'DBEU',null)

insert into TSEGMENTRULE2CRI (SGTRULE_NT, SGMT_NF, SGT_NT, SGTVER_NT, SGTCRI_CF, CRE_D, CREUSR_CF) values (11,4,107,1,'COUNTRY_REPORTING',getDate(),'DBEU')

insert into TSEGMENTRULE (SGTRUL_NT, SGMT_NF, SGT_NT, SGTVER_NT, RULE_LS, RULPRIO_CT, FUNCDEF_T, TECHDEF_T, CRE_D, CREUSR_CF, LSTUPD_D, LSTUPDUSR_CF, timestamp) values (12,4,107,1,'',61,'COUNTRY_REPORTING=''PNG''','StringUtils.equals(c.getAnlctyCf(), "PNG")',getDate(),'DBEU',getDate(),'DBEU',null)

insert into TSEGMENTRULE2CRI (SGTRULE_NT, SGMT_NF, SGT_NT, SGTVER_NT, SGTCRI_CF, CRE_D, CREUSR_CF) values (12,4,107,1,'COUNTRY_REPORTING',getDate(),'DBEU')

insert into TSEGMENTRULE (SGTRUL_NT, SGMT_NF, SGT_NT, SGTVER_NT, RULE_LS, RULPRIO_CT, FUNCDEF_T, TECHDEF_T, CRE_D, CREUSR_CF, LSTUPD_D, LSTUPDUSR_CF, timestamp) values (13,4,107,1,'',62,'COUNTRY_REPORTING=''PCN''','StringUtils.equals(c.getAnlctyCf(), "PCN")',getDate(),'DBEU',getDate(),'DBEU',null)

insert into TSEGMENTRULE2CRI (SGTRULE_NT, SGMT_NF, SGT_NT, SGTVER_NT, SGTCRI_CF, CRE_D, CREUSR_CF) values (13,4,107,1,'COUNTRY_REPORTING',getDate(),'DBEU')

insert into TSEGMENTRULE (SGTRUL_NT, SGMT_NF, SGT_NT, SGTVER_NT, RULE_LS, RULPRIO_CT, FUNCDEF_T, TECHDEF_T, CRE_D, CREUSR_CF, LSTUPD_D, LSTUPDUSR_CF, timestamp) values (14,4,107,1,'',63,'COUNTRY_REPORTING=''WSM''','StringUtils.equals(c.getAnlctyCf(), "WSM")',getDate(),'DBEU',getDate(),'DBEU',null)

insert into TSEGMENTRULE2CRI (SGTRULE_NT, SGMT_NF, SGT_NT, SGTVER_NT, SGTCRI_CF, CRE_D, CREUSR_CF) values (14,4,107,1,'COUNTRY_REPORTING',getDate(),'DBEU')

insert into TSEGMENTRULE (SGTRUL_NT, SGMT_NF, SGT_NT, SGTVER_NT, RULE_LS, RULPRIO_CT, FUNCDEF_T, TECHDEF_T, CRE_D, CREUSR_CF, LSTUPD_D, LSTUPDUSR_CF, timestamp) values (15,4,107,1,'',64,'COUNTRY_REPORTING=''SLB''','StringUtils.equals(c.getAnlctyCf(), "SLB")',getDate(),'DBEU',getDate(),'DBEU',null)

insert into TSEGMENTRULE2CRI (SGTRULE_NT, SGMT_NF, SGT_NT, SGTVER_NT, SGTCRI_CF, CRE_D, CREUSR_CF) values (15,4,107,1,'COUNTRY_REPORTING',getDate(),'DBEU')

insert into TSEGMENTRULE (SGTRUL_NT, SGMT_NF, SGT_NT, SGTVER_NT, RULE_LS, RULPRIO_CT, FUNCDEF_T, TECHDEF_T, CRE_D, CREUSR_CF, LSTUPD_D, LSTUPDUSR_CF, timestamp) values (16,4,107,1,'',65,'COUNTRY_REPORTING=''TON''','StringUtils.equals(c.getAnlctyCf(), "TON")',getDate(),'DBEU',getDate(),'DBEU',null)

insert into TSEGMENTRULE2CRI (SGTRULE_NT, SGMT_NF, SGT_NT, SGTVER_NT, SGTCRI_CF, CRE_D, CREUSR_CF) values (16,4,107,1,'COUNTRY_REPORTING',getDate(),'DBEU')

insert into TSEGMENTRULE (SGTRUL_NT, SGMT_NF, SGT_NT, SGTVER_NT, RULE_LS, RULPRIO_CT, FUNCDEF_T, TECHDEF_T, CRE_D, CREUSR_CF, LSTUPD_D, LSTUPDUSR_CF, timestamp) values (17,4,107,1,'',66,'COUNTRY_REPORTING=''VUT''','StringUtils.equals(c.getAnlctyCf(), "VUT")',getDate(),'DBEU',getDate(),'DBEU',null)

insert into TSEGMENTRULE2CRI (SGTRULE_NT, SGMT_NF, SGT_NT, SGTVER_NT, SGTCRI_CF, CRE_D, CREUSR_CF) values (17,4,107,1,'COUNTRY_REPORTING',getDate(),'DBEU')

go

insert into TSEGMT (SGMT_NF, SGT_NT, SGTVER_NT, SGMT_LS, SGMT_LL, SGTLVL_NT, PARSGMT_CF, BALAIMGT_CT, CRE_D, CREUSR_CF, LSTUPD_D, LSTUPDUSR_CF, timestamp) values (5,107,1,'5','Northern Africa',0,null,null,getDate(),'DBEU',getDate(),'DBEU',null)

insert into TSEGMENTRULE (SGTRUL_NT, SGMT_NF, SGT_NT, SGTVER_NT, RULE_LS, RULPRIO_CT, FUNCDEF_T, TECHDEF_T, CRE_D, CREUSR_CF, LSTUPD_D, LSTUPDUSR_CF, timestamp) values (1,5,107,1,'',67,'COUNTRY_REPORTING=''DZA''','StringUtils.equals(c.getAnlctyCf(), "DZA")',getDate(),'DBEU',getDate(),'DBEU',null)

insert into TSEGMENTRULE2CRI (SGTRULE_NT, SGMT_NF, SGT_NT, SGTVER_NT, SGTCRI_CF, CRE_D, CREUSR_CF) values (1,5,107,1,'COUNTRY_REPORTING',getDate(),'DBEU')

insert into TSEGMENTRULE (SGTRUL_NT, SGMT_NF, SGT_NT, SGTVER_NT, RULE_LS, RULPRIO_CT, FUNCDEF_T, TECHDEF_T, CRE_D, CREUSR_CF, LSTUPD_D, LSTUPDUSR_CF, timestamp) values (2,5,107,1,'',68,'COUNTRY_REPORTING=''BEN''','StringUtils.equals(c.getAnlctyCf(), "BEN")',getDate(),'DBEU',getDate(),'DBEU',null)

insert into TSEGMENTRULE2CRI (SGTRULE_NT, SGMT_NF, SGT_NT, SGTVER_NT, SGTCRI_CF, CRE_D, CREUSR_CF) values (2,5,107,1,'COUNTRY_REPORTING',getDate(),'DBEU')

insert into TSEGMENTRULE (SGTRUL_NT, SGMT_NF, SGT_NT, SGTVER_NT, RULE_LS, RULPRIO_CT, FUNCDEF_T, TECHDEF_T, CRE_D, CREUSR_CF, LSTUPD_D, LSTUPDUSR_CF, timestamp) values (3,5,107,1,'',69,'COUNTRY_REPORTING=''BFA''','StringUtils.equals(c.getAnlctyCf(), "BFA")',getDate(),'DBEU',getDate(),'DBEU',null)

insert into TSEGMENTRULE2CRI (SGTRULE_NT, SGMT_NF, SGT_NT, SGTVER_NT, SGTCRI_CF, CRE_D, CREUSR_CF) values (3,5,107,1,'COUNTRY_REPORTING',getDate(),'DBEU')

insert into TSEGMENTRULE (SGTRUL_NT, SGMT_NF, SGT_NT, SGTVER_NT, RULE_LS, RULPRIO_CT, FUNCDEF_T, TECHDEF_T, CRE_D, CREUSR_CF, LSTUPD_D, LSTUPDUSR_CF, timestamp) values (4,5,107,1,'',70,'COUNTRY_REPORTING=''CMR''','StringUtils.equals(c.getAnlctyCf(), "CMR")',getDate(),'DBEU',getDate(),'DBEU',null)

insert into TSEGMENTRULE2CRI (SGTRULE_NT, SGMT_NF, SGT_NT, SGTVER_NT, SGTCRI_CF, CRE_D, CREUSR_CF) values (4,5,107,1,'COUNTRY_REPORTING',getDate(),'DBEU')

insert into TSEGMENTRULE (SGTRUL_NT, SGMT_NF, SGT_NT, SGTVER_NT, RULE_LS, RULPRIO_CT, FUNCDEF_T, TECHDEF_T, CRE_D, CREUSR_CF, LSTUPD_D, LSTUPDUSR_CF, timestamp) values (5,5,107,1,'',71,'COUNTRY_REPORTING=''CPV''','StringUtils.equals(c.getAnlctyCf(), "CPV")',getDate(),'DBEU',getDate(),'DBEU',null)

insert into TSEGMENTRULE2CRI (SGTRULE_NT, SGMT_NF, SGT_NT, SGTVER_NT, SGTCRI_CF, CRE_D, CREUSR_CF) values (5,5,107,1,'COUNTRY_REPORTING',getDate(),'DBEU')

insert into TSEGMENTRULE (SGTRUL_NT, SGMT_NF, SGT_NT, SGTVER_NT, RULE_LS, RULPRIO_CT, FUNCDEF_T, TECHDEF_T, CRE_D, CREUSR_CF, LSTUPD_D, LSTUPDUSR_CF, timestamp) values (6,5,107,1,'',72,'COUNTRY_REPORTING=''CAF''','StringUtils.equals(c.getAnlctyCf(), "CAF")',getDate(),'DBEU',getDate(),'DBEU',null)

insert into TSEGMENTRULE2CRI (SGTRULE_NT, SGMT_NF, SGT_NT, SGTVER_NT, SGTCRI_CF, CRE_D, CREUSR_CF) values (6,5,107,1,'COUNTRY_REPORTING',getDate(),'DBEU')

insert into TSEGMENTRULE (SGTRUL_NT, SGMT_NF, SGT_NT, SGTVER_NT, RULE_LS, RULPRIO_CT, FUNCDEF_T, TECHDEF_T, CRE_D, CREUSR_CF, LSTUPD_D, LSTUPDUSR_CF, timestamp) values (7,5,107,1,'',73,'COUNTRY_REPORTING=''TCD''','StringUtils.equals(c.getAnlctyCf(), "TCD")',getDate(),'DBEU',getDate(),'DBEU',null)

insert into TSEGMENTRULE2CRI (SGTRULE_NT, SGMT_NF, SGT_NT, SGTVER_NT, SGTCRI_CF, CRE_D, CREUSR_CF) values (7,5,107,1,'COUNTRY_REPORTING',getDate(),'DBEU')

insert into TSEGMENTRULE (SGTRUL_NT, SGMT_NF, SGT_NT, SGTVER_NT, RULE_LS, RULPRIO_CT, FUNCDEF_T, TECHDEF_T, CRE_D, CREUSR_CF, LSTUPD_D, LSTUPDUSR_CF, timestamp) values (8,5,107,1,'',74,'COUNTRY_REPORTING=''CIV''','StringUtils.equals(c.getAnlctyCf(), "CIV")',getDate(),'DBEU',getDate(),'DBEU',null)

insert into TSEGMENTRULE2CRI (SGTRULE_NT, SGMT_NF, SGT_NT, SGTVER_NT, SGTCRI_CF, CRE_D, CREUSR_CF) values (8,5,107,1,'COUNTRY_REPORTING',getDate(),'DBEU')

insert into TSEGMENTRULE (SGTRUL_NT, SGMT_NF, SGT_NT, SGTVER_NT, RULE_LS, RULPRIO_CT, FUNCDEF_T, TECHDEF_T, CRE_D, CREUSR_CF, LSTUPD_D, LSTUPDUSR_CF, timestamp) values (9,5,107,1,'',75,'COUNTRY_REPORTING=''EGY''','StringUtils.equals(c.getAnlctyCf(), "EGY")',getDate(),'DBEU',getDate(),'DBEU',null)

insert into TSEGMENTRULE2CRI (SGTRULE_NT, SGMT_NF, SGT_NT, SGTVER_NT, SGTCRI_CF, CRE_D, CREUSR_CF) values (9,5,107,1,'COUNTRY_REPORTING',getDate(),'DBEU')

insert into TSEGMENTRULE (SGTRUL_NT, SGMT_NF, SGT_NT, SGTVER_NT, RULE_LS, RULPRIO_CT, FUNCDEF_T, TECHDEF_T, CRE_D, CREUSR_CF, LSTUPD_D, LSTUPDUSR_CF, timestamp) values (10,5,107,1,'',76,'COUNTRY_REPORTING=''GMB''','StringUtils.equals(c.getAnlctyCf(), "GMB")',getDate(),'DBEU',getDate(),'DBEU',null)

insert into TSEGMENTRULE2CRI (SGTRULE_NT, SGMT_NF, SGT_NT, SGTVER_NT, SGTCRI_CF, CRE_D, CREUSR_CF) values (10,5,107,1,'COUNTRY_REPORTING',getDate(),'DBEU')

insert into TSEGMENTRULE (SGTRUL_NT, SGMT_NF, SGT_NT, SGTVER_NT, RULE_LS, RULPRIO_CT, FUNCDEF_T, TECHDEF_T, CRE_D, CREUSR_CF, LSTUPD_D, LSTUPDUSR_CF, timestamp) values (11,5,107,1,'',77,'COUNTRY_REPORTING=''GHA''','StringUtils.equals(c.getAnlctyCf(), "GHA")',getDate(),'DBEU',getDate(),'DBEU',null)

insert into TSEGMENTRULE2CRI (SGTRULE_NT, SGMT_NF, SGT_NT, SGTVER_NT, SGTCRI_CF, CRE_D, CREUSR_CF) values (11,5,107,1,'COUNTRY_REPORTING',getDate(),'DBEU')

insert into TSEGMENTRULE (SGTRUL_NT, SGMT_NF, SGT_NT, SGTVER_NT, RULE_LS, RULPRIO_CT, FUNCDEF_T, TECHDEF_T, CRE_D, CREUSR_CF, LSTUPD_D, LSTUPDUSR_CF, timestamp) values (12,5,107,1,'',78,'COUNTRY_REPORTING=''GIN''','StringUtils.equals(c.getAnlctyCf(), "GIN")',getDate(),'DBEU',getDate(),'DBEU',null)

insert into TSEGMENTRULE2CRI (SGTRULE_NT, SGMT_NF, SGT_NT, SGTVER_NT, SGTCRI_CF, CRE_D, CREUSR_CF) values (12,5,107,1,'COUNTRY_REPORTING',getDate(),'DBEU')

insert into TSEGMENTRULE (SGTRUL_NT, SGMT_NF, SGT_NT, SGTVER_NT, RULE_LS, RULPRIO_CT, FUNCDEF_T, TECHDEF_T, CRE_D, CREUSR_CF, LSTUPD_D, LSTUPDUSR_CF, timestamp) values (13,5,107,1,'',79,'COUNTRY_REPORTING=''GNB''','StringUtils.equals(c.getAnlctyCf(), "GNB")',getDate(),'DBEU',getDate(),'DBEU',null)

insert into TSEGMENTRULE2CRI (SGTRULE_NT, SGMT_NF, SGT_NT, SGTVER_NT, SGTCRI_CF, CRE_D, CREUSR_CF) values (13,5,107,1,'COUNTRY_REPORTING',getDate(),'DBEU')

insert into TSEGMENTRULE (SGTRUL_NT, SGMT_NF, SGT_NT, SGTVER_NT, RULE_LS, RULPRIO_CT, FUNCDEF_T, TECHDEF_T, CRE_D, CREUSR_CF, LSTUPD_D, LSTUPDUSR_CF, timestamp) values (14,5,107,1,'',80,'COUNTRY_REPORTING=''LBR''','StringUtils.equals(c.getAnlctyCf(), "LBR")',getDate(),'DBEU',getDate(),'DBEU',null)

insert into TSEGMENTRULE2CRI (SGTRULE_NT, SGMT_NF, SGT_NT, SGTVER_NT, SGTCRI_CF, CRE_D, CREUSR_CF) values (14,5,107,1,'COUNTRY_REPORTING',getDate(),'DBEU')

insert into TSEGMENTRULE (SGTRUL_NT, SGMT_NF, SGT_NT, SGTVER_NT, RULE_LS, RULPRIO_CT, FUNCDEF_T, TECHDEF_T, CRE_D, CREUSR_CF, LSTUPD_D, LSTUPDUSR_CF, timestamp) values (15,5,107,1,'',81,'COUNTRY_REPORTING=''LBY''','StringUtils.equals(c.getAnlctyCf(), "LBY")',getDate(),'DBEU',getDate(),'DBEU',null)

insert into TSEGMENTRULE2CRI (SGTRULE_NT, SGMT_NF, SGT_NT, SGTVER_NT, SGTCRI_CF, CRE_D, CREUSR_CF) values (15,5,107,1,'COUNTRY_REPORTING',getDate(),'DBEU')

insert into TSEGMENTRULE (SGTRUL_NT, SGMT_NF, SGT_NT, SGTVER_NT, RULE_LS, RULPRIO_CT, FUNCDEF_T, TECHDEF_T, CRE_D, CREUSR_CF, LSTUPD_D, LSTUPDUSR_CF, timestamp) values (16,5,107,1,'',82,'COUNTRY_REPORTING=''MLI''','StringUtils.equals(c.getAnlctyCf(), "MLI")',getDate(),'DBEU',getDate(),'DBEU',null)

insert into TSEGMENTRULE2CRI (SGTRULE_NT, SGMT_NF, SGT_NT, SGTVER_NT, SGTCRI_CF, CRE_D, CREUSR_CF) values (16,5,107,1,'COUNTRY_REPORTING',getDate(),'DBEU')

insert into TSEGMENTRULE (SGTRUL_NT, SGMT_NF, SGT_NT, SGTVER_NT, RULE_LS, RULPRIO_CT, FUNCDEF_T, TECHDEF_T, CRE_D, CREUSR_CF, LSTUPD_D, LSTUPDUSR_CF, timestamp) values (17,5,107,1,'',83,'COUNTRY_REPORTING=''MRT''','StringUtils.equals(c.getAnlctyCf(), "MRT")',getDate(),'DBEU',getDate(),'DBEU',null)

insert into TSEGMENTRULE2CRI (SGTRULE_NT, SGMT_NF, SGT_NT, SGTVER_NT, SGTCRI_CF, CRE_D, CREUSR_CF) values (17,5,107,1,'COUNTRY_REPORTING',getDate(),'DBEU')

insert into TSEGMENTRULE (SGTRUL_NT, SGMT_NF, SGT_NT, SGTVER_NT, RULE_LS, RULPRIO_CT, FUNCDEF_T, TECHDEF_T, CRE_D, CREUSR_CF, LSTUPD_D, LSTUPDUSR_CF, timestamp) values (18,5,107,1,'',84,'COUNTRY_REPORTING=''MAR''','StringUtils.equals(c.getAnlctyCf(), "MAR")',getDate(),'DBEU',getDate(),'DBEU',null)

insert into TSEGMENTRULE2CRI (SGTRULE_NT, SGMT_NF, SGT_NT, SGTVER_NT, SGTCRI_CF, CRE_D, CREUSR_CF) values (18,5,107,1,'COUNTRY_REPORTING',getDate(),'DBEU')

insert into TSEGMENTRULE (SGTRUL_NT, SGMT_NF, SGT_NT, SGTVER_NT, RULE_LS, RULPRIO_CT, FUNCDEF_T, TECHDEF_T, CRE_D, CREUSR_CF, LSTUPD_D, LSTUPDUSR_CF, timestamp) values (19,5,107,1,'',85,'COUNTRY_REPORTING=''NER''','StringUtils.equals(c.getAnlctyCf(), "NER")',getDate(),'DBEU',getDate(),'DBEU',null)

insert into TSEGMENTRULE2CRI (SGTRULE_NT, SGMT_NF, SGT_NT, SGTVER_NT, SGTCRI_CF, CRE_D, CREUSR_CF) values (19,5,107,1,'COUNTRY_REPORTING',getDate(),'DBEU')

insert into TSEGMENTRULE (SGTRUL_NT, SGMT_NF, SGT_NT, SGTVER_NT, RULE_LS, RULPRIO_CT, FUNCDEF_T, TECHDEF_T, CRE_D, CREUSR_CF, LSTUPD_D, LSTUPDUSR_CF, timestamp) values (20,5,107,1,'',86,'COUNTRY_REPORTING=''NGA''','StringUtils.equals(c.getAnlctyCf(), "NGA")',getDate(),'DBEU',getDate(),'DBEU',null)

insert into TSEGMENTRULE2CRI (SGTRULE_NT, SGMT_NF, SGT_NT, SGTVER_NT, SGTCRI_CF, CRE_D, CREUSR_CF) values (20,5,107,1,'COUNTRY_REPORTING',getDate(),'DBEU')

insert into TSEGMENTRULE (SGTRUL_NT, SGMT_NF, SGT_NT, SGTVER_NT, RULE_LS, RULPRIO_CT, FUNCDEF_T, TECHDEF_T, CRE_D, CREUSR_CF, LSTUPD_D, LSTUPDUSR_CF, timestamp) values (21,5,107,1,'',87,'COUNTRY_REPORTING=''SEN''','StringUtils.equals(c.getAnlctyCf(), "SEN")',getDate(),'DBEU',getDate(),'DBEU',null)

insert into TSEGMENTRULE2CRI (SGTRULE_NT, SGMT_NF, SGT_NT, SGTVER_NT, SGTCRI_CF, CRE_D, CREUSR_CF) values (21,5,107,1,'COUNTRY_REPORTING',getDate(),'DBEU')

insert into TSEGMENTRULE (SGTRUL_NT, SGMT_NF, SGT_NT, SGTVER_NT, RULE_LS, RULPRIO_CT, FUNCDEF_T, TECHDEF_T, CRE_D, CREUSR_CF, LSTUPD_D, LSTUPDUSR_CF, timestamp) values (22,5,107,1,'',88,'COUNTRY_REPORTING=''SLE''','StringUtils.equals(c.getAnlctyCf(), "SLE")',getDate(),'DBEU',getDate(),'DBEU',null)

insert into TSEGMENTRULE2CRI (SGTRULE_NT, SGMT_NF, SGT_NT, SGTVER_NT, SGTCRI_CF, CRE_D, CREUSR_CF) values (22,5,107,1,'COUNTRY_REPORTING',getDate(),'DBEU')

insert into TSEGMENTRULE (SGTRUL_NT, SGMT_NF, SGT_NT, SGTVER_NT, RULE_LS, RULPRIO_CT, FUNCDEF_T, TECHDEF_T, CRE_D, CREUSR_CF, LSTUPD_D, LSTUPDUSR_CF, timestamp) values (23,5,107,1,'',89,'COUNTRY_REPORTING=''SDN''','StringUtils.equals(c.getAnlctyCf(), "SDN")',getDate(),'DBEU',getDate(),'DBEU',null)

insert into TSEGMENTRULE2CRI (SGTRULE_NT, SGMT_NF, SGT_NT, SGTVER_NT, SGTCRI_CF, CRE_D, CREUSR_CF) values (23,5,107,1,'COUNTRY_REPORTING',getDate(),'DBEU')

insert into TSEGMENTRULE (SGTRUL_NT, SGMT_NF, SGT_NT, SGTVER_NT, RULE_LS, RULPRIO_CT, FUNCDEF_T, TECHDEF_T, CRE_D, CREUSR_CF, LSTUPD_D, LSTUPDUSR_CF, timestamp) values (24,5,107,1,'',90,'COUNTRY_REPORTING=''SSD''','StringUtils.equals(c.getAnlctyCf(), "SSD")',getDate(),'DBEU',getDate(),'DBEU',null)

insert into TSEGMENTRULE2CRI (SGTRULE_NT, SGMT_NF, SGT_NT, SGTVER_NT, SGTCRI_CF, CRE_D, CREUSR_CF) values (24,5,107,1,'COUNTRY_REPORTING',getDate(),'DBEU')

insert into TSEGMENTRULE (SGTRUL_NT, SGMT_NF, SGT_NT, SGTVER_NT, RULE_LS, RULPRIO_CT, FUNCDEF_T, TECHDEF_T, CRE_D, CREUSR_CF, LSTUPD_D, LSTUPDUSR_CF, timestamp) values (25,5,107,1,'',91,'COUNTRY_REPORTING=''TGO''','StringUtils.equals(c.getAnlctyCf(), "TGO")',getDate(),'DBEU',getDate(),'DBEU',null)

insert into TSEGMENTRULE2CRI (SGTRULE_NT, SGMT_NF, SGT_NT, SGTVER_NT, SGTCRI_CF, CRE_D, CREUSR_CF) values (25,5,107,1,'COUNTRY_REPORTING',getDate(),'DBEU')

insert into TSEGMENTRULE (SGTRUL_NT, SGMT_NF, SGT_NT, SGTVER_NT, RULE_LS, RULPRIO_CT, FUNCDEF_T, TECHDEF_T, CRE_D, CREUSR_CF, LSTUPD_D, LSTUPDUSR_CF, timestamp) values (26,5,107,1,'',92,'COUNTRY_REPORTING=''TUN''','StringUtils.equals(c.getAnlctyCf(), "TUN")',getDate(),'DBEU',getDate(),'DBEU',null)

insert into TSEGMENTRULE2CRI (SGTRULE_NT, SGMT_NF, SGT_NT, SGTVER_NT, SGTCRI_CF, CRE_D, CREUSR_CF) values (26,5,107,1,'COUNTRY_REPORTING',getDate(),'DBEU')

go

insert into TSEGMT (SGMT_NF, SGT_NT, SGTVER_NT, SGMT_LS, SGMT_LL, SGTLVL_NT, PARSGMT_CF, BALAIMGT_CT, CRE_D, CREUSR_CF, LSTUPD_D, LSTUPDUSR_CF, timestamp) values (6,107,1,'6','Southern Africa',0,null,null,getDate(),'DBEU',getDate(),'DBEU',null)

insert into TSEGMENTRULE (SGTRUL_NT, SGMT_NF, SGT_NT, SGTVER_NT, RULE_LS, RULPRIO_CT, FUNCDEF_T, TECHDEF_T, CRE_D, CREUSR_CF, LSTUPD_D, LSTUPDUSR_CF, timestamp) values (1,6,107,1,'',93,'COUNTRY_REPORTING=''AGO''','StringUtils.equals(c.getAnlctyCf(), "AGO")',getDate(),'DBEU',getDate(),'DBEU',null)

insert into TSEGMENTRULE2CRI (SGTRULE_NT, SGMT_NF, SGT_NT, SGTVER_NT, SGTCRI_CF, CRE_D, CREUSR_CF) values (1,6,107,1,'COUNTRY_REPORTING',getDate(),'DBEU')

insert into TSEGMENTRULE (SGTRUL_NT, SGMT_NF, SGT_NT, SGTVER_NT, RULE_LS, RULPRIO_CT, FUNCDEF_T, TECHDEF_T, CRE_D, CREUSR_CF, LSTUPD_D, LSTUPDUSR_CF, timestamp) values (2,6,107,1,'',94,'COUNTRY_REPORTING=''BWA''','StringUtils.equals(c.getAnlctyCf(), "BWA")',getDate(),'DBEU',getDate(),'DBEU',null)

insert into TSEGMENTRULE2CRI (SGTRULE_NT, SGMT_NF, SGT_NT, SGTVER_NT, SGTCRI_CF, CRE_D, CREUSR_CF) values (2,6,107,1,'COUNTRY_REPORTING',getDate(),'DBEU')

insert into TSEGMENTRULE (SGTRUL_NT, SGMT_NF, SGT_NT, SGTVER_NT, RULE_LS, RULPRIO_CT, FUNCDEF_T, TECHDEF_T, CRE_D, CREUSR_CF, LSTUPD_D, LSTUPDUSR_CF, timestamp) values (3,6,107,1,'',95,'COUNTRY_REPORTING=''BDI''','StringUtils.equals(c.getAnlctyCf(), "BDI")',getDate(),'DBEU',getDate(),'DBEU',null)

insert into TSEGMENTRULE2CRI (SGTRULE_NT, SGMT_NF, SGT_NT, SGTVER_NT, SGTCRI_CF, CRE_D, CREUSR_CF) values (3,6,107,1,'COUNTRY_REPORTING',getDate(),'DBEU')

insert into TSEGMENTRULE (SGTRUL_NT, SGMT_NF, SGT_NT, SGTVER_NT, RULE_LS, RULPRIO_CT, FUNCDEF_T, TECHDEF_T, CRE_D, CREUSR_CF, LSTUPD_D, LSTUPDUSR_CF, timestamp) values (4,6,107,1,'',96,'COUNTRY_REPORTING=''COM''','StringUtils.equals(c.getAnlctyCf(), "COM")',getDate(),'DBEU',getDate(),'DBEU',null)

insert into TSEGMENTRULE2CRI (SGTRULE_NT, SGMT_NF, SGT_NT, SGTVER_NT, SGTCRI_CF, CRE_D, CREUSR_CF) values (4,6,107,1,'COUNTRY_REPORTING',getDate(),'DBEU')

insert into TSEGMENTRULE (SGTRUL_NT, SGMT_NF, SGT_NT, SGTVER_NT, RULE_LS, RULPRIO_CT, FUNCDEF_T, TECHDEF_T, CRE_D, CREUSR_CF, LSTUPD_D, LSTUPDUSR_CF, timestamp) values (5,6,107,1,'',97,'COUNTRY_REPORTING=''ZAR''','StringUtils.equals(c.getAnlctyCf(), "ZAR")',getDate(),'DBEU',getDate(),'DBEU',null)

insert into TSEGMENTRULE2CRI (SGTRULE_NT, SGMT_NF, SGT_NT, SGTVER_NT, SGTCRI_CF, CRE_D, CREUSR_CF) values (5,6,107,1,'COUNTRY_REPORTING',getDate(),'DBEU')

insert into TSEGMENTRULE (SGTRUL_NT, SGMT_NF, SGT_NT, SGTVER_NT, RULE_LS, RULPRIO_CT, FUNCDEF_T, TECHDEF_T, CRE_D, CREUSR_CF, LSTUPD_D, LSTUPDUSR_CF, timestamp) values (6,6,107,1,'',98,'COUNTRY_REPORTING=''DJI''','StringUtils.equals(c.getAnlctyCf(), "DJI")',getDate(),'DBEU',getDate(),'DBEU',null)

insert into TSEGMENTRULE2CRI (SGTRULE_NT, SGMT_NF, SGT_NT, SGTVER_NT, SGTCRI_CF, CRE_D, CREUSR_CF) values (6,6,107,1,'COUNTRY_REPORTING',getDate(),'DBEU')

insert into TSEGMENTRULE (SGTRUL_NT, SGMT_NF, SGT_NT, SGTVER_NT, RULE_LS, RULPRIO_CT, FUNCDEF_T, TECHDEF_T, CRE_D, CREUSR_CF, LSTUPD_D, LSTUPDUSR_CF, timestamp) values (7,6,107,1,'',99,'COUNTRY_REPORTING=''GNQ''','StringUtils.equals(c.getAnlctyCf(), "GNQ")',getDate(),'DBEU',getDate(),'DBEU',null)

insert into TSEGMENTRULE2CRI (SGTRULE_NT, SGMT_NF, SGT_NT, SGTVER_NT, SGTCRI_CF, CRE_D, CREUSR_CF) values (7,6,107,1,'COUNTRY_REPORTING',getDate(),'DBEU')

insert into TSEGMENTRULE (SGTRUL_NT, SGMT_NF, SGT_NT, SGTVER_NT, RULE_LS, RULPRIO_CT, FUNCDEF_T, TECHDEF_T, CRE_D, CREUSR_CF, LSTUPD_D, LSTUPDUSR_CF, timestamp) values (8,6,107,1,'',100,'COUNTRY_REPORTING=''IOT''','StringUtils.equals(c.getAnlctyCf(), "IOT")',getDate(),'DBEU',getDate(),'DBEU',null)

insert into TSEGMENTRULE2CRI (SGTRULE_NT, SGMT_NF, SGT_NT, SGTVER_NT, SGTCRI_CF, CRE_D, CREUSR_CF) values (8,6,107,1,'COUNTRY_REPORTING',getDate(),'DBEU')

insert into TSEGMENTRULE (SGTRUL_NT, SGMT_NF, SGT_NT, SGTVER_NT, RULE_LS, RULPRIO_CT, FUNCDEF_T, TECHDEF_T, CRE_D, CREUSR_CF, LSTUPD_D, LSTUPDUSR_CF, timestamp) values (9,6,107,1,'',101,'COUNTRY_REPORTING=''ERI''','StringUtils.equals(c.getAnlctyCf(), "ERI")',getDate(),'DBEU',getDate(),'DBEU',null)

insert into TSEGMENTRULE2CRI (SGTRULE_NT, SGMT_NF, SGT_NT, SGTVER_NT, SGTCRI_CF, CRE_D, CREUSR_CF) values (9,6,107,1,'COUNTRY_REPORTING',getDate(),'DBEU')

insert into TSEGMENTRULE (SGTRUL_NT, SGMT_NF, SGT_NT, SGTVER_NT, RULE_LS, RULPRIO_CT, FUNCDEF_T, TECHDEF_T, CRE_D, CREUSR_CF, LSTUPD_D, LSTUPDUSR_CF, timestamp) values (10,6,107,1,'',102,'COUNTRY_REPORTING=''ETH''','StringUtils.equals(c.getAnlctyCf(), "ETH")',getDate(),'DBEU',getDate(),'DBEU',null)

insert into TSEGMENTRULE2CRI (SGTRULE_NT, SGMT_NF, SGT_NT, SGTVER_NT, SGTCRI_CF, CRE_D, CREUSR_CF) values (10,6,107,1,'COUNTRY_REPORTING',getDate(),'DBEU')

insert into TSEGMENTRULE (SGTRUL_NT, SGMT_NF, SGT_NT, SGTVER_NT, RULE_LS, RULPRIO_CT, FUNCDEF_T, TECHDEF_T, CRE_D, CREUSR_CF, LSTUPD_D, LSTUPDUSR_CF, timestamp) values (11,6,107,1,'',103,'COUNTRY_REPORTING=''GAB''','StringUtils.equals(c.getAnlctyCf(), "GAB")',getDate(),'DBEU',getDate(),'DBEU',null)

insert into TSEGMENTRULE2CRI (SGTRULE_NT, SGMT_NF, SGT_NT, SGTVER_NT, SGTCRI_CF, CRE_D, CREUSR_CF) values (11,6,107,1,'COUNTRY_REPORTING',getDate(),'DBEU')

insert into TSEGMENTRULE (SGTRUL_NT, SGMT_NF, SGT_NT, SGTVER_NT, RULE_LS, RULPRIO_CT, FUNCDEF_T, TECHDEF_T, CRE_D, CREUSR_CF, LSTUPD_D, LSTUPDUSR_CF, timestamp) values (12,6,107,1,'',104,'COUNTRY_REPORTING=''KEN''','StringUtils.equals(c.getAnlctyCf(), "KEN")',getDate(),'DBEU',getDate(),'DBEU',null)

insert into TSEGMENTRULE2CRI (SGTRULE_NT, SGMT_NF, SGT_NT, SGTVER_NT, SGTCRI_CF, CRE_D, CREUSR_CF) values (12,6,107,1,'COUNTRY_REPORTING',getDate(),'DBEU')

insert into TSEGMENTRULE (SGTRUL_NT, SGMT_NF, SGT_NT, SGTVER_NT, RULE_LS, RULPRIO_CT, FUNCDEF_T, TECHDEF_T, CRE_D, CREUSR_CF, LSTUPD_D, LSTUPDUSR_CF, timestamp) values (13,6,107,1,'',105,'COUNTRY_REPORTING=''LSO''','StringUtils.equals(c.getAnlctyCf(), "LSO")',getDate(),'DBEU',getDate(),'DBEU',null)

insert into TSEGMENTRULE2CRI (SGTRULE_NT, SGMT_NF, SGT_NT, SGTVER_NT, SGTCRI_CF, CRE_D, CREUSR_CF) values (13,6,107,1,'COUNTRY_REPORTING',getDate(),'DBEU')

insert into TSEGMENTRULE (SGTRUL_NT, SGMT_NF, SGT_NT, SGTVER_NT, RULE_LS, RULPRIO_CT, FUNCDEF_T, TECHDEF_T, CRE_D, CREUSR_CF, LSTUPD_D, LSTUPDUSR_CF, timestamp) values (14,6,107,1,'',106,'COUNTRY_REPORTING=''MDG''','StringUtils.equals(c.getAnlctyCf(), "MDG")',getDate(),'DBEU',getDate(),'DBEU',null)

insert into TSEGMENTRULE2CRI (SGTRULE_NT, SGMT_NF, SGT_NT, SGTVER_NT, SGTCRI_CF, CRE_D, CREUSR_CF) values (14,6,107,1,'COUNTRY_REPORTING',getDate(),'DBEU')

insert into TSEGMENTRULE (SGTRUL_NT, SGMT_NF, SGT_NT, SGTVER_NT, RULE_LS, RULPRIO_CT, FUNCDEF_T, TECHDEF_T, CRE_D, CREUSR_CF, LSTUPD_D, LSTUPDUSR_CF, timestamp) values (15,6,107,1,'',107,'COUNTRY_REPORTING=''MWI''','StringUtils.equals(c.getAnlctyCf(), "MWI")',getDate(),'DBEU',getDate(),'DBEU',null)

insert into TSEGMENTRULE2CRI (SGTRULE_NT, SGMT_NF, SGT_NT, SGTVER_NT, SGTCRI_CF, CRE_D, CREUSR_CF) values (15,6,107,1,'COUNTRY_REPORTING',getDate(),'DBEU')

insert into TSEGMENTRULE (SGTRUL_NT, SGMT_NF, SGT_NT, SGTVER_NT, RULE_LS, RULPRIO_CT, FUNCDEF_T, TECHDEF_T, CRE_D, CREUSR_CF, LSTUPD_D, LSTUPDUSR_CF, timestamp) values (16,6,107,1,'',108,'COUNTRY_REPORTING=''MUS''','StringUtils.equals(c.getAnlctyCf(), "MUS")',getDate(),'DBEU',getDate(),'DBEU',null)

insert into TSEGMENTRULE2CRI (SGTRULE_NT, SGMT_NF, SGT_NT, SGTVER_NT, SGTCRI_CF, CRE_D, CREUSR_CF) values (16,6,107,1,'COUNTRY_REPORTING',getDate(),'DBEU')

insert into TSEGMENTRULE (SGTRUL_NT, SGMT_NF, SGT_NT, SGTVER_NT, RULE_LS, RULPRIO_CT, FUNCDEF_T, TECHDEF_T, CRE_D, CREUSR_CF, LSTUPD_D, LSTUPDUSR_CF, timestamp) values (17,6,107,1,'',109,'COUNTRY_REPORTING=''MOZ''','StringUtils.equals(c.getAnlctyCf(), "MOZ")',getDate(),'DBEU',getDate(),'DBEU',null)

insert into TSEGMENTRULE2CRI (SGTRULE_NT, SGMT_NF, SGT_NT, SGTVER_NT, SGTCRI_CF, CRE_D, CREUSR_CF) values (17,6,107,1,'COUNTRY_REPORTING',getDate(),'DBEU')

insert into TSEGMENTRULE (SGTRUL_NT, SGMT_NF, SGT_NT, SGTVER_NT, RULE_LS, RULPRIO_CT, FUNCDEF_T, TECHDEF_T, CRE_D, CREUSR_CF, LSTUPD_D, LSTUPDUSR_CF, timestamp) values (18,6,107,1,'',110,'COUNTRY_REPORTING=''NAM''','StringUtils.equals(c.getAnlctyCf(), "NAM")',getDate(),'DBEU',getDate(),'DBEU',null)

insert into TSEGMENTRULE2CRI (SGTRULE_NT, SGMT_NF, SGT_NT, SGTVER_NT, SGTCRI_CF, CRE_D, CREUSR_CF) values (18,6,107,1,'COUNTRY_REPORTING',getDate(),'DBEU')

insert into TSEGMENTRULE (SGTRUL_NT, SGMT_NF, SGT_NT, SGTVER_NT, RULE_LS, RULPRIO_CT, FUNCDEF_T, TECHDEF_T, CRE_D, CREUSR_CF, LSTUPD_D, LSTUPDUSR_CF, timestamp) values (19,6,107,1,'',111,'COUNTRY_REPORTING=''COG''','StringUtils.equals(c.getAnlctyCf(), "COG")',getDate(),'DBEU',getDate(),'DBEU',null)

insert into TSEGMENTRULE2CRI (SGTRULE_NT, SGMT_NF, SGT_NT, SGTVER_NT, SGTCRI_CF, CRE_D, CREUSR_CF) values (19,6,107,1,'COUNTRY_REPORTING',getDate(),'DBEU')

insert into TSEGMENTRULE (SGTRUL_NT, SGMT_NF, SGT_NT, SGTVER_NT, RULE_LS, RULPRIO_CT, FUNCDEF_T, TECHDEF_T, CRE_D, CREUSR_CF, LSTUPD_D, LSTUPDUSR_CF, timestamp) values (20,6,107,1,'',112,'COUNTRY_REPORTING=''RWA''','StringUtils.equals(c.getAnlctyCf(), "RWA")',getDate(),'DBEU',getDate(),'DBEU',null)

insert into TSEGMENTRULE2CRI (SGTRULE_NT, SGMT_NF, SGT_NT, SGTVER_NT, SGTCRI_CF, CRE_D, CREUSR_CF) values (20,6,107,1,'COUNTRY_REPORTING',getDate(),'DBEU')

insert into TSEGMENTRULE (SGTRUL_NT, SGMT_NF, SGT_NT, SGTVER_NT, RULE_LS, RULPRIO_CT, FUNCDEF_T, TECHDEF_T, CRE_D, CREUSR_CF, LSTUPD_D, LSTUPDUSR_CF, timestamp) values (21,6,107,1,'',113,'COUNTRY_REPORTING=''STP''','StringUtils.equals(c.getAnlctyCf(), "STP")',getDate(),'DBEU',getDate(),'DBEU',null)

insert into TSEGMENTRULE2CRI (SGTRULE_NT, SGMT_NF, SGT_NT, SGTVER_NT, SGTCRI_CF, CRE_D, CREUSR_CF) values (21,6,107,1,'COUNTRY_REPORTING',getDate(),'DBEU')

insert into TSEGMENTRULE (SGTRUL_NT, SGMT_NF, SGT_NT, SGTVER_NT, RULE_LS, RULPRIO_CT, FUNCDEF_T, TECHDEF_T, CRE_D, CREUSR_CF, LSTUPD_D, LSTUPDUSR_CF, timestamp) values (22,6,107,1,'',114,'COUNTRY_REPORTING=''SYC''','StringUtils.equals(c.getAnlctyCf(), "SYC")',getDate(),'DBEU',getDate(),'DBEU',null)

insert into TSEGMENTRULE2CRI (SGTRULE_NT, SGMT_NF, SGT_NT, SGTVER_NT, SGTCRI_CF, CRE_D, CREUSR_CF) values (22,6,107,1,'COUNTRY_REPORTING',getDate(),'DBEU')

insert into TSEGMENTRULE (SGTRUL_NT, SGMT_NF, SGT_NT, SGTVER_NT, RULE_LS, RULPRIO_CT, FUNCDEF_T, TECHDEF_T, CRE_D, CREUSR_CF, LSTUPD_D, LSTUPDUSR_CF, timestamp) values (23,6,107,1,'',115,'COUNTRY_REPORTING=''SOM''','StringUtils.equals(c.getAnlctyCf(), "SOM")',getDate(),'DBEU',getDate(),'DBEU',null)

insert into TSEGMENTRULE2CRI (SGTRULE_NT, SGMT_NF, SGT_NT, SGTVER_NT, SGTCRI_CF, CRE_D, CREUSR_CF) values (23,6,107,1,'COUNTRY_REPORTING',getDate(),'DBEU')

insert into TSEGMENTRULE (SGTRUL_NT, SGMT_NF, SGT_NT, SGTVER_NT, RULE_LS, RULPRIO_CT, FUNCDEF_T, TECHDEF_T, CRE_D, CREUSR_CF, LSTUPD_D, LSTUPDUSR_CF, timestamp) values (24,6,107,1,'',116,'COUNTRY_REPORTING=''ZAF''','StringUtils.equals(c.getAnlctyCf(), "ZAF")',getDate(),'DBEU',getDate(),'DBEU',null)

insert into TSEGMENTRULE2CRI (SGTRULE_NT, SGMT_NF, SGT_NT, SGTVER_NT, SGTCRI_CF, CRE_D, CREUSR_CF) values (24,6,107,1,'COUNTRY_REPORTING',getDate(),'DBEU')

insert into TSEGMENTRULE (SGTRUL_NT, SGMT_NF, SGT_NT, SGTVER_NT, RULE_LS, RULPRIO_CT, FUNCDEF_T, TECHDEF_T, CRE_D, CREUSR_CF, LSTUPD_D, LSTUPDUSR_CF, timestamp) values (25,6,107,1,'',117,'COUNTRY_REPORTING=''SWZ''','StringUtils.equals(c.getAnlctyCf(), "SWZ")',getDate(),'DBEU',getDate(),'DBEU',null)

insert into TSEGMENTRULE2CRI (SGTRULE_NT, SGMT_NF, SGT_NT, SGTVER_NT, SGTCRI_CF, CRE_D, CREUSR_CF) values (25,6,107,1,'COUNTRY_REPORTING',getDate(),'DBEU')

insert into TSEGMENTRULE (SGTRUL_NT, SGMT_NF, SGT_NT, SGTVER_NT, RULE_LS, RULPRIO_CT, FUNCDEF_T, TECHDEF_T, CRE_D, CREUSR_CF, LSTUPD_D, LSTUPDUSR_CF, timestamp) values (26,6,107,1,'',118,'COUNTRY_REPORTING=''UGA''','StringUtils.equals(c.getAnlctyCf(), "UGA")',getDate(),'DBEU',getDate(),'DBEU',null)

insert into TSEGMENTRULE2CRI (SGTRULE_NT, SGMT_NF, SGT_NT, SGTVER_NT, SGTCRI_CF, CRE_D, CREUSR_CF) values (26,6,107,1,'COUNTRY_REPORTING',getDate(),'DBEU')

insert into TSEGMENTRULE (SGTRUL_NT, SGMT_NF, SGT_NT, SGTVER_NT, RULE_LS, RULPRIO_CT, FUNCDEF_T, TECHDEF_T, CRE_D, CREUSR_CF, LSTUPD_D, LSTUPDUSR_CF, timestamp) values (27,6,107,1,'',119,'COUNTRY_REPORTING=''TZA''','StringUtils.equals(c.getAnlctyCf(), "TZA")',getDate(),'DBEU',getDate(),'DBEU',null)

insert into TSEGMENTRULE2CRI (SGTRULE_NT, SGMT_NF, SGT_NT, SGTVER_NT, SGTCRI_CF, CRE_D, CREUSR_CF) values (27,6,107,1,'COUNTRY_REPORTING',getDate(),'DBEU')

insert into TSEGMENTRULE (SGTRUL_NT, SGMT_NF, SGT_NT, SGTVER_NT, RULE_LS, RULPRIO_CT, FUNCDEF_T, TECHDEF_T, CRE_D, CREUSR_CF, LSTUPD_D, LSTUPDUSR_CF, timestamp) values (28,6,107,1,'',120,'COUNTRY_REPORTING=''ZMB''','StringUtils.equals(c.getAnlctyCf(), "ZMB")',getDate(),'DBEU',getDate(),'DBEU',null)

insert into TSEGMENTRULE2CRI (SGTRULE_NT, SGMT_NF, SGT_NT, SGTVER_NT, SGTCRI_CF, CRE_D, CREUSR_CF) values (28,6,107,1,'COUNTRY_REPORTING',getDate(),'DBEU')

insert into TSEGMENTRULE (SGTRUL_NT, SGMT_NF, SGT_NT, SGTVER_NT, RULE_LS, RULPRIO_CT, FUNCDEF_T, TECHDEF_T, CRE_D, CREUSR_CF, LSTUPD_D, LSTUPDUSR_CF, timestamp) values (29,6,107,1,'',121,'COUNTRY_REPORTING=''ZWE''','StringUtils.equals(c.getAnlctyCf(), "ZWE")',getDate(),'DBEU',getDate(),'DBEU',null)

insert into TSEGMENTRULE2CRI (SGTRULE_NT, SGMT_NF, SGT_NT, SGTVER_NT, SGTCRI_CF, CRE_D, CREUSR_CF) values (29,6,107,1,'COUNTRY_REPORTING',getDate(),'DBEU')

go

insert into TSEGMT (SGMT_NF, SGT_NT, SGTVER_NT, SGMT_LS, SGMT_LL, SGTLVL_NT, PARSGMT_CF, BALAIMGT_CT, CRE_D, CREUSR_CF, LSTUPD_D, LSTUPDUSR_CF, timestamp) values (7,107,1,'7','Eastern Europe',0,null,null,getDate(),'DBEU',getDate(),'DBEU',null)

insert into TSEGMENTRULE (SGTRUL_NT, SGMT_NF, SGT_NT, SGTVER_NT, RULE_LS, RULPRIO_CT, FUNCDEF_T, TECHDEF_T, CRE_D, CREUSR_CF, LSTUPD_D, LSTUPDUSR_CF, timestamp) values (1,7,107,1,'',122,'COUNTRY_REPORTING=''BLR''','StringUtils.equals(c.getAnlctyCf(), "BLR")',getDate(),'DBEU',getDate(),'DBEU',null)

insert into TSEGMENTRULE2CRI (SGTRULE_NT, SGMT_NF, SGT_NT, SGTVER_NT, SGTCRI_CF, CRE_D, CREUSR_CF) values (1,7,107,1,'COUNTRY_REPORTING',getDate(),'DBEU')

insert into TSEGMENTRULE (SGTRUL_NT, SGMT_NF, SGT_NT, SGTVER_NT, RULE_LS, RULPRIO_CT, FUNCDEF_T, TECHDEF_T, CRE_D, CREUSR_CF, LSTUPD_D, LSTUPDUSR_CF, timestamp) values (2,7,107,1,'',123,'COUNTRY_REPORTING=''BGR''','StringUtils.equals(c.getAnlctyCf(), "BGR")',getDate(),'DBEU',getDate(),'DBEU',null)

insert into TSEGMENTRULE2CRI (SGTRULE_NT, SGMT_NF, SGT_NT, SGTVER_NT, SGTCRI_CF, CRE_D, CREUSR_CF) values (2,7,107,1,'COUNTRY_REPORTING',getDate(),'DBEU')

insert into TSEGMENTRULE (SGTRUL_NT, SGMT_NF, SGT_NT, SGTVER_NT, RULE_LS, RULPRIO_CT, FUNCDEF_T, TECHDEF_T, CRE_D, CREUSR_CF, LSTUPD_D, LSTUPDUSR_CF, timestamp) values (3,7,107,1,'',124,'COUNTRY_REPORTING=''CZE''','StringUtils.equals(c.getAnlctyCf(), "CZE")',getDate(),'DBEU',getDate(),'DBEU',null)

insert into TSEGMENTRULE2CRI (SGTRULE_NT, SGMT_NF, SGT_NT, SGTVER_NT, SGTCRI_CF, CRE_D, CREUSR_CF) values (3,7,107,1,'COUNTRY_REPORTING',getDate(),'DBEU')

insert into TSEGMENTRULE (SGTRUL_NT, SGMT_NF, SGT_NT, SGTVER_NT, RULE_LS, RULPRIO_CT, FUNCDEF_T, TECHDEF_T, CRE_D, CREUSR_CF, LSTUPD_D, LSTUPDUSR_CF, timestamp) values (4,7,107,1,'',125,'COUNTRY_REPORTING=''HUN''','StringUtils.equals(c.getAnlctyCf(), "HUN")',getDate(),'DBEU',getDate(),'DBEU',null)

insert into TSEGMENTRULE2CRI (SGTRULE_NT, SGMT_NF, SGT_NT, SGTVER_NT, SGTCRI_CF, CRE_D, CREUSR_CF) values (4,7,107,1,'COUNTRY_REPORTING',getDate(),'DBEU')

insert into TSEGMENTRULE (SGTRUL_NT, SGMT_NF, SGT_NT, SGTVER_NT, RULE_LS, RULPRIO_CT, FUNCDEF_T, TECHDEF_T, CRE_D, CREUSR_CF, LSTUPD_D, LSTUPDUSR_CF, timestamp) values (5,7,107,1,'',126,'COUNTRY_REPORTING=''MDA''','StringUtils.equals(c.getAnlctyCf(), "MDA")',getDate(),'DBEU',getDate(),'DBEU',null)

insert into TSEGMENTRULE2CRI (SGTRULE_NT, SGMT_NF, SGT_NT, SGTVER_NT, SGTCRI_CF, CRE_D, CREUSR_CF) values (5,7,107,1,'COUNTRY_REPORTING',getDate(),'DBEU')

insert into TSEGMENTRULE (SGTRUL_NT, SGMT_NF, SGT_NT, SGTVER_NT, RULE_LS, RULPRIO_CT, FUNCDEF_T, TECHDEF_T, CRE_D, CREUSR_CF, LSTUPD_D, LSTUPDUSR_CF, timestamp) values (6,7,107,1,'',127,'COUNTRY_REPORTING=''POL''','StringUtils.equals(c.getAnlctyCf(), "POL")',getDate(),'DBEU',getDate(),'DBEU',null)

insert into TSEGMENTRULE2CRI (SGTRULE_NT, SGMT_NF, SGT_NT, SGTVER_NT, SGTCRI_CF, CRE_D, CREUSR_CF) values (6,7,107,1,'COUNTRY_REPORTING',getDate(),'DBEU')

insert into TSEGMENTRULE (SGTRUL_NT, SGMT_NF, SGT_NT, SGTVER_NT, RULE_LS, RULPRIO_CT, FUNCDEF_T, TECHDEF_T, CRE_D, CREUSR_CF, LSTUPD_D, LSTUPDUSR_CF, timestamp) values (7,7,107,1,'',128,'COUNTRY_REPORTING=''ROM''','StringUtils.equals(c.getAnlctyCf(), "ROM")',getDate(),'DBEU',getDate(),'DBEU',null)

insert into TSEGMENTRULE2CRI (SGTRULE_NT, SGMT_NF, SGT_NT, SGTVER_NT, SGTCRI_CF, CRE_D, CREUSR_CF) values (7,7,107,1,'COUNTRY_REPORTING',getDate(),'DBEU')

insert into TSEGMENTRULE (SGTRUL_NT, SGMT_NF, SGT_NT, SGTVER_NT, RULE_LS, RULPRIO_CT, FUNCDEF_T, TECHDEF_T, CRE_D, CREUSR_CF, LSTUPD_D, LSTUPDUSR_CF, timestamp) values (8,7,107,1,'',129,'COUNTRY_REPORTING=''SGS''','StringUtils.equals(c.getAnlctyCf(), "SGS")',getDate(),'DBEU',getDate(),'DBEU',null)

insert into TSEGMENTRULE2CRI (SGTRULE_NT, SGMT_NF, SGT_NT, SGTVER_NT, SGTCRI_CF, CRE_D, CREUSR_CF) values (8,7,107,1,'COUNTRY_REPORTING',getDate(),'DBEU')

insert into TSEGMENTRULE (SGTRUL_NT, SGMT_NF, SGT_NT, SGTVER_NT, RULE_LS, RULPRIO_CT, FUNCDEF_T, TECHDEF_T, CRE_D, CREUSR_CF, LSTUPD_D, LSTUPDUSR_CF, timestamp) values (9,7,107,1,'',130,'COUNTRY_REPORTING=''RUS''','StringUtils.equals(c.getAnlctyCf(), "RUS")',getDate(),'DBEU',getDate(),'DBEU',null)

insert into TSEGMENTRULE2CRI (SGTRULE_NT, SGMT_NF, SGT_NT, SGTVER_NT, SGTCRI_CF, CRE_D, CREUSR_CF) values (9,7,107,1,'COUNTRY_REPORTING',getDate(),'DBEU')

insert into TSEGMENTRULE (SGTRUL_NT, SGMT_NF, SGT_NT, SGTVER_NT, RULE_LS, RULPRIO_CT, FUNCDEF_T, TECHDEF_T, CRE_D, CREUSR_CF, LSTUPD_D, LSTUPDUSR_CF, timestamp) values (10,7,107,1,'',131,'COUNTRY_REPORTING=''SVK''','StringUtils.equals(c.getAnlctyCf(), "SVK")',getDate(),'DBEU',getDate(),'DBEU',null)

insert into TSEGMENTRULE2CRI (SGTRULE_NT, SGMT_NF, SGT_NT, SGTVER_NT, SGTCRI_CF, CRE_D, CREUSR_CF) values (10,7,107,1,'COUNTRY_REPORTING',getDate(),'DBEU')

insert into TSEGMENTRULE (SGTRUL_NT, SGMT_NF, SGT_NT, SGTVER_NT, RULE_LS, RULPRIO_CT, FUNCDEF_T, TECHDEF_T, CRE_D, CREUSR_CF, LSTUPD_D, LSTUPDUSR_CF, timestamp) values (11,7,107,1,'',132,'COUNTRY_REPORTING=''UKR''','StringUtils.equals(c.getAnlctyCf(), "UKR")',getDate(),'DBEU',getDate(),'DBEU',null)

insert into TSEGMENTRULE2CRI (SGTRULE_NT, SGMT_NF, SGT_NT, SGTVER_NT, SGTCRI_CF, CRE_D, CREUSR_CF) values (11,7,107,1,'COUNTRY_REPORTING',getDate(),'DBEU')

go

insert into TSEGMT (SGMT_NF, SGT_NT, SGTVER_NT, SGMT_LS, SGMT_LL, SGTLVL_NT, PARSGMT_CF, BALAIMGT_CT, CRE_D, CREUSR_CF, LSTUPD_D, LSTUPDUSR_CF, timestamp) values (8,107,1,'8','Northern Europe',0,null,null,getDate(),'DBEU',getDate(),'DBEU',null)

insert into TSEGMENTRULE (SGTRUL_NT, SGMT_NF, SGT_NT, SGTVER_NT, RULE_LS, RULPRIO_CT, FUNCDEF_T, TECHDEF_T, CRE_D, CREUSR_CF, LSTUPD_D, LSTUPDUSR_CF, timestamp) values (1,8,107,1,'',133,'COUNTRY_REPORTING=''DNK''','StringUtils.equals(c.getAnlctyCf(), "DNK")',getDate(),'DBEU',getDate(),'DBEU',null)

insert into TSEGMENTRULE2CRI (SGTRULE_NT, SGMT_NF, SGT_NT, SGTVER_NT, SGTCRI_CF, CRE_D, CREUSR_CF) values (1,8,107,1,'COUNTRY_REPORTING',getDate(),'DBEU')

insert into TSEGMENTRULE (SGTRUL_NT, SGMT_NF, SGT_NT, SGTVER_NT, RULE_LS, RULPRIO_CT, FUNCDEF_T, TECHDEF_T, CRE_D, CREUSR_CF, LSTUPD_D, LSTUPDUSR_CF, timestamp) values (2,8,107,1,'',134,'COUNTRY_REPORTING=''EST''','StringUtils.equals(c.getAnlctyCf(), "EST")',getDate(),'DBEU',getDate(),'DBEU',null)

insert into TSEGMENTRULE2CRI (SGTRULE_NT, SGMT_NF, SGT_NT, SGTVER_NT, SGTCRI_CF, CRE_D, CREUSR_CF) values (2,8,107,1,'COUNTRY_REPORTING',getDate(),'DBEU')

insert into TSEGMENTRULE (SGTRUL_NT, SGMT_NF, SGT_NT, SGTVER_NT, RULE_LS, RULPRIO_CT, FUNCDEF_T, TECHDEF_T, CRE_D, CREUSR_CF, LSTUPD_D, LSTUPDUSR_CF, timestamp) values (3,8,107,1,'',135,'COUNTRY_REPORTING=''FRO''','StringUtils.equals(c.getAnlctyCf(), "FRO")',getDate(),'DBEU',getDate(),'DBEU',null)

insert into TSEGMENTRULE2CRI (SGTRULE_NT, SGMT_NF, SGT_NT, SGTVER_NT, SGTCRI_CF, CRE_D, CREUSR_CF) values (3,8,107,1,'COUNTRY_REPORTING',getDate(),'DBEU')

insert into TSEGMENTRULE (SGTRUL_NT, SGMT_NF, SGT_NT, SGTVER_NT, RULE_LS, RULPRIO_CT, FUNCDEF_T, TECHDEF_T, CRE_D, CREUSR_CF, LSTUPD_D, LSTUPDUSR_CF, timestamp) values (4,8,107,1,'',136,'COUNTRY_REPORTING=''FIN''','StringUtils.equals(c.getAnlctyCf(), "FIN")',getDate(),'DBEU',getDate(),'DBEU',null)

insert into TSEGMENTRULE2CRI (SGTRULE_NT, SGMT_NF, SGT_NT, SGTVER_NT, SGTCRI_CF, CRE_D, CREUSR_CF) values (4,8,107,1,'COUNTRY_REPORTING',getDate(),'DBEU')

insert into TSEGMENTRULE (SGTRUL_NT, SGMT_NF, SGT_NT, SGTVER_NT, RULE_LS, RULPRIO_CT, FUNCDEF_T, TECHDEF_T, CRE_D, CREUSR_CF, LSTUPD_D, LSTUPDUSR_CF, timestamp) values (5,8,107,1,'',137,'COUNTRY_REPORTING=''GGY''','StringUtils.equals(c.getAnlctyCf(), "GGY")',getDate(),'DBEU',getDate(),'DBEU',null)

insert into TSEGMENTRULE2CRI (SGTRULE_NT, SGMT_NF, SGT_NT, SGTVER_NT, SGTCRI_CF, CRE_D, CREUSR_CF) values (5,8,107,1,'COUNTRY_REPORTING',getDate(),'DBEU')

insert into TSEGMENTRULE (SGTRUL_NT, SGMT_NF, SGT_NT, SGTVER_NT, RULE_LS, RULPRIO_CT, FUNCDEF_T, TECHDEF_T, CRE_D, CREUSR_CF, LSTUPD_D, LSTUPDUSR_CF, timestamp) values (6,8,107,1,'',138,'COUNTRY_REPORTING=''ISL''','StringUtils.equals(c.getAnlctyCf(), "ISL")',getDate(),'DBEU',getDate(),'DBEU',null)

insert into TSEGMENTRULE2CRI (SGTRULE_NT, SGMT_NF, SGT_NT, SGTVER_NT, SGTCRI_CF, CRE_D, CREUSR_CF) values (6,8,107,1,'COUNTRY_REPORTING',getDate(),'DBEU')

insert into TSEGMENTRULE (SGTRUL_NT, SGMT_NF, SGT_NT, SGTVER_NT, RULE_LS, RULPRIO_CT, FUNCDEF_T, TECHDEF_T, CRE_D, CREUSR_CF, LSTUPD_D, LSTUPDUSR_CF, timestamp) values (7,8,107,1,'',139,'COUNTRY_REPORTING=''IRL''','StringUtils.equals(c.getAnlctyCf(), "IRL")',getDate(),'DBEU',getDate(),'DBEU',null)

insert into TSEGMENTRULE2CRI (SGTRULE_NT, SGMT_NF, SGT_NT, SGTVER_NT, SGTCRI_CF, CRE_D, CREUSR_CF) values (7,8,107,1,'COUNTRY_REPORTING',getDate(),'DBEU')

insert into TSEGMENTRULE (SGTRUL_NT, SGMT_NF, SGT_NT, SGTVER_NT, RULE_LS, RULPRIO_CT, FUNCDEF_T, TECHDEF_T, CRE_D, CREUSR_CF, LSTUPD_D, LSTUPDUSR_CF, timestamp) values (8,8,107,1,'',140,'COUNTRY_REPORTING=''IMN''','StringUtils.equals(c.getAnlctyCf(), "IMN")',getDate(),'DBEU',getDate(),'DBEU',null)

insert into TSEGMENTRULE2CRI (SGTRULE_NT, SGMT_NF, SGT_NT, SGTVER_NT, SGTCRI_CF, CRE_D, CREUSR_CF) values (8,8,107,1,'COUNTRY_REPORTING',getDate(),'DBEU')

insert into TSEGMENTRULE (SGTRUL_NT, SGMT_NF, SGT_NT, SGTVER_NT, RULE_LS, RULPRIO_CT, FUNCDEF_T, TECHDEF_T, CRE_D, CREUSR_CF, LSTUPD_D, LSTUPDUSR_CF, timestamp) values (9,8,107,1,'',141,'COUNTRY_REPORTING=''JEY''','StringUtils.equals(c.getAnlctyCf(), "JEY")',getDate(),'DBEU',getDate(),'DBEU',null)

insert into TSEGMENTRULE2CRI (SGTRULE_NT, SGMT_NF, SGT_NT, SGTVER_NT, SGTCRI_CF, CRE_D, CREUSR_CF) values (9,8,107,1,'COUNTRY_REPORTING',getDate(),'DBEU')

insert into TSEGMENTRULE (SGTRUL_NT, SGMT_NF, SGT_NT, SGTVER_NT, RULE_LS, RULPRIO_CT, FUNCDEF_T, TECHDEF_T, CRE_D, CREUSR_CF, LSTUPD_D, LSTUPDUSR_CF, timestamp) values (10,8,107,1,'',142,'COUNTRY_REPORTING=''LVA''','StringUtils.equals(c.getAnlctyCf(), "LVA")',getDate(),'DBEU',getDate(),'DBEU',null)

insert into TSEGMENTRULE2CRI (SGTRULE_NT, SGMT_NF, SGT_NT, SGTVER_NT, SGTCRI_CF, CRE_D, CREUSR_CF) values (10,8,107,1,'COUNTRY_REPORTING',getDate(),'DBEU')

insert into TSEGMENTRULE (SGTRUL_NT, SGMT_NF, SGT_NT, SGTVER_NT, RULE_LS, RULPRIO_CT, FUNCDEF_T, TECHDEF_T, CRE_D, CREUSR_CF, LSTUPD_D, LSTUPDUSR_CF, timestamp) values (11,8,107,1,'',143,'COUNTRY_REPORTING=''LTU''','StringUtils.equals(c.getAnlctyCf(), "LTU")',getDate(),'DBEU',getDate(),'DBEU',null)

insert into TSEGMENTRULE2CRI (SGTRULE_NT, SGMT_NF, SGT_NT, SGTVER_NT, SGTCRI_CF, CRE_D, CREUSR_CF) values (11,8,107,1,'COUNTRY_REPORTING',getDate(),'DBEU')

insert into TSEGMENTRULE (SGTRUL_NT, SGMT_NF, SGT_NT, SGTVER_NT, RULE_LS, RULPRIO_CT, FUNCDEF_T, TECHDEF_T, CRE_D, CREUSR_CF, LSTUPD_D, LSTUPDUSR_CF, timestamp) values (12,8,107,1,'',144,'COUNTRY_REPORTING=''NOR''','StringUtils.equals(c.getAnlctyCf(), "NOR")',getDate(),'DBEU',getDate(),'DBEU',null)

insert into TSEGMENTRULE2CRI (SGTRULE_NT, SGMT_NF, SGT_NT, SGTVER_NT, SGTCRI_CF, CRE_D, CREUSR_CF) values (12,8,107,1,'COUNTRY_REPORTING',getDate(),'DBEU')

insert into TSEGMENTRULE (SGTRUL_NT, SGMT_NF, SGT_NT, SGTVER_NT, RULE_LS, RULPRIO_CT, FUNCDEF_T, TECHDEF_T, CRE_D, CREUSR_CF, LSTUPD_D, LSTUPDUSR_CF, timestamp) values (13,8,107,1,'',145,'COUNTRY_REPORTING=''SWE''','StringUtils.equals(c.getAnlctyCf(), "SWE")',getDate(),'DBEU',getDate(),'DBEU',null)

insert into TSEGMENTRULE2CRI (SGTRULE_NT, SGMT_NF, SGT_NT, SGTVER_NT, SGTCRI_CF, CRE_D, CREUSR_CF) values (13,8,107,1,'COUNTRY_REPORTING',getDate(),'DBEU')

insert into TSEGMENTRULE (SGTRUL_NT, SGMT_NF, SGT_NT, SGTVER_NT, RULE_LS, RULPRIO_CT, FUNCDEF_T, TECHDEF_T, CRE_D, CREUSR_CF, LSTUPD_D, LSTUPDUSR_CF, timestamp) values (14,8,107,1,'',146,'COUNTRY_REPORTING=''GBR''','StringUtils.equals(c.getAnlctyCf(), "GBR")',getDate(),'DBEU',getDate(),'DBEU',null)

insert into TSEGMENTRULE2CRI (SGTRULE_NT, SGMT_NF, SGT_NT, SGTVER_NT, SGTCRI_CF, CRE_D, CREUSR_CF) values (14,8,107,1,'COUNTRY_REPORTING',getDate(),'DBEU')

go

insert into TSEGMT (SGMT_NF, SGT_NT, SGTVER_NT, SGMT_LS, SGMT_LL, SGTLVL_NT, PARSGMT_CF, BALAIMGT_CT, CRE_D, CREUSR_CF, LSTUPD_D, LSTUPDUSR_CF, timestamp) values (9,107,1,'9','Southern Europe',0,null,null,getDate(),'DBEU',getDate(),'DBEU',null)

insert into TSEGMENTRULE (SGTRUL_NT, SGMT_NF, SGT_NT, SGTVER_NT, RULE_LS, RULPRIO_CT, FUNCDEF_T, TECHDEF_T, CRE_D, CREUSR_CF, LSTUPD_D, LSTUPDUSR_CF, timestamp) values (1,9,107,1,'',147,'COUNTRY_REPORTING=''ALB''','StringUtils.equals(c.getAnlctyCf(), "ALB")',getDate(),'DBEU',getDate(),'DBEU',null)

insert into TSEGMENTRULE2CRI (SGTRULE_NT, SGMT_NF, SGT_NT, SGTVER_NT, SGTCRI_CF, CRE_D, CREUSR_CF) values (1,9,107,1,'COUNTRY_REPORTING',getDate(),'DBEU')

insert into TSEGMENTRULE (SGTRUL_NT, SGMT_NF, SGT_NT, SGTVER_NT, RULE_LS, RULPRIO_CT, FUNCDEF_T, TECHDEF_T, CRE_D, CREUSR_CF, LSTUPD_D, LSTUPDUSR_CF, timestamp) values (2,9,107,1,'',148,'COUNTRY_REPORTING=''AND''','StringUtils.equals(c.getAnlctyCf(), "AND")',getDate(),'DBEU',getDate(),'DBEU',null)

insert into TSEGMENTRULE2CRI (SGTRULE_NT, SGMT_NF, SGT_NT, SGTVER_NT, SGTCRI_CF, CRE_D, CREUSR_CF) values (2,9,107,1,'COUNTRY_REPORTING',getDate(),'DBEU')

insert into TSEGMENTRULE (SGTRUL_NT, SGMT_NF, SGT_NT, SGTVER_NT, RULE_LS, RULPRIO_CT, FUNCDEF_T, TECHDEF_T, CRE_D, CREUSR_CF, LSTUPD_D, LSTUPDUSR_CF, timestamp) values (3,9,107,1,'',149,'COUNTRY_REPORTING=''BIH''','StringUtils.equals(c.getAnlctyCf(), "BIH")',getDate(),'DBEU',getDate(),'DBEU',null)

insert into TSEGMENTRULE2CRI (SGTRULE_NT, SGMT_NF, SGT_NT, SGTVER_NT, SGTCRI_CF, CRE_D, CREUSR_CF) values (3,9,107,1,'COUNTRY_REPORTING',getDate(),'DBEU')

insert into TSEGMENTRULE (SGTRUL_NT, SGMT_NF, SGT_NT, SGTVER_NT, RULE_LS, RULPRIO_CT, FUNCDEF_T, TECHDEF_T, CRE_D, CREUSR_CF, LSTUPD_D, LSTUPDUSR_CF, timestamp) values (4,9,107,1,'',150,'COUNTRY_REPORTING=''HRV''','StringUtils.equals(c.getAnlctyCf(), "HRV")',getDate(),'DBEU',getDate(),'DBEU',null)

insert into TSEGMENTRULE2CRI (SGTRULE_NT, SGMT_NF, SGT_NT, SGTVER_NT, SGTCRI_CF, CRE_D, CREUSR_CF) values (4,9,107,1,'COUNTRY_REPORTING',getDate(),'DBEU')

insert into TSEGMENTRULE (SGTRUL_NT, SGMT_NF, SGT_NT, SGTVER_NT, RULE_LS, RULPRIO_CT, FUNCDEF_T, TECHDEF_T, CRE_D, CREUSR_CF, LSTUPD_D, LSTUPDUSR_CF, timestamp) values (5,9,107,1,'',151,'COUNTRY_REPORTING=''CYP''','StringUtils.equals(c.getAnlctyCf(), "CYP")',getDate(),'DBEU',getDate(),'DBEU',null)

insert into TSEGMENTRULE2CRI (SGTRULE_NT, SGMT_NF, SGT_NT, SGTVER_NT, SGTCRI_CF, CRE_D, CREUSR_CF) values (5,9,107,1,'COUNTRY_REPORTING',getDate(),'DBEU')

insert into TSEGMENTRULE (SGTRUL_NT, SGMT_NF, SGT_NT, SGTVER_NT, RULE_LS, RULPRIO_CT, FUNCDEF_T, TECHDEF_T, CRE_D, CREUSR_CF, LSTUPD_D, LSTUPDUSR_CF, timestamp) values (6,9,107,1,'',152,'COUNTRY_REPORTING=''GIB''','StringUtils.equals(c.getAnlctyCf(), "GIB")',getDate(),'DBEU',getDate(),'DBEU',null)

insert into TSEGMENTRULE2CRI (SGTRULE_NT, SGMT_NF, SGT_NT, SGTVER_NT, SGTCRI_CF, CRE_D, CREUSR_CF) values (6,9,107,1,'COUNTRY_REPORTING',getDate(),'DBEU')

insert into TSEGMENTRULE (SGTRUL_NT, SGMT_NF, SGT_NT, SGTVER_NT, RULE_LS, RULPRIO_CT, FUNCDEF_T, TECHDEF_T, CRE_D, CREUSR_CF, LSTUPD_D, LSTUPDUSR_CF, timestamp) values (7,9,107,1,'',153,'COUNTRY_REPORTING=''GRC''','StringUtils.equals(c.getAnlctyCf(), "GRC")',getDate(),'DBEU',getDate(),'DBEU',null)

insert into TSEGMENTRULE2CRI (SGTRULE_NT, SGMT_NF, SGT_NT, SGTVER_NT, SGTCRI_CF, CRE_D, CREUSR_CF) values (7,9,107,1,'COUNTRY_REPORTING',getDate(),'DBEU')

insert into TSEGMENTRULE (SGTRUL_NT, SGMT_NF, SGT_NT, SGTVER_NT, RULE_LS, RULPRIO_CT, FUNCDEF_T, TECHDEF_T, CRE_D, CREUSR_CF, LSTUPD_D, LSTUPDUSR_CF, timestamp) values (8,9,107,1,'',154,'COUNTRY_REPORTING=''ITA''','StringUtils.equals(c.getAnlctyCf(), "ITA")',getDate(),'DBEU',getDate(),'DBEU',null)

insert into TSEGMENTRULE2CRI (SGTRULE_NT, SGMT_NF, SGT_NT, SGTVER_NT, SGTCRI_CF, CRE_D, CREUSR_CF) values (8,9,107,1,'COUNTRY_REPORTING',getDate(),'DBEU')

insert into TSEGMENTRULE (SGTRUL_NT, SGMT_NF, SGT_NT, SGTVER_NT, RULE_LS, RULPRIO_CT, FUNCDEF_T, TECHDEF_T, CRE_D, CREUSR_CF, LSTUPD_D, LSTUPDUSR_CF, timestamp) values (9,9,107,1,'',155,'COUNTRY_REPORTING=''MKD''','StringUtils.equals(c.getAnlctyCf(), "MKD")',getDate(),'DBEU',getDate(),'DBEU',null)

insert into TSEGMENTRULE2CRI (SGTRULE_NT, SGMT_NF, SGT_NT, SGTVER_NT, SGTCRI_CF, CRE_D, CREUSR_CF) values (9,9,107,1,'COUNTRY_REPORTING',getDate(),'DBEU')

insert into TSEGMENTRULE (SGTRUL_NT, SGMT_NF, SGT_NT, SGTVER_NT, RULE_LS, RULPRIO_CT, FUNCDEF_T, TECHDEF_T, CRE_D, CREUSR_CF, LSTUPD_D, LSTUPDUSR_CF, timestamp) values (10,9,107,1,'',156,'COUNTRY_REPORTING=''MLT''','StringUtils.equals(c.getAnlctyCf(), "MLT")',getDate(),'DBEU',getDate(),'DBEU',null)

insert into TSEGMENTRULE2CRI (SGTRULE_NT, SGMT_NF, SGT_NT, SGTVER_NT, SGTCRI_CF, CRE_D, CREUSR_CF) values (10,9,107,1,'COUNTRY_REPORTING',getDate(),'DBEU')

insert into TSEGMENTRULE (SGTRUL_NT, SGMT_NF, SGT_NT, SGTVER_NT, RULE_LS, RULPRIO_CT, FUNCDEF_T, TECHDEF_T, CRE_D, CREUSR_CF, LSTUPD_D, LSTUPDUSR_CF, timestamp) values (11,9,107,1,'',157,'COUNTRY_REPORTING=''MNE''','StringUtils.equals(c.getAnlctyCf(), "MNE")',getDate(),'DBEU',getDate(),'DBEU',null)

insert into TSEGMENTRULE2CRI (SGTRULE_NT, SGMT_NF, SGT_NT, SGTVER_NT, SGTCRI_CF, CRE_D, CREUSR_CF) values (11,9,107,1,'COUNTRY_REPORTING',getDate(),'DBEU')

insert into TSEGMENTRULE (SGTRUL_NT, SGMT_NF, SGT_NT, SGTVER_NT, RULE_LS, RULPRIO_CT, FUNCDEF_T, TECHDEF_T, CRE_D, CREUSR_CF, LSTUPD_D, LSTUPDUSR_CF, timestamp) values (12,9,107,1,'',158,'COUNTRY_REPORTING=''PRT''','StringUtils.equals(c.getAnlctyCf(), "PRT")',getDate(),'DBEU',getDate(),'DBEU',null)

insert into TSEGMENTRULE2CRI (SGTRULE_NT, SGMT_NF, SGT_NT, SGTVER_NT, SGTCRI_CF, CRE_D, CREUSR_CF) values (12,9,107,1,'COUNTRY_REPORTING',getDate(),'DBEU')

insert into TSEGMENTRULE (SGTRUL_NT, SGMT_NF, SGT_NT, SGTVER_NT, RULE_LS, RULPRIO_CT, FUNCDEF_T, TECHDEF_T, CRE_D, CREUSR_CF, LSTUPD_D, LSTUPDUSR_CF, timestamp) values (13,9,107,1,'',159,'COUNTRY_REPORTING=''SMR''','StringUtils.equals(c.getAnlctyCf(), "SMR")',getDate(),'DBEU',getDate(),'DBEU',null)

insert into TSEGMENTRULE2CRI (SGTRULE_NT, SGMT_NF, SGT_NT, SGTVER_NT, SGTCRI_CF, CRE_D, CREUSR_CF) values (13,9,107,1,'COUNTRY_REPORTING',getDate(),'DBEU')

insert into TSEGMENTRULE (SGTRUL_NT, SGMT_NF, SGT_NT, SGTVER_NT, RULE_LS, RULPRIO_CT, FUNCDEF_T, TECHDEF_T, CRE_D, CREUSR_CF, LSTUPD_D, LSTUPDUSR_CF, timestamp) values (14,9,107,1,'',160,'COUNTRY_REPORTING=''SRB''','StringUtils.equals(c.getAnlctyCf(), "SRB")',getDate(),'DBEU',getDate(),'DBEU',null)

insert into TSEGMENTRULE2CRI (SGTRULE_NT, SGMT_NF, SGT_NT, SGTVER_NT, SGTCRI_CF, CRE_D, CREUSR_CF) values (14,9,107,1,'COUNTRY_REPORTING',getDate(),'DBEU')

insert into TSEGMENTRULE (SGTRUL_NT, SGMT_NF, SGT_NT, SGTVER_NT, RULE_LS, RULPRIO_CT, FUNCDEF_T, TECHDEF_T, CRE_D, CREUSR_CF, LSTUPD_D, LSTUPDUSR_CF, timestamp) values (15,9,107,1,'',161,'COUNTRY_REPORTING=''SVN''','StringUtils.equals(c.getAnlctyCf(), "SVN")',getDate(),'DBEU',getDate(),'DBEU',null)

insert into TSEGMENTRULE2CRI (SGTRULE_NT, SGMT_NF, SGT_NT, SGTVER_NT, SGTCRI_CF, CRE_D, CREUSR_CF) values (15,9,107,1,'COUNTRY_REPORTING',getDate(),'DBEU')

insert into TSEGMENTRULE (SGTRUL_NT, SGMT_NF, SGT_NT, SGTVER_NT, RULE_LS, RULPRIO_CT, FUNCDEF_T, TECHDEF_T, CRE_D, CREUSR_CF, LSTUPD_D, LSTUPDUSR_CF, timestamp) values (16,9,107,1,'',162,'COUNTRY_REPORTING=''ESP''','StringUtils.equals(c.getAnlctyCf(), "ESP")',getDate(),'DBEU',getDate(),'DBEU',null)

insert into TSEGMENTRULE2CRI (SGTRULE_NT, SGMT_NF, SGT_NT, SGTVER_NT, SGTCRI_CF, CRE_D, CREUSR_CF) values (16,9,107,1,'COUNTRY_REPORTING',getDate(),'DBEU')

insert into TSEGMENTRULE (SGTRUL_NT, SGMT_NF, SGT_NT, SGTVER_NT, RULE_LS, RULPRIO_CT, FUNCDEF_T, TECHDEF_T, CRE_D, CREUSR_CF, LSTUPD_D, LSTUPDUSR_CF, timestamp) values (17,9,107,1,'',163,'COUNTRY_REPORTING=''VAT''','StringUtils.equals(c.getAnlctyCf(), "VAT")',getDate(),'DBEU',getDate(),'DBEU',null)

insert into TSEGMENTRULE2CRI (SGTRULE_NT, SGMT_NF, SGT_NT, SGTVER_NT, SGTCRI_CF, CRE_D, CREUSR_CF) values (17,9,107,1,'COUNTRY_REPORTING',getDate(),'DBEU')

insert into TSEGMENTRULE (SGTRUL_NT, SGMT_NF, SGT_NT, SGTVER_NT, RULE_LS, RULPRIO_CT, FUNCDEF_T, TECHDEF_T, CRE_D, CREUSR_CF, LSTUPD_D, LSTUPDUSR_CF, timestamp) values (18,9,107,1,'',164,'COUNTRY_REPORTING=''SCG''','StringUtils.equals(c.getAnlctyCf(), "SCG")',getDate(),'DBEU',getDate(),'DBEU',null)

insert into TSEGMENTRULE2CRI (SGTRULE_NT, SGMT_NF, SGT_NT, SGTVER_NT, SGTCRI_CF, CRE_D, CREUSR_CF) values (18,9,107,1,'COUNTRY_REPORTING',getDate(),'DBEU')

insert into TSEGMENTRULE (SGTRUL_NT, SGMT_NF, SGT_NT, SGTVER_NT, RULE_LS, RULPRIO_CT, FUNCDEF_T, TECHDEF_T, CRE_D, CREUSR_CF, LSTUPD_D, LSTUPDUSR_CF, timestamp) values (19,9,107,1,'',165,'COUNTRY_REPORTING=''YUG''','StringUtils.equals(c.getAnlctyCf(), "YUG")',getDate(),'DBEU',getDate(),'DBEU',null)

insert into TSEGMENTRULE2CRI (SGTRULE_NT, SGMT_NF, SGT_NT, SGTVER_NT, SGTCRI_CF, CRE_D, CREUSR_CF) values (19,9,107,1,'COUNTRY_REPORTING',getDate(),'DBEU')

go

insert into TSEGMT (SGMT_NF, SGT_NT, SGTVER_NT, SGMT_LS, SGMT_LL, SGTLVL_NT, PARSGMT_CF, BALAIMGT_CT, CRE_D, CREUSR_CF, LSTUPD_D, LSTUPDUSR_CF, timestamp) values (10,107,1,'10','Western Europe',0,null,null,getDate(),'DBEU',getDate(),'DBEU',null)

insert into TSEGMENTRULE (SGTRUL_NT, SGMT_NF, SGT_NT, SGTVER_NT, RULE_LS, RULPRIO_CT, FUNCDEF_T, TECHDEF_T, CRE_D, CREUSR_CF, LSTUPD_D, LSTUPDUSR_CF, timestamp) values (1,10,107,1,'',166,'COUNTRY_REPORTING=''AUT''','StringUtils.equals(c.getAnlctyCf(), "AUT")',getDate(),'DBEU',getDate(),'DBEU',null)

insert into TSEGMENTRULE2CRI (SGTRULE_NT, SGMT_NF, SGT_NT, SGTVER_NT, SGTCRI_CF, CRE_D, CREUSR_CF) values (1,10,107,1,'COUNTRY_REPORTING',getDate(),'DBEU')

insert into TSEGMENTRULE (SGTRUL_NT, SGMT_NF, SGT_NT, SGTVER_NT, RULE_LS, RULPRIO_CT, FUNCDEF_T, TECHDEF_T, CRE_D, CREUSR_CF, LSTUPD_D, LSTUPDUSR_CF, timestamp) values (2,10,107,1,'',167,'COUNTRY_REPORTING=''BEL''','StringUtils.equals(c.getAnlctyCf(), "BEL")',getDate(),'DBEU',getDate(),'DBEU',null)

insert into TSEGMENTRULE2CRI (SGTRULE_NT, SGMT_NF, SGT_NT, SGTVER_NT, SGTCRI_CF, CRE_D, CREUSR_CF) values (2,10,107,1,'COUNTRY_REPORTING',getDate(),'DBEU')

insert into TSEGMENTRULE (SGTRUL_NT, SGMT_NF, SGT_NT, SGTVER_NT, RULE_LS, RULPRIO_CT, FUNCDEF_T, TECHDEF_T, CRE_D, CREUSR_CF, LSTUPD_D, LSTUPDUSR_CF, timestamp) values (3,10,107,1,'',168,'COUNTRY_REPORTING=''FRA''','StringUtils.equals(c.getAnlctyCf(), "FRA")',getDate(),'DBEU',getDate(),'DBEU',null)

insert into TSEGMENTRULE2CRI (SGTRULE_NT, SGMT_NF, SGT_NT, SGTVER_NT, SGTCRI_CF, CRE_D, CREUSR_CF) values (3,10,107,1,'COUNTRY_REPORTING',getDate(),'DBEU')

insert into TSEGMENTRULE (SGTRUL_NT, SGMT_NF, SGT_NT, SGTVER_NT, RULE_LS, RULPRIO_CT, FUNCDEF_T, TECHDEF_T, CRE_D, CREUSR_CF, LSTUPD_D, LSTUPDUSR_CF, timestamp) values (4,10,107,1,'',169,'COUNTRY_REPORTING=''DEU''','StringUtils.equals(c.getAnlctyCf(), "DEU")',getDate(),'DBEU',getDate(),'DBEU',null)

insert into TSEGMENTRULE2CRI (SGTRULE_NT, SGMT_NF, SGT_NT, SGTVER_NT, SGTCRI_CF, CRE_D, CREUSR_CF) values (4,10,107,1,'COUNTRY_REPORTING',getDate(),'DBEU')

insert into TSEGMENTRULE (SGTRUL_NT, SGMT_NF, SGT_NT, SGTVER_NT, RULE_LS, RULPRIO_CT, FUNCDEF_T, TECHDEF_T, CRE_D, CREUSR_CF, LSTUPD_D, LSTUPDUSR_CF, timestamp) values (5,10,107,1,'',170,'COUNTRY_REPORTING=''LIE''','StringUtils.equals(c.getAnlctyCf(), "LIE")',getDate(),'DBEU',getDate(),'DBEU',null)

insert into TSEGMENTRULE2CRI (SGTRULE_NT, SGMT_NF, SGT_NT, SGTVER_NT, SGTCRI_CF, CRE_D, CREUSR_CF) values (5,10,107,1,'COUNTRY_REPORTING',getDate(),'DBEU')

insert into TSEGMENTRULE (SGTRUL_NT, SGMT_NF, SGT_NT, SGTVER_NT, RULE_LS, RULPRIO_CT, FUNCDEF_T, TECHDEF_T, CRE_D, CREUSR_CF, LSTUPD_D, LSTUPDUSR_CF, timestamp) values (6,10,107,1,'',171,'COUNTRY_REPORTING=''LUX''','StringUtils.equals(c.getAnlctyCf(), "LUX")',getDate(),'DBEU',getDate(),'DBEU',null)

insert into TSEGMENTRULE2CRI (SGTRULE_NT, SGMT_NF, SGT_NT, SGTVER_NT, SGTCRI_CF, CRE_D, CREUSR_CF) values (6,10,107,1,'COUNTRY_REPORTING',getDate(),'DBEU')

insert into TSEGMENTRULE (SGTRUL_NT, SGMT_NF, SGT_NT, SGTVER_NT, RULE_LS, RULPRIO_CT, FUNCDEF_T, TECHDEF_T, CRE_D, CREUSR_CF, LSTUPD_D, LSTUPDUSR_CF, timestamp) values (7,10,107,1,'',172,'COUNTRY_REPORTING=''MCO''','StringUtils.equals(c.getAnlctyCf(), "MCO")',getDate(),'DBEU',getDate(),'DBEU',null)

insert into TSEGMENTRULE2CRI (SGTRULE_NT, SGMT_NF, SGT_NT, SGTVER_NT, SGTCRI_CF, CRE_D, CREUSR_CF) values (7,10,107,1,'COUNTRY_REPORTING',getDate(),'DBEU')

insert into TSEGMENTRULE (SGTRUL_NT, SGMT_NF, SGT_NT, SGTVER_NT, RULE_LS, RULPRIO_CT, FUNCDEF_T, TECHDEF_T, CRE_D, CREUSR_CF, LSTUPD_D, LSTUPDUSR_CF, timestamp) values (8,10,107,1,'',173,'COUNTRY_REPORTING=''NLD''','StringUtils.equals(c.getAnlctyCf(), "NLD")',getDate(),'DBEU',getDate(),'DBEU',null)

insert into TSEGMENTRULE2CRI (SGTRULE_NT, SGMT_NF, SGT_NT, SGTVER_NT, SGTCRI_CF, CRE_D, CREUSR_CF) values (8,10,107,1,'COUNTRY_REPORTING',getDate(),'DBEU')

insert into TSEGMENTRULE (SGTRUL_NT, SGMT_NF, SGT_NT, SGTVER_NT, RULE_LS, RULPRIO_CT, FUNCDEF_T, TECHDEF_T, CRE_D, CREUSR_CF, LSTUPD_D, LSTUPDUSR_CF, timestamp) values (9,10,107,1,'',174,'COUNTRY_REPORTING=''CHE''','StringUtils.equals(c.getAnlctyCf(), "CHE")',getDate(),'DBEU',getDate(),'DBEU',null)

insert into TSEGMENTRULE2CRI (SGTRULE_NT, SGMT_NF, SGT_NT, SGTVER_NT, SGTCRI_CF, CRE_D, CREUSR_CF) values (9,10,107,1,'COUNTRY_REPORTING',getDate(),'DBEU')

go

insert into TSEGMT (SGMT_NF, SGT_NT, SGTVER_NT, SGMT_LS, SGMT_LL, SGTLVL_NT, PARSGMT_CF, BALAIMGT_CT, CRE_D, CREUSR_CF, LSTUPD_D, LSTUPDUSR_CF, timestamp) values (11,107,1,'11','NA excl. USA',0,null,null,getDate(),'DBEU',getDate(),'DBEU',null)

insert into TSEGMENTRULE (SGTRUL_NT, SGMT_NF, SGT_NT, SGTVER_NT, RULE_LS, RULPRIO_CT, FUNCDEF_T, TECHDEF_T, CRE_D, CREUSR_CF, LSTUPD_D, LSTUPDUSR_CF, timestamp) values (1,11,107,1,'',175,'COUNTRY_REPORTING=''BMU''','StringUtils.equals(c.getAnlctyCf(), "BMU")',getDate(),'DBEU',getDate(),'DBEU',null)

insert into TSEGMENTRULE2CRI (SGTRULE_NT, SGMT_NF, SGT_NT, SGTVER_NT, SGTCRI_CF, CRE_D, CREUSR_CF) values (1,11,107,1,'COUNTRY_REPORTING',getDate(),'DBEU')

insert into TSEGMENTRULE (SGTRUL_NT, SGMT_NF, SGT_NT, SGTVER_NT, RULE_LS, RULPRIO_CT, FUNCDEF_T, TECHDEF_T, CRE_D, CREUSR_CF, LSTUPD_D, LSTUPDUSR_CF, timestamp) values (2,11,107,1,'',176,'COUNTRY_REPORTING=''CAN''','StringUtils.equals(c.getAnlctyCf(), "CAN")',getDate(),'DBEU',getDate(),'DBEU',null)

insert into TSEGMENTRULE2CRI (SGTRULE_NT, SGMT_NF, SGT_NT, SGTVER_NT, SGTCRI_CF, CRE_D, CREUSR_CF) values (2,11,107,1,'COUNTRY_REPORTING',getDate(),'DBEU')

insert into TSEGMENTRULE (SGTRUL_NT, SGMT_NF, SGT_NT, SGTVER_NT, RULE_LS, RULPRIO_CT, FUNCDEF_T, TECHDEF_T, CRE_D, CREUSR_CF, LSTUPD_D, LSTUPDUSR_CF, timestamp) values (3,11,107,1,'',177,'COUNTRY_REPORTING=''GRL''','StringUtils.equals(c.getAnlctyCf(), "GRL")',getDate(),'DBEU',getDate(),'DBEU',null)

insert into TSEGMENTRULE2CRI (SGTRULE_NT, SGMT_NF, SGT_NT, SGTVER_NT, SGTCRI_CF, CRE_D, CREUSR_CF) values (3,11,107,1,'COUNTRY_REPORTING',getDate(),'DBEU')

go

insert into TSEGMT (SGMT_NF, SGT_NT, SGTVER_NT, SGMT_LS, SGMT_LL, SGTLVL_NT, PARSGMT_CF, BALAIMGT_CT, CRE_D, CREUSR_CF, LSTUPD_D, LSTUPDUSR_CF, timestamp) values (12,107,1,'12','Carib. Cent. Ame',0,null,null,getDate(),'DBEU',getDate(),'DBEU',null)

insert into TSEGMENTRULE (SGTRUL_NT, SGMT_NF, SGT_NT, SGTVER_NT, RULE_LS, RULPRIO_CT, FUNCDEF_T, TECHDEF_T, CRE_D, CREUSR_CF, LSTUPD_D, LSTUPDUSR_CF, timestamp) values (1,12,107,1,'',178,'COUNTRY_REPORTING=''AIA''','StringUtils.equals(c.getAnlctyCf(), "AIA")',getDate(),'DBEU',getDate(),'DBEU',null)

insert into TSEGMENTRULE2CRI (SGTRULE_NT, SGMT_NF, SGT_NT, SGTVER_NT, SGTCRI_CF, CRE_D, CREUSR_CF) values (1,12,107,1,'COUNTRY_REPORTING',getDate(),'DBEU')

insert into TSEGMENTRULE (SGTRUL_NT, SGMT_NF, SGT_NT, SGTVER_NT, RULE_LS, RULPRIO_CT, FUNCDEF_T, TECHDEF_T, CRE_D, CREUSR_CF, LSTUPD_D, LSTUPDUSR_CF, timestamp) values (2,12,107,1,'',179,'COUNTRY_REPORTING=''ATG''','StringUtils.equals(c.getAnlctyCf(), "ATG")',getDate(),'DBEU',getDate(),'DBEU',null)

insert into TSEGMENTRULE2CRI (SGTRULE_NT, SGMT_NF, SGT_NT, SGTVER_NT, SGTCRI_CF, CRE_D, CREUSR_CF) values (2,12,107,1,'COUNTRY_REPORTING',getDate(),'DBEU')

insert into TSEGMENTRULE (SGTRUL_NT, SGMT_NF, SGT_NT, SGTVER_NT, RULE_LS, RULPRIO_CT, FUNCDEF_T, TECHDEF_T, CRE_D, CREUSR_CF, LSTUPD_D, LSTUPDUSR_CF, timestamp) values (3,12,107,1,'',180,'COUNTRY_REPORTING=''ABW''','StringUtils.equals(c.getAnlctyCf(), "ABW")',getDate(),'DBEU',getDate(),'DBEU',null)

insert into TSEGMENTRULE2CRI (SGTRULE_NT, SGMT_NF, SGT_NT, SGTVER_NT, SGTCRI_CF, CRE_D, CREUSR_CF) values (3,12,107,1,'COUNTRY_REPORTING',getDate(),'DBEU')

insert into TSEGMENTRULE (SGTRUL_NT, SGMT_NF, SGT_NT, SGTVER_NT, RULE_LS, RULPRIO_CT, FUNCDEF_T, TECHDEF_T, CRE_D, CREUSR_CF, LSTUPD_D, LSTUPDUSR_CF, timestamp) values (4,12,107,1,'',181,'COUNTRY_REPORTING=''BHS''','StringUtils.equals(c.getAnlctyCf(), "BHS")',getDate(),'DBEU',getDate(),'DBEU',null)

insert into TSEGMENTRULE2CRI (SGTRULE_NT, SGMT_NF, SGT_NT, SGTVER_NT, SGTCRI_CF, CRE_D, CREUSR_CF) values (4,12,107,1,'COUNTRY_REPORTING',getDate(),'DBEU')

insert into TSEGMENTRULE (SGTRUL_NT, SGMT_NF, SGT_NT, SGTVER_NT, RULE_LS, RULPRIO_CT, FUNCDEF_T, TECHDEF_T, CRE_D, CREUSR_CF, LSTUPD_D, LSTUPDUSR_CF, timestamp) values (5,12,107,1,'',182,'COUNTRY_REPORTING=''BRB''','StringUtils.equals(c.getAnlctyCf(), "BRB")',getDate(),'DBEU',getDate(),'DBEU',null)

insert into TSEGMENTRULE2CRI (SGTRULE_NT, SGMT_NF, SGT_NT, SGTVER_NT, SGTCRI_CF, CRE_D, CREUSR_CF) values (5,12,107,1,'COUNTRY_REPORTING',getDate(),'DBEU')

insert into TSEGMENTRULE (SGTRUL_NT, SGMT_NF, SGT_NT, SGTVER_NT, RULE_LS, RULPRIO_CT, FUNCDEF_T, TECHDEF_T, CRE_D, CREUSR_CF, LSTUPD_D, LSTUPDUSR_CF, timestamp) values (6,12,107,1,'',183,'COUNTRY_REPORTING=''BLZ''','StringUtils.equals(c.getAnlctyCf(), "BLZ")',getDate(),'DBEU',getDate(),'DBEU',null)

insert into TSEGMENTRULE2CRI (SGTRULE_NT, SGMT_NF, SGT_NT, SGTVER_NT, SGTCRI_CF, CRE_D, CREUSR_CF) values (6,12,107,1,'COUNTRY_REPORTING',getDate(),'DBEU')

insert into TSEGMENTRULE (SGTRUL_NT, SGMT_NF, SGT_NT, SGTVER_NT, RULE_LS, RULPRIO_CT, FUNCDEF_T, TECHDEF_T, CRE_D, CREUSR_CF, LSTUPD_D, LSTUPDUSR_CF, timestamp) values (7,12,107,1,'',184,'COUNTRY_REPORTING=''VGB''','StringUtils.equals(c.getAnlctyCf(), "VGB")',getDate(),'DBEU',getDate(),'DBEU',null)

insert into TSEGMENTRULE2CRI (SGTRULE_NT, SGMT_NF, SGT_NT, SGTVER_NT, SGTCRI_CF, CRE_D, CREUSR_CF) values (7,12,107,1,'COUNTRY_REPORTING',getDate(),'DBEU')

insert into TSEGMENTRULE (SGTRUL_NT, SGMT_NF, SGT_NT, SGTVER_NT, RULE_LS, RULPRIO_CT, FUNCDEF_T, TECHDEF_T, CRE_D, CREUSR_CF, LSTUPD_D, LSTUPDUSR_CF, timestamp) values (8,12,107,1,'',185,'COUNTRY_REPORTING=''CYM''','StringUtils.equals(c.getAnlctyCf(), "CYM")',getDate(),'DBEU',getDate(),'DBEU',null)

insert into TSEGMENTRULE2CRI (SGTRULE_NT, SGMT_NF, SGT_NT, SGTVER_NT, SGTCRI_CF, CRE_D, CREUSR_CF) values (8,12,107,1,'COUNTRY_REPORTING',getDate(),'DBEU')

insert into TSEGMENTRULE (SGTRUL_NT, SGMT_NF, SGT_NT, SGTVER_NT, RULE_LS, RULPRIO_CT, FUNCDEF_T, TECHDEF_T, CRE_D, CREUSR_CF, LSTUPD_D, LSTUPDUSR_CF, timestamp) values (9,12,107,1,'',186,'COUNTRY_REPORTING=''CRI''','StringUtils.equals(c.getAnlctyCf(), "CRI")',getDate(),'DBEU',getDate(),'DBEU',null)

insert into TSEGMENTRULE2CRI (SGTRULE_NT, SGMT_NF, SGT_NT, SGTVER_NT, SGTCRI_CF, CRE_D, CREUSR_CF) values (9,12,107,1,'COUNTRY_REPORTING',getDate(),'DBEU')

insert into TSEGMENTRULE (SGTRUL_NT, SGMT_NF, SGT_NT, SGTVER_NT, RULE_LS, RULPRIO_CT, FUNCDEF_T, TECHDEF_T, CRE_D, CREUSR_CF, LSTUPD_D, LSTUPDUSR_CF, timestamp) values (10,12,107,1,'',187,'COUNTRY_REPORTING=''CUB''','StringUtils.equals(c.getAnlctyCf(), "CUB")',getDate(),'DBEU',getDate(),'DBEU',null)

insert into TSEGMENTRULE2CRI (SGTRULE_NT, SGMT_NF, SGT_NT, SGTVER_NT, SGTCRI_CF, CRE_D, CREUSR_CF) values (10,12,107,1,'COUNTRY_REPORTING',getDate(),'DBEU')

insert into TSEGMENTRULE (SGTRUL_NT, SGMT_NF, SGT_NT, SGTVER_NT, RULE_LS, RULPRIO_CT, FUNCDEF_T, TECHDEF_T, CRE_D, CREUSR_CF, LSTUPD_D, LSTUPDUSR_CF, timestamp) values (11,12,107,1,'',188,'COUNTRY_REPORTING=''CUW''','StringUtils.equals(c.getAnlctyCf(), "CUW")',getDate(),'DBEU',getDate(),'DBEU',null)

insert into TSEGMENTRULE2CRI (SGTRULE_NT, SGMT_NF, SGT_NT, SGTVER_NT, SGTCRI_CF, CRE_D, CREUSR_CF) values (11,12,107,1,'COUNTRY_REPORTING',getDate(),'DBEU')

insert into TSEGMENTRULE (SGTRUL_NT, SGMT_NF, SGT_NT, SGTVER_NT, RULE_LS, RULPRIO_CT, FUNCDEF_T, TECHDEF_T, CRE_D, CREUSR_CF, LSTUPD_D, LSTUPDUSR_CF, timestamp) values (12,12,107,1,'',189,'COUNTRY_REPORTING=''DMA''','StringUtils.equals(c.getAnlctyCf(), "DMA")',getDate(),'DBEU',getDate(),'DBEU',null)

insert into TSEGMENTRULE2CRI (SGTRULE_NT, SGMT_NF, SGT_NT, SGTVER_NT, SGTCRI_CF, CRE_D, CREUSR_CF) values (12,12,107,1,'COUNTRY_REPORTING',getDate(),'DBEU')

insert into TSEGMENTRULE (SGTRUL_NT, SGMT_NF, SGT_NT, SGTVER_NT, RULE_LS, RULPRIO_CT, FUNCDEF_T, TECHDEF_T, CRE_D, CREUSR_CF, LSTUPD_D, LSTUPDUSR_CF, timestamp) values (13,12,107,1,'',190,'COUNTRY_REPORTING=''DOM''','StringUtils.equals(c.getAnlctyCf(), "DOM")',getDate(),'DBEU',getDate(),'DBEU',null)

insert into TSEGMENTRULE2CRI (SGTRULE_NT, SGMT_NF, SGT_NT, SGTVER_NT, SGTCRI_CF, CRE_D, CREUSR_CF) values (13,12,107,1,'COUNTRY_REPORTING',getDate(),'DBEU')

insert into TSEGMENTRULE (SGTRUL_NT, SGMT_NF, SGT_NT, SGTVER_NT, RULE_LS, RULPRIO_CT, FUNCDEF_T, TECHDEF_T, CRE_D, CREUSR_CF, LSTUPD_D, LSTUPDUSR_CF, timestamp) values (14,12,107,1,'',191,'COUNTRY_REPORTING=''SLV''','StringUtils.equals(c.getAnlctyCf(), "SLV")',getDate(),'DBEU',getDate(),'DBEU',null)

insert into TSEGMENTRULE2CRI (SGTRULE_NT, SGMT_NF, SGT_NT, SGTVER_NT, SGTCRI_CF, CRE_D, CREUSR_CF) values (14,12,107,1,'COUNTRY_REPORTING',getDate(),'DBEU')

insert into TSEGMENTRULE (SGTRUL_NT, SGMT_NF, SGT_NT, SGTVER_NT, RULE_LS, RULPRIO_CT, FUNCDEF_T, TECHDEF_T, CRE_D, CREUSR_CF, LSTUPD_D, LSTUPDUSR_CF, timestamp) values (15,12,107,1,'',192,'COUNTRY_REPORTING=''GRD''','StringUtils.equals(c.getAnlctyCf(), "GRD")',getDate(),'DBEU',getDate(),'DBEU',null)

insert into TSEGMENTRULE2CRI (SGTRULE_NT, SGMT_NF, SGT_NT, SGTVER_NT, SGTCRI_CF, CRE_D, CREUSR_CF) values (15,12,107,1,'COUNTRY_REPORTING',getDate(),'DBEU')

insert into TSEGMENTRULE (SGTRUL_NT, SGMT_NF, SGT_NT, SGTVER_NT, RULE_LS, RULPRIO_CT, FUNCDEF_T, TECHDEF_T, CRE_D, CREUSR_CF, LSTUPD_D, LSTUPDUSR_CF, timestamp) values (16,12,107,1,'',193,'COUNTRY_REPORTING=''GTM''','StringUtils.equals(c.getAnlctyCf(), "GTM")',getDate(),'DBEU',getDate(),'DBEU',null)

insert into TSEGMENTRULE2CRI (SGTRULE_NT, SGMT_NF, SGT_NT, SGTVER_NT, SGTCRI_CF, CRE_D, CREUSR_CF) values (16,12,107,1,'COUNTRY_REPORTING',getDate(),'DBEU')

insert into TSEGMENTRULE (SGTRUL_NT, SGMT_NF, SGT_NT, SGTVER_NT, RULE_LS, RULPRIO_CT, FUNCDEF_T, TECHDEF_T, CRE_D, CREUSR_CF, LSTUPD_D, LSTUPDUSR_CF, timestamp) values (17,12,107,1,'',194,'COUNTRY_REPORTING=''HTI''','StringUtils.equals(c.getAnlctyCf(), "HTI")',getDate(),'DBEU',getDate(),'DBEU',null)

insert into TSEGMENTRULE2CRI (SGTRULE_NT, SGMT_NF, SGT_NT, SGTVER_NT, SGTCRI_CF, CRE_D, CREUSR_CF) values (17,12,107,1,'COUNTRY_REPORTING',getDate(),'DBEU')

insert into TSEGMENTRULE (SGTRUL_NT, SGMT_NF, SGT_NT, SGTVER_NT, RULE_LS, RULPRIO_CT, FUNCDEF_T, TECHDEF_T, CRE_D, CREUSR_CF, LSTUPD_D, LSTUPDUSR_CF, timestamp) values (18,12,107,1,'',195,'COUNTRY_REPORTING=''HND''','StringUtils.equals(c.getAnlctyCf(), "HND")',getDate(),'DBEU',getDate(),'DBEU',null)

insert into TSEGMENTRULE2CRI (SGTRULE_NT, SGMT_NF, SGT_NT, SGTVER_NT, SGTCRI_CF, CRE_D, CREUSR_CF) values (18,12,107,1,'COUNTRY_REPORTING',getDate(),'DBEU')

insert into TSEGMENTRULE (SGTRUL_NT, SGMT_NF, SGT_NT, SGTVER_NT, RULE_LS, RULPRIO_CT, FUNCDEF_T, TECHDEF_T, CRE_D, CREUSR_CF, LSTUPD_D, LSTUPDUSR_CF, timestamp) values (19,12,107,1,'',196,'COUNTRY_REPORTING=''JAM''','StringUtils.equals(c.getAnlctyCf(), "JAM")',getDate(),'DBEU',getDate(),'DBEU',null)

insert into TSEGMENTRULE2CRI (SGTRULE_NT, SGMT_NF, SGT_NT, SGTVER_NT, SGTCRI_CF, CRE_D, CREUSR_CF) values (19,12,107,1,'COUNTRY_REPORTING',getDate(),'DBEU')

insert into TSEGMENTRULE (SGTRUL_NT, SGMT_NF, SGT_NT, SGTVER_NT, RULE_LS, RULPRIO_CT, FUNCDEF_T, TECHDEF_T, CRE_D, CREUSR_CF, LSTUPD_D, LSTUPDUSR_CF, timestamp) values (20,12,107,1,'',197,'COUNTRY_REPORTING=''MEX''','StringUtils.equals(c.getAnlctyCf(), "MEX")',getDate(),'DBEU',getDate(),'DBEU',null)

insert into TSEGMENTRULE2CRI (SGTRULE_NT, SGMT_NF, SGT_NT, SGTVER_NT, SGTCRI_CF, CRE_D, CREUSR_CF) values (20,12,107,1,'COUNTRY_REPORTING',getDate(),'DBEU')

insert into TSEGMENTRULE (SGTRUL_NT, SGMT_NF, SGT_NT, SGTVER_NT, RULE_LS, RULPRIO_CT, FUNCDEF_T, TECHDEF_T, CRE_D, CREUSR_CF, LSTUPD_D, LSTUPDUSR_CF, timestamp) values (21,12,107,1,'',198,'COUNTRY_REPORTING=''MSR''','StringUtils.equals(c.getAnlctyCf(), "MSR")',getDate(),'DBEU',getDate(),'DBEU',null)

insert into TSEGMENTRULE2CRI (SGTRULE_NT, SGMT_NF, SGT_NT, SGTVER_NT, SGTCRI_CF, CRE_D, CREUSR_CF) values (21,12,107,1,'COUNTRY_REPORTING',getDate(),'DBEU')

insert into TSEGMENTRULE (SGTRUL_NT, SGMT_NF, SGT_NT, SGTVER_NT, RULE_LS, RULPRIO_CT, FUNCDEF_T, TECHDEF_T, CRE_D, CREUSR_CF, LSTUPD_D, LSTUPDUSR_CF, timestamp) values (22,12,107,1,'',199,'COUNTRY_REPORTING=''ANT''','StringUtils.equals(c.getAnlctyCf(), "ANT")',getDate(),'DBEU',getDate(),'DBEU',null)

insert into TSEGMENTRULE2CRI (SGTRULE_NT, SGMT_NF, SGT_NT, SGTVER_NT, SGTCRI_CF, CRE_D, CREUSR_CF) values (22,12,107,1,'COUNTRY_REPORTING',getDate(),'DBEU')

insert into TSEGMENTRULE (SGTRUL_NT, SGMT_NF, SGT_NT, SGTVER_NT, RULE_LS, RULPRIO_CT, FUNCDEF_T, TECHDEF_T, CRE_D, CREUSR_CF, LSTUPD_D, LSTUPDUSR_CF, timestamp) values (23,12,107,1,'',200,'COUNTRY_REPORTING=''NIC''','StringUtils.equals(c.getAnlctyCf(), "NIC")',getDate(),'DBEU',getDate(),'DBEU',null)

insert into TSEGMENTRULE2CRI (SGTRULE_NT, SGMT_NF, SGT_NT, SGTVER_NT, SGTCRI_CF, CRE_D, CREUSR_CF) values (23,12,107,1,'COUNTRY_REPORTING',getDate(),'DBEU')

insert into TSEGMENTRULE (SGTRUL_NT, SGMT_NF, SGT_NT, SGTVER_NT, RULE_LS, RULPRIO_CT, FUNCDEF_T, TECHDEF_T, CRE_D, CREUSR_CF, LSTUPD_D, LSTUPDUSR_CF, timestamp) values (24,12,107,1,'',201,'COUNTRY_REPORTING=''PAN''','StringUtils.equals(c.getAnlctyCf(), "PAN")',getDate(),'DBEU',getDate(),'DBEU',null)

insert into TSEGMENTRULE2CRI (SGTRULE_NT, SGMT_NF, SGT_NT, SGTVER_NT, SGTCRI_CF, CRE_D, CREUSR_CF) values (24,12,107,1,'COUNTRY_REPORTING',getDate(),'DBEU')

insert into TSEGMENTRULE (SGTRUL_NT, SGMT_NF, SGT_NT, SGTVER_NT, RULE_LS, RULPRIO_CT, FUNCDEF_T, TECHDEF_T, CRE_D, CREUSR_CF, LSTUPD_D, LSTUPDUSR_CF, timestamp) values (25,12,107,1,'',202,'COUNTRY_REPORTING=''PRI''','StringUtils.equals(c.getAnlctyCf(), "PRI")',getDate(),'DBEU',getDate(),'DBEU',null)

insert into TSEGMENTRULE2CRI (SGTRULE_NT, SGMT_NF, SGT_NT, SGTVER_NT, SGTCRI_CF, CRE_D, CREUSR_CF) values (25,12,107,1,'COUNTRY_REPORTING',getDate(),'DBEU')

insert into TSEGMENTRULE (SGTRUL_NT, SGMT_NF, SGT_NT, SGTVER_NT, RULE_LS, RULPRIO_CT, FUNCDEF_T, TECHDEF_T, CRE_D, CREUSR_CF, LSTUPD_D, LSTUPDUSR_CF, timestamp) values (26,12,107,1,'',203,'COUNTRY_REPORTING=''KNA''','StringUtils.equals(c.getAnlctyCf(), "KNA")',getDate(),'DBEU',getDate(),'DBEU',null)

insert into TSEGMENTRULE2CRI (SGTRULE_NT, SGMT_NF, SGT_NT, SGTVER_NT, SGTCRI_CF, CRE_D, CREUSR_CF) values (26,12,107,1,'COUNTRY_REPORTING',getDate(),'DBEU')

insert into TSEGMENTRULE (SGTRUL_NT, SGMT_NF, SGT_NT, SGTVER_NT, RULE_LS, RULPRIO_CT, FUNCDEF_T, TECHDEF_T, CRE_D, CREUSR_CF, LSTUPD_D, LSTUPDUSR_CF, timestamp) values (27,12,107,1,'',204,'COUNTRY_REPORTING=''LCA''','StringUtils.equals(c.getAnlctyCf(), "LCA")',getDate(),'DBEU',getDate(),'DBEU',null)

insert into TSEGMENTRULE2CRI (SGTRULE_NT, SGMT_NF, SGT_NT, SGTVER_NT, SGTCRI_CF, CRE_D, CREUSR_CF) values (27,12,107,1,'COUNTRY_REPORTING',getDate(),'DBEU')

insert into TSEGMENTRULE (SGTRUL_NT, SGMT_NF, SGT_NT, SGTVER_NT, RULE_LS, RULPRIO_CT, FUNCDEF_T, TECHDEF_T, CRE_D, CREUSR_CF, LSTUPD_D, LSTUPDUSR_CF, timestamp) values (28,12,107,1,'',205,'COUNTRY_REPORTING=''SXM''','StringUtils.equals(c.getAnlctyCf(), "SXM")',getDate(),'DBEU',getDate(),'DBEU',null)

insert into TSEGMENTRULE2CRI (SGTRULE_NT, SGMT_NF, SGT_NT, SGTVER_NT, SGTCRI_CF, CRE_D, CREUSR_CF) values (28,12,107,1,'COUNTRY_REPORTING',getDate(),'DBEU')

insert into TSEGMENTRULE (SGTRUL_NT, SGMT_NF, SGT_NT, SGTVER_NT, RULE_LS, RULPRIO_CT, FUNCDEF_T, TECHDEF_T, CRE_D, CREUSR_CF, LSTUPD_D, LSTUPDUSR_CF, timestamp) values (29,12,107,1,'',206,'COUNTRY_REPORTING=''VCT''','StringUtils.equals(c.getAnlctyCf(), "VCT")',getDate(),'DBEU',getDate(),'DBEU',null)

insert into TSEGMENTRULE2CRI (SGTRULE_NT, SGMT_NF, SGT_NT, SGTVER_NT, SGTCRI_CF, CRE_D, CREUSR_CF) values (29,12,107,1,'COUNTRY_REPORTING',getDate(),'DBEU')

insert into TSEGMENTRULE (SGTRUL_NT, SGMT_NF, SGT_NT, SGTVER_NT, RULE_LS, RULPRIO_CT, FUNCDEF_T, TECHDEF_T, CRE_D, CREUSR_CF, LSTUPD_D, LSTUPDUSR_CF, timestamp) values (30,12,107,1,'',207,'COUNTRY_REPORTING=''TTO''','StringUtils.equals(c.getAnlctyCf(), "TTO")',getDate(),'DBEU',getDate(),'DBEU',null)

insert into TSEGMENTRULE2CRI (SGTRULE_NT, SGMT_NF, SGT_NT, SGTVER_NT, SGTCRI_CF, CRE_D, CREUSR_CF) values (30,12,107,1,'COUNTRY_REPORTING',getDate(),'DBEU')

insert into TSEGMENTRULE (SGTRUL_NT, SGMT_NF, SGT_NT, SGTVER_NT, RULE_LS, RULPRIO_CT, FUNCDEF_T, TECHDEF_T, CRE_D, CREUSR_CF, LSTUPD_D, LSTUPDUSR_CF, timestamp) values (31,12,107,1,'',208,'COUNTRY_REPORTING=''TCA''','StringUtils.equals(c.getAnlctyCf(), "TCA")',getDate(),'DBEU',getDate(),'DBEU',null)

insert into TSEGMENTRULE2CRI (SGTRULE_NT, SGMT_NF, SGT_NT, SGTVER_NT, SGTCRI_CF, CRE_D, CREUSR_CF) values (31,12,107,1,'COUNTRY_REPORTING',getDate(),'DBEU')

insert into TSEGMENTRULE (SGTRUL_NT, SGMT_NF, SGT_NT, SGTVER_NT, RULE_LS, RULPRIO_CT, FUNCDEF_T, TECHDEF_T, CRE_D, CREUSR_CF, LSTUPD_D, LSTUPDUSR_CF, timestamp) values (32,12,107,1,'',209,'COUNTRY_REPORTING=''VIR''','StringUtils.equals(c.getAnlctyCf(), "VIR")',getDate(),'DBEU',getDate(),'DBEU',null)

insert into TSEGMENTRULE2CRI (SGTRULE_NT, SGMT_NF, SGT_NT, SGTVER_NT, SGTCRI_CF, CRE_D, CREUSR_CF) values (32,12,107,1,'COUNTRY_REPORTING',getDate(),'DBEU')

go

insert into TSEGMT (SGMT_NF, SGT_NT, SGTVER_NT, SGMT_LS, SGMT_LL, SGTLVL_NT, PARSGMT_CF, BALAIMGT_CT, CRE_D, CREUSR_CF, LSTUPD_D, LSTUPDUSR_CF, timestamp) values (13,107,1,'13','Lat Am East',0,null,null,getDate(),'DBEU',getDate(),'DBEU',null)

insert into TSEGMENTRULE (SGTRUL_NT, SGMT_NF, SGT_NT, SGTVER_NT, RULE_LS, RULPRIO_CT, FUNCDEF_T, TECHDEF_T, CRE_D, CREUSR_CF, LSTUPD_D, LSTUPDUSR_CF, timestamp) values (1,13,107,1,'',210,'COUNTRY_REPORTING=''BRA''','StringUtils.equals(c.getAnlctyCf(), "BRA")',getDate(),'DBEU',getDate(),'DBEU',null)

insert into TSEGMENTRULE2CRI (SGTRULE_NT, SGMT_NF, SGT_NT, SGTVER_NT, SGTCRI_CF, CRE_D, CREUSR_CF) values (1,13,107,1,'COUNTRY_REPORTING',getDate(),'DBEU')

insert into TSEGMENTRULE (SGTRUL_NT, SGMT_NF, SGT_NT, SGTVER_NT, RULE_LS, RULPRIO_CT, FUNCDEF_T, TECHDEF_T, CRE_D, CREUSR_CF, LSTUPD_D, LSTUPDUSR_CF, timestamp) values (2,13,107,1,'',211,'COUNTRY_REPORTING=''GUY''','StringUtils.equals(c.getAnlctyCf(), "GUY")',getDate(),'DBEU',getDate(),'DBEU',null)

insert into TSEGMENTRULE2CRI (SGTRULE_NT, SGMT_NF, SGT_NT, SGTVER_NT, SGTCRI_CF, CRE_D, CREUSR_CF) values (2,13,107,1,'COUNTRY_REPORTING',getDate(),'DBEU')

insert into TSEGMENTRULE (SGTRUL_NT, SGMT_NF, SGT_NT, SGTVER_NT, RULE_LS, RULPRIO_CT, FUNCDEF_T, TECHDEF_T, CRE_D, CREUSR_CF, LSTUPD_D, LSTUPDUSR_CF, timestamp) values (3,13,107,1,'',212,'COUNTRY_REPORTING=''PRY''','StringUtils.equals(c.getAnlctyCf(), "PRY")',getDate(),'DBEU',getDate(),'DBEU',null)

insert into TSEGMENTRULE2CRI (SGTRULE_NT, SGMT_NF, SGT_NT, SGTVER_NT, SGTCRI_CF, CRE_D, CREUSR_CF) values (3,13,107,1,'COUNTRY_REPORTING',getDate(),'DBEU')

insert into TSEGMENTRULE (SGTRUL_NT, SGMT_NF, SGT_NT, SGTVER_NT, RULE_LS, RULPRIO_CT, FUNCDEF_T, TECHDEF_T, CRE_D, CREUSR_CF, LSTUPD_D, LSTUPDUSR_CF, timestamp) values (4,13,107,1,'',213,'COUNTRY_REPORTING=''SUR''','StringUtils.equals(c.getAnlctyCf(), "SUR")',getDate(),'DBEU',getDate(),'DBEU',null)

insert into TSEGMENTRULE2CRI (SGTRULE_NT, SGMT_NF, SGT_NT, SGTVER_NT, SGTCRI_CF, CRE_D, CREUSR_CF) values (4,13,107,1,'COUNTRY_REPORTING',getDate(),'DBEU')

insert into TSEGMENTRULE (SGTRUL_NT, SGMT_NF, SGT_NT, SGTVER_NT, RULE_LS, RULPRIO_CT, FUNCDEF_T, TECHDEF_T, CRE_D, CREUSR_CF, LSTUPD_D, LSTUPDUSR_CF, timestamp) values (5,13,107,1,'',214,'COUNTRY_REPORTING=''URY''','StringUtils.equals(c.getAnlctyCf(), "URY")',getDate(),'DBEU',getDate(),'DBEU',null)

insert into TSEGMENTRULE2CRI (SGTRULE_NT, SGMT_NF, SGT_NT, SGTVER_NT, SGTCRI_CF, CRE_D, CREUSR_CF) values (5,13,107,1,'COUNTRY_REPORTING',getDate(),'DBEU')

go

insert into TSEGMT (SGMT_NF, SGT_NT, SGTVER_NT, SGMT_LS, SGMT_LL, SGTLVL_NT, PARSGMT_CF, BALAIMGT_CT, CRE_D, CREUSR_CF, LSTUPD_D, LSTUPDUSR_CF, timestamp) values (14,107,1,'14','Lat Am excl East',0,null,null,getDate(),'DBEU',getDate(),'DBEU',null)

insert into TSEGMENTRULE (SGTRUL_NT, SGMT_NF, SGT_NT, SGTVER_NT, RULE_LS, RULPRIO_CT, FUNCDEF_T, TECHDEF_T, CRE_D, CREUSR_CF, LSTUPD_D, LSTUPDUSR_CF, timestamp) values (1,14,107,1,'',215,'COUNTRY_REPORTING=''ARG''','StringUtils.equals(c.getAnlctyCf(), "ARG")',getDate(),'DBEU',getDate(),'DBEU',null)

insert into TSEGMENTRULE2CRI (SGTRULE_NT, SGMT_NF, SGT_NT, SGTVER_NT, SGTCRI_CF, CRE_D, CREUSR_CF) values (1,14,107,1,'COUNTRY_REPORTING',getDate(),'DBEU')

insert into TSEGMENTRULE (SGTRUL_NT, SGMT_NF, SGT_NT, SGTVER_NT, RULE_LS, RULPRIO_CT, FUNCDEF_T, TECHDEF_T, CRE_D, CREUSR_CF, LSTUPD_D, LSTUPDUSR_CF, timestamp) values (2,14,107,1,'',216,'COUNTRY_REPORTING=''BOL''','StringUtils.equals(c.getAnlctyCf(), "BOL")',getDate(),'DBEU',getDate(),'DBEU',null)

insert into TSEGMENTRULE2CRI (SGTRULE_NT, SGMT_NF, SGT_NT, SGTVER_NT, SGTCRI_CF, CRE_D, CREUSR_CF) values (2,14,107,1,'COUNTRY_REPORTING',getDate(),'DBEU')

insert into TSEGMENTRULE (SGTRUL_NT, SGMT_NF, SGT_NT, SGTVER_NT, RULE_LS, RULPRIO_CT, FUNCDEF_T, TECHDEF_T, CRE_D, CREUSR_CF, LSTUPD_D, LSTUPDUSR_CF, timestamp) values (3,14,107,1,'',217,'COUNTRY_REPORTING=''CHL''','StringUtils.equals(c.getAnlctyCf(), "CHL")',getDate(),'DBEU',getDate(),'DBEU',null)

insert into TSEGMENTRULE2CRI (SGTRULE_NT, SGMT_NF, SGT_NT, SGTVER_NT, SGTCRI_CF, CRE_D, CREUSR_CF) values (3,14,107,1,'COUNTRY_REPORTING',getDate(),'DBEU')

insert into TSEGMENTRULE (SGTRUL_NT, SGMT_NF, SGT_NT, SGTVER_NT, RULE_LS, RULPRIO_CT, FUNCDEF_T, TECHDEF_T, CRE_D, CREUSR_CF, LSTUPD_D, LSTUPDUSR_CF, timestamp) values (4,14,107,1,'',218,'COUNTRY_REPORTING=''COL''','StringUtils.equals(c.getAnlctyCf(), "COL")',getDate(),'DBEU',getDate(),'DBEU',null)

insert into TSEGMENTRULE2CRI (SGTRULE_NT, SGMT_NF, SGT_NT, SGTVER_NT, SGTCRI_CF, CRE_D, CREUSR_CF) values (4,14,107,1,'COUNTRY_REPORTING',getDate(),'DBEU')

insert into TSEGMENTRULE (SGTRUL_NT, SGMT_NF, SGT_NT, SGTVER_NT, RULE_LS, RULPRIO_CT, FUNCDEF_T, TECHDEF_T, CRE_D, CREUSR_CF, LSTUPD_D, LSTUPDUSR_CF, timestamp) values (5,14,107,1,'',219,'COUNTRY_REPORTING=''ECU''','StringUtils.equals(c.getAnlctyCf(), "ECU")',getDate(),'DBEU',getDate(),'DBEU',null)

insert into TSEGMENTRULE2CRI (SGTRULE_NT, SGMT_NF, SGT_NT, SGTVER_NT, SGTCRI_CF, CRE_D, CREUSR_CF) values (5,14,107,1,'COUNTRY_REPORTING',getDate(),'DBEU')

insert into TSEGMENTRULE (SGTRUL_NT, SGMT_NF, SGT_NT, SGTVER_NT, RULE_LS, RULPRIO_CT, FUNCDEF_T, TECHDEF_T, CRE_D, CREUSR_CF, LSTUPD_D, LSTUPDUSR_CF, timestamp) values (6,14,107,1,'',220,'COUNTRY_REPORTING=''PER''','StringUtils.equals(c.getAnlctyCf(), "PER")',getDate(),'DBEU',getDate(),'DBEU',null)

insert into TSEGMENTRULE2CRI (SGTRULE_NT, SGMT_NF, SGT_NT, SGTVER_NT, SGTCRI_CF, CRE_D, CREUSR_CF) values (6,14,107,1,'COUNTRY_REPORTING',getDate(),'DBEU')

insert into TSEGMENTRULE (SGTRUL_NT, SGMT_NF, SGT_NT, SGTVER_NT, RULE_LS, RULPRIO_CT, FUNCDEF_T, TECHDEF_T, CRE_D, CREUSR_CF, LSTUPD_D, LSTUPDUSR_CF, timestamp) values (7,14,107,1,'',221,'COUNTRY_REPORTING=''VEN''','StringUtils.equals(c.getAnlctyCf(), "VEN")',getDate(),'DBEU',getDate(),'DBEU',null)

insert into TSEGMENTRULE2CRI (SGTRULE_NT, SGMT_NF, SGT_NT, SGTVER_NT, SGTCRI_CF, CRE_D, CREUSR_CF) values (7,14,107,1,'COUNTRY_REPORTING',getDate(),'DBEU')

go

insert into TSEGMT (SGMT_NF, SGT_NT, SGTVER_NT, SGMT_LS, SGMT_LL, SGTLVL_NT, PARSGMT_CF, BALAIMGT_CT, CRE_D, CREUSR_CF, LSTUPD_D, LSTUPDUSR_CF, timestamp) values (15,107,1,'15','North-east US',0,null,null,getDate(),'DBEU',getDate(),'DBEU',null)

insert into TSEGMENTRULE (SGTRUL_NT, SGMT_NF, SGT_NT, SGTVER_NT, RULE_LS, RULPRIO_CT, FUNCDEF_T, TECHDEF_T, CRE_D, CREUSR_CF, LSTUPD_D, LSTUPDUSR_CF, timestamp) values (1,15,107,1,'',223,'COUNTRY_REPORTING=''USV''','StringUtils.equals(c.getAnlctyCf(), "USV")',getDate(),'DBEU',getDate(),'DBEU',null)

insert into TSEGMENTRULE2CRI (SGTRULE_NT, SGMT_NF, SGT_NT, SGTVER_NT, SGTCRI_CF, CRE_D, CREUSR_CF) values (1,15,107,1,'COUNTRY_REPORTING',getDate(),'DBEU')

insert into TSEGMENTRULE (SGTRUL_NT, SGMT_NF, SGT_NT, SGTVER_NT, RULE_LS, RULPRIO_CT, FUNCDEF_T, TECHDEF_T, CRE_D, CREUSR_CF, LSTUPD_D, LSTUPDUSR_CF, timestamp) values (2,15,107,1,'',228,'COUNTRY_REPORTING=''USA'' AND CLI_STATE=''CT''','StringUtils.equals(c.getAnlctyCf(), "USA") && StringUtils.equals(c.getCliaddstaCf(), "CT")',getDate(),'DBEU',getDate(),'DBEU',null)

insert into TSEGMENTRULE2CRI (SGTRULE_NT, SGMT_NF, SGT_NT, SGTVER_NT, SGTCRI_CF, CRE_D, CREUSR_CF) values (2,15,107,1,'CLI_STATE',getDate(),'DBEU')
insert into TSEGMENTRULE2CRI (SGTRULE_NT, SGMT_NF, SGT_NT, SGTVER_NT, SGTCRI_CF, CRE_D, CREUSR_CF) values (2,15,107,1,'COUNTRY_REPORTING',getDate(),'DBEU')

insert into TSEGMENTRULE (SGTRUL_NT, SGMT_NF, SGT_NT, SGTVER_NT, RULE_LS, RULPRIO_CT, FUNCDEF_T, TECHDEF_T, CRE_D, CREUSR_CF, LSTUPD_D, LSTUPDUSR_CF, timestamp) values (3,15,107,1,'',229,'COUNTRY_REPORTING=''USA'' AND CLI_STATE=''DE''','StringUtils.equals(c.getAnlctyCf(), "USA") && StringUtils.equals(c.getCliaddstaCf(), "DE")',getDate(),'DBEU',getDate(),'DBEU',null)

insert into TSEGMENTRULE2CRI (SGTRULE_NT, SGMT_NF, SGT_NT, SGTVER_NT, SGTCRI_CF, CRE_D, CREUSR_CF) values (3,15,107,1,'CLI_STATE',getDate(),'DBEU')
insert into TSEGMENTRULE2CRI (SGTRULE_NT, SGMT_NF, SGT_NT, SGTVER_NT, SGTCRI_CF, CRE_D, CREUSR_CF) values (3,15,107,1,'COUNTRY_REPORTING',getDate(),'DBEU')

insert into TSEGMENTRULE (SGTRUL_NT, SGMT_NF, SGT_NT, SGTVER_NT, RULE_LS, RULPRIO_CT, FUNCDEF_T, TECHDEF_T, CRE_D, CREUSR_CF, LSTUPD_D, LSTUPDUSR_CF, timestamp) values (4,15,107,1,'',230,'COUNTRY_REPORTING=''USA'' AND CLI_STATE=''ME''','StringUtils.equals(c.getAnlctyCf(), "USA") && StringUtils.equals(c.getCliaddstaCf(), "ME")',getDate(),'DBEU',getDate(),'DBEU',null)

insert into TSEGMENTRULE2CRI (SGTRULE_NT, SGMT_NF, SGT_NT, SGTVER_NT, SGTCRI_CF, CRE_D, CREUSR_CF) values (4,15,107,1,'CLI_STATE',getDate(),'DBEU')
insert into TSEGMENTRULE2CRI (SGTRULE_NT, SGMT_NF, SGT_NT, SGTVER_NT, SGTCRI_CF, CRE_D, CREUSR_CF) values (4,15,107,1,'COUNTRY_REPORTING',getDate(),'DBEU')

insert into TSEGMENTRULE (SGTRUL_NT, SGMT_NF, SGT_NT, SGTVER_NT, RULE_LS, RULPRIO_CT, FUNCDEF_T, TECHDEF_T, CRE_D, CREUSR_CF, LSTUPD_D, LSTUPDUSR_CF, timestamp) values (5,15,107,1,'',231,'COUNTRY_REPORTING=''USA'' AND CLI_STATE=''MD''','StringUtils.equals(c.getAnlctyCf(), "USA") && StringUtils.equals(c.getCliaddstaCf(), "MD")',getDate(),'DBEU',getDate(),'DBEU',null)

insert into TSEGMENTRULE2CRI (SGTRULE_NT, SGMT_NF, SGT_NT, SGTVER_NT, SGTCRI_CF, CRE_D, CREUSR_CF) values (5,15,107,1,'CLI_STATE',getDate(),'DBEU')
insert into TSEGMENTRULE2CRI (SGTRULE_NT, SGMT_NF, SGT_NT, SGTVER_NT, SGTCRI_CF, CRE_D, CREUSR_CF) values (5,15,107,1,'COUNTRY_REPORTING',getDate(),'DBEU')

insert into TSEGMENTRULE (SGTRUL_NT, SGMT_NF, SGT_NT, SGTVER_NT, RULE_LS, RULPRIO_CT, FUNCDEF_T, TECHDEF_T, CRE_D, CREUSR_CF, LSTUPD_D, LSTUPDUSR_CF, timestamp) values (6,15,107,1,'',232,'COUNTRY_REPORTING=''USA'' AND CLI_STATE=''MA''','StringUtils.equals(c.getAnlctyCf(), "USA") && StringUtils.equals(c.getCliaddstaCf(), "MA")',getDate(),'DBEU',getDate(),'DBEU',null)

insert into TSEGMENTRULE2CRI (SGTRULE_NT, SGMT_NF, SGT_NT, SGTVER_NT, SGTCRI_CF, CRE_D, CREUSR_CF) values (6,15,107,1,'CLI_STATE',getDate(),'DBEU')
insert into TSEGMENTRULE2CRI (SGTRULE_NT, SGMT_NF, SGT_NT, SGTVER_NT, SGTCRI_CF, CRE_D, CREUSR_CF) values (6,15,107,1,'COUNTRY_REPORTING',getDate(),'DBEU')

insert into TSEGMENTRULE (SGTRUL_NT, SGMT_NF, SGT_NT, SGTVER_NT, RULE_LS, RULPRIO_CT, FUNCDEF_T, TECHDEF_T, CRE_D, CREUSR_CF, LSTUPD_D, LSTUPDUSR_CF, timestamp) values (7,15,107,1,'',233,'COUNTRY_REPORTING=''USA'' AND CLI_STATE=''NH''','StringUtils.equals(c.getAnlctyCf(), "USA") && StringUtils.equals(c.getCliaddstaCf(), "NH")',getDate(),'DBEU',getDate(),'DBEU',null)

insert into TSEGMENTRULE2CRI (SGTRULE_NT, SGMT_NF, SGT_NT, SGTVER_NT, SGTCRI_CF, CRE_D, CREUSR_CF) values (7,15,107,1,'CLI_STATE',getDate(),'DBEU')
insert into TSEGMENTRULE2CRI (SGTRULE_NT, SGMT_NF, SGT_NT, SGTVER_NT, SGTCRI_CF, CRE_D, CREUSR_CF) values (7,15,107,1,'COUNTRY_REPORTING',getDate(),'DBEU')

insert into TSEGMENTRULE (SGTRUL_NT, SGMT_NF, SGT_NT, SGTVER_NT, RULE_LS, RULPRIO_CT, FUNCDEF_T, TECHDEF_T, CRE_D, CREUSR_CF, LSTUPD_D, LSTUPDUSR_CF, timestamp) values (8,15,107,1,'',234,'COUNTRY_REPORTING=''USA'' AND CLI_STATE=''NJ''','StringUtils.equals(c.getAnlctyCf(), "USA") && StringUtils.equals(c.getCliaddstaCf(), "NJ")',getDate(),'DBEU',getDate(),'DBEU',null)

insert into TSEGMENTRULE2CRI (SGTRULE_NT, SGMT_NF, SGT_NT, SGTVER_NT, SGTCRI_CF, CRE_D, CREUSR_CF) values (8,15,107,1,'CLI_STATE',getDate(),'DBEU')
insert into TSEGMENTRULE2CRI (SGTRULE_NT, SGMT_NF, SGT_NT, SGTVER_NT, SGTCRI_CF, CRE_D, CREUSR_CF) values (8,15,107,1,'COUNTRY_REPORTING',getDate(),'DBEU')

insert into TSEGMENTRULE (SGTRUL_NT, SGMT_NF, SGT_NT, SGTVER_NT, RULE_LS, RULPRIO_CT, FUNCDEF_T, TECHDEF_T, CRE_D, CREUSR_CF, LSTUPD_D, LSTUPDUSR_CF, timestamp) values (9,15,107,1,'',235,'COUNTRY_REPORTING=''USA'' AND CLI_STATE=''NY''','StringUtils.equals(c.getAnlctyCf(), "USA") && StringUtils.equals(c.getCliaddstaCf(), "NY")',getDate(),'DBEU',getDate(),'DBEU',null)

insert into TSEGMENTRULE2CRI (SGTRULE_NT, SGMT_NF, SGT_NT, SGTVER_NT, SGTCRI_CF, CRE_D, CREUSR_CF) values (9,15,107,1,'CLI_STATE',getDate(),'DBEU')
insert into TSEGMENTRULE2CRI (SGTRULE_NT, SGMT_NF, SGT_NT, SGTVER_NT, SGTCRI_CF, CRE_D, CREUSR_CF) values (9,15,107,1,'COUNTRY_REPORTING',getDate(),'DBEU')

insert into TSEGMENTRULE (SGTRUL_NT, SGMT_NF, SGT_NT, SGTVER_NT, RULE_LS, RULPRIO_CT, FUNCDEF_T, TECHDEF_T, CRE_D, CREUSR_CF, LSTUPD_D, LSTUPDUSR_CF, timestamp) values (10,15,107,1,'',236,'COUNTRY_REPORTING=''USA'' AND CLI_STATE=''PA''','StringUtils.equals(c.getAnlctyCf(), "USA") && StringUtils.equals(c.getCliaddstaCf(), "PA")',getDate(),'DBEU',getDate(),'DBEU',null)

insert into TSEGMENTRULE2CRI (SGTRULE_NT, SGMT_NF, SGT_NT, SGTVER_NT, SGTCRI_CF, CRE_D, CREUSR_CF) values (10,15,107,1,'CLI_STATE',getDate(),'DBEU')
insert into TSEGMENTRULE2CRI (SGTRULE_NT, SGMT_NF, SGT_NT, SGTVER_NT, SGTCRI_CF, CRE_D, CREUSR_CF) values (10,15,107,1,'COUNTRY_REPORTING',getDate(),'DBEU')

insert into TSEGMENTRULE (SGTRUL_NT, SGMT_NF, SGT_NT, SGTVER_NT, RULE_LS, RULPRIO_CT, FUNCDEF_T, TECHDEF_T, CRE_D, CREUSR_CF, LSTUPD_D, LSTUPDUSR_CF, timestamp) values (11,15,107,1,'',237,'COUNTRY_REPORTING=''USA'' AND CLI_STATE=''RI''','StringUtils.equals(c.getAnlctyCf(), "USA") && StringUtils.equals(c.getCliaddstaCf(), "RI")',getDate(),'DBEU',getDate(),'DBEU',null)

insert into TSEGMENTRULE2CRI (SGTRULE_NT, SGMT_NF, SGT_NT, SGTVER_NT, SGTCRI_CF, CRE_D, CREUSR_CF) values (11,15,107,1,'CLI_STATE',getDate(),'DBEU')
insert into TSEGMENTRULE2CRI (SGTRULE_NT, SGMT_NF, SGT_NT, SGTVER_NT, SGTCRI_CF, CRE_D, CREUSR_CF) values (11,15,107,1,'COUNTRY_REPORTING',getDate(),'DBEU')

insert into TSEGMENTRULE (SGTRUL_NT, SGMT_NF, SGT_NT, SGTVER_NT, RULE_LS, RULPRIO_CT, FUNCDEF_T, TECHDEF_T, CRE_D, CREUSR_CF, LSTUPD_D, LSTUPDUSR_CF, timestamp) values (12,15,107,1,'',238,'COUNTRY_REPORTING=''USA'' AND CLI_STATE=''VT''','StringUtils.equals(c.getAnlctyCf(), "USA") && StringUtils.equals(c.getCliaddstaCf(), "VT")',getDate(),'DBEU',getDate(),'DBEU',null)

insert into TSEGMENTRULE2CRI (SGTRULE_NT, SGMT_NF, SGT_NT, SGTVER_NT, SGTCRI_CF, CRE_D, CREUSR_CF) values (12,15,107,1,'CLI_STATE',getDate(),'DBEU')
insert into TSEGMENTRULE2CRI (SGTRULE_NT, SGMT_NF, SGT_NT, SGTVER_NT, SGTCRI_CF, CRE_D, CREUSR_CF) values (12,15,107,1,'COUNTRY_REPORTING',getDate(),'DBEU')

insert into TSEGMENTRULE (SGTRUL_NT, SGMT_NF, SGT_NT, SGTVER_NT, RULE_LS, RULPRIO_CT, FUNCDEF_T, TECHDEF_T, CRE_D, CREUSR_CF, LSTUPD_D, LSTUPDUSR_CF, timestamp) values (13,15,107,1,'',280,'COUNTRY_REPORTING=''USA''','StringUtils.equals(c.getAnlctyCf(), "USA")',getDate(),'DBEU',getDate(),'DBEU',null)

insert into TSEGMENTRULE2CRI (SGTRULE_NT, SGMT_NF, SGT_NT, SGTVER_NT, SGTCRI_CF, CRE_D, CREUSR_CF) values (13,15,107,1,'COUNTRY_REPORTING',getDate(),'DBEU')

go

insert into TSEGMT (SGMT_NF, SGT_NT, SGTVER_NT, SGMT_LS, SGMT_LL, SGTLVL_NT, PARSGMT_CF, BALAIMGT_CT, CRE_D, CREUSR_CF, LSTUPD_D, LSTUPDUSR_CF, timestamp) values (16,107,1,'16','South-east US',0,null,null,getDate(),'DBEU',getDate(),'DBEU',null)

insert into TSEGMENTRULE (SGTRUL_NT, SGMT_NF, SGT_NT, SGTVER_NT, RULE_LS, RULPRIO_CT, FUNCDEF_T, TECHDEF_T, CRE_D, CREUSR_CF, LSTUPD_D, LSTUPDUSR_CF, timestamp) values (1,16,107,1,'',226,'COUNTRY_REPORTING=''USY''','StringUtils.equals(c.getAnlctyCf(), "USY")',getDate(),'DBEU',getDate(),'DBEU',null)

insert into TSEGMENTRULE2CRI (SGTRULE_NT, SGMT_NF, SGT_NT, SGTVER_NT, SGTCRI_CF, CRE_D, CREUSR_CF) values (1,16,107,1,'COUNTRY_REPORTING',getDate(),'DBEU')

insert into TSEGMENTRULE (SGTRUL_NT, SGMT_NF, SGT_NT, SGTVER_NT, RULE_LS, RULPRIO_CT, FUNCDEF_T, TECHDEF_T, CRE_D, CREUSR_CF, LSTUPD_D, LSTUPDUSR_CF, timestamp) values (2,16,107,1,'',227,'COUNTRY_REPORTING=''USZ''','StringUtils.equals(c.getAnlctyCf(), "USZ")',getDate(),'DBEU',getDate(),'DBEU',null)

insert into TSEGMENTRULE2CRI (SGTRULE_NT, SGMT_NF, SGT_NT, SGTVER_NT, SGTCRI_CF, CRE_D, CREUSR_CF) values (2,16,107,1,'COUNTRY_REPORTING',getDate(),'DBEU')

insert into TSEGMENTRULE (SGTRUL_NT, SGMT_NF, SGT_NT, SGTVER_NT, RULE_LS, RULPRIO_CT, FUNCDEF_T, TECHDEF_T, CRE_D, CREUSR_CF, LSTUPD_D, LSTUPDUSR_CF, timestamp) values (3,16,107,1,'',239,'COUNTRY_REPORTING=''USA'' AND CLI_STATE=''AL''','StringUtils.equals(c.getAnlctyCf(), "USA") && StringUtils.equals(c.getCliaddstaCf(), "AL")',getDate(),'DBEU',getDate(),'DBEU',null)

insert into TSEGMENTRULE2CRI (SGTRULE_NT, SGMT_NF, SGT_NT, SGTVER_NT, SGTCRI_CF, CRE_D, CREUSR_CF) values (3,16,107,1,'CLI_STATE',getDate(),'DBEU')
insert into TSEGMENTRULE2CRI (SGTRULE_NT, SGMT_NF, SGT_NT, SGTVER_NT, SGTCRI_CF, CRE_D, CREUSR_CF) values (3,16,107,1,'COUNTRY_REPORTING',getDate(),'DBEU')

insert into TSEGMENTRULE (SGTRUL_NT, SGMT_NF, SGT_NT, SGTVER_NT, RULE_LS, RULPRIO_CT, FUNCDEF_T, TECHDEF_T, CRE_D, CREUSR_CF, LSTUPD_D, LSTUPDUSR_CF, timestamp) values (4,16,107,1,'',240,'COUNTRY_REPORTING=''USA'' AND CLI_STATE=''AR''','StringUtils.equals(c.getAnlctyCf(), "USA") && StringUtils.equals(c.getCliaddstaCf(), "AR")',getDate(),'DBEU',getDate(),'DBEU',null)

insert into TSEGMENTRULE2CRI (SGTRULE_NT, SGMT_NF, SGT_NT, SGTVER_NT, SGTCRI_CF, CRE_D, CREUSR_CF) values (4,16,107,1,'CLI_STATE',getDate(),'DBEU')
insert into TSEGMENTRULE2CRI (SGTRULE_NT, SGMT_NF, SGT_NT, SGTVER_NT, SGTCRI_CF, CRE_D, CREUSR_CF) values (4,16,107,1,'COUNTRY_REPORTING',getDate(),'DBEU')

insert into TSEGMENTRULE (SGTRUL_NT, SGMT_NF, SGT_NT, SGTVER_NT, RULE_LS, RULPRIO_CT, FUNCDEF_T, TECHDEF_T, CRE_D, CREUSR_CF, LSTUPD_D, LSTUPDUSR_CF, timestamp) values (5,16,107,1,'',241,'COUNTRY_REPORTING=''USA'' AND CLI_STATE=''FL''','StringUtils.equals(c.getAnlctyCf(), "USA") && StringUtils.equals(c.getCliaddstaCf(), "FL")',getDate(),'DBEU',getDate(),'DBEU',null)

insert into TSEGMENTRULE2CRI (SGTRULE_NT, SGMT_NF, SGT_NT, SGTVER_NT, SGTCRI_CF, CRE_D, CREUSR_CF) values (5,16,107,1,'CLI_STATE',getDate(),'DBEU')
insert into TSEGMENTRULE2CRI (SGTRULE_NT, SGMT_NF, SGT_NT, SGTVER_NT, SGTCRI_CF, CRE_D, CREUSR_CF) values (5,16,107,1,'COUNTRY_REPORTING',getDate(),'DBEU')

insert into TSEGMENTRULE (SGTRUL_NT, SGMT_NF, SGT_NT, SGTVER_NT, RULE_LS, RULPRIO_CT, FUNCDEF_T, TECHDEF_T, CRE_D, CREUSR_CF, LSTUPD_D, LSTUPDUSR_CF, timestamp) values (6,16,107,1,'',242,'COUNTRY_REPORTING=''USA'' AND CLI_STATE=''GA''','StringUtils.equals(c.getAnlctyCf(), "USA") && StringUtils.equals(c.getCliaddstaCf(), "GA")',getDate(),'DBEU',getDate(),'DBEU',null)

insert into TSEGMENTRULE2CRI (SGTRULE_NT, SGMT_NF, SGT_NT, SGTVER_NT, SGTCRI_CF, CRE_D, CREUSR_CF) values (6,16,107,1,'CLI_STATE',getDate(),'DBEU')
insert into TSEGMENTRULE2CRI (SGTRULE_NT, SGMT_NF, SGT_NT, SGTVER_NT, SGTCRI_CF, CRE_D, CREUSR_CF) values (6,16,107,1,'COUNTRY_REPORTING',getDate(),'DBEU')

insert into TSEGMENTRULE (SGTRUL_NT, SGMT_NF, SGT_NT, SGTVER_NT, RULE_LS, RULPRIO_CT, FUNCDEF_T, TECHDEF_T, CRE_D, CREUSR_CF, LSTUPD_D, LSTUPDUSR_CF, timestamp) values (7,16,107,1,'',243,'COUNTRY_REPORTING=''USA'' AND CLI_STATE=''KY''','StringUtils.equals(c.getAnlctyCf(), "USA") && StringUtils.equals(c.getCliaddstaCf(), "KY")',getDate(),'DBEU',getDate(),'DBEU',null)

insert into TSEGMENTRULE2CRI (SGTRULE_NT, SGMT_NF, SGT_NT, SGTVER_NT, SGTCRI_CF, CRE_D, CREUSR_CF) values (7,16,107,1,'CLI_STATE',getDate(),'DBEU')
insert into TSEGMENTRULE2CRI (SGTRULE_NT, SGMT_NF, SGT_NT, SGTVER_NT, SGTCRI_CF, CRE_D, CREUSR_CF) values (7,16,107,1,'COUNTRY_REPORTING',getDate(),'DBEU')

insert into TSEGMENTRULE (SGTRUL_NT, SGMT_NF, SGT_NT, SGTVER_NT, RULE_LS, RULPRIO_CT, FUNCDEF_T, TECHDEF_T, CRE_D, CREUSR_CF, LSTUPD_D, LSTUPDUSR_CF, timestamp) values (8,16,107,1,'',244,'COUNTRY_REPORTING=''USA'' AND CLI_STATE=''LA''','StringUtils.equals(c.getAnlctyCf(), "USA") && StringUtils.equals(c.getCliaddstaCf(), "LA")',getDate(),'DBEU',getDate(),'DBEU',null)

insert into TSEGMENTRULE2CRI (SGTRULE_NT, SGMT_NF, SGT_NT, SGTVER_NT, SGTCRI_CF, CRE_D, CREUSR_CF) values (8,16,107,1,'CLI_STATE',getDate(),'DBEU')
insert into TSEGMENTRULE2CRI (SGTRULE_NT, SGMT_NF, SGT_NT, SGTVER_NT, SGTCRI_CF, CRE_D, CREUSR_CF) values (8,16,107,1,'COUNTRY_REPORTING',getDate(),'DBEU')

insert into TSEGMENTRULE (SGTRUL_NT, SGMT_NF, SGT_NT, SGTVER_NT, RULE_LS, RULPRIO_CT, FUNCDEF_T, TECHDEF_T, CRE_D, CREUSR_CF, LSTUPD_D, LSTUPDUSR_CF, timestamp) values (9,16,107,1,'',245,'COUNTRY_REPORTING=''USA'' AND CLI_STATE=''MS''','StringUtils.equals(c.getAnlctyCf(), "USA") && StringUtils.equals(c.getCliaddstaCf(), "MS")',getDate(),'DBEU',getDate(),'DBEU',null)

insert into TSEGMENTRULE2CRI (SGTRULE_NT, SGMT_NF, SGT_NT, SGTVER_NT, SGTCRI_CF, CRE_D, CREUSR_CF) values (9,16,107,1,'CLI_STATE',getDate(),'DBEU')
insert into TSEGMENTRULE2CRI (SGTRULE_NT, SGMT_NF, SGT_NT, SGTVER_NT, SGTCRI_CF, CRE_D, CREUSR_CF) values (9,16,107,1,'COUNTRY_REPORTING',getDate(),'DBEU')

insert into TSEGMENTRULE (SGTRUL_NT, SGMT_NF, SGT_NT, SGTVER_NT, RULE_LS, RULPRIO_CT, FUNCDEF_T, TECHDEF_T, CRE_D, CREUSR_CF, LSTUPD_D, LSTUPDUSR_CF, timestamp) values (10,16,107,1,'',246,'COUNTRY_REPORTING=''USA'' AND CLI_STATE=''NC''','StringUtils.equals(c.getAnlctyCf(), "USA") && StringUtils.equals(c.getCliaddstaCf(), "NC")',getDate(),'DBEU',getDate(),'DBEU',null)

insert into TSEGMENTRULE2CRI (SGTRULE_NT, SGMT_NF, SGT_NT, SGTVER_NT, SGTCRI_CF, CRE_D, CREUSR_CF) values (10,16,107,1,'CLI_STATE',getDate(),'DBEU')
insert into TSEGMENTRULE2CRI (SGTRULE_NT, SGMT_NF, SGT_NT, SGTVER_NT, SGTCRI_CF, CRE_D, CREUSR_CF) values (10,16,107,1,'COUNTRY_REPORTING',getDate(),'DBEU')

insert into TSEGMENTRULE (SGTRUL_NT, SGMT_NF, SGT_NT, SGTVER_NT, RULE_LS, RULPRIO_CT, FUNCDEF_T, TECHDEF_T, CRE_D, CREUSR_CF, LSTUPD_D, LSTUPDUSR_CF, timestamp) values (11,16,107,1,'',247,'COUNTRY_REPORTING=''USA'' AND CLI_STATE=''PR''','StringUtils.equals(c.getAnlctyCf(), "USA") && StringUtils.equals(c.getCliaddstaCf(), "PR")',getDate(),'DBEU',getDate(),'DBEU',null)

insert into TSEGMENTRULE2CRI (SGTRULE_NT, SGMT_NF, SGT_NT, SGTVER_NT, SGTCRI_CF, CRE_D, CREUSR_CF) values (11,16,107,1,'CLI_STATE',getDate(),'DBEU')
insert into TSEGMENTRULE2CRI (SGTRULE_NT, SGMT_NF, SGT_NT, SGTVER_NT, SGTCRI_CF, CRE_D, CREUSR_CF) values (11,16,107,1,'COUNTRY_REPORTING',getDate(),'DBEU')

insert into TSEGMENTRULE (SGTRUL_NT, SGMT_NF, SGT_NT, SGTVER_NT, RULE_LS, RULPRIO_CT, FUNCDEF_T, TECHDEF_T, CRE_D, CREUSR_CF, LSTUPD_D, LSTUPDUSR_CF, timestamp) values (12,16,107,1,'',248,'COUNTRY_REPORTING=''USA'' AND CLI_STATE=''SC''','StringUtils.equals(c.getAnlctyCf(), "USA") && StringUtils.equals(c.getCliaddstaCf(), "SC")',getDate(),'DBEU',getDate(),'DBEU',null)

insert into TSEGMENTRULE2CRI (SGTRULE_NT, SGMT_NF, SGT_NT, SGTVER_NT, SGTCRI_CF, CRE_D, CREUSR_CF) values (12,16,107,1,'CLI_STATE',getDate(),'DBEU')
insert into TSEGMENTRULE2CRI (SGTRULE_NT, SGMT_NF, SGT_NT, SGTVER_NT, SGTCRI_CF, CRE_D, CREUSR_CF) values (12,16,107,1,'COUNTRY_REPORTING',getDate(),'DBEU')

insert into TSEGMENTRULE (SGTRUL_NT, SGMT_NF, SGT_NT, SGTVER_NT, RULE_LS, RULPRIO_CT, FUNCDEF_T, TECHDEF_T, CRE_D, CREUSR_CF, LSTUPD_D, LSTUPDUSR_CF, timestamp) values (13,16,107,1,'',249,'COUNTRY_REPORTING=''USA'' AND CLI_STATE=''TN''','StringUtils.equals(c.getAnlctyCf(), "USA") && StringUtils.equals(c.getCliaddstaCf(), "TN")',getDate(),'DBEU',getDate(),'DBEU',null)

insert into TSEGMENTRULE2CRI (SGTRULE_NT, SGMT_NF, SGT_NT, SGTVER_NT, SGTCRI_CF, CRE_D, CREUSR_CF) values (13,16,107,1,'CLI_STATE',getDate(),'DBEU')
insert into TSEGMENTRULE2CRI (SGTRULE_NT, SGMT_NF, SGT_NT, SGTVER_NT, SGTCRI_CF, CRE_D, CREUSR_CF) values (13,16,107,1,'COUNTRY_REPORTING',getDate(),'DBEU')

insert into TSEGMENTRULE (SGTRUL_NT, SGMT_NF, SGT_NT, SGTVER_NT, RULE_LS, RULPRIO_CT, FUNCDEF_T, TECHDEF_T, CRE_D, CREUSR_CF, LSTUPD_D, LSTUPDUSR_CF, timestamp) values (14,16,107,1,'',250,'COUNTRY_REPORTING=''USA'' AND CLI_STATE=''VA''','StringUtils.equals(c.getAnlctyCf(), "USA") && StringUtils.equals(c.getCliaddstaCf(), "VA")',getDate(),'DBEU',getDate(),'DBEU',null)

insert into TSEGMENTRULE2CRI (SGTRULE_NT, SGMT_NF, SGT_NT, SGTVER_NT, SGTCRI_CF, CRE_D, CREUSR_CF) values (14,16,107,1,'CLI_STATE',getDate(),'DBEU')
insert into TSEGMENTRULE2CRI (SGTRULE_NT, SGMT_NF, SGT_NT, SGTVER_NT, SGTCRI_CF, CRE_D, CREUSR_CF) values (14,16,107,1,'COUNTRY_REPORTING',getDate(),'DBEU')

insert into TSEGMENTRULE (SGTRUL_NT, SGMT_NF, SGT_NT, SGTVER_NT, RULE_LS, RULPRIO_CT, FUNCDEF_T, TECHDEF_T, CRE_D, CREUSR_CF, LSTUPD_D, LSTUPDUSR_CF, timestamp) values (15,16,107,1,'',251,'COUNTRY_REPORTING=''USA'' AND CLI_STATE=''WV''','StringUtils.equals(c.getAnlctyCf(), "USA") && StringUtils.equals(c.getCliaddstaCf(), "WV")',getDate(),'DBEU',getDate(),'DBEU',null)

insert into TSEGMENTRULE2CRI (SGTRULE_NT, SGMT_NF, SGT_NT, SGTVER_NT, SGTCRI_CF, CRE_D, CREUSR_CF) values (15,16,107,1,'CLI_STATE',getDate(),'DBEU')
insert into TSEGMENTRULE2CRI (SGTRULE_NT, SGMT_NF, SGT_NT, SGTVER_NT, SGTCRI_CF, CRE_D, CREUSR_CF) values (15,16,107,1,'COUNTRY_REPORTING',getDate(),'DBEU')

go

insert into TSEGMT (SGMT_NF, SGT_NT, SGTVER_NT, SGMT_LS, SGMT_LL, SGTLVL_NT, PARSGMT_CF, BALAIMGT_CT, CRE_D, CREUSR_CF, LSTUPD_D, LSTUPDUSR_CF, timestamp) values (17,107,1,'17','Mid-west US',0,null,null,getDate(),'DBEU',getDate(),'DBEU',null)

insert into TSEGMENTRULE (SGTRUL_NT, SGMT_NF, SGT_NT, SGTVER_NT, RULE_LS, RULPRIO_CT, FUNCDEF_T, TECHDEF_T, CRE_D, CREUSR_CF, LSTUPD_D, LSTUPDUSR_CF, timestamp) values (1,17,107,1,'',222,'COUNTRY_REPORTING=''USU''','StringUtils.equals(c.getAnlctyCf(), "USU")',getDate(),'DBEU',getDate(),'DBEU',null)

insert into TSEGMENTRULE2CRI (SGTRULE_NT, SGMT_NF, SGT_NT, SGTVER_NT, SGTCRI_CF, CRE_D, CREUSR_CF) values (1,17,107,1,'COUNTRY_REPORTING',getDate(),'DBEU')

insert into TSEGMENTRULE (SGTRUL_NT, SGMT_NF, SGT_NT, SGTVER_NT, RULE_LS, RULPRIO_CT, FUNCDEF_T, TECHDEF_T, CRE_D, CREUSR_CF, LSTUPD_D, LSTUPDUSR_CF, timestamp) values (2,17,107,1,'',225,'COUNTRY_REPORTING=''USX''','StringUtils.equals(c.getAnlctyCf(), "USX")',getDate(),'DBEU',getDate(),'DBEU',null)

insert into TSEGMENTRULE2CRI (SGTRULE_NT, SGMT_NF, SGT_NT, SGTVER_NT, SGTCRI_CF, CRE_D, CREUSR_CF) values (2,17,107,1,'COUNTRY_REPORTING',getDate(),'DBEU')

insert into TSEGMENTRULE (SGTRUL_NT, SGMT_NF, SGT_NT, SGTVER_NT, RULE_LS, RULPRIO_CT, FUNCDEF_T, TECHDEF_T, CRE_D, CREUSR_CF, LSTUPD_D, LSTUPDUSR_CF, timestamp) values (3,17,107,1,'',252,'COUNTRY_REPORTING=''USA'' AND CLI_STATE=''IL''','StringUtils.equals(c.getAnlctyCf(), "USA") && StringUtils.equals(c.getCliaddstaCf(), "IL")',getDate(),'DBEU',getDate(),'DBEU',null)

insert into TSEGMENTRULE2CRI (SGTRULE_NT, SGMT_NF, SGT_NT, SGTVER_NT, SGTCRI_CF, CRE_D, CREUSR_CF) values (3,17,107,1,'CLI_STATE',getDate(),'DBEU')
insert into TSEGMENTRULE2CRI (SGTRULE_NT, SGMT_NF, SGT_NT, SGTVER_NT, SGTCRI_CF, CRE_D, CREUSR_CF) values (3,17,107,1,'COUNTRY_REPORTING',getDate(),'DBEU')

insert into TSEGMENTRULE (SGTRUL_NT, SGMT_NF, SGT_NT, SGTVER_NT, RULE_LS, RULPRIO_CT, FUNCDEF_T, TECHDEF_T, CRE_D, CREUSR_CF, LSTUPD_D, LSTUPDUSR_CF, timestamp) values (4,17,107,1,'',253,'COUNTRY_REPORTING=''USA'' AND CLI_STATE=''IN''','StringUtils.equals(c.getAnlctyCf(), "USA") && StringUtils.equals(c.getCliaddstaCf(), "IN")',getDate(),'DBEU',getDate(),'DBEU',null)

insert into TSEGMENTRULE2CRI (SGTRULE_NT, SGMT_NF, SGT_NT, SGTVER_NT, SGTCRI_CF, CRE_D, CREUSR_CF) values (4,17,107,1,'CLI_STATE',getDate(),'DBEU')
insert into TSEGMENTRULE2CRI (SGTRULE_NT, SGMT_NF, SGT_NT, SGTVER_NT, SGTCRI_CF, CRE_D, CREUSR_CF) values (4,17,107,1,'COUNTRY_REPORTING',getDate(),'DBEU')

insert into TSEGMENTRULE (SGTRUL_NT, SGMT_NF, SGT_NT, SGTVER_NT, RULE_LS, RULPRIO_CT, FUNCDEF_T, TECHDEF_T, CRE_D, CREUSR_CF, LSTUPD_D, LSTUPDUSR_CF, timestamp) values (5,17,107,1,'',254,'COUNTRY_REPORTING=''USA'' AND CLI_STATE=''IA''','StringUtils.equals(c.getAnlctyCf(), "USA") && StringUtils.equals(c.getCliaddstaCf(), "IA")',getDate(),'DBEU',getDate(),'DBEU',null)

insert into TSEGMENTRULE2CRI (SGTRULE_NT, SGMT_NF, SGT_NT, SGTVER_NT, SGTCRI_CF, CRE_D, CREUSR_CF) values (5,17,107,1,'CLI_STATE',getDate(),'DBEU')
insert into TSEGMENTRULE2CRI (SGTRULE_NT, SGMT_NF, SGT_NT, SGTVER_NT, SGTCRI_CF, CRE_D, CREUSR_CF) values (5,17,107,1,'COUNTRY_REPORTING',getDate(),'DBEU')

insert into TSEGMENTRULE (SGTRUL_NT, SGMT_NF, SGT_NT, SGTVER_NT, RULE_LS, RULPRIO_CT, FUNCDEF_T, TECHDEF_T, CRE_D, CREUSR_CF, LSTUPD_D, LSTUPDUSR_CF, timestamp) values (6,17,107,1,'',255,'COUNTRY_REPORTING=''USA'' AND CLI_STATE=''KS''','StringUtils.equals(c.getAnlctyCf(), "USA") && StringUtils.equals(c.getCliaddstaCf(), "KS")',getDate(),'DBEU',getDate(),'DBEU',null)

insert into TSEGMENTRULE2CRI (SGTRULE_NT, SGMT_NF, SGT_NT, SGTVER_NT, SGTCRI_CF, CRE_D, CREUSR_CF) values (6,17,107,1,'CLI_STATE',getDate(),'DBEU')
insert into TSEGMENTRULE2CRI (SGTRULE_NT, SGMT_NF, SGT_NT, SGTVER_NT, SGTCRI_CF, CRE_D, CREUSR_CF) values (6,17,107,1,'COUNTRY_REPORTING',getDate(),'DBEU')

insert into TSEGMENTRULE (SGTRUL_NT, SGMT_NF, SGT_NT, SGTVER_NT, RULE_LS, RULPRIO_CT, FUNCDEF_T, TECHDEF_T, CRE_D, CREUSR_CF, LSTUPD_D, LSTUPDUSR_CF, timestamp) values (7,17,107,1,'',256,'COUNTRY_REPORTING=''USA'' AND CLI_STATE=''MI''','StringUtils.equals(c.getAnlctyCf(), "USA") && StringUtils.equals(c.getCliaddstaCf(), "MI")',getDate(),'DBEU',getDate(),'DBEU',null)

insert into TSEGMENTRULE2CRI (SGTRULE_NT, SGMT_NF, SGT_NT, SGTVER_NT, SGTCRI_CF, CRE_D, CREUSR_CF) values (7,17,107,1,'CLI_STATE',getDate(),'DBEU')
insert into TSEGMENTRULE2CRI (SGTRULE_NT, SGMT_NF, SGT_NT, SGTVER_NT, SGTCRI_CF, CRE_D, CREUSR_CF) values (7,17,107,1,'COUNTRY_REPORTING',getDate(),'DBEU')

insert into TSEGMENTRULE (SGTRUL_NT, SGMT_NF, SGT_NT, SGTVER_NT, RULE_LS, RULPRIO_CT, FUNCDEF_T, TECHDEF_T, CRE_D, CREUSR_CF, LSTUPD_D, LSTUPDUSR_CF, timestamp) values (8,17,107,1,'',257,'COUNTRY_REPORTING=''USA'' AND CLI_STATE=''MN''','StringUtils.equals(c.getAnlctyCf(), "USA") && StringUtils.equals(c.getCliaddstaCf(), "MN")',getDate(),'DBEU',getDate(),'DBEU',null)

insert into TSEGMENTRULE2CRI (SGTRULE_NT, SGMT_NF, SGT_NT, SGTVER_NT, SGTCRI_CF, CRE_D, CREUSR_CF) values (8,17,107,1,'CLI_STATE',getDate(),'DBEU')
insert into TSEGMENTRULE2CRI (SGTRULE_NT, SGMT_NF, SGT_NT, SGTVER_NT, SGTCRI_CF, CRE_D, CREUSR_CF) values (8,17,107,1,'COUNTRY_REPORTING',getDate(),'DBEU')

insert into TSEGMENTRULE (SGTRUL_NT, SGMT_NF, SGT_NT, SGTVER_NT, RULE_LS, RULPRIO_CT, FUNCDEF_T, TECHDEF_T, CRE_D, CREUSR_CF, LSTUPD_D, LSTUPDUSR_CF, timestamp) values (9,17,107,1,'',258,'COUNTRY_REPORTING=''USA'' AND CLI_STATE=''MO''','StringUtils.equals(c.getAnlctyCf(), "USA") && StringUtils.equals(c.getCliaddstaCf(), "MO")',getDate(),'DBEU',getDate(),'DBEU',null)

insert into TSEGMENTRULE2CRI (SGTRULE_NT, SGMT_NF, SGT_NT, SGTVER_NT, SGTCRI_CF, CRE_D, CREUSR_CF) values (9,17,107,1,'CLI_STATE',getDate(),'DBEU')
insert into TSEGMENTRULE2CRI (SGTRULE_NT, SGMT_NF, SGT_NT, SGTVER_NT, SGTCRI_CF, CRE_D, CREUSR_CF) values (9,17,107,1,'COUNTRY_REPORTING',getDate(),'DBEU')

insert into TSEGMENTRULE (SGTRUL_NT, SGMT_NF, SGT_NT, SGTVER_NT, RULE_LS, RULPRIO_CT, FUNCDEF_T, TECHDEF_T, CRE_D, CREUSR_CF, LSTUPD_D, LSTUPDUSR_CF, timestamp) values (10,17,107,1,'',259,'COUNTRY_REPORTING=''USA'' AND CLI_STATE=''NE''','StringUtils.equals(c.getAnlctyCf(), "USA") && StringUtils.equals(c.getCliaddstaCf(), "NE")',getDate(),'DBEU',getDate(),'DBEU',null)

insert into TSEGMENTRULE2CRI (SGTRULE_NT, SGMT_NF, SGT_NT, SGTVER_NT, SGTCRI_CF, CRE_D, CREUSR_CF) values (10,17,107,1,'CLI_STATE',getDate(),'DBEU')
insert into TSEGMENTRULE2CRI (SGTRULE_NT, SGMT_NF, SGT_NT, SGTVER_NT, SGTCRI_CF, CRE_D, CREUSR_CF) values (10,17,107,1,'COUNTRY_REPORTING',getDate(),'DBEU')

insert into TSEGMENTRULE (SGTRUL_NT, SGMT_NF, SGT_NT, SGTVER_NT, RULE_LS, RULPRIO_CT, FUNCDEF_T, TECHDEF_T, CRE_D, CREUSR_CF, LSTUPD_D, LSTUPDUSR_CF, timestamp) values (11,17,107,1,'',260,'COUNTRY_REPORTING=''USA'' AND CLI_STATE=''ND''','StringUtils.equals(c.getAnlctyCf(), "USA") && StringUtils.equals(c.getCliaddstaCf(), "ND")',getDate(),'DBEU',getDate(),'DBEU',null)

insert into TSEGMENTRULE2CRI (SGTRULE_NT, SGMT_NF, SGT_NT, SGTVER_NT, SGTCRI_CF, CRE_D, CREUSR_CF) values (11,17,107,1,'CLI_STATE',getDate(),'DBEU')
insert into TSEGMENTRULE2CRI (SGTRULE_NT, SGMT_NF, SGT_NT, SGTVER_NT, SGTCRI_CF, CRE_D, CREUSR_CF) values (11,17,107,1,'COUNTRY_REPORTING',getDate(),'DBEU')

insert into TSEGMENTRULE (SGTRUL_NT, SGMT_NF, SGT_NT, SGTVER_NT, RULE_LS, RULPRIO_CT, FUNCDEF_T, TECHDEF_T, CRE_D, CREUSR_CF, LSTUPD_D, LSTUPDUSR_CF, timestamp) values (12,17,107,1,'',261,'COUNTRY_REPORTING=''USA'' AND CLI_STATE=''OH''','StringUtils.equals(c.getAnlctyCf(), "USA") && StringUtils.equals(c.getCliaddstaCf(), "OH")',getDate(),'DBEU',getDate(),'DBEU',null)

insert into TSEGMENTRULE2CRI (SGTRULE_NT, SGMT_NF, SGT_NT, SGTVER_NT, SGTCRI_CF, CRE_D, CREUSR_CF) values (12,17,107,1,'CLI_STATE',getDate(),'DBEU')
insert into TSEGMENTRULE2CRI (SGTRULE_NT, SGMT_NF, SGT_NT, SGTVER_NT, SGTCRI_CF, CRE_D, CREUSR_CF) values (12,17,107,1,'COUNTRY_REPORTING',getDate(),'DBEU')

insert into TSEGMENTRULE (SGTRUL_NT, SGMT_NF, SGT_NT, SGTVER_NT, RULE_LS, RULPRIO_CT, FUNCDEF_T, TECHDEF_T, CRE_D, CREUSR_CF, LSTUPD_D, LSTUPDUSR_CF, timestamp) values (13,17,107,1,'',262,'COUNTRY_REPORTING=''USA'' AND CLI_STATE=''OK''','StringUtils.equals(c.getAnlctyCf(), "USA") && StringUtils.equals(c.getCliaddstaCf(), "OK")',getDate(),'DBEU',getDate(),'DBEU',null)

insert into TSEGMENTRULE2CRI (SGTRULE_NT, SGMT_NF, SGT_NT, SGTVER_NT, SGTCRI_CF, CRE_D, CREUSR_CF) values (13,17,107,1,'CLI_STATE',getDate(),'DBEU')
insert into TSEGMENTRULE2CRI (SGTRULE_NT, SGMT_NF, SGT_NT, SGTVER_NT, SGTCRI_CF, CRE_D, CREUSR_CF) values (13,17,107,1,'COUNTRY_REPORTING',getDate(),'DBEU')

insert into TSEGMENTRULE (SGTRUL_NT, SGMT_NF, SGT_NT, SGTVER_NT, RULE_LS, RULPRIO_CT, FUNCDEF_T, TECHDEF_T, CRE_D, CREUSR_CF, LSTUPD_D, LSTUPDUSR_CF, timestamp) values (14,17,107,1,'',263,'COUNTRY_REPORTING=''USA'' AND CLI_STATE=''SD''','StringUtils.equals(c.getAnlctyCf(), "USA") && StringUtils.equals(c.getCliaddstaCf(), "SD")',getDate(),'DBEU',getDate(),'DBEU',null)

insert into TSEGMENTRULE2CRI (SGTRULE_NT, SGMT_NF, SGT_NT, SGTVER_NT, SGTCRI_CF, CRE_D, CREUSR_CF) values (14,17,107,1,'CLI_STATE',getDate(),'DBEU')
insert into TSEGMENTRULE2CRI (SGTRULE_NT, SGMT_NF, SGT_NT, SGTVER_NT, SGTCRI_CF, CRE_D, CREUSR_CF) values (14,17,107,1,'COUNTRY_REPORTING',getDate(),'DBEU')

insert into TSEGMENTRULE (SGTRUL_NT, SGMT_NF, SGT_NT, SGTVER_NT, RULE_LS, RULPRIO_CT, FUNCDEF_T, TECHDEF_T, CRE_D, CREUSR_CF, LSTUPD_D, LSTUPDUSR_CF, timestamp) values (15,17,107,1,'',264,'COUNTRY_REPORTING=''USA'' AND CLI_STATE=''WI''','StringUtils.equals(c.getAnlctyCf(), "USA") && StringUtils.equals(c.getCliaddstaCf(), "WI")',getDate(),'DBEU',getDate(),'DBEU',null)

insert into TSEGMENTRULE2CRI (SGTRULE_NT, SGMT_NF, SGT_NT, SGTVER_NT, SGTCRI_CF, CRE_D, CREUSR_CF) values (15,17,107,1,'CLI_STATE',getDate(),'DBEU')
insert into TSEGMENTRULE2CRI (SGTRULE_NT, SGMT_NF, SGT_NT, SGTVER_NT, SGTCRI_CF, CRE_D, CREUSR_CF) values (15,17,107,1,'COUNTRY_REPORTING',getDate(),'DBEU')

go

insert into TSEGMT (SGMT_NF, SGT_NT, SGTVER_NT, SGMT_LS, SGMT_LL, SGTLVL_NT, PARSGMT_CF, BALAIMGT_CT, CRE_D, CREUSR_CF, LSTUPD_D, LSTUPDUSR_CF, timestamp) values (18,107,1,'18','Western US',0,null,null,getDate(),'DBEU',getDate(),'DBEU',null)

insert into TSEGMENTRULE (SGTRUL_NT, SGMT_NF, SGT_NT, SGTVER_NT, RULE_LS, RULPRIO_CT, FUNCDEF_T, TECHDEF_T, CRE_D, CREUSR_CF, LSTUPD_D, LSTUPDUSR_CF, timestamp) values (1,18,107,1,'',224,'COUNTRY_REPORTING=''USW''','StringUtils.equals(c.getAnlctyCf(), "USW")',getDate(),'DBEU',getDate(),'DBEU',null)

insert into TSEGMENTRULE2CRI (SGTRULE_NT, SGMT_NF, SGT_NT, SGTVER_NT, SGTCRI_CF, CRE_D, CREUSR_CF) values (1,18,107,1,'COUNTRY_REPORTING',getDate(),'DBEU')

insert into TSEGMENTRULE (SGTRUL_NT, SGMT_NF, SGT_NT, SGTVER_NT, RULE_LS, RULPRIO_CT, FUNCDEF_T, TECHDEF_T, CRE_D, CREUSR_CF, LSTUPD_D, LSTUPDUSR_CF, timestamp) values (2,18,107,1,'',265,'COUNTRY_REPORTING=''USA'' AND CLI_STATE=''AK''','StringUtils.equals(c.getAnlctyCf(), "USA") && StringUtils.equals(c.getCliaddstaCf(), "AK")',getDate(),'DBEU',getDate(),'DBEU',null)

insert into TSEGMENTRULE2CRI (SGTRULE_NT, SGMT_NF, SGT_NT, SGTVER_NT, SGTCRI_CF, CRE_D, CREUSR_CF) values (2,18,107,1,'CLI_STATE',getDate(),'DBEU')
insert into TSEGMENTRULE2CRI (SGTRULE_NT, SGMT_NF, SGT_NT, SGTVER_NT, SGTCRI_CF, CRE_D, CREUSR_CF) values (2,18,107,1,'COUNTRY_REPORTING',getDate(),'DBEU')

insert into TSEGMENTRULE (SGTRUL_NT, SGMT_NF, SGT_NT, SGTVER_NT, RULE_LS, RULPRIO_CT, FUNCDEF_T, TECHDEF_T, CRE_D, CREUSR_CF, LSTUPD_D, LSTUPDUSR_CF, timestamp) values (3,18,107,1,'',266,'COUNTRY_REPORTING=''USA'' AND CLI_STATE=''AZ''','StringUtils.equals(c.getAnlctyCf(), "USA") && StringUtils.equals(c.getCliaddstaCf(), "AZ")',getDate(),'DBEU',getDate(),'DBEU',null)

insert into TSEGMENTRULE2CRI (SGTRULE_NT, SGMT_NF, SGT_NT, SGTVER_NT, SGTCRI_CF, CRE_D, CREUSR_CF) values (3,18,107,1,'CLI_STATE',getDate(),'DBEU')
insert into TSEGMENTRULE2CRI (SGTRULE_NT, SGMT_NF, SGT_NT, SGTVER_NT, SGTCRI_CF, CRE_D, CREUSR_CF) values (3,18,107,1,'COUNTRY_REPORTING',getDate(),'DBEU')

insert into TSEGMENTRULE (SGTRUL_NT, SGMT_NF, SGT_NT, SGTVER_NT, RULE_LS, RULPRIO_CT, FUNCDEF_T, TECHDEF_T, CRE_D, CREUSR_CF, LSTUPD_D, LSTUPDUSR_CF, timestamp) values (4,18,107,1,'',267,'COUNTRY_REPORTING=''USA'' AND CLI_STATE=''CA''','StringUtils.equals(c.getAnlctyCf(), "USA") && StringUtils.equals(c.getCliaddstaCf(), "CA")',getDate(),'DBEU',getDate(),'DBEU',null)

insert into TSEGMENTRULE2CRI (SGTRULE_NT, SGMT_NF, SGT_NT, SGTVER_NT, SGTCRI_CF, CRE_D, CREUSR_CF) values (4,18,107,1,'CLI_STATE',getDate(),'DBEU')
insert into TSEGMENTRULE2CRI (SGTRULE_NT, SGMT_NF, SGT_NT, SGTVER_NT, SGTCRI_CF, CRE_D, CREUSR_CF) values (4,18,107,1,'COUNTRY_REPORTING',getDate(),'DBEU')

insert into TSEGMENTRULE (SGTRUL_NT, SGMT_NF, SGT_NT, SGTVER_NT, RULE_LS, RULPRIO_CT, FUNCDEF_T, TECHDEF_T, CRE_D, CREUSR_CF, LSTUPD_D, LSTUPDUSR_CF, timestamp) values (5,18,107,1,'',268,'COUNTRY_REPORTING=''USA'' AND CLI_STATE=''CO''','StringUtils.equals(c.getAnlctyCf(), "USA") && StringUtils.equals(c.getCliaddstaCf(), "CO")',getDate(),'DBEU',getDate(),'DBEU',null)

insert into TSEGMENTRULE2CRI (SGTRULE_NT, SGMT_NF, SGT_NT, SGTVER_NT, SGTCRI_CF, CRE_D, CREUSR_CF) values (5,18,107,1,'CLI_STATE',getDate(),'DBEU')
insert into TSEGMENTRULE2CRI (SGTRULE_NT, SGMT_NF, SGT_NT, SGTVER_NT, SGTCRI_CF, CRE_D, CREUSR_CF) values (5,18,107,1,'COUNTRY_REPORTING',getDate(),'DBEU')

insert into TSEGMENTRULE (SGTRUL_NT, SGMT_NF, SGT_NT, SGTVER_NT, RULE_LS, RULPRIO_CT, FUNCDEF_T, TECHDEF_T, CRE_D, CREUSR_CF, LSTUPD_D, LSTUPDUSR_CF, timestamp) values (6,18,107,1,'',269,'COUNTRY_REPORTING=''USA'' AND CLI_STATE=''HI''','StringUtils.equals(c.getAnlctyCf(), "USA") && StringUtils.equals(c.getCliaddstaCf(), "HI")',getDate(),'DBEU',getDate(),'DBEU',null)

insert into TSEGMENTRULE2CRI (SGTRULE_NT, SGMT_NF, SGT_NT, SGTVER_NT, SGTCRI_CF, CRE_D, CREUSR_CF) values (6,18,107,1,'CLI_STATE',getDate(),'DBEU')
insert into TSEGMENTRULE2CRI (SGTRULE_NT, SGMT_NF, SGT_NT, SGTVER_NT, SGTCRI_CF, CRE_D, CREUSR_CF) values (6,18,107,1,'COUNTRY_REPORTING',getDate(),'DBEU')

insert into TSEGMENTRULE (SGTRUL_NT, SGMT_NF, SGT_NT, SGTVER_NT, RULE_LS, RULPRIO_CT, FUNCDEF_T, TECHDEF_T, CRE_D, CREUSR_CF, LSTUPD_D, LSTUPDUSR_CF, timestamp) values (7,18,107,1,'',270,'COUNTRY_REPORTING=''USA'' AND CLI_STATE=''ID''','StringUtils.equals(c.getAnlctyCf(), "USA") && StringUtils.equals(c.getCliaddstaCf(), "ID")',getDate(),'DBEU',getDate(),'DBEU',null)

insert into TSEGMENTRULE2CRI (SGTRULE_NT, SGMT_NF, SGT_NT, SGTVER_NT, SGTCRI_CF, CRE_D, CREUSR_CF) values (7,18,107,1,'CLI_STATE',getDate(),'DBEU')
insert into TSEGMENTRULE2CRI (SGTRULE_NT, SGMT_NF, SGT_NT, SGTVER_NT, SGTCRI_CF, CRE_D, CREUSR_CF) values (7,18,107,1,'COUNTRY_REPORTING',getDate(),'DBEU')

insert into TSEGMENTRULE (SGTRUL_NT, SGMT_NF, SGT_NT, SGTVER_NT, RULE_LS, RULPRIO_CT, FUNCDEF_T, TECHDEF_T, CRE_D, CREUSR_CF, LSTUPD_D, LSTUPDUSR_CF, timestamp) values (8,18,107,1,'',271,'COUNTRY_REPORTING=''USA'' AND CLI_STATE=''MT''','StringUtils.equals(c.getAnlctyCf(), "USA") && StringUtils.equals(c.getCliaddstaCf(), "MT")',getDate(),'DBEU',getDate(),'DBEU',null)

insert into TSEGMENTRULE2CRI (SGTRULE_NT, SGMT_NF, SGT_NT, SGTVER_NT, SGTCRI_CF, CRE_D, CREUSR_CF) values (8,18,107,1,'CLI_STATE',getDate(),'DBEU')
insert into TSEGMENTRULE2CRI (SGTRULE_NT, SGMT_NF, SGT_NT, SGTVER_NT, SGTCRI_CF, CRE_D, CREUSR_CF) values (8,18,107,1,'COUNTRY_REPORTING',getDate(),'DBEU')

insert into TSEGMENTRULE (SGTRUL_NT, SGMT_NF, SGT_NT, SGTVER_NT, RULE_LS, RULPRIO_CT, FUNCDEF_T, TECHDEF_T, CRE_D, CREUSR_CF, LSTUPD_D, LSTUPDUSR_CF, timestamp) values (9,18,107,1,'',272,'COUNTRY_REPORTING=''USA'' AND CLI_STATE=''NV''','StringUtils.equals(c.getAnlctyCf(), "USA") && StringUtils.equals(c.getCliaddstaCf(), "NV")',getDate(),'DBEU',getDate(),'DBEU',null)

insert into TSEGMENTRULE2CRI (SGTRULE_NT, SGMT_NF, SGT_NT, SGTVER_NT, SGTCRI_CF, CRE_D, CREUSR_CF) values (9,18,107,1,'CLI_STATE',getDate(),'DBEU')
insert into TSEGMENTRULE2CRI (SGTRULE_NT, SGMT_NF, SGT_NT, SGTVER_NT, SGTCRI_CF, CRE_D, CREUSR_CF) values (9,18,107,1,'COUNTRY_REPORTING',getDate(),'DBEU')

insert into TSEGMENTRULE (SGTRUL_NT, SGMT_NF, SGT_NT, SGTVER_NT, RULE_LS, RULPRIO_CT, FUNCDEF_T, TECHDEF_T, CRE_D, CREUSR_CF, LSTUPD_D, LSTUPDUSR_CF, timestamp) values (10,18,107,1,'',273,'COUNTRY_REPORTING=''USA'' AND CLI_STATE=''NM''','StringUtils.equals(c.getAnlctyCf(), "USA") && StringUtils.equals(c.getCliaddstaCf(), "NM")',getDate(),'DBEU',getDate(),'DBEU',null)

insert into TSEGMENTRULE2CRI (SGTRULE_NT, SGMT_NF, SGT_NT, SGTVER_NT, SGTCRI_CF, CRE_D, CREUSR_CF) values (10,18,107,1,'CLI_STATE',getDate(),'DBEU')
insert into TSEGMENTRULE2CRI (SGTRULE_NT, SGMT_NF, SGT_NT, SGTVER_NT, SGTCRI_CF, CRE_D, CREUSR_CF) values (10,18,107,1,'COUNTRY_REPORTING',getDate(),'DBEU')

insert into TSEGMENTRULE (SGTRUL_NT, SGMT_NF, SGT_NT, SGTVER_NT, RULE_LS, RULPRIO_CT, FUNCDEF_T, TECHDEF_T, CRE_D, CREUSR_CF, LSTUPD_D, LSTUPDUSR_CF, timestamp) values (11,18,107,1,'',274,'COUNTRY_REPORTING=''USA'' AND CLI_STATE=''OR''','StringUtils.equals(c.getAnlctyCf(), "USA") && StringUtils.equals(c.getCliaddstaCf(), "OR")',getDate(),'DBEU',getDate(),'DBEU',null)

insert into TSEGMENTRULE2CRI (SGTRULE_NT, SGMT_NF, SGT_NT, SGTVER_NT, SGTCRI_CF, CRE_D, CREUSR_CF) values (11,18,107,1,'CLI_STATE',getDate(),'DBEU')
insert into TSEGMENTRULE2CRI (SGTRULE_NT, SGMT_NF, SGT_NT, SGTVER_NT, SGTCRI_CF, CRE_D, CREUSR_CF) values (11,18,107,1,'COUNTRY_REPORTING',getDate(),'DBEU')

insert into TSEGMENTRULE (SGTRUL_NT, SGMT_NF, SGT_NT, SGTVER_NT, RULE_LS, RULPRIO_CT, FUNCDEF_T, TECHDEF_T, CRE_D, CREUSR_CF, LSTUPD_D, LSTUPDUSR_CF, timestamp) values (12,18,107,1,'',275,'COUNTRY_REPORTING=''USA'' AND CLI_STATE=''TX''','StringUtils.equals(c.getAnlctyCf(), "USA") && StringUtils.equals(c.getCliaddstaCf(), "TX")',getDate(),'DBEU',getDate(),'DBEU',null)

insert into TSEGMENTRULE2CRI (SGTRULE_NT, SGMT_NF, SGT_NT, SGTVER_NT, SGTCRI_CF, CRE_D, CREUSR_CF) values (12,18,107,1,'CLI_STATE',getDate(),'DBEU')
insert into TSEGMENTRULE2CRI (SGTRULE_NT, SGMT_NF, SGT_NT, SGTVER_NT, SGTCRI_CF, CRE_D, CREUSR_CF) values (12,18,107,1,'COUNTRY_REPORTING',getDate(),'DBEU')

insert into TSEGMENTRULE (SGTRUL_NT, SGMT_NF, SGT_NT, SGTVER_NT, RULE_LS, RULPRIO_CT, FUNCDEF_T, TECHDEF_T, CRE_D, CREUSR_CF, LSTUPD_D, LSTUPDUSR_CF, timestamp) values (13,18,107,1,'',276,'COUNTRY_REPORTING=''USA'' AND CLI_STATE=''UT''','StringUtils.equals(c.getAnlctyCf(), "USA") && StringUtils.equals(c.getCliaddstaCf(), "UT")',getDate(),'DBEU',getDate(),'DBEU',null)

insert into TSEGMENTRULE2CRI (SGTRULE_NT, SGMT_NF, SGT_NT, SGTVER_NT, SGTCRI_CF, CRE_D, CREUSR_CF) values (13,18,107,1,'CLI_STATE',getDate(),'DBEU')
insert into TSEGMENTRULE2CRI (SGTRULE_NT, SGMT_NF, SGT_NT, SGTVER_NT, SGTCRI_CF, CRE_D, CREUSR_CF) values (13,18,107,1,'COUNTRY_REPORTING',getDate(),'DBEU')

insert into TSEGMENTRULE (SGTRUL_NT, SGMT_NF, SGT_NT, SGTVER_NT, RULE_LS, RULPRIO_CT, FUNCDEF_T, TECHDEF_T, CRE_D, CREUSR_CF, LSTUPD_D, LSTUPDUSR_CF, timestamp) values (14,18,107,1,'',277,'COUNTRY_REPORTING=''USA'' AND CLI_STATE=''WA''','StringUtils.equals(c.getAnlctyCf(), "USA") && StringUtils.equals(c.getCliaddstaCf(), "WA")',getDate(),'DBEU',getDate(),'DBEU',null)

insert into TSEGMENTRULE2CRI (SGTRULE_NT, SGMT_NF, SGT_NT, SGTVER_NT, SGTCRI_CF, CRE_D, CREUSR_CF) values (14,18,107,1,'CLI_STATE',getDate(),'DBEU')
insert into TSEGMENTRULE2CRI (SGTRULE_NT, SGMT_NF, SGT_NT, SGTVER_NT, SGTCRI_CF, CRE_D, CREUSR_CF) values (14,18,107,1,'COUNTRY_REPORTING',getDate(),'DBEU')

insert into TSEGMENTRULE (SGTRUL_NT, SGMT_NF, SGT_NT, SGTVER_NT, RULE_LS, RULPRIO_CT, FUNCDEF_T, TECHDEF_T, CRE_D, CREUSR_CF, LSTUPD_D, LSTUPDUSR_CF, timestamp) values (15,18,107,1,'',278,'COUNTRY_REPORTING=''USA'' AND CLI_STATE=''DC''','StringUtils.equals(c.getAnlctyCf(), "USA") && StringUtils.equals(c.getCliaddstaCf(), "DC")',getDate(),'DBEU',getDate(),'DBEU',null)

insert into TSEGMENTRULE2CRI (SGTRULE_NT, SGMT_NF, SGT_NT, SGTVER_NT, SGTCRI_CF, CRE_D, CREUSR_CF) values (15,18,107,1,'CLI_STATE',getDate(),'DBEU')
insert into TSEGMENTRULE2CRI (SGTRULE_NT, SGMT_NF, SGT_NT, SGTVER_NT, SGTCRI_CF, CRE_D, CREUSR_CF) values (15,18,107,1,'COUNTRY_REPORTING',getDate(),'DBEU')

insert into TSEGMENTRULE (SGTRUL_NT, SGMT_NF, SGT_NT, SGTVER_NT, RULE_LS, RULPRIO_CT, FUNCDEF_T, TECHDEF_T, CRE_D, CREUSR_CF, LSTUPD_D, LSTUPDUSR_CF, timestamp) values (16,18,107,1,'',279,'COUNTRY_REPORTING=''USA'' AND CLI_STATE=''WY''','StringUtils.equals(c.getAnlctyCf(), "USA") && StringUtils.equals(c.getCliaddstaCf(), "WY")',getDate(),'DBEU',getDate(),'DBEU',null)

insert into TSEGMENTRULE2CRI (SGTRULE_NT, SGMT_NF, SGT_NT, SGTVER_NT, SGTCRI_CF, CRE_D, CREUSR_CF) values (16,18,107,1,'CLI_STATE',getDate(),'DBEU')
insert into TSEGMENTRULE2CRI (SGTRULE_NT, SGMT_NF, SGT_NT, SGTVER_NT, SGTCRI_CF, CRE_D, CREUSR_CF) values (16,18,107,1,'COUNTRY_REPORTING',getDate(),'DBEU')

go

-- Update the Rule label with the label of the segment (TSEGMT.SGMT_LS)
UPDATE TSEGMENTRULE SET RULE_LS=SGMT_LS
FROM TSEGMENTRULE, TSEGMT
WHERE TSEGMT.SGT_NT = TSEGMENTRULE.SGT_NT AND TSEGMT.SGTVER_NT = TSEGMENTRULE.SGTVER_NT AND TSEGMENTRULE.SGMT_NF = TSEGMT.SGMT_NF
and TSEGMENTRULE.SGT_NT = 107
go