/* remove unspecified segment in 311 */

use BEST
go 

/*==============================================================*/
/* Table: Segmentation 301 - 320 */
/*==============================================================*/

delete from TSEGTYPE where SGTTYP_NT = 10

delete from TSEGMENTATION where SGT_NT in (301,310,311,320)
delete from  TSEGMT where SGT_NT in (301,310,311,320)
delete from  TSEGMENTLVL where SGT_NT in (301,310,311,320)
delete from  TSEGMENTEXCEPT where SGT_NT in (301,310,311,320)
delete from  TSEGMENTRULE2TYPE where SGT_NT in (301,310,311,320)
delete from  TSEGMENTRULE2CRI where SGT_NT in (301,310,311,320)
delete from  TSEGMENTRULE where SGT_NT in (301,310,311,320)
delete from  TSEG2ESB where SGT_NT in (301,310,311,320)
delete from  TSEG2CTRSTS where SGT_NT in (301,310,311,320)
delete from  TSEG2CTRCAT where SGT_NT in (301,310,311,320)
delete from  TSEG2SECSTS where SGT_NT in (301,310,311,320)
delete from  TSEG2SECACCSTS where SGT_NT in (301,310,311,320)
go

INSERT INTO TSEGTYPE values (10,'Grouping 2 SSD','3','1','1',1, getDate(),'DBEU',getDate(),'DBEU',null)

INSERT INTO TSEGMENTATION values (301,1,10,'Grouping 2 SSD1','Grouping 2 SSD1','FRA1',1,'3','3',0,1,0,0,4020,'DBEU','1','0',1,1,1,1,'1',null,null,getDate(),null,getDate(),'DBEU',getDate(),'DBEU',null)
INSERT INTO TSEGMENTATION values (310,1,10,'Grouping 2 SSD10','Grouping 2 SSD10','USA1',10,'3','3',0,1,0,0,4020,'DBEU','1','0',1,1,1,1,'1',null,null,getDate(),null,getDate(),'DBEU',getDate(),'DBEU',null)
INSERT INTO TSEGMENTATION values (311,1,10,'Grouping 2 SSD11','Grouping 2 SSD11','USA1',11,'3','3',0,1,0,0,4020,'DBEU','1','0',1,1,1,1,'1',null,null,getDate(),null,getDate(),'DBEU',getDate(),'DBEU',null)
INSERT INTO TSEGMENTATION values (320,1,10,'Grouping 2 SSD20','Grouping 2 SSD20','SGP1',20,'3','3',0,1,0,0,4020,'DBEU','1','0',1,1,1,1,'1',null,null,getDate(),null,getDate(),'DBEU',getDate(),'DBEU',null)
go 

/*==============================================================*/
/* Table: Segmentation 301 - 1 */
/*==============================================================*/
insert into TSEGMENTLVL (SGTLVL_CT, SGT_NT, SGTVER_NT, LVL_LS, LVL_LM, CRE_D, CREUSR_CF, LSTUPD_D, LSTUPDUSR_CF, timestamp) values (0, 301,1,'lvl 0',null,getDate(),'DBEU',getDate(),'DBEU',null)
go
go
insert into TSEGMT (SGMT_NF, SGT_NT, SGTVER_NT, SGMT_LS, SGMT_LL, SGTLVL_NT, PARSGMT_CF, BALAIMGT_CT, CRE_D, CREUSR_CF, LSTUPD_D, LSTUPDUSR_CF, timestamp) values (1000,301,1,'1000','CRS',0,null,null,getDate(),'DBEU',getDate(),'DBEU',null)
insert into TSEGMENTRULE (SGTRUL_NT, SGMT_NF, SGT_NT, SGTVER_NT, RULE_LS, RULPRIO_CT, FUNCDEF_T, TECHDEF_T, CRE_D, CREUSR_CF, LSTUPD_D, LSTUPDUSR_CF, timestamp) values (1,1000,301,1,'',1,'LOB=''22''','StringUtils.equals(c.getLobCf(), "22")',getDate(),'DBEU',getDate(),'DBEU',null)
insert into TSEGMENTRULE2CRI (SGTRULE_NT, SGMT_NF, SGT_NT, SGTVER_NT, SGTCRI_CF, CRE_D, CREUSR_CF) values (1,1000,301,1,'LOB',getDate(),'DBEU')
go
insert into TSEGMT (SGMT_NF, SGT_NT, SGTVER_NT, SGMT_LS, SGMT_LL, SGTLVL_NT, PARSGMT_CF, BALAIMGT_CT, CRE_D, CREUSR_CF, LSTUPD_D, LSTUPDUSR_CF, timestamp) values (1010,301,1,'1010','FIRE',0,null,null,getDate(),'DBEU',getDate(),'DBEU',null)
insert into TSEGMENTRULE (SGTRUL_NT, SGMT_NF, SGT_NT, SGTVER_NT, RULE_LS, RULPRIO_CT, FUNCDEF_T, TECHDEF_T, CRE_D, CREUSR_CF, LSTUPD_D, LSTUPDUSR_CF, timestamp) values (1,1010,301,1,'',2,'LOB=''01'' AND UWY<=2000','StringUtils.equals(c.getLobCf(), "01") && IntegerUtils.inferiorOrEquals(c.getUwyNf(), 2000)',getDate(),'DBEU',getDate(),'DBEU',null)
insert into TSEGMENTRULE2CRI (SGTRULE_NT, SGMT_NF, SGT_NT, SGTVER_NT, SGTCRI_CF, CRE_D, CREUSR_CF) values (1,1010,301,1,'LOB',getDate(),'DBEU')
insert into TSEGMENTRULE2CRI (SGTRULE_NT, SGMT_NF, SGT_NT, SGTVER_NT, SGTCRI_CF, CRE_D, CREUSR_CF) values (1,1010,301,1,'UWY',getDate(),'DBEU')
insert into TSEGMENTRULE (SGTRUL_NT, SGMT_NF, SGT_NT, SGTVER_NT, RULE_LS, RULPRIO_CT, FUNCDEF_T, TECHDEF_T, CRE_D, CREUSR_CF, LSTUPD_D, LSTUPDUSR_CF, timestamp) values (2,1010,301,1,'',4,'LOB=''01'' AND UWY>=2001','StringUtils.equals(c.getLobCf(), "01") && IntegerUtils.superiorOrEquals(c.getUwyNf(), 2001)',getDate(),'DBEU',getDate(),'DBEU',null)
insert into TSEGMENTRULE2CRI (SGTRULE_NT, SGMT_NF, SGT_NT, SGTVER_NT, SGTCRI_CF, CRE_D, CREUSR_CF) values (2,1010,301,1,'LOB',getDate(),'DBEU')
insert into TSEGMENTRULE2CRI (SGTRULE_NT, SGMT_NF, SGT_NT, SGTVER_NT, SGTCRI_CF, CRE_D, CREUSR_CF) values (2,1010,301,1,'UWY',getDate(),'DBEU')
go
insert into TSEGMT (SGMT_NF, SGT_NT, SGTVER_NT, SGMT_LS, SGMT_LL, SGTLVL_NT, PARSGMT_CF, BALAIMGT_CT, CRE_D, CREUSR_CF, LSTUPD_D, LSTUPDUSR_CF, timestamp) values (1020,301,1,'1020','OCS',0,null,null,getDate(),'DBEU',getDate(),'DBEU',null)
insert into TSEGMENTRULE (SGTRUL_NT, SGMT_NF, SGT_NT, SGTVER_NT, RULE_LS, RULPRIO_CT, FUNCDEF_T, TECHDEF_T, CRE_D, CREUSR_CF, LSTUPD_D, LSTUPDUSR_CF, timestamp) values (1,1020,301,1,'',3,'LOB=''01'' AND SOB=''25'' AND UWY>=2001','StringUtils.equals(c.getLobCf(), "01") && StringUtils.equals(c.getSobCf(), "25") && IntegerUtils.superiorOrEquals(c.getUwyNf(), 2001)',getDate(),'DBEU',getDate(),'DBEU',null)
insert into TSEGMENTRULE2CRI (SGTRULE_NT, SGMT_NF, SGT_NT, SGTVER_NT, SGTCRI_CF, CRE_D, CREUSR_CF) values (1,1020,301,1,'LOB',getDate(),'DBEU')
insert into TSEGMENTRULE2CRI (SGTRULE_NT, SGMT_NF, SGT_NT, SGTVER_NT, SGTCRI_CF, CRE_D, CREUSR_CF) values (1,1020,301,1,'SOB',getDate(),'DBEU')
insert into TSEGMENTRULE2CRI (SGTRULE_NT, SGMT_NF, SGT_NT, SGTVER_NT, SGTCRI_CF, CRE_D, CREUSR_CF) values (1,1020,301,1,'UWY',getDate(),'DBEU')
go
insert into TSEGMT (SGMT_NF, SGT_NT, SGTVER_NT, SGMT_LS, SGMT_LL, SGTLVL_NT, PARSGMT_CF, BALAIMGT_CT, CRE_D, CREUSR_CF, LSTUPD_D, LSTUPDUSR_CF, timestamp) values (1030,301,1,'1030','CAR',0,null,null,getDate(),'DBEU',getDate(),'DBEU',null)
insert into TSEGMENTRULE (SGTRUL_NT, SGMT_NF, SGT_NT, SGTVER_NT, RULE_LS, RULPRIO_CT, FUNCDEF_T, TECHDEF_T, CRE_D, CREUSR_CF, LSTUPD_D, LSTUPDUSR_CF, timestamp) values (1,1030,301,1,'',7,'LOB=''02''','StringUtils.equals(c.getLobCf(), "02")',getDate(),'DBEU',getDate(),'DBEU',null)
insert into TSEGMENTRULE2CRI (SGTRULE_NT, SGMT_NF, SGT_NT, SGTVER_NT, SGTCRI_CF, CRE_D, CREUSR_CF) values (1,1030,301,1,'LOB',getDate(),'DBEU')
insert into TSEGMENTRULE (SGTRUL_NT, SGMT_NF, SGT_NT, SGTVER_NT, RULE_LS, RULPRIO_CT, FUNCDEF_T, TECHDEF_T, CRE_D, CREUSR_CF, LSTUPD_D, LSTUPDUSR_CF, timestamp) values (2,1030,301,1,'',8,'LOB=''02''','StringUtils.equals(c.getLobCf(), "02")',getDate(),'DBEU',getDate(),'DBEU',null)
insert into TSEGMENTRULE2CRI (SGTRULE_NT, SGMT_NF, SGT_NT, SGTVER_NT, SGTCRI_CF, CRE_D, CREUSR_CF) values (2,1030,301,1,'LOB',getDate(),'DBEU')
insert into TSEGMENTRULE (SGTRUL_NT, SGMT_NF, SGT_NT, SGTVER_NT, RULE_LS, RULPRIO_CT, FUNCDEF_T, TECHDEF_T, CRE_D, CREUSR_CF, LSTUPD_D, LSTUPDUSR_CF, timestamp) values (3,1030,301,1,'',9,'LOB=''03''','StringUtils.equals(c.getLobCf(), "03")',getDate(),'DBEU',getDate(),'DBEU',null)
insert into TSEGMENTRULE2CRI (SGTRULE_NT, SGMT_NF, SGT_NT, SGTVER_NT, SGTCRI_CF, CRE_D, CREUSR_CF) values (3,1030,301,1,'LOB',getDate(),'DBEU')
insert into TSEGMENTRULE (SGTRUL_NT, SGMT_NF, SGT_NT, SGTVER_NT, RULE_LS, RULPRIO_CT, FUNCDEF_T, TECHDEF_T, CRE_D, CREUSR_CF, LSTUPD_D, LSTUPDUSR_CF, timestamp) values (4,1030,301,1,'',10,'LOB=''03''','StringUtils.equals(c.getLobCf(), "03")',getDate(),'DBEU',getDate(),'DBEU',null)
insert into TSEGMENTRULE2CRI (SGTRULE_NT, SGMT_NF, SGT_NT, SGTVER_NT, SGTCRI_CF, CRE_D, CREUSR_CF) values (4,1030,301,1,'LOB',getDate(),'DBEU')
go
insert into TSEGMT (SGMT_NF, SGT_NT, SGTVER_NT, SGMT_LS, SGMT_LL, SGTLVL_NT, PARSGMT_CF, BALAIMGT_CT, CRE_D, CREUSR_CF, LSTUPD_D, LSTUPDUSR_CF, timestamp) values (1040,301,1,'1040','MISC',0,null,null,getDate(),'DBEU',getDate(),'DBEU',null)
insert into TSEGMENTRULE (SGTRUL_NT, SGMT_NF, SGT_NT, SGTVER_NT, RULE_LS, RULPRIO_CT, FUNCDEF_T, TECHDEF_T, CRE_D, CREUSR_CF, LSTUPD_D, LSTUPDUSR_CF, timestamp) values (1,1040,301,1,'',5,'GUARANTEE=''110''','StringUtils.equals(c.getGarCf(), "110")',getDate(),'DBEU',getDate(),'DBEU',null)
insert into TSEGMENTRULE2CRI (SGTRULE_NT, SGMT_NF, SGT_NT, SGTVER_NT, SGTCRI_CF, CRE_D, CREUSR_CF) values (1,1040,301,1,'GUARANTEE',getDate(),'DBEU')
insert into TSEGMENTRULE (SGTRUL_NT, SGMT_NF, SGT_NT, SGTVER_NT, RULE_LS, RULPRIO_CT, FUNCDEF_T, TECHDEF_T, CRE_D, CREUSR_CF, LSTUPD_D, LSTUPDUSR_CF, timestamp) values (2,1040,301,1,'',11,'LOB=''04''','StringUtils.equals(c.getLobCf(), "04")',getDate(),'DBEU',getDate(),'DBEU',null)
insert into TSEGMENTRULE2CRI (SGTRULE_NT, SGMT_NF, SGT_NT, SGTVER_NT, SGTCRI_CF, CRE_D, CREUSR_CF) values (2,1040,301,1,'LOB',getDate(),'DBEU')
insert into TSEGMENTRULE (SGTRUL_NT, SGMT_NF, SGT_NT, SGTVER_NT, RULE_LS, RULPRIO_CT, FUNCDEF_T, TECHDEF_T, CRE_D, CREUSR_CF, LSTUPD_D, LSTUPDUSR_CF, timestamp) values (3,1040,301,1,'',12,'LOB=''15''','StringUtils.equals(c.getLobCf(), "15")',getDate(),'DBEU',getDate(),'DBEU',null)
insert into TSEGMENTRULE2CRI (SGTRULE_NT, SGMT_NF, SGT_NT, SGTVER_NT, SGTCRI_CF, CRE_D, CREUSR_CF) values (3,1040,301,1,'LOB',getDate(),'DBEU')
go
insert into TSEGMT (SGMT_NF, SGT_NT, SGTVER_NT, SGMT_LS, SGMT_LL, SGTLVL_NT, PARSGMT_CF, BALAIMGT_CT, CRE_D, CREUSR_CF, LSTUPD_D, LSTUPDUSR_CF, timestamp) values (1050,301,1,'1050','TPL',0,null,null,getDate(),'DBEU',getDate(),'DBEU',null)
insert into TSEGMENTRULE (SGTRUL_NT, SGMT_NF, SGT_NT, SGTVER_NT, RULE_LS, RULPRIO_CT, FUNCDEF_T, TECHDEF_T, CRE_D, CREUSR_CF, LSTUPD_D, LSTUPDUSR_CF, timestamp) values (1,1050,301,1,'',6,'GUARANTEE=''035''','StringUtils.equals(c.getGarCf(), "035")',getDate(),'DBEU',getDate(),'DBEU',null)
insert into TSEGMENTRULE2CRI (SGTRULE_NT, SGMT_NF, SGT_NT, SGTVER_NT, SGTCRI_CF, CRE_D, CREUSR_CF) values (1,1050,301,1,'GUARANTEE',getDate(),'DBEU')
insert into TSEGMENTRULE (SGTRUL_NT, SGMT_NF, SGT_NT, SGTVER_NT, RULE_LS, RULPRIO_CT, FUNCDEF_T, TECHDEF_T, CRE_D, CREUSR_CF, LSTUPD_D, LSTUPDUSR_CF, timestamp) values (2,1050,301,1,'',15,'LOB=''12''','StringUtils.equals(c.getLobCf(), "12")',getDate(),'DBEU',getDate(),'DBEU',null)
insert into TSEGMENTRULE2CRI (SGTRULE_NT, SGMT_NF, SGT_NT, SGTVER_NT, SGTCRI_CF, CRE_D, CREUSR_CF) values (2,1050,301,1,'LOB',getDate(),'DBEU')
go
insert into TSEGMT (SGMT_NF, SGT_NT, SGTVER_NT, SGMT_LS, SGMT_LL, SGTLVL_NT, PARSGMT_CF, BALAIMGT_CT, CRE_D, CREUSR_CF, LSTUPD_D, LSTUPDUSR_CF, timestamp) values (1060,301,1,'1060','AME',0,null,null,getDate(),'DBEU',getDate(),'DBEU',null)
insert into TSEGMENTRULE (SGTRUL_NT, SGMT_NF, SGT_NT, SGTVER_NT, RULE_LS, RULPRIO_CT, FUNCDEF_T, TECHDEF_T, CRE_D, CREUSR_CF, LSTUPD_D, LSTUPDUSR_CF, timestamp) values (1,1060,301,1,'',14,'TOP=''420''','StringUtils.equals(c.getTopCf(), "420")',getDate(),'DBEU',getDate(),'DBEU',null)
insert into TSEGMENTRULE2CRI (SGTRULE_NT, SGMT_NF, SGT_NT, SGTVER_NT, SGTCRI_CF, CRE_D, CREUSR_CF) values (1,1060,301,1,'TOP',getDate(),'DBEU')
go
insert into TSEGMT (SGMT_NF, SGT_NT, SGTVER_NT, SGMT_LS, SGMT_LL, SGTLVL_NT, PARSGMT_CF, BALAIMGT_CT, CRE_D, CREUSR_CF, LSTUPD_D, LSTUPDUSR_CF, timestamp) values (1070,301,1,'1070','MPL',0,null,null,getDate(),'DBEU',getDate(),'DBEU',null)
insert into TSEGMENTRULE (SGTRUL_NT, SGMT_NF, SGT_NT, SGTVER_NT, RULE_LS, RULPRIO_CT, FUNCDEF_T, TECHDEF_T, CRE_D, CREUSR_CF, LSTUPD_D, LSTUPDUSR_CF, timestamp) values (1,1070,301,1,'',13,'SOB=''30''','StringUtils.equals(c.getSobCf(), "30")',getDate(),'DBEU',getDate(),'DBEU',null)
insert into TSEGMENTRULE2CRI (SGTRULE_NT, SGMT_NF, SGT_NT, SGTVER_NT, SGTCRI_CF, CRE_D, CREUSR_CF) values (1,1070,301,1,'SOB',getDate(),'DBEU')
insert into TSEGMENTRULE (SGTRUL_NT, SGMT_NF, SGT_NT, SGTVER_NT, RULE_LS, RULPRIO_CT, FUNCDEF_T, TECHDEF_T, CRE_D, CREUSR_CF, LSTUPD_D, LSTUPDUSR_CF, timestamp) values (2,1070,301,1,'',17,'LOB=''05''','StringUtils.equals(c.getLobCf(), "05")',getDate(),'DBEU',getDate(),'DBEU',null)
insert into TSEGMENTRULE2CRI (SGTRULE_NT, SGMT_NF, SGT_NT, SGTVER_NT, SGTCRI_CF, CRE_D, CREUSR_CF) values (2,1070,301,1,'LOB',getDate(),'DBEU')
insert into TSEGMENTRULE (SGTRUL_NT, SGMT_NF, SGT_NT, SGTVER_NT, RULE_LS, RULPRIO_CT, FUNCDEF_T, TECHDEF_T, CRE_D, CREUSR_CF, LSTUPD_D, LSTUPDUSR_CF, timestamp) values (3,1070,301,1,'',18,'LOB=''06''','StringUtils.equals(c.getLobCf(), "06")',getDate(),'DBEU',getDate(),'DBEU',null)
insert into TSEGMENTRULE2CRI (SGTRULE_NT, SGMT_NF, SGT_NT, SGTVER_NT, SGTCRI_CF, CRE_D, CREUSR_CF) values (3,1070,301,1,'LOB',getDate(),'DBEU')
insert into TSEGMENTRULE (SGTRUL_NT, SGMT_NF, SGT_NT, SGTVER_NT, RULE_LS, RULPRIO_CT, FUNCDEF_T, TECHDEF_T, CRE_D, CREUSR_CF, LSTUPD_D, LSTUPDUSR_CF, timestamp) values (4,1070,301,1,'',19,'LOB=''07''','StringUtils.equals(c.getLobCf(), "07")',getDate(),'DBEU',getDate(),'DBEU',null)
insert into TSEGMENTRULE2CRI (SGTRULE_NT, SGMT_NF, SGT_NT, SGTVER_NT, SGTCRI_CF, CRE_D, CREUSR_CF) values (4,1070,301,1,'LOB',getDate(),'DBEU')
insert into TSEGMENTRULE (SGTRUL_NT, SGMT_NF, SGT_NT, SGTVER_NT, RULE_LS, RULPRIO_CT, FUNCDEF_T, TECHDEF_T, CRE_D, CREUSR_CF, LSTUPD_D, LSTUPDUSR_CF, timestamp) values (5,1070,301,1,'',20,'LOB=''20''','StringUtils.equals(c.getLobCf(), "20")',getDate(),'DBEU',getDate(),'DBEU',null)
insert into TSEGMENTRULE2CRI (SGTRULE_NT, SGMT_NF, SGT_NT, SGTVER_NT, SGTCRI_CF, CRE_D, CREUSR_CF) values (5,1070,301,1,'LOB',getDate(),'DBEU')
go
insert into TSEGMT (SGMT_NF, SGT_NT, SGTVER_NT, SGMT_LS, SGMT_LL, SGTLVL_NT, PARSGMT_CF, BALAIMGT_CT, CRE_D, CREUSR_CF, LSTUPD_D, LSTUPDUSR_CF, timestamp) values (1080,301,1,'1080','CD',0,null,null,getDate(),'DBEU',getDate(),'DBEU',null)
insert into TSEGMENTRULE (SGTRUL_NT, SGMT_NF, SGT_NT, SGTVER_NT, RULE_LS, RULPRIO_CT, FUNCDEF_T, TECHDEF_T, CRE_D, CREUSR_CF, LSTUPD_D, LSTUPDUSR_CF, timestamp) values (1,1080,301,1,'',16,'TOP=''175''','StringUtils.equals(c.getTopCf(), "175")',getDate(),'DBEU',getDate(),'DBEU',null)
insert into TSEGMENTRULE2CRI (SGTRULE_NT, SGMT_NF, SGT_NT, SGTVER_NT, SGTCRI_CF, CRE_D, CREUSR_CF) values (1,1080,301,1,'TOP',getDate(),'DBEU')
go
insert into TSEGMT (SGMT_NF, SGT_NT, SGTVER_NT, SGMT_LS, SGMT_LL, SGTLVL_NT, PARSGMT_CF, BALAIMGT_CT, CRE_D, CREUSR_CF, LSTUPD_D, LSTUPDUSR_CF, timestamp) values (1090,301,1,'1090','MAR',0,null,null,getDate(),'DBEU',getDate(),'DBEU',null)
insert into TSEGMENTRULE (SGTRUL_NT, SGMT_NF, SGT_NT, SGTVER_NT, RULE_LS, RULPRIO_CT, FUNCDEF_T, TECHDEF_T, CRE_D, CREUSR_CF, LSTUPD_D, LSTUPDUSR_CF, timestamp) values (1,1090,301,1,'',22,'LOB=''08''','StringUtils.equals(c.getLobCf(), "08")',getDate(),'DBEU',getDate(),'DBEU',null)
insert into TSEGMENTRULE2CRI (SGTRULE_NT, SGMT_NF, SGT_NT, SGTVER_NT, SGTCRI_CF, CRE_D, CREUSR_CF) values (1,1090,301,1,'LOB',getDate(),'DBEU')
go
insert into TSEGMT (SGMT_NF, SGT_NT, SGTVER_NT, SGMT_LS, SGMT_LL, SGTLVL_NT, PARSGMT_CF, BALAIMGT_CT, CRE_D, CREUSR_CF, LSTUPD_D, LSTUPDUSR_CF, timestamp) values (1100,301,1,'1100','TRAN',0,null,null,getDate(),'DBEU',getDate(),'DBEU',null)
insert into TSEGMENTRULE (SGTRUL_NT, SGMT_NF, SGT_NT, SGTVER_NT, RULE_LS, RULPRIO_CT, FUNCDEF_T, TECHDEF_T, CRE_D, CREUSR_CF, LSTUPD_D, LSTUPDUSR_CF, timestamp) values (1,1100,301,1,'',21,'TOP=''285''','StringUtils.equals(c.getTopCf(), "285")',getDate(),'DBEU',getDate(),'DBEU',null)
insert into TSEGMENTRULE2CRI (SGTRULE_NT, SGMT_NF, SGT_NT, SGTVER_NT, SGTCRI_CF, CRE_D, CREUSR_CF) values (1,1100,301,1,'TOP',getDate(),'DBEU')
go
/*==============================================================*/
/* Table: Segmentation 310 - 1 */
/*==============================================================*/
insert into TSEGMENTLVL (SGTLVL_CT, SGT_NT, SGTVER_NT, LVL_LS, LVL_LM, CRE_D, CREUSR_CF, LSTUPD_D, LSTUPDUSR_CF, timestamp) values (0, 310,1,'lvl 0',null,getDate(),'DBEU',getDate(),'DBEU',null)
go
insert into TSEGMT (SGMT_NF, SGT_NT, SGTVER_NT, SGMT_LS, SGMT_LL, SGTLVL_NT, PARSGMT_CF, BALAIMGT_CT, CRE_D, CREUSR_CF, LSTUPD_D, LSTUPDUSR_CF, timestamp) values (10000,310,1,'10000','Ppty Pro Rata',0,null,null,getDate(),'DBEU',getDate(),'DBEU',null)
insert into TSEGMENTRULE (SGTRUL_NT, SGMT_NF, SGT_NT, SGTVER_NT, RULE_LS, RULPRIO_CT, FUNCDEF_T, TECHDEF_T, CRE_D, CREUSR_CF, LSTUPD_D, LSTUPDUSR_CF, timestamp) values (1,10000,310,1,'',13,'LOB=''01'' AND CTR_TYPE=1 AND P_NP=''P''','StringUtils.equals(c.getLobCf(), "01") && IntegerUtils.equals(c.getCtrtypCt(), 1) && StringUtils.equals(c.getNatB(), "P")',getDate(),'DBEU',getDate(),'DBEU',null)
insert into TSEGMENTRULE2CRI (SGTRULE_NT, SGMT_NF, SGT_NT, SGTVER_NT, SGTCRI_CF, CRE_D, CREUSR_CF) values (1,10000,310,1,'LOB',getDate(),'DBEU')
insert into TSEGMENTRULE2CRI (SGTRULE_NT, SGMT_NF, SGT_NT, SGTVER_NT, SGTCRI_CF, CRE_D, CREUSR_CF) values (1,10000,310,1,'CTR_TYPE',getDate(),'DBEU')
insert into TSEGMENTRULE2CRI (SGTRULE_NT, SGMT_NF, SGT_NT, SGTVER_NT, SGTCRI_CF, CRE_D, CREUSR_CF) values (1,10000,310,1,'P_NP',getDate(),'DBEU')
insert into TSEGMENTRULE (SGTRUL_NT, SGMT_NF, SGT_NT, SGTVER_NT, RULE_LS, RULPRIO_CT, FUNCDEF_T, TECHDEF_T, CRE_D, CREUSR_CF, LSTUPD_D, LSTUPDUSR_CF, timestamp) values (2,10000,310,1,'',14,'LOB=''02'' AND CTR_TYPE=1 AND P_NP=''P''','StringUtils.equals(c.getLobCf(), "02") && IntegerUtils.equals(c.getCtrtypCt(), 1) && StringUtils.equals(c.getNatB(), "P")',getDate(),'DBEU',getDate(),'DBEU',null)
insert into TSEGMENTRULE2CRI (SGTRULE_NT, SGMT_NF, SGT_NT, SGTVER_NT, SGTCRI_CF, CRE_D, CREUSR_CF) values (2,10000,310,1,'LOB',getDate(),'DBEU')
insert into TSEGMENTRULE2CRI (SGTRULE_NT, SGMT_NF, SGT_NT, SGTVER_NT, SGTCRI_CF, CRE_D, CREUSR_CF) values (2,10000,310,1,'CTR_TYPE',getDate(),'DBEU')
insert into TSEGMENTRULE2CRI (SGTRULE_NT, SGMT_NF, SGT_NT, SGTVER_NT, SGTCRI_CF, CRE_D, CREUSR_CF) values (2,10000,310,1,'P_NP',getDate(),'DBEU')
insert into TSEGMENTRULE (SGTRUL_NT, SGMT_NF, SGT_NT, SGTVER_NT, RULE_LS, RULPRIO_CT, FUNCDEF_T, TECHDEF_T, CRE_D, CREUSR_CF, LSTUPD_D, LSTUPDUSR_CF, timestamp) values (3,10000,310,1,'',15,'LOB=''03'' AND CTR_TYPE=1 AND P_NP=''P''','StringUtils.equals(c.getLobCf(), "03") && IntegerUtils.equals(c.getCtrtypCt(), 1) && StringUtils.equals(c.getNatB(), "P")',getDate(),'DBEU',getDate(),'DBEU',null)
insert into TSEGMENTRULE2CRI (SGTRULE_NT, SGMT_NF, SGT_NT, SGTVER_NT, SGTCRI_CF, CRE_D, CREUSR_CF) values (3,10000,310,1,'LOB',getDate(),'DBEU')
insert into TSEGMENTRULE2CRI (SGTRULE_NT, SGMT_NF, SGT_NT, SGTVER_NT, SGTCRI_CF, CRE_D, CREUSR_CF) values (3,10000,310,1,'CTR_TYPE',getDate(),'DBEU')
insert into TSEGMENTRULE2CRI (SGTRULE_NT, SGMT_NF, SGT_NT, SGTVER_NT, SGTCRI_CF, CRE_D, CREUSR_CF) values (3,10000,310,1,'P_NP',getDate(),'DBEU')
insert into TSEGMENTRULE (SGTRUL_NT, SGMT_NF, SGT_NT, SGTVER_NT, RULE_LS, RULPRIO_CT, FUNCDEF_T, TECHDEF_T, CRE_D, CREUSR_CF, LSTUPD_D, LSTUPDUSR_CF, timestamp) values (4,10000,310,1,'',16,'LOB=''04'' AND CTR_TYPE=1 AND P_NP=''P''','StringUtils.equals(c.getLobCf(), "04") && IntegerUtils.equals(c.getCtrtypCt(), 1) && StringUtils.equals(c.getNatB(), "P")',getDate(),'DBEU',getDate(),'DBEU',null)
insert into TSEGMENTRULE2CRI (SGTRULE_NT, SGMT_NF, SGT_NT, SGTVER_NT, SGTCRI_CF, CRE_D, CREUSR_CF) values (4,10000,310,1,'LOB',getDate(),'DBEU')
insert into TSEGMENTRULE2CRI (SGTRULE_NT, SGMT_NF, SGT_NT, SGTVER_NT, SGTCRI_CF, CRE_D, CREUSR_CF) values (4,10000,310,1,'CTR_TYPE',getDate(),'DBEU')
insert into TSEGMENTRULE2CRI (SGTRULE_NT, SGMT_NF, SGT_NT, SGTVER_NT, SGTCRI_CF, CRE_D, CREUSR_CF) values (4,10000,310,1,'P_NP',getDate(),'DBEU')
insert into TSEGMENTRULE (SGTRUL_NT, SGMT_NF, SGT_NT, SGTVER_NT, RULE_LS, RULPRIO_CT, FUNCDEF_T, TECHDEF_T, CRE_D, CREUSR_CF, LSTUPD_D, LSTUPDUSR_CF, timestamp) values (5,10000,310,1,'',17,'LOB=''07'' AND CTR_TYPE=1 AND P_NP=''P''','StringUtils.equals(c.getLobCf(), "07") && IntegerUtils.equals(c.getCtrtypCt(), 1) && StringUtils.equals(c.getNatB(), "P")',getDate(),'DBEU',getDate(),'DBEU',null)
insert into TSEGMENTRULE2CRI (SGTRULE_NT, SGMT_NF, SGT_NT, SGTVER_NT, SGTCRI_CF, CRE_D, CREUSR_CF) values (5,10000,310,1,'LOB',getDate(),'DBEU')
insert into TSEGMENTRULE2CRI (SGTRULE_NT, SGMT_NF, SGT_NT, SGTVER_NT, SGTCRI_CF, CRE_D, CREUSR_CF) values (5,10000,310,1,'CTR_TYPE',getDate(),'DBEU')
insert into TSEGMENTRULE2CRI (SGTRULE_NT, SGMT_NF, SGT_NT, SGTVER_NT, SGTCRI_CF, CRE_D, CREUSR_CF) values (5,10000,310,1,'P_NP',getDate(),'DBEU')
insert into TSEGMENTRULE (SGTRUL_NT, SGMT_NF, SGT_NT, SGTVER_NT, RULE_LS, RULPRIO_CT, FUNCDEF_T, TECHDEF_T, CRE_D, CREUSR_CF, LSTUPD_D, LSTUPDUSR_CF, timestamp) values (6,10000,310,1,'',18,'LOB=''15'' AND CTR_TYPE=1 AND P_NP=''P''','StringUtils.equals(c.getLobCf(), "15") && IntegerUtils.equals(c.getCtrtypCt(), 1) && StringUtils.equals(c.getNatB(), "P")',getDate(),'DBEU',getDate(),'DBEU',null)
insert into TSEGMENTRULE2CRI (SGTRULE_NT, SGMT_NF, SGT_NT, SGTVER_NT, SGTCRI_CF, CRE_D, CREUSR_CF) values (6,10000,310,1,'LOB',getDate(),'DBEU')
insert into TSEGMENTRULE2CRI (SGTRULE_NT, SGMT_NF, SGT_NT, SGTVER_NT, SGTCRI_CF, CRE_D, CREUSR_CF) values (6,10000,310,1,'CTR_TYPE',getDate(),'DBEU')
insert into TSEGMENTRULE2CRI (SGTRULE_NT, SGMT_NF, SGT_NT, SGTVER_NT, SGTCRI_CF, CRE_D, CREUSR_CF) values (6,10000,310,1,'P_NP',getDate(),'DBEU')
insert into TSEGMENTRULE (SGTRUL_NT, SGMT_NF, SGT_NT, SGTVER_NT, RULE_LS, RULPRIO_CT, FUNCDEF_T, TECHDEF_T, CRE_D, CREUSR_CF, LSTUPD_D, LSTUPDUSR_CF, timestamp) values (7,10000,310,1,'',19,'LOB=''20'' AND CTR_TYPE=1 AND P_NP=''P''','StringUtils.equals(c.getLobCf(), "20") && IntegerUtils.equals(c.getCtrtypCt(), 1) && StringUtils.equals(c.getNatB(), "P")',getDate(),'DBEU',getDate(),'DBEU',null)
insert into TSEGMENTRULE2CRI (SGTRULE_NT, SGMT_NF, SGT_NT, SGTVER_NT, SGTCRI_CF, CRE_D, CREUSR_CF) values (7,10000,310,1,'LOB',getDate(),'DBEU')
insert into TSEGMENTRULE2CRI (SGTRULE_NT, SGMT_NF, SGT_NT, SGTVER_NT, SGTCRI_CF, CRE_D, CREUSR_CF) values (7,10000,310,1,'CTR_TYPE',getDate(),'DBEU')
insert into TSEGMENTRULE2CRI (SGTRULE_NT, SGMT_NF, SGT_NT, SGTVER_NT, SGTCRI_CF, CRE_D, CREUSR_CF) values (7,10000,310,1,'P_NP',getDate(),'DBEU')
go
insert into TSEGMT (SGMT_NF, SGT_NT, SGTVER_NT, SGMT_LS, SGMT_LL, SGTLVL_NT, PARSGMT_CF, BALAIMGT_CT, CRE_D, CREUSR_CF, LSTUPD_D, LSTUPDUSR_CF, timestamp) values (10010,310,1,'10010','Ppty Per Risk',0,null,null,getDate(),'DBEU',getDate(),'DBEU',null)
insert into TSEGMENTRULE (SGTRUL_NT, SGMT_NF, SGT_NT, SGTVER_NT, RULE_LS, RULPRIO_CT, FUNCDEF_T, TECHDEF_T, CRE_D, CREUSR_CF, LSTUPD_D, LSTUPDUSR_CF, timestamp) values (1,10010,310,1,'',35,'LOB=''01'' AND CTR_TYPE=1 AND WORKING_CAT=1 AND P_NP=''N''','StringUtils.equals(c.getLobCf(), "01") && IntegerUtils.equals(c.getCtrtypCt(), 1) && IntegerUtils.equals(c.getWrkcatCt(), 1) && StringUtils.equals(c.getNatB(), "N")',getDate(),'DBEU',getDate(),'DBEU',null)
insert into TSEGMENTRULE2CRI (SGTRULE_NT, SGMT_NF, SGT_NT, SGTVER_NT, SGTCRI_CF, CRE_D, CREUSR_CF) values (1,10010,310,1,'LOB',getDate(),'DBEU')
insert into TSEGMENTRULE2CRI (SGTRULE_NT, SGMT_NF, SGT_NT, SGTVER_NT, SGTCRI_CF, CRE_D, CREUSR_CF) values (1,10010,310,1,'WORKING_CAT',getDate(),'DBEU')
insert into TSEGMENTRULE2CRI (SGTRULE_NT, SGMT_NF, SGT_NT, SGTVER_NT, SGTCRI_CF, CRE_D, CREUSR_CF) values (1,10010,310,1,'CTR_TYPE',getDate(),'DBEU')
insert into TSEGMENTRULE2CRI (SGTRULE_NT, SGMT_NF, SGT_NT, SGTVER_NT, SGTCRI_CF, CRE_D, CREUSR_CF) values (1,10010,310,1,'P_NP',getDate(),'DBEU')
insert into TSEGMENTRULE (SGTRUL_NT, SGMT_NF, SGT_NT, SGTVER_NT, RULE_LS, RULPRIO_CT, FUNCDEF_T, TECHDEF_T, CRE_D, CREUSR_CF, LSTUPD_D, LSTUPDUSR_CF, timestamp) values (2,10010,310,1,'',36,'LOB=''02'' AND CTR_TYPE=1 AND WORKING_CAT=1 AND P_NP=''N''','StringUtils.equals(c.getLobCf(), "02") && IntegerUtils.equals(c.getCtrtypCt(), 1) && IntegerUtils.equals(c.getWrkcatCt(), 1) && StringUtils.equals(c.getNatB(), "N")',getDate(),'DBEU',getDate(),'DBEU',null)
insert into TSEGMENTRULE2CRI (SGTRULE_NT, SGMT_NF, SGT_NT, SGTVER_NT, SGTCRI_CF, CRE_D, CREUSR_CF) values (2,10010,310,1,'LOB',getDate(),'DBEU')
insert into TSEGMENTRULE2CRI (SGTRULE_NT, SGMT_NF, SGT_NT, SGTVER_NT, SGTCRI_CF, CRE_D, CREUSR_CF) values (2,10010,310,1,'WORKING_CAT',getDate(),'DBEU')
insert into TSEGMENTRULE2CRI (SGTRULE_NT, SGMT_NF, SGT_NT, SGTVER_NT, SGTCRI_CF, CRE_D, CREUSR_CF) values (2,10010,310,1,'CTR_TYPE',getDate(),'DBEU')
insert into TSEGMENTRULE2CRI (SGTRULE_NT, SGMT_NF, SGT_NT, SGTVER_NT, SGTCRI_CF, CRE_D, CREUSR_CF) values (2,10010,310,1,'P_NP',getDate(),'DBEU')
insert into TSEGMENTRULE (SGTRUL_NT, SGMT_NF, SGT_NT, SGTVER_NT, RULE_LS, RULPRIO_CT, FUNCDEF_T, TECHDEF_T, CRE_D, CREUSR_CF, LSTUPD_D, LSTUPDUSR_CF, timestamp) values (3,10010,310,1,'',37,'LOB=''03'' AND CTR_TYPE=1 AND WORKING_CAT=1 AND P_NP=''N''','StringUtils.equals(c.getLobCf(), "03") && IntegerUtils.equals(c.getCtrtypCt(), 1) && IntegerUtils.equals(c.getWrkcatCt(), 1) && StringUtils.equals(c.getNatB(), "N")',getDate(),'DBEU',getDate(),'DBEU',null)
insert into TSEGMENTRULE2CRI (SGTRULE_NT, SGMT_NF, SGT_NT, SGTVER_NT, SGTCRI_CF, CRE_D, CREUSR_CF) values (3,10010,310,1,'LOB',getDate(),'DBEU')
insert into TSEGMENTRULE2CRI (SGTRULE_NT, SGMT_NF, SGT_NT, SGTVER_NT, SGTCRI_CF, CRE_D, CREUSR_CF) values (3,10010,310,1,'WORKING_CAT',getDate(),'DBEU')
insert into TSEGMENTRULE2CRI (SGTRULE_NT, SGMT_NF, SGT_NT, SGTVER_NT, SGTCRI_CF, CRE_D, CREUSR_CF) values (3,10010,310,1,'CTR_TYPE',getDate(),'DBEU')
insert into TSEGMENTRULE2CRI (SGTRULE_NT, SGMT_NF, SGT_NT, SGTVER_NT, SGTCRI_CF, CRE_D, CREUSR_CF) values (3,10010,310,1,'P_NP',getDate(),'DBEU')
insert into TSEGMENTRULE (SGTRUL_NT, SGMT_NF, SGT_NT, SGTVER_NT, RULE_LS, RULPRIO_CT, FUNCDEF_T, TECHDEF_T, CRE_D, CREUSR_CF, LSTUPD_D, LSTUPDUSR_CF, timestamp) values (4,10010,310,1,'',38,'LOB=''04'' AND CTR_TYPE=1 AND WORKING_CAT=1 AND P_NP=''N''','StringUtils.equals(c.getLobCf(), "04") && IntegerUtils.equals(c.getCtrtypCt(), 1) && IntegerUtils.equals(c.getWrkcatCt(), 1) && StringUtils.equals(c.getNatB(), "N")',getDate(),'DBEU',getDate(),'DBEU',null)
insert into TSEGMENTRULE2CRI (SGTRULE_NT, SGMT_NF, SGT_NT, SGTVER_NT, SGTCRI_CF, CRE_D, CREUSR_CF) values (4,10010,310,1,'LOB',getDate(),'DBEU')
insert into TSEGMENTRULE2CRI (SGTRULE_NT, SGMT_NF, SGT_NT, SGTVER_NT, SGTCRI_CF, CRE_D, CREUSR_CF) values (4,10010,310,1,'WORKING_CAT',getDate(),'DBEU')
insert into TSEGMENTRULE2CRI (SGTRULE_NT, SGMT_NF, SGT_NT, SGTVER_NT, SGTCRI_CF, CRE_D, CREUSR_CF) values (4,10010,310,1,'CTR_TYPE',getDate(),'DBEU')
insert into TSEGMENTRULE2CRI (SGTRULE_NT, SGMT_NF, SGT_NT, SGTVER_NT, SGTCRI_CF, CRE_D, CREUSR_CF) values (4,10010,310,1,'P_NP',getDate(),'DBEU')
insert into TSEGMENTRULE (SGTRUL_NT, SGMT_NF, SGT_NT, SGTVER_NT, RULE_LS, RULPRIO_CT, FUNCDEF_T, TECHDEF_T, CRE_D, CREUSR_CF, LSTUPD_D, LSTUPDUSR_CF, timestamp) values (5,10010,310,1,'',39,'LOB=''07'' AND CTR_TYPE=1 AND WORKING_CAT=1 AND P_NP=''N''','StringUtils.equals(c.getLobCf(), "07") && IntegerUtils.equals(c.getCtrtypCt(), 1) && IntegerUtils.equals(c.getWrkcatCt(), 1) && StringUtils.equals(c.getNatB(), "N")',getDate(),'DBEU',getDate(),'DBEU',null)
insert into TSEGMENTRULE2CRI (SGTRULE_NT, SGMT_NF, SGT_NT, SGTVER_NT, SGTCRI_CF, CRE_D, CREUSR_CF) values (5,10010,310,1,'LOB',getDate(),'DBEU')
insert into TSEGMENTRULE2CRI (SGTRULE_NT, SGMT_NF, SGT_NT, SGTVER_NT, SGTCRI_CF, CRE_D, CREUSR_CF) values (5,10010,310,1,'WORKING_CAT',getDate(),'DBEU')
insert into TSEGMENTRULE2CRI (SGTRULE_NT, SGMT_NF, SGT_NT, SGTVER_NT, SGTCRI_CF, CRE_D, CREUSR_CF) values (5,10010,310,1,'CTR_TYPE',getDate(),'DBEU')
insert into TSEGMENTRULE2CRI (SGTRULE_NT, SGMT_NF, SGT_NT, SGTVER_NT, SGTCRI_CF, CRE_D, CREUSR_CF) values (5,10010,310,1,'P_NP',getDate(),'DBEU')
insert into TSEGMENTRULE (SGTRUL_NT, SGMT_NF, SGT_NT, SGTVER_NT, RULE_LS, RULPRIO_CT, FUNCDEF_T, TECHDEF_T, CRE_D, CREUSR_CF, LSTUPD_D, LSTUPDUSR_CF, timestamp) values (6,10010,310,1,'',40,'LOB=''15'' AND CTR_TYPE=1 AND WORKING_CAT=1 AND P_NP=''N''','StringUtils.equals(c.getLobCf(), "15") && IntegerUtils.equals(c.getCtrtypCt(), 1) && IntegerUtils.equals(c.getWrkcatCt(), 1) && StringUtils.equals(c.getNatB(), "N")',getDate(),'DBEU',getDate(),'DBEU',null)
insert into TSEGMENTRULE2CRI (SGTRULE_NT, SGMT_NF, SGT_NT, SGTVER_NT, SGTCRI_CF, CRE_D, CREUSR_CF) values (6,10010,310,1,'LOB',getDate(),'DBEU')
insert into TSEGMENTRULE2CRI (SGTRULE_NT, SGMT_NF, SGT_NT, SGTVER_NT, SGTCRI_CF, CRE_D, CREUSR_CF) values (6,10010,310,1,'WORKING_CAT',getDate(),'DBEU')
insert into TSEGMENTRULE2CRI (SGTRULE_NT, SGMT_NF, SGT_NT, SGTVER_NT, SGTCRI_CF, CRE_D, CREUSR_CF) values (6,10010,310,1,'CTR_TYPE',getDate(),'DBEU')
insert into TSEGMENTRULE2CRI (SGTRULE_NT, SGMT_NF, SGT_NT, SGTVER_NT, SGTCRI_CF, CRE_D, CREUSR_CF) values (6,10010,310,1,'P_NP',getDate(),'DBEU')
insert into TSEGMENTRULE (SGTRUL_NT, SGMT_NF, SGT_NT, SGTVER_NT, RULE_LS, RULPRIO_CT, FUNCDEF_T, TECHDEF_T, CRE_D, CREUSR_CF, LSTUPD_D, LSTUPDUSR_CF, timestamp) values (7,10010,310,1,'',41,'LOB=''20'' AND CTR_TYPE=1 AND WORKING_CAT=1 AND P_NP=''N''','StringUtils.equals(c.getLobCf(), "20") && IntegerUtils.equals(c.getCtrtypCt(), 1) && IntegerUtils.equals(c.getWrkcatCt(), 1) && StringUtils.equals(c.getNatB(), "N")',getDate(),'DBEU',getDate(),'DBEU',null)
insert into TSEGMENTRULE2CRI (SGTRULE_NT, SGMT_NF, SGT_NT, SGTVER_NT, SGTCRI_CF, CRE_D, CREUSR_CF) values (7,10010,310,1,'LOB',getDate(),'DBEU')
insert into TSEGMENTRULE2CRI (SGTRULE_NT, SGMT_NF, SGT_NT, SGTVER_NT, SGTCRI_CF, CRE_D, CREUSR_CF) values (7,10010,310,1,'WORKING_CAT',getDate(),'DBEU')
insert into TSEGMENTRULE2CRI (SGTRULE_NT, SGMT_NF, SGT_NT, SGTVER_NT, SGTCRI_CF, CRE_D, CREUSR_CF) values (7,10010,310,1,'CTR_TYPE',getDate(),'DBEU')
insert into TSEGMENTRULE2CRI (SGTRULE_NT, SGMT_NF, SGT_NT, SGTVER_NT, SGTCRI_CF, CRE_D, CREUSR_CF) values (7,10010,310,1,'P_NP',getDate(),'DBEU')
insert into TSEGMENTRULE (SGTRUL_NT, SGMT_NF, SGT_NT, SGTVER_NT, RULE_LS, RULPRIO_CT, FUNCDEF_T, TECHDEF_T, CRE_D, CREUSR_CF, LSTUPD_D, LSTUPDUSR_CF, timestamp) values (8,10010,310,1,'',42,'LOB=''01'' AND CTR_TYPE=1 AND P_NP=''N''','StringUtils.equals(c.getLobCf(), "01") && IntegerUtils.equals(c.getCtrtypCt(), 1) && StringUtils.equals(c.getNatB(), "N")',getDate(),'DBEU',getDate(),'DBEU',null)
insert into TSEGMENTRULE2CRI (SGTRULE_NT, SGMT_NF, SGT_NT, SGTVER_NT, SGTCRI_CF, CRE_D, CREUSR_CF) values (8,10010,310,1,'LOB',getDate(),'DBEU')
insert into TSEGMENTRULE2CRI (SGTRULE_NT, SGMT_NF, SGT_NT, SGTVER_NT, SGTCRI_CF, CRE_D, CREUSR_CF) values (8,10010,310,1,'CTR_TYPE',getDate(),'DBEU')
insert into TSEGMENTRULE2CRI (SGTRULE_NT, SGMT_NF, SGT_NT, SGTVER_NT, SGTCRI_CF, CRE_D, CREUSR_CF) values (8,10010,310,1,'P_NP',getDate(),'DBEU')
insert into TSEGMENTRULE (SGTRUL_NT, SGMT_NF, SGT_NT, SGTVER_NT, RULE_LS, RULPRIO_CT, FUNCDEF_T, TECHDEF_T, CRE_D, CREUSR_CF, LSTUPD_D, LSTUPDUSR_CF, timestamp) values (9,10010,310,1,'',43,'LOB=''02'' AND CTR_TYPE=1 AND P_NP=''N''','StringUtils.equals(c.getLobCf(), "02") && IntegerUtils.equals(c.getCtrtypCt(), 1) && StringUtils.equals(c.getNatB(), "N")',getDate(),'DBEU',getDate(),'DBEU',null)
insert into TSEGMENTRULE2CRI (SGTRULE_NT, SGMT_NF, SGT_NT, SGTVER_NT, SGTCRI_CF, CRE_D, CREUSR_CF) values (9,10010,310,1,'LOB',getDate(),'DBEU')
insert into TSEGMENTRULE2CRI (SGTRULE_NT, SGMT_NF, SGT_NT, SGTVER_NT, SGTCRI_CF, CRE_D, CREUSR_CF) values (9,10010,310,1,'CTR_TYPE',getDate(),'DBEU')
insert into TSEGMENTRULE2CRI (SGTRULE_NT, SGMT_NF, SGT_NT, SGTVER_NT, SGTCRI_CF, CRE_D, CREUSR_CF) values (9,10010,310,1,'P_NP',getDate(),'DBEU')
insert into TSEGMENTRULE (SGTRUL_NT, SGMT_NF, SGT_NT, SGTVER_NT, RULE_LS, RULPRIO_CT, FUNCDEF_T, TECHDEF_T, CRE_D, CREUSR_CF, LSTUPD_D, LSTUPDUSR_CF, timestamp) values (10,10010,310,1,'',44,'LOB=''03'' AND CTR_TYPE=1 AND P_NP=''N''','StringUtils.equals(c.getLobCf(), "03") && IntegerUtils.equals(c.getCtrtypCt(), 1) && StringUtils.equals(c.getNatB(), "N")',getDate(),'DBEU',getDate(),'DBEU',null)
insert into TSEGMENTRULE2CRI (SGTRULE_NT, SGMT_NF, SGT_NT, SGTVER_NT, SGTCRI_CF, CRE_D, CREUSR_CF) values (10,10010,310,1,'LOB',getDate(),'DBEU')
insert into TSEGMENTRULE2CRI (SGTRULE_NT, SGMT_NF, SGT_NT, SGTVER_NT, SGTCRI_CF, CRE_D, CREUSR_CF) values (10,10010,310,1,'CTR_TYPE',getDate(),'DBEU')
insert into TSEGMENTRULE2CRI (SGTRULE_NT, SGMT_NF, SGT_NT, SGTVER_NT, SGTCRI_CF, CRE_D, CREUSR_CF) values (10,10010,310,1,'P_NP',getDate(),'DBEU')
insert into TSEGMENTRULE (SGTRUL_NT, SGMT_NF, SGT_NT, SGTVER_NT, RULE_LS, RULPRIO_CT, FUNCDEF_T, TECHDEF_T, CRE_D, CREUSR_CF, LSTUPD_D, LSTUPDUSR_CF, timestamp) values (11,10010,310,1,'',45,'LOB=''04'' AND CTR_TYPE=1 AND P_NP=''N''','StringUtils.equals(c.getLobCf(), "04") && IntegerUtils.equals(c.getCtrtypCt(), 1) && StringUtils.equals(c.getNatB(), "N")',getDate(),'DBEU',getDate(),'DBEU',null)
insert into TSEGMENTRULE2CRI (SGTRULE_NT, SGMT_NF, SGT_NT, SGTVER_NT, SGTCRI_CF, CRE_D, CREUSR_CF) values (11,10010,310,1,'LOB',getDate(),'DBEU')
insert into TSEGMENTRULE2CRI (SGTRULE_NT, SGMT_NF, SGT_NT, SGTVER_NT, SGTCRI_CF, CRE_D, CREUSR_CF) values (11,10010,310,1,'CTR_TYPE',getDate(),'DBEU')
insert into TSEGMENTRULE2CRI (SGTRULE_NT, SGMT_NF, SGT_NT, SGTVER_NT, SGTCRI_CF, CRE_D, CREUSR_CF) values (11,10010,310,1,'P_NP',getDate(),'DBEU')
insert into TSEGMENTRULE (SGTRUL_NT, SGMT_NF, SGT_NT, SGTVER_NT, RULE_LS, RULPRIO_CT, FUNCDEF_T, TECHDEF_T, CRE_D, CREUSR_CF, LSTUPD_D, LSTUPDUSR_CF, timestamp) values (12,10010,310,1,'',46,'LOB=''07'' AND CTR_TYPE=1 AND P_NP=''N''','StringUtils.equals(c.getLobCf(), "07") && IntegerUtils.equals(c.getCtrtypCt(), 1) && StringUtils.equals(c.getNatB(), "N")',getDate(),'DBEU',getDate(),'DBEU',null)
insert into TSEGMENTRULE2CRI (SGTRULE_NT, SGMT_NF, SGT_NT, SGTVER_NT, SGTCRI_CF, CRE_D, CREUSR_CF) values (12,10010,310,1,'LOB',getDate(),'DBEU')
insert into TSEGMENTRULE2CRI (SGTRULE_NT, SGMT_NF, SGT_NT, SGTVER_NT, SGTCRI_CF, CRE_D, CREUSR_CF) values (12,10010,310,1,'CTR_TYPE',getDate(),'DBEU')
insert into TSEGMENTRULE2CRI (SGTRULE_NT, SGMT_NF, SGT_NT, SGTVER_NT, SGTCRI_CF, CRE_D, CREUSR_CF) values (12,10010,310,1,'P_NP',getDate(),'DBEU')
insert into TSEGMENTRULE (SGTRUL_NT, SGMT_NF, SGT_NT, SGTVER_NT, RULE_LS, RULPRIO_CT, FUNCDEF_T, TECHDEF_T, CRE_D, CREUSR_CF, LSTUPD_D, LSTUPDUSR_CF, timestamp) values (13,10010,310,1,'',47,'LOB=''15'' AND CTR_TYPE=1 AND P_NP=''N''','StringUtils.equals(c.getLobCf(), "15") && IntegerUtils.equals(c.getCtrtypCt(), 1) && StringUtils.equals(c.getNatB(), "N")',getDate(),'DBEU',getDate(),'DBEU',null)
insert into TSEGMENTRULE2CRI (SGTRULE_NT, SGMT_NF, SGT_NT, SGTVER_NT, SGTCRI_CF, CRE_D, CREUSR_CF) values (13,10010,310,1,'LOB',getDate(),'DBEU')
insert into TSEGMENTRULE2CRI (SGTRULE_NT, SGMT_NF, SGT_NT, SGTVER_NT, SGTCRI_CF, CRE_D, CREUSR_CF) values (13,10010,310,1,'CTR_TYPE',getDate(),'DBEU')
insert into TSEGMENTRULE2CRI (SGTRULE_NT, SGMT_NF, SGT_NT, SGTVER_NT, SGTCRI_CF, CRE_D, CREUSR_CF) values (13,10010,310,1,'P_NP',getDate(),'DBEU')
insert into TSEGMENTRULE (SGTRUL_NT, SGMT_NF, SGT_NT, SGTVER_NT, RULE_LS, RULPRIO_CT, FUNCDEF_T, TECHDEF_T, CRE_D, CREUSR_CF, LSTUPD_D, LSTUPDUSR_CF, timestamp) values (14,10010,310,1,'',48,'LOB=''20'' AND CTR_TYPE=1 AND P_NP=''N''','StringUtils.equals(c.getLobCf(), "20") && IntegerUtils.equals(c.getCtrtypCt(), 1) && StringUtils.equals(c.getNatB(), "N")',getDate(),'DBEU',getDate(),'DBEU',null)
insert into TSEGMENTRULE2CRI (SGTRULE_NT, SGMT_NF, SGT_NT, SGTVER_NT, SGTCRI_CF, CRE_D, CREUSR_CF) values (14,10010,310,1,'LOB',getDate(),'DBEU')
insert into TSEGMENTRULE2CRI (SGTRULE_NT, SGMT_NF, SGT_NT, SGTVER_NT, SGTCRI_CF, CRE_D, CREUSR_CF) values (14,10010,310,1,'CTR_TYPE',getDate(),'DBEU')
insert into TSEGMENTRULE2CRI (SGTRULE_NT, SGMT_NF, SGT_NT, SGTVER_NT, SGTCRI_CF, CRE_D, CREUSR_CF) values (14,10010,310,1,'P_NP',getDate(),'DBEU')
go
insert into TSEGMT (SGMT_NF, SGT_NT, SGTVER_NT, SGMT_LS, SGMT_LL, SGTLVL_NT, PARSGMT_CF, BALAIMGT_CT, CRE_D, CREUSR_CF, LSTUPD_D, LSTUPDUSR_CF, timestamp) values (10020,310,1,'10020','Ppty Catastrophe',0,null,null,getDate(),'DBEU',getDate(),'DBEU',null)
insert into TSEGMENTRULE (SGTRUL_NT, SGMT_NF, SGT_NT, SGTVER_NT, RULE_LS, RULPRIO_CT, FUNCDEF_T, TECHDEF_T, CRE_D, CREUSR_CF, LSTUPD_D, LSTUPDUSR_CF, timestamp) values (1,10020,310,1,'',49,'LOB=''01'' AND CTR_TYPE=1 AND WORKING_CAT=2 AND P_NP=''N''','StringUtils.equals(c.getLobCf(), "01") && IntegerUtils.equals(c.getCtrtypCt(), 1) && IntegerUtils.equals(c.getWrkcatCt(), 2) && StringUtils.equals(c.getNatB(), "N")',getDate(),'DBEU',getDate(),'DBEU',null)
insert into TSEGMENTRULE2CRI (SGTRULE_NT, SGMT_NF, SGT_NT, SGTVER_NT, SGTCRI_CF, CRE_D, CREUSR_CF) values (1,10020,310,1,'LOB',getDate(),'DBEU')
insert into TSEGMENTRULE2CRI (SGTRULE_NT, SGMT_NF, SGT_NT, SGTVER_NT, SGTCRI_CF, CRE_D, CREUSR_CF) values (1,10020,310,1,'WORKING_CAT',getDate(),'DBEU')
insert into TSEGMENTRULE2CRI (SGTRULE_NT, SGMT_NF, SGT_NT, SGTVER_NT, SGTCRI_CF, CRE_D, CREUSR_CF) values (1,10020,310,1,'CTR_TYPE',getDate(),'DBEU')
insert into TSEGMENTRULE2CRI (SGTRULE_NT, SGMT_NF, SGT_NT, SGTVER_NT, SGTCRI_CF, CRE_D, CREUSR_CF) values (1,10020,310,1,'P_NP',getDate(),'DBEU')
insert into TSEGMENTRULE (SGTRUL_NT, SGMT_NF, SGT_NT, SGTVER_NT, RULE_LS, RULPRIO_CT, FUNCDEF_T, TECHDEF_T, CRE_D, CREUSR_CF, LSTUPD_D, LSTUPDUSR_CF, timestamp) values (2,10020,310,1,'',50,'LOB=''02'' AND CTR_TYPE=1 AND WORKING_CAT=2 AND P_NP=''N''','StringUtils.equals(c.getLobCf(), "02") && IntegerUtils.equals(c.getCtrtypCt(), 1) && IntegerUtils.equals(c.getWrkcatCt(), 2) && StringUtils.equals(c.getNatB(), "N")',getDate(),'DBEU',getDate(),'DBEU',null)
insert into TSEGMENTRULE2CRI (SGTRULE_NT, SGMT_NF, SGT_NT, SGTVER_NT, SGTCRI_CF, CRE_D, CREUSR_CF) values (2,10020,310,1,'LOB',getDate(),'DBEU')
insert into TSEGMENTRULE2CRI (SGTRULE_NT, SGMT_NF, SGT_NT, SGTVER_NT, SGTCRI_CF, CRE_D, CREUSR_CF) values (2,10020,310,1,'WORKING_CAT',getDate(),'DBEU')
insert into TSEGMENTRULE2CRI (SGTRULE_NT, SGMT_NF, SGT_NT, SGTVER_NT, SGTCRI_CF, CRE_D, CREUSR_CF) values (2,10020,310,1,'CTR_TYPE',getDate(),'DBEU')
insert into TSEGMENTRULE2CRI (SGTRULE_NT, SGMT_NF, SGT_NT, SGTVER_NT, SGTCRI_CF, CRE_D, CREUSR_CF) values (2,10020,310,1,'P_NP',getDate(),'DBEU')
insert into TSEGMENTRULE (SGTRUL_NT, SGMT_NF, SGT_NT, SGTVER_NT, RULE_LS, RULPRIO_CT, FUNCDEF_T, TECHDEF_T, CRE_D, CREUSR_CF, LSTUPD_D, LSTUPDUSR_CF, timestamp) values (3,10020,310,1,'',51,'LOB=''03'' AND CTR_TYPE=1 AND WORKING_CAT=2 AND P_NP=''N''','StringUtils.equals(c.getLobCf(), "03") && IntegerUtils.equals(c.getCtrtypCt(), 1) && IntegerUtils.equals(c.getWrkcatCt(), 2) && StringUtils.equals(c.getNatB(), "N")',getDate(),'DBEU',getDate(),'DBEU',null)
insert into TSEGMENTRULE2CRI (SGTRULE_NT, SGMT_NF, SGT_NT, SGTVER_NT, SGTCRI_CF, CRE_D, CREUSR_CF) values (3,10020,310,1,'LOB',getDate(),'DBEU')
insert into TSEGMENTRULE2CRI (SGTRULE_NT, SGMT_NF, SGT_NT, SGTVER_NT, SGTCRI_CF, CRE_D, CREUSR_CF) values (3,10020,310,1,'WORKING_CAT',getDate(),'DBEU')
insert into TSEGMENTRULE2CRI (SGTRULE_NT, SGMT_NF, SGT_NT, SGTVER_NT, SGTCRI_CF, CRE_D, CREUSR_CF) values (3,10020,310,1,'CTR_TYPE',getDate(),'DBEU')
insert into TSEGMENTRULE2CRI (SGTRULE_NT, SGMT_NF, SGT_NT, SGTVER_NT, SGTCRI_CF, CRE_D, CREUSR_CF) values (3,10020,310,1,'P_NP',getDate(),'DBEU')
insert into TSEGMENTRULE (SGTRUL_NT, SGMT_NF, SGT_NT, SGTVER_NT, RULE_LS, RULPRIO_CT, FUNCDEF_T, TECHDEF_T, CRE_D, CREUSR_CF, LSTUPD_D, LSTUPDUSR_CF, timestamp) values (4,10020,310,1,'',52,'LOB=''04'' AND CTR_TYPE=1 AND WORKING_CAT=2 AND P_NP=''N''','StringUtils.equals(c.getLobCf(), "04") && IntegerUtils.equals(c.getCtrtypCt(), 1) && IntegerUtils.equals(c.getWrkcatCt(), 2) && StringUtils.equals(c.getNatB(), "N")',getDate(),'DBEU',getDate(),'DBEU',null)
insert into TSEGMENTRULE2CRI (SGTRULE_NT, SGMT_NF, SGT_NT, SGTVER_NT, SGTCRI_CF, CRE_D, CREUSR_CF) values (4,10020,310,1,'LOB',getDate(),'DBEU')
insert into TSEGMENTRULE2CRI (SGTRULE_NT, SGMT_NF, SGT_NT, SGTVER_NT, SGTCRI_CF, CRE_D, CREUSR_CF) values (4,10020,310,1,'WORKING_CAT',getDate(),'DBEU')
insert into TSEGMENTRULE2CRI (SGTRULE_NT, SGMT_NF, SGT_NT, SGTVER_NT, SGTCRI_CF, CRE_D, CREUSR_CF) values (4,10020,310,1,'CTR_TYPE',getDate(),'DBEU')
insert into TSEGMENTRULE2CRI (SGTRULE_NT, SGMT_NF, SGT_NT, SGTVER_NT, SGTCRI_CF, CRE_D, CREUSR_CF) values (4,10020,310,1,'P_NP',getDate(),'DBEU')
insert into TSEGMENTRULE (SGTRUL_NT, SGMT_NF, SGT_NT, SGTVER_NT, RULE_LS, RULPRIO_CT, FUNCDEF_T, TECHDEF_T, CRE_D, CREUSR_CF, LSTUPD_D, LSTUPDUSR_CF, timestamp) values (5,10020,310,1,'',53,'LOB=''07'' AND CTR_TYPE=1 AND WORKING_CAT=2 AND P_NP=''N''','StringUtils.equals(c.getLobCf(), "07") && IntegerUtils.equals(c.getCtrtypCt(), 1) && IntegerUtils.equals(c.getWrkcatCt(), 2) && StringUtils.equals(c.getNatB(), "N")',getDate(),'DBEU',getDate(),'DBEU',null)
insert into TSEGMENTRULE2CRI (SGTRULE_NT, SGMT_NF, SGT_NT, SGTVER_NT, SGTCRI_CF, CRE_D, CREUSR_CF) values (5,10020,310,1,'LOB',getDate(),'DBEU')
insert into TSEGMENTRULE2CRI (SGTRULE_NT, SGMT_NF, SGT_NT, SGTVER_NT, SGTCRI_CF, CRE_D, CREUSR_CF) values (5,10020,310,1,'WORKING_CAT',getDate(),'DBEU')
insert into TSEGMENTRULE2CRI (SGTRULE_NT, SGMT_NF, SGT_NT, SGTVER_NT, SGTCRI_CF, CRE_D, CREUSR_CF) values (5,10020,310,1,'CTR_TYPE',getDate(),'DBEU')
insert into TSEGMENTRULE2CRI (SGTRULE_NT, SGMT_NF, SGT_NT, SGTVER_NT, SGTCRI_CF, CRE_D, CREUSR_CF) values (5,10020,310,1,'P_NP',getDate(),'DBEU')
insert into TSEGMENTRULE (SGTRUL_NT, SGMT_NF, SGT_NT, SGTVER_NT, RULE_LS, RULPRIO_CT, FUNCDEF_T, TECHDEF_T, CRE_D, CREUSR_CF, LSTUPD_D, LSTUPDUSR_CF, timestamp) values (6,10020,310,1,'',54,'LOB=''15'' AND CTR_TYPE=1 AND WORKING_CAT=2 AND P_NP=''N''','StringUtils.equals(c.getLobCf(), "15") && IntegerUtils.equals(c.getCtrtypCt(), 1) && IntegerUtils.equals(c.getWrkcatCt(), 2) && StringUtils.equals(c.getNatB(), "N")',getDate(),'DBEU',getDate(),'DBEU',null)
insert into TSEGMENTRULE2CRI (SGTRULE_NT, SGMT_NF, SGT_NT, SGTVER_NT, SGTCRI_CF, CRE_D, CREUSR_CF) values (6,10020,310,1,'LOB',getDate(),'DBEU')
insert into TSEGMENTRULE2CRI (SGTRULE_NT, SGMT_NF, SGT_NT, SGTVER_NT, SGTCRI_CF, CRE_D, CREUSR_CF) values (6,10020,310,1,'WORKING_CAT',getDate(),'DBEU')
insert into TSEGMENTRULE2CRI (SGTRULE_NT, SGMT_NF, SGT_NT, SGTVER_NT, SGTCRI_CF, CRE_D, CREUSR_CF) values (6,10020,310,1,'CTR_TYPE',getDate(),'DBEU')
insert into TSEGMENTRULE2CRI (SGTRULE_NT, SGMT_NF, SGT_NT, SGTVER_NT, SGTCRI_CF, CRE_D, CREUSR_CF) values (6,10020,310,1,'P_NP',getDate(),'DBEU')
insert into TSEGMENTRULE (SGTRUL_NT, SGMT_NF, SGT_NT, SGTVER_NT, RULE_LS, RULPRIO_CT, FUNCDEF_T, TECHDEF_T, CRE_D, CREUSR_CF, LSTUPD_D, LSTUPDUSR_CF, timestamp) values (7,10020,310,1,'',55,'LOB=''20'' AND CTR_TYPE=1 AND WORKING_CAT=2 AND P_NP=''N''','StringUtils.equals(c.getLobCf(), "20") && IntegerUtils.equals(c.getCtrtypCt(), 1) && IntegerUtils.equals(c.getWrkcatCt(), 2) && StringUtils.equals(c.getNatB(), "N")',getDate(),'DBEU',getDate(),'DBEU',null)
insert into TSEGMENTRULE2CRI (SGTRULE_NT, SGMT_NF, SGT_NT, SGTVER_NT, SGTCRI_CF, CRE_D, CREUSR_CF) values (7,10020,310,1,'LOB',getDate(),'DBEU')
insert into TSEGMENTRULE2CRI (SGTRULE_NT, SGMT_NF, SGT_NT, SGTVER_NT, SGTCRI_CF, CRE_D, CREUSR_CF) values (7,10020,310,1,'WORKING_CAT',getDate(),'DBEU')
insert into TSEGMENTRULE2CRI (SGTRULE_NT, SGMT_NF, SGT_NT, SGTVER_NT, SGTCRI_CF, CRE_D, CREUSR_CF) values (7,10020,310,1,'CTR_TYPE',getDate(),'DBEU')
insert into TSEGMENTRULE2CRI (SGTRULE_NT, SGMT_NF, SGT_NT, SGTVER_NT, SGTCRI_CF, CRE_D, CREUSR_CF) values (7,10020,310,1,'P_NP',getDate(),'DBEU')
go
insert into TSEGMT (SGMT_NF, SGT_NT, SGTVER_NT, SGMT_LS, SGMT_LL, SGTLVL_NT, PARSGMT_CF, BALAIMGT_CT, CRE_D, CREUSR_CF, LSTUPD_D, LSTUPDUSR_CF, timestamp) values (10030,310,1,'10030','Cslty Pro Rata',0,null,null,getDate(),'DBEU',getDate(),'DBEU',null)
insert into TSEGMENTRULE (SGTRUL_NT, SGMT_NF, SGT_NT, SGTVER_NT, RULE_LS, RULPRIO_CT, FUNCDEF_T, TECHDEF_T, CRE_D, CREUSR_CF, LSTUPD_D, LSTUPDUSR_CF, timestamp) values (1,10030,310,1,'',20,'LOB=''12'' AND CTR_TYPE=1 AND P_NP=''P''','StringUtils.equals(c.getLobCf(), "12") && IntegerUtils.equals(c.getCtrtypCt(), 1) && StringUtils.equals(c.getNatB(), "P")',getDate(),'DBEU',getDate(),'DBEU',null)
insert into TSEGMENTRULE2CRI (SGTRULE_NT, SGMT_NF, SGT_NT, SGTVER_NT, SGTCRI_CF, CRE_D, CREUSR_CF) values (1,10030,310,1,'LOB',getDate(),'DBEU')
insert into TSEGMENTRULE2CRI (SGTRULE_NT, SGMT_NF, SGT_NT, SGTVER_NT, SGTCRI_CF, CRE_D, CREUSR_CF) values (1,10030,310,1,'CTR_TYPE',getDate(),'DBEU')
insert into TSEGMENTRULE2CRI (SGTRULE_NT, SGMT_NF, SGT_NT, SGTVER_NT, SGTCRI_CF, CRE_D, CREUSR_CF) values (1,10030,310,1,'P_NP',getDate(),'DBEU')
go
insert into TSEGMT (SGMT_NF, SGT_NT, SGTVER_NT, SGMT_LS, SGMT_LL, SGTLVL_NT, PARSGMT_CF, BALAIMGT_CT, CRE_D, CREUSR_CF, LSTUPD_D, LSTUPDUSR_CF, timestamp) values (10040,310,1,'10040','Cslty Per Risk',0,null,null,getDate(),'DBEU',getDate(),'DBEU',null)
insert into TSEGMENTRULE (SGTRUL_NT, SGMT_NF, SGT_NT, SGTVER_NT, RULE_LS, RULPRIO_CT, FUNCDEF_T, TECHDEF_T, CRE_D, CREUSR_CF, LSTUPD_D, LSTUPDUSR_CF, timestamp) values (1,10040,310,1,'',56,'LOB=''12'' AND CTR_TYPE=1 AND P_NP=''N''','StringUtils.equals(c.getLobCf(), "12") && IntegerUtils.equals(c.getCtrtypCt(), 1) && StringUtils.equals(c.getNatB(), "N")',getDate(),'DBEU',getDate(),'DBEU',null)
insert into TSEGMENTRULE2CRI (SGTRULE_NT, SGMT_NF, SGT_NT, SGTVER_NT, SGTCRI_CF, CRE_D, CREUSR_CF) values (1,10040,310,1,'LOB',getDate(),'DBEU')
insert into TSEGMENTRULE2CRI (SGTRULE_NT, SGMT_NF, SGT_NT, SGTVER_NT, SGTCRI_CF, CRE_D, CREUSR_CF) values (1,10040,310,1,'CTR_TYPE',getDate(),'DBEU')
insert into TSEGMENTRULE2CRI (SGTRULE_NT, SGMT_NF, SGT_NT, SGTVER_NT, SGTCRI_CF, CRE_D, CREUSR_CF) values (1,10040,310,1,'P_NP',getDate(),'DBEU')
go
insert into TSEGMT (SGMT_NF, SGT_NT, SGTVER_NT, SGMT_LS, SGMT_LL, SGTLVL_NT, PARSGMT_CF, BALAIMGT_CT, CRE_D, CREUSR_CF, LSTUPD_D, LSTUPDUSR_CF, timestamp) values (10050,310,1,'10050','W. Comp Per Risk',0,null,null,getDate(),'DBEU',getDate(),'DBEU',null)
insert into TSEGMENTRULE (SGTRUL_NT, SGMT_NF, SGT_NT, SGTVER_NT, RULE_LS, RULPRIO_CT, FUNCDEF_T, TECHDEF_T, CRE_D, CREUSR_CF, LSTUPD_D, LSTUPDUSR_CF, timestamp) values (1,10050,310,1,'',57,'LOB=''13'' AND CTR_TYPE=1 AND P_NP=''N''','StringUtils.equals(c.getLobCf(), "13") && IntegerUtils.equals(c.getCtrtypCt(), 1) && StringUtils.equals(c.getNatB(), "N")',getDate(),'DBEU',getDate(),'DBEU',null)
insert into TSEGMENTRULE2CRI (SGTRULE_NT, SGMT_NF, SGT_NT, SGTVER_NT, SGTCRI_CF, CRE_D, CREUSR_CF) values (1,10050,310,1,'LOB',getDate(),'DBEU')
insert into TSEGMENTRULE2CRI (SGTRULE_NT, SGMT_NF, SGT_NT, SGTVER_NT, SGTCRI_CF, CRE_D, CREUSR_CF) values (1,10050,310,1,'CTR_TYPE',getDate(),'DBEU')
insert into TSEGMENTRULE2CRI (SGTRULE_NT, SGMT_NF, SGT_NT, SGTVER_NT, SGTCRI_CF, CRE_D, CREUSR_CF) values (1,10050,310,1,'P_NP',getDate(),'DBEU')
go
insert into TSEGMT (SGMT_NF, SGT_NT, SGTVER_NT, SGMT_LS, SGMT_LL, SGTLVL_NT, PARSGMT_CF, BALAIMGT_CT, CRE_D, CREUSR_CF, LSTUPD_D, LSTUPDUSR_CF, timestamp) values (10060,310,1,'10060','W. Comp Prop.',0,null,null,getDate(),'DBEU',getDate(),'DBEU',null)
insert into TSEGMENTRULE (SGTRUL_NT, SGMT_NF, SGT_NT, SGTVER_NT, RULE_LS, RULPRIO_CT, FUNCDEF_T, TECHDEF_T, CRE_D, CREUSR_CF, LSTUPD_D, LSTUPDUSR_CF, timestamp) values (1,10060,310,1,'',21,'LOB=''13'' AND CTR_TYPE=1 AND P_NP=''P''','StringUtils.equals(c.getLobCf(), "13") && IntegerUtils.equals(c.getCtrtypCt(), 1) && StringUtils.equals(c.getNatB(), "P")',getDate(),'DBEU',getDate(),'DBEU',null)
insert into TSEGMENTRULE2CRI (SGTRULE_NT, SGMT_NF, SGT_NT, SGTVER_NT, SGTCRI_CF, CRE_D, CREUSR_CF) values (1,10060,310,1,'LOB',getDate(),'DBEU')
insert into TSEGMENTRULE2CRI (SGTRULE_NT, SGMT_NF, SGT_NT, SGTVER_NT, SGTCRI_CF, CRE_D, CREUSR_CF) values (1,10060,310,1,'CTR_TYPE',getDate(),'DBEU')
insert into TSEGMENTRULE2CRI (SGTRULE_NT, SGMT_NF, SGT_NT, SGTVER_NT, SGTCRI_CF, CRE_D, CREUSR_CF) values (1,10060,310,1,'P_NP',getDate(),'DBEU')
go
insert into TSEGMT (SGMT_NF, SGT_NT, SGTVER_NT, SGMT_LS, SGMT_LL, SGTLVL_NT, PARSGMT_CF, BALAIMGT_CT, CRE_D, CREUSR_CF, LSTUPD_D, LSTUPDUSR_CF, timestamp) values (10070,310,1,'10070','Auto Per Risk',0,null,null,getDate(),'DBEU',getDate(),'DBEU',null)
insert into TSEGMENTRULE (SGTRUL_NT, SGMT_NF, SGT_NT, SGTVER_NT, RULE_LS, RULPRIO_CT, FUNCDEF_T, TECHDEF_T, CRE_D, CREUSR_CF, LSTUPD_D, LSTUPDUSR_CF, timestamp) values (1,10070,310,1,'',58,'LOB=''14'' AND CTR_TYPE=1 AND P_NP=''N''','StringUtils.equals(c.getLobCf(), "14") && IntegerUtils.equals(c.getCtrtypCt(), 1) && StringUtils.equals(c.getNatB(), "N")',getDate(),'DBEU',getDate(),'DBEU',null)
insert into TSEGMENTRULE2CRI (SGTRULE_NT, SGMT_NF, SGT_NT, SGTVER_NT, SGTCRI_CF, CRE_D, CREUSR_CF) values (1,10070,310,1,'LOB',getDate(),'DBEU')
insert into TSEGMENTRULE2CRI (SGTRULE_NT, SGMT_NF, SGT_NT, SGTVER_NT, SGTCRI_CF, CRE_D, CREUSR_CF) values (1,10070,310,1,'CTR_TYPE',getDate(),'DBEU')
insert into TSEGMENTRULE2CRI (SGTRULE_NT, SGMT_NF, SGT_NT, SGTVER_NT, SGTCRI_CF, CRE_D, CREUSR_CF) values (1,10070,310,1,'P_NP',getDate(),'DBEU')
go
insert into TSEGMT (SGMT_NF, SGT_NT, SGTVER_NT, SGMT_LS, SGMT_LL, SGTLVL_NT, PARSGMT_CF, BALAIMGT_CT, CRE_D, CREUSR_CF, LSTUPD_D, LSTUPDUSR_CF, timestamp) values (10080,310,1,'10080','Auto Prop.',0,null,null,getDate(),'DBEU',getDate(),'DBEU',null)
insert into TSEGMENTRULE (SGTRUL_NT, SGMT_NF, SGT_NT, SGTVER_NT, RULE_LS, RULPRIO_CT, FUNCDEF_T, TECHDEF_T, CRE_D, CREUSR_CF, LSTUPD_D, LSTUPDUSR_CF, timestamp) values (1,10080,310,1,'',22,'LOB=''14'' AND CTR_TYPE=1 AND P_NP=''P''','StringUtils.equals(c.getLobCf(), "14") && IntegerUtils.equals(c.getCtrtypCt(), 1) && StringUtils.equals(c.getNatB(), "P")',getDate(),'DBEU',getDate(),'DBEU',null)
insert into TSEGMENTRULE2CRI (SGTRULE_NT, SGMT_NF, SGT_NT, SGTVER_NT, SGTCRI_CF, CRE_D, CREUSR_CF) values (1,10080,310,1,'LOB',getDate(),'DBEU')
insert into TSEGMENTRULE2CRI (SGTRULE_NT, SGMT_NF, SGT_NT, SGTVER_NT, SGTCRI_CF, CRE_D, CREUSR_CF) values (1,10080,310,1,'CTR_TYPE',getDate(),'DBEU')
insert into TSEGMENTRULE2CRI (SGTRULE_NT, SGMT_NF, SGT_NT, SGTVER_NT, SGTCRI_CF, CRE_D, CREUSR_CF) values (1,10080,310,1,'P_NP',getDate(),'DBEU')
go
insert into TSEGMT (SGMT_NF, SGT_NT, SGTVER_NT, SGMT_LS, SGMT_LL, SGTLVL_NT, PARSGMT_CF, BALAIMGT_CT, CRE_D, CREUSR_CF, LSTUPD_D, LSTUPDUSR_CF, timestamp) values (10090,310,1,'10090','Marine',0,null,null,getDate(),'DBEU',getDate(),'DBEU',null)
insert into TSEGMENTRULE (SGTRUL_NT, SGMT_NF, SGT_NT, SGTVER_NT, RULE_LS, RULPRIO_CT, FUNCDEF_T, TECHDEF_T, CRE_D, CREUSR_CF, LSTUPD_D, LSTUPDUSR_CF, timestamp) values (1,10090,310,1,'',6,'LOB=''09''','StringUtils.equals(c.getLobCf(), "09")',getDate(),'DBEU',getDate(),'DBEU',null)
insert into TSEGMENTRULE2CRI (SGTRULE_NT, SGMT_NF, SGT_NT, SGTVER_NT, SGTCRI_CF, CRE_D, CREUSR_CF) values (1,10090,310,1,'LOB',getDate(),'DBEU')
insert into TSEGMENTRULE (SGTRUL_NT, SGMT_NF, SGT_NT, SGTVER_NT, RULE_LS, RULPRIO_CT, FUNCDEF_T, TECHDEF_T, CRE_D, CREUSR_CF, LSTUPD_D, LSTUPDUSR_CF, timestamp) values (2,10090,310,1,'',7,'LOB=''08''','StringUtils.equals(c.getLobCf(), "08")',getDate(),'DBEU',getDate(),'DBEU',null)
insert into TSEGMENTRULE2CRI (SGTRULE_NT, SGMT_NF, SGT_NT, SGTVER_NT, SGTCRI_CF, CRE_D, CREUSR_CF) values (2,10090,310,1,'LOB',getDate(),'DBEU')
go
insert into TSEGMT (SGMT_NF, SGT_NT, SGTVER_NT, SGMT_LS, SGMT_LL, SGTLVL_NT, PARSGMT_CF, BALAIMGT_CT, CRE_D, CREUSR_CF, LSTUPD_D, LSTUPDUSR_CF, timestamp) values (10100,310,1,'10100','Aviation',0,null,null,getDate(),'DBEU',getDate(),'DBEU',null)
insert into TSEGMENTRULE (SGTRUL_NT, SGMT_NF, SGT_NT, SGTVER_NT, RULE_LS, RULPRIO_CT, FUNCDEF_T, TECHDEF_T, CRE_D, CREUSR_CF, LSTUPD_D, LSTUPDUSR_CF, timestamp) values (1,10100,310,1,'',8,'LOB=''10''','StringUtils.equals(c.getLobCf(), "10")',getDate(),'DBEU',getDate(),'DBEU',null)
insert into TSEGMENTRULE2CRI (SGTRULE_NT, SGMT_NF, SGT_NT, SGTVER_NT, SGTCRI_CF, CRE_D, CREUSR_CF) values (1,10100,310,1,'LOB',getDate(),'DBEU')
insert into TSEGMENTRULE (SGTRUL_NT, SGMT_NF, SGT_NT, SGTVER_NT, RULE_LS, RULPRIO_CT, FUNCDEF_T, TECHDEF_T, CRE_D, CREUSR_CF, LSTUPD_D, LSTUPDUSR_CF, timestamp) values (2,10100,310,1,'',9,'LOB=''11''','StringUtils.equals(c.getLobCf(), "11")',getDate(),'DBEU',getDate(),'DBEU',null)
insert into TSEGMENTRULE2CRI (SGTRULE_NT, SGMT_NF, SGT_NT, SGTVER_NT, SGTCRI_CF, CRE_D, CREUSR_CF) values (2,10100,310,1,'LOB',getDate(),'DBEU')
go
insert into TSEGMT (SGMT_NF, SGT_NT, SGTVER_NT, SGMT_LS, SGMT_LL, SGTLVL_NT, PARSGMT_CF, BALAIMGT_CT, CRE_D, CREUSR_CF, LSTUPD_D, LSTUPDUSR_CF, timestamp) values (10110,310,1,'10110','Bond Per Risk',0,null,null,getDate(),'DBEU',getDate(),'DBEU',null)
insert into TSEGMENTRULE (SGTRUL_NT, SGMT_NF, SGT_NT, SGTVER_NT, RULE_LS, RULPRIO_CT, FUNCDEF_T, TECHDEF_T, CRE_D, CREUSR_CF, LSTUPD_D, LSTUPDUSR_CF, timestamp) values (1,10110,310,1,'',59,'LOB=''05'' AND CTR_TYPE=1 AND P_NP=''N''','StringUtils.equals(c.getLobCf(), "05") && IntegerUtils.equals(c.getCtrtypCt(), 1) && StringUtils.equals(c.getNatB(), "N")',getDate(),'DBEU',getDate(),'DBEU',null)
insert into TSEGMENTRULE2CRI (SGTRULE_NT, SGMT_NF, SGT_NT, SGTVER_NT, SGTCRI_CF, CRE_D, CREUSR_CF) values (1,10110,310,1,'LOB',getDate(),'DBEU')
insert into TSEGMENTRULE2CRI (SGTRULE_NT, SGMT_NF, SGT_NT, SGTVER_NT, SGTCRI_CF, CRE_D, CREUSR_CF) values (1,10110,310,1,'CTR_TYPE',getDate(),'DBEU')
insert into TSEGMENTRULE2CRI (SGTRULE_NT, SGMT_NF, SGT_NT, SGTVER_NT, SGTCRI_CF, CRE_D, CREUSR_CF) values (1,10110,310,1,'P_NP',getDate(),'DBEU')
go
insert into TSEGMT (SGMT_NF, SGT_NT, SGTVER_NT, SGMT_LS, SGMT_LL, SGTLVL_NT, PARSGMT_CF, BALAIMGT_CT, CRE_D, CREUSR_CF, LSTUPD_D, LSTUPDUSR_CF, timestamp) values (10120,310,1,'10120','Bond Prop.',0,null,null,getDate(),'DBEU',getDate(),'DBEU',null)
insert into TSEGMENTRULE (SGTRUL_NT, SGMT_NF, SGT_NT, SGTVER_NT, RULE_LS, RULPRIO_CT, FUNCDEF_T, TECHDEF_T, CRE_D, CREUSR_CF, LSTUPD_D, LSTUPDUSR_CF, timestamp) values (1,10120,310,1,'',23,'LOB=''05'' AND CTR_TYPE=1 AND P_NP=''P''','StringUtils.equals(c.getLobCf(), "05") && IntegerUtils.equals(c.getCtrtypCt(), 1) && StringUtils.equals(c.getNatB(), "P")',getDate(),'DBEU',getDate(),'DBEU',null)
insert into TSEGMENTRULE2CRI (SGTRULE_NT, SGMT_NF, SGT_NT, SGTVER_NT, SGTCRI_CF, CRE_D, CREUSR_CF) values (1,10120,310,1,'LOB',getDate(),'DBEU')
insert into TSEGMENTRULE2CRI (SGTRULE_NT, SGMT_NF, SGT_NT, SGTVER_NT, SGTCRI_CF, CRE_D, CREUSR_CF) values (1,10120,310,1,'CTR_TYPE',getDate(),'DBEU')
insert into TSEGMENTRULE2CRI (SGTRULE_NT, SGMT_NF, SGT_NT, SGTVER_NT, SGTCRI_CF, CRE_D, CREUSR_CF) values (1,10120,310,1,'P_NP',getDate(),'DBEU')
go
insert into TSEGMT (SGMT_NF, SGT_NT, SGTVER_NT, SGMT_LS, SGMT_LL, SGTLVL_NT, PARSGMT_CF, BALAIMGT_CT, CRE_D, CREUSR_CF, LSTUPD_D, LSTUPDUSR_CF, timestamp) values (10130,310,1,'10130','A & H',0,null,null,getDate(),'DBEU',getDate(),'DBEU',null)
insert into TSEGMENTRULE (SGTRUL_NT, SGMT_NF, SGT_NT, SGTVER_NT, RULE_LS, RULPRIO_CT, FUNCDEF_T, TECHDEF_T, CRE_D, CREUSR_CF, LSTUPD_D, LSTUPDUSR_CF, timestamp) values (1,10130,310,1,'',11,'LOB=''22''','StringUtils.equals(c.getLobCf(), "22")',getDate(),'DBEU',getDate(),'DBEU',null)
insert into TSEGMENTRULE2CRI (SGTRULE_NT, SGMT_NF, SGT_NT, SGTVER_NT, SGTCRI_CF, CRE_D, CREUSR_CF) values (1,10130,310,1,'LOB',getDate(),'DBEU')
insert into TSEGMENTRULE (SGTRUL_NT, SGMT_NF, SGT_NT, SGTVER_NT, RULE_LS, RULPRIO_CT, FUNCDEF_T, TECHDEF_T, CRE_D, CREUSR_CF, LSTUPD_D, LSTUPDUSR_CF, timestamp) values (2,10130,310,1,'',12,'LOB=''31''','StringUtils.equals(c.getLobCf(), "31")',getDate(),'DBEU',getDate(),'DBEU',null)
insert into TSEGMENTRULE2CRI (SGTRULE_NT, SGMT_NF, SGT_NT, SGTVER_NT, SGTCRI_CF, CRE_D, CREUSR_CF) values (2,10130,310,1,'LOB',getDate(),'DBEU')
go
insert into TSEGMT (SGMT_NF, SGT_NT, SGTVER_NT, SGMT_LS, SGMT_LL, SGTLVL_NT, PARSGMT_CF, BALAIMGT_CT, CRE_D, CREUSR_CF, LSTUPD_D, LSTUPDUSR_CF, timestamp) values (10140,310,1,'10140','Fac - Property',0,null,null,getDate(),'DBEU',getDate(),'DBEU',null)
insert into TSEGMENTRULE (SGTRUL_NT, SGMT_NF, SGT_NT, SGTVER_NT, RULE_LS, RULPRIO_CT, FUNCDEF_T, TECHDEF_T, CRE_D, CREUSR_CF, LSTUPD_D, LSTUPDUSR_CF, timestamp) values (1,10140,310,1,'',24,'LOB=''01'' AND CTR_TYPE=2','StringUtils.equals(c.getLobCf(), "01") && IntegerUtils.equals(c.getCtrtypCt(), 2)',getDate(),'DBEU',getDate(),'DBEU',null)
insert into TSEGMENTRULE2CRI (SGTRULE_NT, SGMT_NF, SGT_NT, SGTVER_NT, SGTCRI_CF, CRE_D, CREUSR_CF) values (1,10140,310,1,'LOB',getDate(),'DBEU')
insert into TSEGMENTRULE2CRI (SGTRULE_NT, SGMT_NF, SGT_NT, SGTVER_NT, SGTCRI_CF, CRE_D, CREUSR_CF) values (1,10140,310,1,'CTR_TYPE',getDate(),'DBEU')
insert into TSEGMENTRULE (SGTRUL_NT, SGMT_NF, SGT_NT, SGTVER_NT, RULE_LS, RULPRIO_CT, FUNCDEF_T, TECHDEF_T, CRE_D, CREUSR_CF, LSTUPD_D, LSTUPDUSR_CF, timestamp) values (2,10140,310,1,'',25,'LOB=''02'' AND CTR_TYPE=2','StringUtils.equals(c.getLobCf(), "02") && IntegerUtils.equals(c.getCtrtypCt(), 2)',getDate(),'DBEU',getDate(),'DBEU',null)
insert into TSEGMENTRULE2CRI (SGTRULE_NT, SGMT_NF, SGT_NT, SGTVER_NT, SGTCRI_CF, CRE_D, CREUSR_CF) values (2,10140,310,1,'LOB',getDate(),'DBEU')
insert into TSEGMENTRULE2CRI (SGTRULE_NT, SGMT_NF, SGT_NT, SGTVER_NT, SGTCRI_CF, CRE_D, CREUSR_CF) values (2,10140,310,1,'CTR_TYPE',getDate(),'DBEU')
insert into TSEGMENTRULE (SGTRUL_NT, SGMT_NF, SGT_NT, SGTVER_NT, RULE_LS, RULPRIO_CT, FUNCDEF_T, TECHDEF_T, CRE_D, CREUSR_CF, LSTUPD_D, LSTUPDUSR_CF, timestamp) values (3,10140,310,1,'',26,'LOB=''03'' AND CTR_TYPE=2','StringUtils.equals(c.getLobCf(), "03") && IntegerUtils.equals(c.getCtrtypCt(), 2)',getDate(),'DBEU',getDate(),'DBEU',null)
insert into TSEGMENTRULE2CRI (SGTRULE_NT, SGMT_NF, SGT_NT, SGTVER_NT, SGTCRI_CF, CRE_D, CREUSR_CF) values (3,10140,310,1,'LOB',getDate(),'DBEU')
insert into TSEGMENTRULE2CRI (SGTRULE_NT, SGMT_NF, SGT_NT, SGTVER_NT, SGTCRI_CF, CRE_D, CREUSR_CF) values (3,10140,310,1,'CTR_TYPE',getDate(),'DBEU')
insert into TSEGMENTRULE (SGTRUL_NT, SGMT_NF, SGT_NT, SGTVER_NT, RULE_LS, RULPRIO_CT, FUNCDEF_T, TECHDEF_T, CRE_D, CREUSR_CF, LSTUPD_D, LSTUPDUSR_CF, timestamp) values (4,10140,310,1,'',27,'LOB=''04'' AND CTR_TYPE=2','StringUtils.equals(c.getLobCf(), "04") && IntegerUtils.equals(c.getCtrtypCt(), 2)',getDate(),'DBEU',getDate(),'DBEU',null)
insert into TSEGMENTRULE2CRI (SGTRULE_NT, SGMT_NF, SGT_NT, SGTVER_NT, SGTCRI_CF, CRE_D, CREUSR_CF) values (4,10140,310,1,'LOB',getDate(),'DBEU')
insert into TSEGMENTRULE2CRI (SGTRULE_NT, SGMT_NF, SGT_NT, SGTVER_NT, SGTCRI_CF, CRE_D, CREUSR_CF) values (4,10140,310,1,'CTR_TYPE',getDate(),'DBEU')
insert into TSEGMENTRULE (SGTRUL_NT, SGMT_NF, SGT_NT, SGTVER_NT, RULE_LS, RULPRIO_CT, FUNCDEF_T, TECHDEF_T, CRE_D, CREUSR_CF, LSTUPD_D, LSTUPDUSR_CF, timestamp) values (5,10140,310,1,'',28,'LOB=''07'' AND CTR_TYPE=2','StringUtils.equals(c.getLobCf(), "07") && IntegerUtils.equals(c.getCtrtypCt(), 2)',getDate(),'DBEU',getDate(),'DBEU',null)
insert into TSEGMENTRULE2CRI (SGTRULE_NT, SGMT_NF, SGT_NT, SGTVER_NT, SGTCRI_CF, CRE_D, CREUSR_CF) values (5,10140,310,1,'LOB',getDate(),'DBEU')
insert into TSEGMENTRULE2CRI (SGTRULE_NT, SGMT_NF, SGT_NT, SGTVER_NT, SGTCRI_CF, CRE_D, CREUSR_CF) values (5,10140,310,1,'CTR_TYPE',getDate(),'DBEU')
insert into TSEGMENTRULE (SGTRUL_NT, SGMT_NF, SGT_NT, SGTVER_NT, RULE_LS, RULPRIO_CT, FUNCDEF_T, TECHDEF_T, CRE_D, CREUSR_CF, LSTUPD_D, LSTUPDUSR_CF, timestamp) values (6,10140,310,1,'',29,'LOB=''15'' AND CTR_TYPE=2','StringUtils.equals(c.getLobCf(), "15") && IntegerUtils.equals(c.getCtrtypCt(), 2)',getDate(),'DBEU',getDate(),'DBEU',null)
insert into TSEGMENTRULE2CRI (SGTRULE_NT, SGMT_NF, SGT_NT, SGTVER_NT, SGTCRI_CF, CRE_D, CREUSR_CF) values (6,10140,310,1,'LOB',getDate(),'DBEU')
insert into TSEGMENTRULE2CRI (SGTRULE_NT, SGMT_NF, SGT_NT, SGTVER_NT, SGTCRI_CF, CRE_D, CREUSR_CF) values (6,10140,310,1,'CTR_TYPE',getDate(),'DBEU')
insert into TSEGMENTRULE (SGTRUL_NT, SGMT_NF, SGT_NT, SGTVER_NT, RULE_LS, RULPRIO_CT, FUNCDEF_T, TECHDEF_T, CRE_D, CREUSR_CF, LSTUPD_D, LSTUPDUSR_CF, timestamp) values (7,10140,310,1,'',30,'LOB=''20'' AND CTR_TYPE=2','StringUtils.equals(c.getLobCf(), "20") && IntegerUtils.equals(c.getCtrtypCt(), 2)',getDate(),'DBEU',getDate(),'DBEU',null)
insert into TSEGMENTRULE2CRI (SGTRULE_NT, SGMT_NF, SGT_NT, SGTVER_NT, SGTCRI_CF, CRE_D, CREUSR_CF) values (7,10140,310,1,'LOB',getDate(),'DBEU')
insert into TSEGMENTRULE2CRI (SGTRULE_NT, SGMT_NF, SGT_NT, SGTVER_NT, SGTCRI_CF, CRE_D, CREUSR_CF) values (7,10140,310,1,'CTR_TYPE',getDate(),'DBEU')
go
insert into TSEGMT (SGMT_NF, SGT_NT, SGTVER_NT, SGMT_LS, SGMT_LL, SGTLVL_NT, PARSGMT_CF, BALAIMGT_CT, CRE_D, CREUSR_CF, LSTUPD_D, LSTUPDUSR_CF, timestamp) values (10150,310,1,'10150','Fac - Casualty',0,null,null,getDate(),'DBEU',getDate(),'DBEU',null)
insert into TSEGMENTRULE (SGTRUL_NT, SGMT_NF, SGT_NT, SGTVER_NT, RULE_LS, RULPRIO_CT, FUNCDEF_T, TECHDEF_T, CRE_D, CREUSR_CF, LSTUPD_D, LSTUPDUSR_CF, timestamp) values (1,10150,310,1,'',31,'LOB=''12'' AND CTR_TYPE=2','StringUtils.equals(c.getLobCf(), "12") && IntegerUtils.equals(c.getCtrtypCt(), 2)',getDate(),'DBEU',getDate(),'DBEU',null)
insert into TSEGMENTRULE2CRI (SGTRULE_NT, SGMT_NF, SGT_NT, SGTVER_NT, SGTCRI_CF, CRE_D, CREUSR_CF) values (1,10150,310,1,'LOB',getDate(),'DBEU')
insert into TSEGMENTRULE2CRI (SGTRULE_NT, SGMT_NF, SGT_NT, SGTVER_NT, SGTCRI_CF, CRE_D, CREUSR_CF) values (1,10150,310,1,'CTR_TYPE',getDate(),'DBEU')
go
insert into TSEGMT (SGMT_NF, SGT_NT, SGTVER_NT, SGMT_LS, SGMT_LL, SGTLVL_NT, PARSGMT_CF, BALAIMGT_CT, CRE_D, CREUSR_CF, LSTUPD_D, LSTUPDUSR_CF, timestamp) values (10160,310,1,'10160','Fac - Work. Comp',0,null,null,getDate(),'DBEU',getDate(),'DBEU',null)
insert into TSEGMENTRULE (SGTRUL_NT, SGMT_NF, SGT_NT, SGTVER_NT, RULE_LS, RULPRIO_CT, FUNCDEF_T, TECHDEF_T, CRE_D, CREUSR_CF, LSTUPD_D, LSTUPDUSR_CF, timestamp) values (1,10160,310,1,'',32,'LOB=''13'' AND CTR_TYPE=2','StringUtils.equals(c.getLobCf(), "13") && IntegerUtils.equals(c.getCtrtypCt(), 2)',getDate(),'DBEU',getDate(),'DBEU',null)
insert into TSEGMENTRULE2CRI (SGTRULE_NT, SGMT_NF, SGT_NT, SGTVER_NT, SGTCRI_CF, CRE_D, CREUSR_CF) values (1,10160,310,1,'LOB',getDate(),'DBEU')
insert into TSEGMENTRULE2CRI (SGTRULE_NT, SGMT_NF, SGT_NT, SGTVER_NT, SGTCRI_CF, CRE_D, CREUSR_CF) values (1,10160,310,1,'CTR_TYPE',getDate(),'DBEU')
go
insert into TSEGMT (SGMT_NF, SGT_NT, SGTVER_NT, SGMT_LS, SGMT_LL, SGTLVL_NT, PARSGMT_CF, BALAIMGT_CT, CRE_D, CREUSR_CF, LSTUPD_D, LSTUPDUSR_CF, timestamp) values (10170,310,1,'10170','Fac - Automobile',0,null,null,getDate(),'DBEU',getDate(),'DBEU',null)
insert into TSEGMENTRULE (SGTRUL_NT, SGMT_NF, SGT_NT, SGTVER_NT, RULE_LS, RULPRIO_CT, FUNCDEF_T, TECHDEF_T, CRE_D, CREUSR_CF, LSTUPD_D, LSTUPDUSR_CF, timestamp) values (1,10170,310,1,'',33,'LOB=''14'' AND CTR_TYPE=2','StringUtils.equals(c.getLobCf(), "14") && IntegerUtils.equals(c.getCtrtypCt(), 2)',getDate(),'DBEU',getDate(),'DBEU',null)
insert into TSEGMENTRULE2CRI (SGTRULE_NT, SGMT_NF, SGT_NT, SGTVER_NT, SGTCRI_CF, CRE_D, CREUSR_CF) values (1,10170,310,1,'LOB',getDate(),'DBEU')
insert into TSEGMENTRULE2CRI (SGTRULE_NT, SGMT_NF, SGT_NT, SGTVER_NT, SGTCRI_CF, CRE_D, CREUSR_CF) values (1,10170,310,1,'CTR_TYPE',getDate(),'DBEU')
go
insert into TSEGMT (SGMT_NF, SGT_NT, SGTVER_NT, SGMT_LS, SGMT_LL, SGTLVL_NT, PARSGMT_CF, BALAIMGT_CT, CRE_D, CREUSR_CF, LSTUPD_D, LSTUPDUSR_CF, timestamp) values (10180,310,1,'10180','Fac - Bond',0,null,null,getDate(),'DBEU',getDate(),'DBEU',null)
insert into TSEGMENTRULE (SGTRUL_NT, SGMT_NF, SGT_NT, SGTVER_NT, RULE_LS, RULPRIO_CT, FUNCDEF_T, TECHDEF_T, CRE_D, CREUSR_CF, LSTUPD_D, LSTUPDUSR_CF, timestamp) values (1,10180,310,1,'',34,'LOB=''05'' AND CTR_TYPE=2','StringUtils.equals(c.getLobCf(), "05") && IntegerUtils.equals(c.getCtrtypCt(), 2)',getDate(),'DBEU',getDate(),'DBEU',null)
insert into TSEGMENTRULE2CRI (SGTRULE_NT, SGMT_NF, SGT_NT, SGTVER_NT, SGTCRI_CF, CRE_D, CREUSR_CF) values (1,10180,310,1,'LOB',getDate(),'DBEU')
insert into TSEGMENTRULE2CRI (SGTRULE_NT, SGMT_NF, SGT_NT, SGTVER_NT, SGTCRI_CF, CRE_D, CREUSR_CF) values (1,10180,310,1,'CTR_TYPE',getDate(),'DBEU')
go
insert into TSEGMT (SGMT_NF, SGT_NT, SGTVER_NT, SGMT_LS, SGMT_LL, SGTLVL_NT, PARSGMT_CF, BALAIMGT_CT, CRE_D, CREUSR_CF, LSTUPD_D, LSTUPDUSR_CF, timestamp) values (10190,310,1,'10190','Political Risks',0,null,null,getDate(),'DBEU',getDate(),'DBEU',null)
insert into TSEGMENTRULE (SGTRUL_NT, SGMT_NF, SGT_NT, SGTVER_NT, RULE_LS, RULPRIO_CT, FUNCDEF_T, TECHDEF_T, CRE_D, CREUSR_CF, LSTUPD_D, LSTUPDUSR_CF, timestamp) values (1,10190,310,1,'',10,'LOB=''06''','StringUtils.equals(c.getLobCf(), "06")',getDate(),'DBEU',getDate(),'DBEU',null)
insert into TSEGMENTRULE2CRI (SGTRULE_NT, SGMT_NF, SGT_NT, SGTVER_NT, SGTCRI_CF, CRE_D, CREUSR_CF) values (1,10190,310,1,'LOB',getDate(),'DBEU')
go
insert into TSEGMT (SGMT_NF, SGT_NT, SGTVER_NT, SGMT_LS, SGMT_LL, SGTLVL_NT, PARSGMT_CF, BALAIMGT_CT, CRE_D, CREUSR_CF, LSTUPD_D, LSTUPDUSR_CF, timestamp) values (10200,310,1,'10200','Other',0,null,null,getDate(),'DBEU',getDate(),'DBEU',null)
go
insert into TSEGMT (SGMT_NF, SGT_NT, SGTVER_NT, SGMT_LS, SGMT_LL, SGTLVL_NT, PARSGMT_CF, BALAIMGT_CT, CRE_D, CREUSR_CF, LSTUPD_D, LSTUPDUSR_CF, timestamp) values (10210,310,1,'10210','Direct',0,null,null,getDate(),'DBEU',getDate(),'DBEU',null)
insert into TSEGMENTRULE (SGTRUL_NT, SGMT_NF, SGT_NT, SGTVER_NT, RULE_LS, RULPRIO_CT, FUNCDEF_T, TECHDEF_T, CRE_D, CREUSR_CF, LSTUPD_D, LSTUPDUSR_CF, timestamp) values (1,10210,310,1,'',1,'SUBLEDGER=2','IntegerUtils.equals(c.getAccesbCf(), 2)',getDate(),'DBEU',getDate(),'DBEU',null)
insert into TSEGMENTRULE2CRI (SGTRULE_NT, SGMT_NF, SGT_NT, SGTVER_NT, SGTCRI_CF, CRE_D, CREUSR_CF) values (1,10210,310,1,'SUBLEDGER',getDate(),'DBEU')
insert into TSEGMENTRULE (SGTRUL_NT, SGMT_NF, SGT_NT, SGTVER_NT, RULE_LS, RULPRIO_CT, FUNCDEF_T, TECHDEF_T, CRE_D, CREUSR_CF, LSTUPD_D, LSTUPDUSR_CF, timestamp) values (2,10210,310,1,'',2,'SUBLEDGER=3','IntegerUtils.equals(c.getAccesbCf(), 3)',getDate(),'DBEU',getDate(),'DBEU',null)
insert into TSEGMENTRULE2CRI (SGTRULE_NT, SGMT_NF, SGT_NT, SGTVER_NT, SGTCRI_CF, CRE_D, CREUSR_CF) values (2,10210,310,1,'SUBLEDGER',getDate(),'DBEU')
insert into TSEGMENTRULE (SGTRUL_NT, SGMT_NF, SGT_NT, SGTVER_NT, RULE_LS, RULPRIO_CT, FUNCDEF_T, TECHDEF_T, CRE_D, CREUSR_CF, LSTUPD_D, LSTUPDUSR_CF, timestamp) values (3,10210,310,1,'',3,'SUBLEDGER=4','IntegerUtils.equals(c.getAccesbCf(), 4)',getDate(),'DBEU',getDate(),'DBEU',null)
insert into TSEGMENTRULE2CRI (SGTRULE_NT, SGMT_NF, SGT_NT, SGTVER_NT, SGTCRI_CF, CRE_D, CREUSR_CF) values (3,10210,310,1,'SUBLEDGER',getDate(),'DBEU')
insert into TSEGMENTRULE (SGTRUL_NT, SGMT_NF, SGT_NT, SGTVER_NT, RULE_LS, RULPRIO_CT, FUNCDEF_T, TECHDEF_T, CRE_D, CREUSR_CF, LSTUPD_D, LSTUPDUSR_CF, timestamp) values (4,10210,310,1,'',4,'SUBLEDGER=7','IntegerUtils.equals(c.getAccesbCf(), 7)',getDate(),'DBEU',getDate(),'DBEU',null)
insert into TSEGMENTRULE2CRI (SGTRULE_NT, SGMT_NF, SGT_NT, SGTVER_NT, SGTCRI_CF, CRE_D, CREUSR_CF) values (4,10210,310,1,'SUBLEDGER',getDate(),'DBEU')
insert into TSEGMENTRULE (SGTRUL_NT, SGMT_NF, SGT_NT, SGTVER_NT, RULE_LS, RULPRIO_CT, FUNCDEF_T, TECHDEF_T, CRE_D, CREUSR_CF, LSTUPD_D, LSTUPDUSR_CF, timestamp) values (5,10210,310,1,'',5,'SUBLEDGER=8','IntegerUtils.equals(c.getAccesbCf(), 8)',getDate(),'DBEU',getDate(),'DBEU',null)
insert into TSEGMENTRULE2CRI (SGTRULE_NT, SGMT_NF, SGT_NT, SGTVER_NT, SGTCRI_CF, CRE_D, CREUSR_CF) values (5,10210,310,1,'SUBLEDGER',getDate(),'DBEU')
go
/*==============================================================*/
/* Table: Segmentation 320 - 1 */
/*==============================================================*/
insert into TSEGMENTLVL (SGTLVL_CT, SGT_NT, SGTVER_NT, LVL_LS, LVL_LM, CRE_D, CREUSR_CF, LSTUPD_D, LSTUPDUSR_CF, timestamp) values (0, 320,1,'lvl 0',null,getDate(),'DBEU',getDate(),'DBEU',null)
go
go
insert into TSEGMT (SGMT_NF, SGT_NT, SGTVER_NT, SGMT_LS, SGMT_LL, SGTLVL_NT, PARSGMT_CF, BALAIMGT_CT, CRE_D, CREUSR_CF, LSTUPD_D, LSTUPDUSR_CF, timestamp) values (22000,320,1,'22000','01 Acc. & Health',0,null,null,getDate(),'DBEU',getDate(),'DBEU',null)
insert into TSEGMENTRULE (SGTRUL_NT, SGMT_NF, SGT_NT, SGTVER_NT, RULE_LS, RULPRIO_CT, FUNCDEF_T, TECHDEF_T, CRE_D, CREUSR_CF, LSTUPD_D, LSTUPDUSR_CF, timestamp) values (1,22000,320,1,'',1,'LOB=''22'' AND SUBLEDGER=2','StringUtils.equals(c.getLobCf(), "22") && IntegerUtils.equals(c.getAccesbCf(), 2)',getDate(),'DBEU',getDate(),'DBEU',null)
insert into TSEGMENTRULE2CRI (SGTRULE_NT, SGMT_NF, SGT_NT, SGTVER_NT, SGTCRI_CF, CRE_D, CREUSR_CF) values (1,22000,320,1,'LOB',getDate(),'DBEU')
insert into TSEGMENTRULE2CRI (SGTRULE_NT, SGMT_NF, SGT_NT, SGTVER_NT, SGTCRI_CF, CRE_D, CREUSR_CF) values (1,22000,320,1,'SUBLEDGER',getDate(),'DBEU')
go
insert into TSEGMT (SGMT_NF, SGT_NT, SGTVER_NT, SGMT_LS, SGMT_LL, SGTLVL_NT, PARSGMT_CF, BALAIMGT_CT, CRE_D, CREUSR_CF, LSTUPD_D, LSTUPDUSR_CF, timestamp) values (22010,320,1,'22010','02 Motor',0,null,null,getDate(),'DBEU',getDate(),'DBEU',null)
insert into TSEGMENTRULE (SGTRUL_NT, SGMT_NF, SGT_NT, SGTVER_NT, RULE_LS, RULPRIO_CT, FUNCDEF_T, TECHDEF_T, CRE_D, CREUSR_CF, LSTUPD_D, LSTUPDUSR_CF, timestamp) values (1,22010,320,1,'',2,'LOB=''14'' AND SUBLEDGER=2','StringUtils.equals(c.getLobCf(), "14") && IntegerUtils.equals(c.getAccesbCf(), 2)',getDate(),'DBEU',getDate(),'DBEU',null)
insert into TSEGMENTRULE2CRI (SGTRULE_NT, SGMT_NF, SGT_NT, SGTVER_NT, SGTCRI_CF, CRE_D, CREUSR_CF) values (1,22010,320,1,'LOB',getDate(),'DBEU')
insert into TSEGMENTRULE2CRI (SGTRULE_NT, SGMT_NF, SGT_NT, SGTVER_NT, SGTCRI_CF, CRE_D, CREUSR_CF) values (1,22010,320,1,'SUBLEDGER',getDate(),'DBEU')
go
insert into TSEGMT (SGMT_NF, SGT_NT, SGTVER_NT, SGMT_LS, SGMT_LL, SGTLVL_NT, PARSGMT_CF, BALAIMGT_CT, CRE_D, CREUSR_CF, LSTUPD_D, LSTUPDUSR_CF, timestamp) values (22020,320,1,'22020','03 Aircraft',0,null,null,getDate(),'DBEU',getDate(),'DBEU',null)
insert into TSEGMENTRULE (SGTRUL_NT, SGMT_NF, SGT_NT, SGTVER_NT, RULE_LS, RULPRIO_CT, FUNCDEF_T, TECHDEF_T, CRE_D, CREUSR_CF, LSTUPD_D, LSTUPDUSR_CF, timestamp) values (1,22020,320,1,'',3,'LOB=''10'' AND SUBLEDGER=2','StringUtils.equals(c.getLobCf(), "10") && IntegerUtils.equals(c.getAccesbCf(), 2)',getDate(),'DBEU',getDate(),'DBEU',null)
insert into TSEGMENTRULE2CRI (SGTRULE_NT, SGMT_NF, SGT_NT, SGTVER_NT, SGTCRI_CF, CRE_D, CREUSR_CF) values (1,22020,320,1,'LOB',getDate(),'DBEU')
insert into TSEGMENTRULE2CRI (SGTRULE_NT, SGMT_NF, SGT_NT, SGTVER_NT, SGTCRI_CF, CRE_D, CREUSR_CF) values (1,22020,320,1,'SUBLEDGER',getDate(),'DBEU')
insert into TSEGMENTRULE (SGTRUL_NT, SGMT_NF, SGT_NT, SGTVER_NT, RULE_LS, RULPRIO_CT, FUNCDEF_T, TECHDEF_T, CRE_D, CREUSR_CF, LSTUPD_D, LSTUPDUSR_CF, timestamp) values (2,22020,320,1,'',4,'LOB=''11'' AND SUBLEDGER=2','StringUtils.equals(c.getLobCf(), "11") && IntegerUtils.equals(c.getAccesbCf(), 2)',getDate(),'DBEU',getDate(),'DBEU',null)
insert into TSEGMENTRULE2CRI (SGTRULE_NT, SGMT_NF, SGT_NT, SGTVER_NT, SGTCRI_CF, CRE_D, CREUSR_CF) values (2,22020,320,1,'LOB',getDate(),'DBEU')
insert into TSEGMENTRULE2CRI (SGTRULE_NT, SGMT_NF, SGT_NT, SGTVER_NT, SGTCRI_CF, CRE_D, CREUSR_CF) values (2,22020,320,1,'SUBLEDGER',getDate(),'DBEU')
go
insert into TSEGMT (SGMT_NF, SGT_NT, SGTVER_NT, SGMT_LS, SGMT_LL, SGTLVL_NT, PARSGMT_CF, BALAIMGT_CT, CRE_D, CREUSR_CF, LSTUPD_D, LSTUPDUSR_CF, timestamp) values (22030,320,1,'22030','05 Ship Dam&Liab',0,null,null,getDate(),'DBEU',getDate(),'DBEU',null)
insert into TSEGMENTRULE (SGTRUL_NT, SGMT_NF, SGT_NT, SGTVER_NT, RULE_LS, RULPRIO_CT, FUNCDEF_T, TECHDEF_T, CRE_D, CREUSR_CF, LSTUPD_D, LSTUPDUSR_CF, timestamp) values (1,22030,320,1,'',6,'LOB=''08'' AND SUBLEDGER=2','StringUtils.equals(c.getLobCf(), "08") && IntegerUtils.equals(c.getAccesbCf(), 2)',getDate(),'DBEU',getDate(),'DBEU',null)
insert into TSEGMENTRULE2CRI (SGTRULE_NT, SGMT_NF, SGT_NT, SGTVER_NT, SGTCRI_CF, CRE_D, CREUSR_CF) values (1,22030,320,1,'LOB',getDate(),'DBEU')
insert into TSEGMENTRULE2CRI (SGTRULE_NT, SGMT_NF, SGT_NT, SGTVER_NT, SGTCRI_CF, CRE_D, CREUSR_CF) values (1,22030,320,1,'SUBLEDGER',getDate(),'DBEU')
go
insert into TSEGMT (SGMT_NF, SGT_NT, SGTVER_NT, SGMT_LS, SGMT_LL, SGTLVL_NT, PARSGMT_CF, BALAIMGT_CT, CRE_D, CREUSR_CF, LSTUPD_D, LSTUPDUSR_CF, timestamp) values (22040,320,1,'22040','06 Goods Transit',0,null,null,getDate(),'DBEU',getDate(),'DBEU',null)
insert into TSEGMENTRULE (SGTRUL_NT, SGMT_NF, SGT_NT, SGTVER_NT, RULE_LS, RULPRIO_CT, FUNCDEF_T, TECHDEF_T, CRE_D, CREUSR_CF, LSTUPD_D, LSTUPDUSR_CF, timestamp) values (1,22040,320,1,'',5,'LOB=''08'' AND SUBLEDGER=2 AND TOP=''285''','StringUtils.equals(c.getLobCf(), "08") && IntegerUtils.equals(c.getAccesbCf(), 2) && StringUtils.equals(c.getTopCf(), "285")',getDate(),'DBEU',getDate(),'DBEU',null)
insert into TSEGMENTRULE2CRI (SGTRULE_NT, SGMT_NF, SGT_NT, SGTVER_NT, SGTCRI_CF, CRE_D, CREUSR_CF) values (1,22040,320,1,'TOP',getDate(),'DBEU')
insert into TSEGMENTRULE2CRI (SGTRULE_NT, SGMT_NF, SGT_NT, SGTVER_NT, SGTCRI_CF, CRE_D, CREUSR_CF) values (1,22040,320,1,'LOB',getDate(),'DBEU')
insert into TSEGMENTRULE2CRI (SGTRULE_NT, SGMT_NF, SGT_NT, SGTVER_NT, SGTCRI_CF, CRE_D, CREUSR_CF) values (1,22040,320,1,'SUBLEDGER',getDate(),'DBEU')
go
insert into TSEGMT (SGMT_NF, SGT_NT, SGTVER_NT, SGMT_LS, SGMT_LL, SGTLVL_NT, PARSGMT_CF, BALAIMGT_CT, CRE_D, CREUSR_CF, LSTUPD_D, LSTUPDUSR_CF, timestamp) values (22050,320,1,'22050','07 Property',0,null,null,getDate(),'DBEU',getDate(),'DBEU',null)
insert into TSEGMENTRULE (SGTRUL_NT, SGMT_NF, SGT_NT, SGTVER_NT, RULE_LS, RULPRIO_CT, FUNCDEF_T, TECHDEF_T, CRE_D, CREUSR_CF, LSTUPD_D, LSTUPDUSR_CF, timestamp) values (1,22050,320,1,'',7,'LOB=''01'' AND SUBLEDGER=2','StringUtils.equals(c.getLobCf(), "01") && IntegerUtils.equals(c.getAccesbCf(), 2)',getDate(),'DBEU',getDate(),'DBEU',null)
insert into TSEGMENTRULE2CRI (SGTRULE_NT, SGMT_NF, SGT_NT, SGTVER_NT, SGTCRI_CF, CRE_D, CREUSR_CF) values (1,22050,320,1,'LOB',getDate(),'DBEU')
insert into TSEGMENTRULE2CRI (SGTRULE_NT, SGMT_NF, SGT_NT, SGTVER_NT, SGTCRI_CF, CRE_D, CREUSR_CF) values (1,22050,320,1,'SUBLEDGER',getDate(),'DBEU')
insert into TSEGMENTRULE (SGTRUL_NT, SGMT_NF, SGT_NT, SGTVER_NT, RULE_LS, RULPRIO_CT, FUNCDEF_T, TECHDEF_T, CRE_D, CREUSR_CF, LSTUPD_D, LSTUPDUSR_CF, timestamp) values (2,22050,320,1,'',8,'LOB=''02'' AND SUBLEDGER=2','StringUtils.equals(c.getLobCf(), "02") && IntegerUtils.equals(c.getAccesbCf(), 2)',getDate(),'DBEU',getDate(),'DBEU',null)
insert into TSEGMENTRULE2CRI (SGTRULE_NT, SGMT_NF, SGT_NT, SGTVER_NT, SGTCRI_CF, CRE_D, CREUSR_CF) values (2,22050,320,1,'LOB',getDate(),'DBEU')
insert into TSEGMENTRULE2CRI (SGTRULE_NT, SGMT_NF, SGT_NT, SGTVER_NT, SGTCRI_CF, CRE_D, CREUSR_CF) values (2,22050,320,1,'SUBLEDGER',getDate(),'DBEU')
insert into TSEGMENTRULE (SGTRUL_NT, SGMT_NF, SGT_NT, SGTVER_NT, RULE_LS, RULPRIO_CT, FUNCDEF_T, TECHDEF_T, CRE_D, CREUSR_CF, LSTUPD_D, LSTUPDUSR_CF, timestamp) values (3,22050,320,1,'',9,'LOB=''03'' AND SUBLEDGER=2','StringUtils.equals(c.getLobCf(), "03") && IntegerUtils.equals(c.getAccesbCf(), 2)',getDate(),'DBEU',getDate(),'DBEU',null)
insert into TSEGMENTRULE2CRI (SGTRULE_NT, SGMT_NF, SGT_NT, SGTVER_NT, SGTCRI_CF, CRE_D, CREUSR_CF) values (3,22050,320,1,'LOB',getDate(),'DBEU')
insert into TSEGMENTRULE2CRI (SGTRULE_NT, SGMT_NF, SGT_NT, SGTVER_NT, SGTCRI_CF, CRE_D, CREUSR_CF) values (3,22050,320,1,'SUBLEDGER',getDate(),'DBEU')
insert into TSEGMENTRULE (SGTRUL_NT, SGMT_NF, SGT_NT, SGTVER_NT, RULE_LS, RULPRIO_CT, FUNCDEF_T, TECHDEF_T, CRE_D, CREUSR_CF, LSTUPD_D, LSTUPDUSR_CF, timestamp) values (4,22050,320,1,'',10,'LOB=''04'' AND SUBLEDGER=2','StringUtils.equals(c.getLobCf(), "04") && IntegerUtils.equals(c.getAccesbCf(), 2)',getDate(),'DBEU',getDate(),'DBEU',null)
insert into TSEGMENTRULE2CRI (SGTRULE_NT, SGMT_NF, SGT_NT, SGTVER_NT, SGTCRI_CF, CRE_D, CREUSR_CF) values (4,22050,320,1,'LOB',getDate(),'DBEU')
insert into TSEGMENTRULE2CRI (SGTRULE_NT, SGMT_NF, SGT_NT, SGTVER_NT, SGTCRI_CF, CRE_D, CREUSR_CF) values (4,22050,320,1,'SUBLEDGER',getDate(),'DBEU')
insert into TSEGMENTRULE (SGTRUL_NT, SGMT_NF, SGT_NT, SGTVER_NT, RULE_LS, RULPRIO_CT, FUNCDEF_T, TECHDEF_T, CRE_D, CREUSR_CF, LSTUPD_D, LSTUPDUSR_CF, timestamp) values (5,22050,320,1,'',11,'LOB=''07'' AND SUBLEDGER=2','StringUtils.equals(c.getLobCf(), "07") && IntegerUtils.equals(c.getAccesbCf(), 2)',getDate(),'DBEU',getDate(),'DBEU',null)
insert into TSEGMENTRULE2CRI (SGTRULE_NT, SGMT_NF, SGT_NT, SGTVER_NT, SGTCRI_CF, CRE_D, CREUSR_CF) values (5,22050,320,1,'LOB',getDate(),'DBEU')
insert into TSEGMENTRULE2CRI (SGTRULE_NT, SGMT_NF, SGT_NT, SGTVER_NT, SGTCRI_CF, CRE_D, CREUSR_CF) values (5,22050,320,1,'SUBLEDGER',getDate(),'DBEU')
insert into TSEGMENTRULE (SGTRUL_NT, SGMT_NF, SGT_NT, SGTVER_NT, RULE_LS, RULPRIO_CT, FUNCDEF_T, TECHDEF_T, CRE_D, CREUSR_CF, LSTUPD_D, LSTUPDUSR_CF, timestamp) values (6,22050,320,1,'',12,'LOB=''09'' AND SUBLEDGER=2','StringUtils.equals(c.getLobCf(), "09") && IntegerUtils.equals(c.getAccesbCf(), 2)',getDate(),'DBEU',getDate(),'DBEU',null)
insert into TSEGMENTRULE2CRI (SGTRULE_NT, SGMT_NF, SGT_NT, SGTVER_NT, SGTCRI_CF, CRE_D, CREUSR_CF) values (6,22050,320,1,'LOB',getDate(),'DBEU')
insert into TSEGMENTRULE2CRI (SGTRULE_NT, SGMT_NF, SGT_NT, SGTVER_NT, SGTCRI_CF, CRE_D, CREUSR_CF) values (6,22050,320,1,'SUBLEDGER',getDate(),'DBEU')
insert into TSEGMENTRULE (SGTRUL_NT, SGMT_NF, SGT_NT, SGTVER_NT, RULE_LS, RULPRIO_CT, FUNCDEF_T, TECHDEF_T, CRE_D, CREUSR_CF, LSTUPD_D, LSTUPDUSR_CF, timestamp) values (7,22050,320,1,'',13,'LOB=''15'' AND SUBLEDGER=2','StringUtils.equals(c.getLobCf(), "15") && IntegerUtils.equals(c.getAccesbCf(), 2)',getDate(),'DBEU',getDate(),'DBEU',null)
insert into TSEGMENTRULE2CRI (SGTRULE_NT, SGMT_NF, SGT_NT, SGTVER_NT, SGTCRI_CF, CRE_D, CREUSR_CF) values (7,22050,320,1,'LOB',getDate(),'DBEU')
insert into TSEGMENTRULE2CRI (SGTRULE_NT, SGMT_NF, SGT_NT, SGTVER_NT, SGTCRI_CF, CRE_D, CREUSR_CF) values (7,22050,320,1,'SUBLEDGER',getDate(),'DBEU')
go
insert into TSEGMT (SGMT_NF, SGT_NT, SGTVER_NT, SGMT_LS, SGMT_LL, SGTLVL_NT, PARSGMT_CF, BALAIMGT_CT, CRE_D, CREUSR_CF, LSTUPD_D, LSTUPDUSR_CF, timestamp) values (22060,320,1,'22060','08 GL Statutory',0,null,null,getDate(),'DBEU',getDate(),'DBEU',null)
insert into TSEGMENTRULE (SGTRUL_NT, SGMT_NF, SGT_NT, SGTVER_NT, RULE_LS, RULPRIO_CT, FUNCDEF_T, TECHDEF_T, CRE_D, CREUSR_CF, LSTUPD_D, LSTUPDUSR_CF, timestamp) values (1,22060,320,1,'',14,'LOB=''13'' AND SUBLEDGER=2','StringUtils.equals(c.getLobCf(), "13") && IntegerUtils.equals(c.getAccesbCf(), 2)',getDate(),'DBEU',getDate(),'DBEU',null)
insert into TSEGMENTRULE2CRI (SGTRULE_NT, SGMT_NF, SGT_NT, SGTVER_NT, SGTCRI_CF, CRE_D, CREUSR_CF) values (1,22060,320,1,'LOB',getDate(),'DBEU')
insert into TSEGMENTRULE2CRI (SGTRULE_NT, SGMT_NF, SGT_NT, SGTVER_NT, SGTCRI_CF, CRE_D, CREUSR_CF) values (1,22060,320,1,'SUBLEDGER',getDate(),'DBEU')
insert into TSEGMENTRULE (SGTRUL_NT, SGMT_NF, SGT_NT, SGTVER_NT, RULE_LS, RULPRIO_CT, FUNCDEF_T, TECHDEF_T, CRE_D, CREUSR_CF, LSTUPD_D, LSTUPDUSR_CF, timestamp) values (2,22060,320,1,'',15,'LOB=''12'' AND SUBLEDGER=2 AND TOP=''415''','StringUtils.equals(c.getLobCf(), "12") && IntegerUtils.equals(c.getAccesbCf(), 2) && StringUtils.equals(c.getTopCf(), "415")',getDate(),'DBEU',getDate(),'DBEU',null)
insert into TSEGMENTRULE2CRI (SGTRULE_NT, SGMT_NF, SGT_NT, SGTVER_NT, SGTCRI_CF, CRE_D, CREUSR_CF) values (2,22060,320,1,'TOP',getDate(),'DBEU')
insert into TSEGMENTRULE2CRI (SGTRULE_NT, SGMT_NF, SGT_NT, SGTVER_NT, SGTCRI_CF, CRE_D, CREUSR_CF) values (2,22060,320,1,'LOB',getDate(),'DBEU')
insert into TSEGMENTRULE2CRI (SGTRULE_NT, SGMT_NF, SGT_NT, SGTVER_NT, SGTCRI_CF, CRE_D, CREUSR_CF) values (2,22060,320,1,'SUBLEDGER',getDate(),'DBEU')
go
insert into TSEGMT (SGMT_NF, SGT_NT, SGTVER_NT, SGMT_LS, SGMT_LL, SGTLVL_NT, PARSGMT_CF, BALAIMGT_CT, CRE_D, CREUSR_CF, LSTUPD_D, LSTUPDUSR_CF, timestamp) values (22070,320,1,'22070','09 GL Others',0,null,null,getDate(),'DBEU',getDate(),'DBEU',null)
insert into TSEGMENTRULE (SGTRUL_NT, SGMT_NF, SGT_NT, SGTVER_NT, RULE_LS, RULPRIO_CT, FUNCDEF_T, TECHDEF_T, CRE_D, CREUSR_CF, LSTUPD_D, LSTUPDUSR_CF, timestamp) values (1,22070,320,1,'',16,'LOB=''12'' AND SUBLEDGER=2','StringUtils.equals(c.getLobCf(), "12") && IntegerUtils.equals(c.getAccesbCf(), 2)',getDate(),'DBEU',getDate(),'DBEU',null)
insert into TSEGMENTRULE2CRI (SGTRULE_NT, SGMT_NF, SGT_NT, SGTVER_NT, SGTCRI_CF, CRE_D, CREUSR_CF) values (1,22070,320,1,'LOB',getDate(),'DBEU')
insert into TSEGMENTRULE2CRI (SGTRULE_NT, SGMT_NF, SGT_NT, SGTVER_NT, SGTCRI_CF, CRE_D, CREUSR_CF) values (1,22070,320,1,'SUBLEDGER',getDate(),'DBEU')
go
insert into TSEGMT (SGMT_NF, SGT_NT, SGTVER_NT, SGMT_LS, SGMT_LL, SGTLVL_NT, PARSGMT_CF, BALAIMGT_CT, CRE_D, CREUSR_CF, LSTUPD_D, LSTUPDUSR_CF, timestamp) values (22080,320,1,'22080','10 Pecuniary',0,null,null,getDate(),'DBEU',getDate(),'DBEU',null)
insert into TSEGMENTRULE (SGTRUL_NT, SGMT_NF, SGT_NT, SGTVER_NT, RULE_LS, RULPRIO_CT, FUNCDEF_T, TECHDEF_T, CRE_D, CREUSR_CF, LSTUPD_D, LSTUPDUSR_CF, timestamp) values (1,22080,320,1,'',17,'LOB=''05'' AND SUBLEDGER=2','StringUtils.equals(c.getLobCf(), "05") && IntegerUtils.equals(c.getAccesbCf(), 2)',getDate(),'DBEU',getDate(),'DBEU',null)
insert into TSEGMENTRULE2CRI (SGTRULE_NT, SGMT_NF, SGT_NT, SGTVER_NT, SGTCRI_CF, CRE_D, CREUSR_CF) values (1,22080,320,1,'LOB',getDate(),'DBEU')
insert into TSEGMENTRULE2CRI (SGTRULE_NT, SGMT_NF, SGT_NT, SGTVER_NT, SGTCRI_CF, CRE_D, CREUSR_CF) values (1,22080,320,1,'SUBLEDGER',getDate(),'DBEU')
go
insert into TSEGMT (SGMT_NF, SGT_NT, SGTVER_NT, SGMT_LS, SGMT_LL, SGTLVL_NT, PARSGMT_CF, BALAIMGT_CT, CRE_D, CREUSR_CF, LSTUPD_D, LSTUPDUSR_CF, timestamp) values (22090,320,1,'22090','11 No Pro Treaty',0,null,null,getDate(),'DBEU',getDate(),'DBEU',null)
insert into TSEGMENTRULE (SGTRUL_NT, SGMT_NF, SGT_NT, SGTVER_NT, RULE_LS, RULPRIO_CT, FUNCDEF_T, TECHDEF_T, CRE_D, CREUSR_CF, LSTUPD_D, LSTUPDUSR_CF, timestamp) values (1,22090,320,1,'',18,'LOB=''20'' AND SUBLEDGER=2 AND P_NP=''N''','StringUtils.equals(c.getLobCf(), "20") && IntegerUtils.equals(c.getAccesbCf(), 2) && StringUtils.equals(c.getNatB(), "N")',getDate(),'DBEU',getDate(),'DBEU',null)
insert into TSEGMENTRULE2CRI (SGTRULE_NT, SGMT_NF, SGT_NT, SGTVER_NT, SGTCRI_CF, CRE_D, CREUSR_CF) values (1,22090,320,1,'LOB',getDate(),'DBEU')
insert into TSEGMENTRULE2CRI (SGTRULE_NT, SGMT_NF, SGT_NT, SGTVER_NT, SGTCRI_CF, CRE_D, CREUSR_CF) values (1,22090,320,1,'SUBLEDGER',getDate(),'DBEU')
insert into TSEGMENTRULE2CRI (SGTRULE_NT, SGMT_NF, SGT_NT, SGTVER_NT, SGTCRI_CF, CRE_D, CREUSR_CF) values (1,22090,320,1,'P_NP',getDate(),'DBEU')
insert into TSEGMENTRULE (SGTRUL_NT, SGMT_NF, SGT_NT, SGTVER_NT, RULE_LS, RULPRIO_CT, FUNCDEF_T, TECHDEF_T, CRE_D, CREUSR_CF, LSTUPD_D, LSTUPDUSR_CF, timestamp) values (2,22090,320,1,'',19,'LOB=''21'' AND SUBLEDGER=2','StringUtils.equals(c.getLobCf(), "21") && IntegerUtils.equals(c.getAccesbCf(), 2)',getDate(),'DBEU',getDate(),'DBEU',null)
insert into TSEGMENTRULE2CRI (SGTRULE_NT, SGMT_NF, SGT_NT, SGTVER_NT, SGTCRI_CF, CRE_D, CREUSR_CF) values (2,22090,320,1,'LOB',getDate(),'DBEU')
insert into TSEGMENTRULE2CRI (SGTRULE_NT, SGMT_NF, SGT_NT, SGTVER_NT, SGTCRI_CF, CRE_D, CREUSR_CF) values (2,22090,320,1,'SUBLEDGER',getDate(),'DBEU')
insert into TSEGMENTRULE (SGTRUL_NT, SGMT_NF, SGT_NT, SGTVER_NT, RULE_LS, RULPRIO_CT, FUNCDEF_T, TECHDEF_T, CRE_D, CREUSR_CF, LSTUPD_D, LSTUPDUSR_CF, timestamp) values (3,22090,320,1,'',20,'LOB=''31'' AND SUBLEDGER=2','StringUtils.equals(c.getLobCf(), "31") && IntegerUtils.equals(c.getAccesbCf(), 2)',getDate(),'DBEU',getDate(),'DBEU',null)
insert into TSEGMENTRULE2CRI (SGTRULE_NT, SGMT_NF, SGT_NT, SGTVER_NT, SGTCRI_CF, CRE_D, CREUSR_CF) values (3,22090,320,1,'LOB',getDate(),'DBEU')
insert into TSEGMENTRULE2CRI (SGTRULE_NT, SGMT_NF, SGT_NT, SGTVER_NT, SGTCRI_CF, CRE_D, CREUSR_CF) values (3,22090,320,1,'SUBLEDGER',getDate(),'DBEU')
go
insert into TSEGMT (SGMT_NF, SGT_NT, SGTVER_NT, SGMT_LS, SGMT_LL, SGTLVL_NT, PARSGMT_CF, BALAIMGT_CT, CRE_D, CREUSR_CF, LSTUPD_D, LSTUPDUSR_CF, timestamp) values (22100,320,1,'22100','12 Prop Treaty',0,null,null,getDate(),'DBEU',getDate(),'DBEU',null)
insert into TSEGMENTRULE (SGTRUL_NT, SGMT_NF, SGT_NT, SGTVER_NT, RULE_LS, RULPRIO_CT, FUNCDEF_T, TECHDEF_T, CRE_D, CREUSR_CF, LSTUPD_D, LSTUPDUSR_CF, timestamp) values (1,22100,320,1,'',21,'SUBLEDGER=2','IntegerUtils.equals(c.getAccesbCf(), 2)',getDate(),'DBEU',getDate(),'DBEU',null)
insert into TSEGMENTRULE2CRI (SGTRULE_NT, SGMT_NF, SGT_NT, SGTVER_NT, SGTCRI_CF, CRE_D, CREUSR_CF) values (1,22100,320,1,'SUBLEDGER',getDate(),'DBEU')
go
/*==============================================================*/
/* Table: Segmentation 311 - 1 */
/*==============================================================*/
insert into TSEGMENTLVL (SGTLVL_CT, SGT_NT, SGTVER_NT, LVL_LS, LVL_LM, CRE_D, CREUSR_CF, LSTUPD_D, LSTUPDUSR_CF, timestamp) values (0, 311,1,'lvl 0',null,getDate(),'DBEU',getDate(),'DBEU',null)
go
insert into TSEGMT (SGMT_NF, SGT_NT, SGTVER_NT, SGMT_LS, SGMT_LL, SGTLVL_NT, PARSGMT_CF, BALAIMGT_CT, CRE_D, CREUSR_CF, LSTUPD_D, LSTUPDUSR_CF, timestamp) values (11000,311,1,'11000','Property',0,null,null,getDate(),'DBEU',getDate(),'DBEU',null)
insert into TSEGMENTRULE (SGTRUL_NT, SGMT_NF, SGT_NT, SGTVER_NT, RULE_LS, RULPRIO_CT, FUNCDEF_T, TECHDEF_T, CRE_D, CREUSR_CF, LSTUPD_D, LSTUPDUSR_CF, timestamp) values (1,11000,311,1,'',1,'LOB=''01'' AND SOB=''05''','StringUtils.equals(c.getLobCf(), "01") && StringUtils.equals(c.getSobCf(), "05")',getDate(),'DBEU',getDate(),'DBEU',null)
insert into TSEGMENTRULE2CRI (SGTRULE_NT, SGMT_NF, SGT_NT, SGTVER_NT, SGTCRI_CF, CRE_D, CREUSR_CF) values (1,11000,311,1,'LOB',getDate(),'DBEU')
insert into TSEGMENTRULE2CRI (SGTRULE_NT, SGMT_NF, SGT_NT, SGTVER_NT, SGTCRI_CF, CRE_D, CREUSR_CF) values (1,11000,311,1,'SOB',getDate(),'DBEU')
insert into TSEGMENTRULE (SGTRUL_NT, SGMT_NF, SGT_NT, SGTVER_NT, RULE_LS, RULPRIO_CT, FUNCDEF_T, TECHDEF_T, CRE_D, CREUSR_CF, LSTUPD_D, LSTUPDUSR_CF, timestamp) values (2,11000,311,1,'',2,'LOB=''01'' AND SOB=''07''','StringUtils.equals(c.getLobCf(), "01") && StringUtils.equals(c.getSobCf(), "07")',getDate(),'DBEU',getDate(),'DBEU',null)
insert into TSEGMENTRULE2CRI (SGTRULE_NT, SGMT_NF, SGT_NT, SGTVER_NT, SGTCRI_CF, CRE_D, CREUSR_CF) values (2,11000,311,1,'LOB',getDate(),'DBEU')
insert into TSEGMENTRULE2CRI (SGTRULE_NT, SGMT_NF, SGT_NT, SGTVER_NT, SGTCRI_CF, CRE_D, CREUSR_CF) values (2,11000,311,1,'SOB',getDate(),'DBEU')
insert into TSEGMENTRULE (SGTRUL_NT, SGMT_NF, SGT_NT, SGTVER_NT, RULE_LS, RULPRIO_CT, FUNCDEF_T, TECHDEF_T, CRE_D, CREUSR_CF, LSTUPD_D, LSTUPDUSR_CF, timestamp) values (3,11000,311,1,'',3,'LOB=''01''','StringUtils.equals(c.getLobCf(), "01")',getDate(),'DBEU',getDate(),'DBEU',null)
insert into TSEGMENTRULE2CRI (SGTRULE_NT, SGMT_NF, SGT_NT, SGTVER_NT, SGTCRI_CF, CRE_D, CREUSR_CF) values (3,11000,311,1,'LOB',getDate(),'DBEU')
insert into TSEGMENTRULE (SGTRUL_NT, SGMT_NF, SGT_NT, SGTVER_NT, RULE_LS, RULPRIO_CT, FUNCDEF_T, TECHDEF_T, CRE_D, CREUSR_CF, LSTUPD_D, LSTUPDUSR_CF, timestamp) values (4,11000,311,1,'',4,'LOB=''02'' AND SOB=''05''','StringUtils.equals(c.getLobCf(), "02") && StringUtils.equals(c.getSobCf(), "05")',getDate(),'DBEU',getDate(),'DBEU',null)
insert into TSEGMENTRULE2CRI (SGTRULE_NT, SGMT_NF, SGT_NT, SGTVER_NT, SGTCRI_CF, CRE_D, CREUSR_CF) values (4,11000,311,1,'LOB',getDate(),'DBEU')
insert into TSEGMENTRULE2CRI (SGTRULE_NT, SGMT_NF, SGT_NT, SGTVER_NT, SGTCRI_CF, CRE_D, CREUSR_CF) values (4,11000,311,1,'SOB',getDate(),'DBEU')
insert into TSEGMENTRULE (SGTRUL_NT, SGMT_NF, SGT_NT, SGTVER_NT, RULE_LS, RULPRIO_CT, FUNCDEF_T, TECHDEF_T, CRE_D, CREUSR_CF, LSTUPD_D, LSTUPDUSR_CF, timestamp) values (5,11000,311,1,'',5,'LOB=''02'' AND SOB=''07''','StringUtils.equals(c.getLobCf(), "02") && StringUtils.equals(c.getSobCf(), "07")',getDate(),'DBEU',getDate(),'DBEU',null)
insert into TSEGMENTRULE2CRI (SGTRULE_NT, SGMT_NF, SGT_NT, SGTVER_NT, SGTCRI_CF, CRE_D, CREUSR_CF) values (5,11000,311,1,'LOB',getDate(),'DBEU')
insert into TSEGMENTRULE2CRI (SGTRULE_NT, SGMT_NF, SGT_NT, SGTVER_NT, SGTCRI_CF, CRE_D, CREUSR_CF) values (5,11000,311,1,'SOB',getDate(),'DBEU')
insert into TSEGMENTRULE (SGTRUL_NT, SGMT_NF, SGT_NT, SGTVER_NT, RULE_LS, RULPRIO_CT, FUNCDEF_T, TECHDEF_T, CRE_D, CREUSR_CF, LSTUPD_D, LSTUPDUSR_CF, timestamp) values (6,11000,311,1,'',6,'LOB=''02''','StringUtils.equals(c.getLobCf(), "02")',getDate(),'DBEU',getDate(),'DBEU',null)
insert into TSEGMENTRULE2CRI (SGTRULE_NT, SGMT_NF, SGT_NT, SGTVER_NT, SGTCRI_CF, CRE_D, CREUSR_CF) values (6,11000,311,1,'LOB',getDate(),'DBEU')
insert into TSEGMENTRULE (SGTRUL_NT, SGMT_NF, SGT_NT, SGTVER_NT, RULE_LS, RULPRIO_CT, FUNCDEF_T, TECHDEF_T, CRE_D, CREUSR_CF, LSTUPD_D, LSTUPDUSR_CF, timestamp) values (7,11000,311,1,'',8,'LOB=''04''','StringUtils.equals(c.getLobCf(), "04")',getDate(),'DBEU',getDate(),'DBEU',null)
insert into TSEGMENTRULE2CRI (SGTRULE_NT, SGMT_NF, SGT_NT, SGTVER_NT, SGTCRI_CF, CRE_D, CREUSR_CF) values (7,11000,311,1,'LOB',getDate(),'DBEU')
insert into TSEGMENTRULE (SGTRUL_NT, SGMT_NF, SGT_NT, SGTVER_NT, RULE_LS, RULPRIO_CT, FUNCDEF_T, TECHDEF_T, CRE_D, CREUSR_CF, LSTUPD_D, LSTUPDUSR_CF, timestamp) values (8,11000,311,1,'',24,'LOB=''20'' AND SOB=''05''','StringUtils.equals(c.getLobCf(), "20") && StringUtils.equals(c.getSobCf(), "05")',getDate(),'DBEU',getDate(),'DBEU',null)
insert into TSEGMENTRULE2CRI (SGTRULE_NT, SGMT_NF, SGT_NT, SGTVER_NT, SGTCRI_CF, CRE_D, CREUSR_CF) values (8,11000,311,1,'LOB',getDate(),'DBEU')
insert into TSEGMENTRULE2CRI (SGTRULE_NT, SGMT_NF, SGT_NT, SGTVER_NT, SGTCRI_CF, CRE_D, CREUSR_CF) values (8,11000,311,1,'SOB',getDate(),'DBEU')
insert into TSEGMENTRULE (SGTRUL_NT, SGMT_NF, SGT_NT, SGTVER_NT, RULE_LS, RULPRIO_CT, FUNCDEF_T, TECHDEF_T, CRE_D, CREUSR_CF, LSTUPD_D, LSTUPDUSR_CF, timestamp) values (9,11000,311,1,'',25,'LOB=''20''','StringUtils.equals(c.getLobCf(), "20")',getDate(),'DBEU',getDate(),'DBEU',null)
insert into TSEGMENTRULE2CRI (SGTRULE_NT, SGMT_NF, SGT_NT, SGTVER_NT, SGTCRI_CF, CRE_D, CREUSR_CF) values (9,11000,311,1,'LOB',getDate(),'DBEU')
go
insert into TSEGMT (SGMT_NF, SGT_NT, SGTVER_NT, SGMT_LS, SGMT_LL, SGTLVL_NT, PARSGMT_CF, BALAIMGT_CT, CRE_D, CREUSR_CF, LSTUPD_D, LSTUPDUSR_CF, timestamp) values (11010,311,1,'11010','Auto',0,null,null,getDate(),'DBEU',getDate(),'DBEU',null)
insert into TSEGMENTRULE (SGTRUL_NT, SGMT_NF, SGT_NT, SGTVER_NT, RULE_LS, RULPRIO_CT, FUNCDEF_T, TECHDEF_T, CRE_D, CREUSR_CF, LSTUPD_D, LSTUPDUSR_CF, timestamp) values (1,11010,311,1,'',18,'LOB=''14'' AND TOP=''465''','StringUtils.equals(c.getLobCf(), "14") && StringUtils.equals(c.getTopCf(), "465")',getDate(),'DBEU',getDate(),'DBEU',null)
insert into TSEGMENTRULE2CRI (SGTRULE_NT, SGMT_NF, SGT_NT, SGTVER_NT, SGTCRI_CF, CRE_D, CREUSR_CF) values (1,11010,311,1,'TOP',getDate(),'DBEU')
insert into TSEGMENTRULE2CRI (SGTRULE_NT, SGMT_NF, SGT_NT, SGTVER_NT, SGTCRI_CF, CRE_D, CREUSR_CF) values (1,11010,311,1,'LOB',getDate(),'DBEU')
insert into TSEGMENTRULE (SGTRUL_NT, SGMT_NF, SGT_NT, SGTVER_NT, RULE_LS, RULPRIO_CT, FUNCDEF_T, TECHDEF_T, CRE_D, CREUSR_CF, LSTUPD_D, LSTUPDUSR_CF, timestamp) values (2,11010,311,1,'',19,'LOB=''14'' AND TOP=''480''','StringUtils.equals(c.getLobCf(), "14") && StringUtils.equals(c.getTopCf(), "480")',getDate(),'DBEU',getDate(),'DBEU',null)
insert into TSEGMENTRULE2CRI (SGTRULE_NT, SGMT_NF, SGT_NT, SGTVER_NT, SGTCRI_CF, CRE_D, CREUSR_CF) values (2,11010,311,1,'TOP',getDate(),'DBEU')
insert into TSEGMENTRULE2CRI (SGTRULE_NT, SGMT_NF, SGT_NT, SGTVER_NT, SGTCRI_CF, CRE_D, CREUSR_CF) values (2,11010,311,1,'LOB',getDate(),'DBEU')
insert into TSEGMENTRULE (SGTRUL_NT, SGMT_NF, SGT_NT, SGTVER_NT, RULE_LS, RULPRIO_CT, FUNCDEF_T, TECHDEF_T, CRE_D, CREUSR_CF, LSTUPD_D, LSTUPDUSR_CF, timestamp) values (3,11010,311,1,'',20,'LOB=''14'' AND TOP=''472''','StringUtils.equals(c.getLobCf(), "14") && StringUtils.equals(c.getTopCf(), "472")',getDate(),'DBEU',getDate(),'DBEU',null)
insert into TSEGMENTRULE2CRI (SGTRULE_NT, SGMT_NF, SGT_NT, SGTVER_NT, SGTCRI_CF, CRE_D, CREUSR_CF) values (3,11010,311,1,'TOP',getDate(),'DBEU')
insert into TSEGMENTRULE2CRI (SGTRULE_NT, SGMT_NF, SGT_NT, SGTVER_NT, SGTCRI_CF, CRE_D, CREUSR_CF) values (3,11010,311,1,'LOB',getDate(),'DBEU')
insert into TSEGMENTRULE (SGTRUL_NT, SGMT_NF, SGT_NT, SGTVER_NT, RULE_LS, RULPRIO_CT, FUNCDEF_T, TECHDEF_T, CRE_D, CREUSR_CF, LSTUPD_D, LSTUPDUSR_CF, timestamp) values (4,11010,311,1,'',21,'LOB=''14'' AND TOP=''487''','StringUtils.equals(c.getLobCf(), "14") && StringUtils.equals(c.getTopCf(), "487")',getDate(),'DBEU',getDate(),'DBEU',null)
insert into TSEGMENTRULE2CRI (SGTRULE_NT, SGMT_NF, SGT_NT, SGTVER_NT, SGTCRI_CF, CRE_D, CREUSR_CF) values (4,11010,311,1,'TOP',getDate(),'DBEU')
insert into TSEGMENTRULE2CRI (SGTRULE_NT, SGMT_NF, SGT_NT, SGTVER_NT, SGTCRI_CF, CRE_D, CREUSR_CF) values (4,11010,311,1,'LOB',getDate(),'DBEU')
insert into TSEGMENTRULE (SGTRUL_NT, SGMT_NF, SGT_NT, SGTVER_NT, RULE_LS, RULPRIO_CT, FUNCDEF_T, TECHDEF_T, CRE_D, CREUSR_CF, LSTUPD_D, LSTUPDUSR_CF, timestamp) values (5,11010,311,1,'',22,'LOB=''14''','StringUtils.equals(c.getLobCf(), "14")',getDate(),'DBEU',getDate(),'DBEU',null)
insert into TSEGMENTRULE2CRI (SGTRULE_NT, SGMT_NF, SGT_NT, SGTVER_NT, SGTCRI_CF, CRE_D, CREUSR_CF) values (5,11010,311,1,'LOB',getDate(),'DBEU')
go
insert into TSEGMT (SGMT_NF, SGT_NT, SGTVER_NT, SGMT_LS, SGMT_LL, SGTLVL_NT, PARSGMT_CF, BALAIMGT_CT, CRE_D, CREUSR_CF, LSTUPD_D, LSTUPDUSR_CF, timestamp) values (11100,311,1,'11100','Other',0,null,null,getDate(),'DBEU',getDate(),'DBEU',null)
insert into TSEGMENTRULE (SGTRUL_NT, SGMT_NF, SGT_NT, SGTVER_NT, RULE_LS, RULPRIO_CT, FUNCDEF_T, TECHDEF_T, CRE_D, CREUSR_CF, LSTUPD_D, LSTUPDUSR_CF, timestamp) values (1,11100,311,1,'',7,'LOB=''03''','StringUtils.equals(c.getLobCf(), "03")',getDate(),'DBEU',getDate(),'DBEU',null)
insert into TSEGMENTRULE2CRI (SGTRULE_NT, SGMT_NF, SGT_NT, SGTVER_NT, SGTCRI_CF, CRE_D, CREUSR_CF) values (1,11100,311,1,'LOB',getDate(),'DBEU')
insert into TSEGMENTRULE (SGTRUL_NT, SGMT_NF, SGT_NT, SGTVER_NT, RULE_LS, RULPRIO_CT, FUNCDEF_T, TECHDEF_T, CRE_D, CREUSR_CF, LSTUPD_D, LSTUPDUSR_CF, timestamp) values (2,11100,311,1,'',9,'LOB=''05''','StringUtils.equals(c.getLobCf(), "05")',getDate(),'DBEU',getDate(),'DBEU',null)
insert into TSEGMENTRULE2CRI (SGTRULE_NT, SGMT_NF, SGT_NT, SGTVER_NT, SGTCRI_CF, CRE_D, CREUSR_CF) values (2,11100,311,1,'LOB',getDate(),'DBEU')
insert into TSEGMENTRULE (SGTRUL_NT, SGMT_NF, SGT_NT, SGTVER_NT, RULE_LS, RULPRIO_CT, FUNCDEF_T, TECHDEF_T, CRE_D, CREUSR_CF, LSTUPD_D, LSTUPDUSR_CF, timestamp) values (3,11100,311,1,'',10,'LOB=''06''','StringUtils.equals(c.getLobCf(), "06")',getDate(),'DBEU',getDate(),'DBEU',null)
insert into TSEGMENTRULE2CRI (SGTRULE_NT, SGMT_NF, SGT_NT, SGTVER_NT, SGTCRI_CF, CRE_D, CREUSR_CF) values (3,11100,311,1,'LOB',getDate(),'DBEU')
insert into TSEGMENTRULE (SGTRUL_NT, SGMT_NF, SGT_NT, SGTVER_NT, RULE_LS, RULPRIO_CT, FUNCDEF_T, TECHDEF_T, CRE_D, CREUSR_CF, LSTUPD_D, LSTUPDUSR_CF, timestamp) values (4,11100,311,1,'',11,'LOB=''07''','StringUtils.equals(c.getLobCf(), "07")',getDate(),'DBEU',getDate(),'DBEU',null)
insert into TSEGMENTRULE2CRI (SGTRULE_NT, SGMT_NF, SGT_NT, SGTVER_NT, SGTCRI_CF, CRE_D, CREUSR_CF) values (4,11100,311,1,'LOB',getDate(),'DBEU')
insert into TSEGMENTRULE (SGTRUL_NT, SGMT_NF, SGT_NT, SGTVER_NT, RULE_LS, RULPRIO_CT, FUNCDEF_T, TECHDEF_T, CRE_D, CREUSR_CF, LSTUPD_D, LSTUPDUSR_CF, timestamp) values (5,11100,311,1,'',12,'LOB=''08''','StringUtils.equals(c.getLobCf(), "08")',getDate(),'DBEU',getDate(),'DBEU',null)
insert into TSEGMENTRULE2CRI (SGTRULE_NT, SGMT_NF, SGT_NT, SGTVER_NT, SGTCRI_CF, CRE_D, CREUSR_CF) values (5,11100,311,1,'LOB',getDate(),'DBEU')
insert into TSEGMENTRULE (SGTRUL_NT, SGMT_NF, SGT_NT, SGTVER_NT, RULE_LS, RULPRIO_CT, FUNCDEF_T, TECHDEF_T, CRE_D, CREUSR_CF, LSTUPD_D, LSTUPDUSR_CF, timestamp) values (6,11100,311,1,'',13,'LOB=''09''','StringUtils.equals(c.getLobCf(), "09")',getDate(),'DBEU',getDate(),'DBEU',null)
insert into TSEGMENTRULE2CRI (SGTRULE_NT, SGMT_NF, SGT_NT, SGTVER_NT, SGTCRI_CF, CRE_D, CREUSR_CF) values (6,11100,311,1,'LOB',getDate(),'DBEU')
insert into TSEGMENTRULE (SGTRUL_NT, SGMT_NF, SGT_NT, SGTVER_NT, RULE_LS, RULPRIO_CT, FUNCDEF_T, TECHDEF_T, CRE_D, CREUSR_CF, LSTUPD_D, LSTUPDUSR_CF, timestamp) values (7,11100,311,1,'',14,'LOB=''10''','StringUtils.equals(c.getLobCf(), "10")',getDate(),'DBEU',getDate(),'DBEU',null)
insert into TSEGMENTRULE2CRI (SGTRULE_NT, SGMT_NF, SGT_NT, SGTVER_NT, SGTCRI_CF, CRE_D, CREUSR_CF) values (7,11100,311,1,'LOB',getDate(),'DBEU')
insert into TSEGMENTRULE (SGTRUL_NT, SGMT_NF, SGT_NT, SGTVER_NT, RULE_LS, RULPRIO_CT, FUNCDEF_T, TECHDEF_T, CRE_D, CREUSR_CF, LSTUPD_D, LSTUPDUSR_CF, timestamp) values (8,11100,311,1,'',15,'LOB=''11''','StringUtils.equals(c.getLobCf(), "11")',getDate(),'DBEU',getDate(),'DBEU',null)
insert into TSEGMENTRULE2CRI (SGTRULE_NT, SGMT_NF, SGT_NT, SGTVER_NT, SGTCRI_CF, CRE_D, CREUSR_CF) values (8,11100,311,1,'LOB',getDate(),'DBEU')
insert into TSEGMENTRULE (SGTRUL_NT, SGMT_NF, SGT_NT, SGTVER_NT, RULE_LS, RULPRIO_CT, FUNCDEF_T, TECHDEF_T, CRE_D, CREUSR_CF, LSTUPD_D, LSTUPDUSR_CF, timestamp) values (9,11100,311,1,'',16,'LOB=''12''','StringUtils.equals(c.getLobCf(), "12")',getDate(),'DBEU',getDate(),'DBEU',null)
insert into TSEGMENTRULE2CRI (SGTRULE_NT, SGMT_NF, SGT_NT, SGTVER_NT, SGTCRI_CF, CRE_D, CREUSR_CF) values (9,11100,311,1,'LOB',getDate(),'DBEU')
insert into TSEGMENTRULE (SGTRUL_NT, SGMT_NF, SGT_NT, SGTVER_NT, RULE_LS, RULPRIO_CT, FUNCDEF_T, TECHDEF_T, CRE_D, CREUSR_CF, LSTUPD_D, LSTUPDUSR_CF, timestamp) values (10,11100,311,1,'',17,'LOB=''13''','StringUtils.equals(c.getLobCf(), "13")',getDate(),'DBEU',getDate(),'DBEU',null)
insert into TSEGMENTRULE2CRI (SGTRULE_NT, SGMT_NF, SGT_NT, SGTVER_NT, SGTCRI_CF, CRE_D, CREUSR_CF) values (10,11100,311,1,'LOB',getDate(),'DBEU')
insert into TSEGMENTRULE (SGTRUL_NT, SGMT_NF, SGT_NT, SGTVER_NT, RULE_LS, RULPRIO_CT, FUNCDEF_T, TECHDEF_T, CRE_D, CREUSR_CF, LSTUPD_D, LSTUPDUSR_CF, timestamp) values (11,11100,311,1,'',23,'LOB=''15''','StringUtils.equals(c.getLobCf(), "15")',getDate(),'DBEU',getDate(),'DBEU',null)
insert into TSEGMENTRULE2CRI (SGTRULE_NT, SGMT_NF, SGT_NT, SGTVER_NT, SGTCRI_CF, CRE_D, CREUSR_CF) values (11,11100,311,1,'LOB',getDate(),'DBEU')
insert into TSEGMENTRULE (SGTRUL_NT, SGMT_NF, SGT_NT, SGTVER_NT, RULE_LS, RULPRIO_CT, FUNCDEF_T, TECHDEF_T, CRE_D, CREUSR_CF, LSTUPD_D, LSTUPDUSR_CF, timestamp) values (12,11100,311,1,'',27,'LOB=''22''','StringUtils.equals(c.getLobCf(), "22")',getDate(),'DBEU',getDate(),'DBEU',null)
insert into TSEGMENTRULE2CRI (SGTRULE_NT, SGMT_NF, SGT_NT, SGTVER_NT, SGTCRI_CF, CRE_D, CREUSR_CF) values (12,11100,311,1,'LOB',getDate(),'DBEU')
insert into TSEGMENTRULE (SGTRUL_NT, SGMT_NF, SGT_NT, SGTVER_NT, RULE_LS, RULPRIO_CT, FUNCDEF_T, TECHDEF_T, CRE_D, CREUSR_CF, LSTUPD_D, LSTUPDUSR_CF, timestamp) values (13,11100,311,1,'',28,'LOB=''30''','StringUtils.equals(c.getLobCf(), "30")',getDate(),'DBEU',getDate(),'DBEU',null)
insert into TSEGMENTRULE2CRI (SGTRULE_NT, SGMT_NF, SGT_NT, SGTVER_NT, SGTCRI_CF, CRE_D, CREUSR_CF) values (13,11100,311,1,'LOB',getDate(),'DBEU')
insert into TSEGMENTRULE (SGTRUL_NT, SGMT_NF, SGT_NT, SGTVER_NT, RULE_LS, RULPRIO_CT, FUNCDEF_T, TECHDEF_T, CRE_D, CREUSR_CF, LSTUPD_D, LSTUPDUSR_CF, timestamp) values (14,11100,311,1,'',29,'LOB=''31''','StringUtils.equals(c.getLobCf(), "31")',getDate(),'DBEU',getDate(),'DBEU',null)
insert into TSEGMENTRULE2CRI (SGTRULE_NT, SGMT_NF, SGT_NT, SGTVER_NT, SGTCRI_CF, CRE_D, CREUSR_CF) values (14,11100,311,1,'LOB',getDate(),'DBEU')
go

delete from TSEGMT where sgt_nt = 311 and sgtver_nt = 1 and sgmt_nf = 0
delete from TSEGMENTRULE where sgt_nt = 311 and sgtver_nt = 1 and sgmt_nf = 0
delete from TSEGMENTRULE2CRI where sgt_nt = 311 and sgtver_nt = 1 and sgmt_nf = 0
go

-- Update the Rule label with the label of the segment (TSEGMT.SGMT_LS)
UPDATE TSEGMENTRULE SET RULE_LS=SGMT_LS
FROM TSEGMENTRULE, TSEGMT
WHERE TSEGMT.SGT_NT = TSEGMENTRULE.SGT_NT AND TSEGMT.SGTVER_NT = TSEGMENTRULE.SGTVER_NT AND TSEGMENTRULE.SGMT_NF = TSEGMT.SGMT_NF
and TSEGMENTRULE.SGT_NT in (301,310,311,320)
go