use BEST
go 

/*==============================================================*/
/* Table: Segmentation 125 - 1 */
/*==============================================================*/

delete from TSEGTYPE where SGTTYP_NT = 25

delete from TSEGMENTATION where SGT_NT = 125
delete from  TSEGMT where SGT_NT = 125
delete from  TSEGMENTLVL where SGT_NT = 125
delete from  TSEGMENTEXCEPT where SGT_NT = 125
delete from  TSEGMENTRULE2TYPE where SGT_NT = 125
delete from  TSEGMENTRULE2CRI where SGT_NT = 125
delete from  TSEGMENTRULE where SGT_NT = 125
delete from  TSEG2ESB where SGT_NT = 125
delete from  TSEG2CTRSTS where SGT_NT = 125
delete from  TSEG2CTRCAT where SGT_NT = 125
delete from  TSEG2SECSTS where SGT_NT = 125
delete from  TSEG2SECACCSTS where SGT_NT = 125
go

INSERT INTO TSEGTYPE values (25,'SBS reporting center','1','1','1',0, getDate(),'DBEU',getDate(),'DBEU',null)
INSERT INTO TSEGMENTATION values (125,1,25,'SBS reporting center','SBS reporting center',null,null,'3','3',0,1,0,0,4020,'DBEU','1','0',1,1,1,1,'1',null,null,getDate(),null,getDate(),'DBEU',getDate(),'DBEU',null)
insert into TSEGMENTLVL (SGTLVL_CT, SGT_NT, SGTVER_NT, LVL_LS, LVL_LM, CRE_D, CREUSR_CF, LSTUPD_D, LSTUPDUSR_CF, timestamp) values (0, 125,1,'lvl 0',null,getDate(),'DBEU',getDate(),'DBEU',null)
go

insert into TSEGMT (SGMT_NF, SGT_NT, SGTVER_NT, SGMT_LS, SGMT_LL, SGTLVL_NT, PARSGMT_CF, BALAIMGT_CT, CRE_D, CREUSR_CF, LSTUPD_D, LSTUPDUSR_CF, timestamp) values (1,125,1,'1','UK Direct by Paris',0,null,null,getDate(),'DBEU',getDate(),'DBEU',null)

insert into TSEGMENTRULE (SGTRUL_NT, SGMT_NF, SGT_NT, SGTVER_NT, RULE_LS, RULPRIO_CT, FUNCDEF_T, TECHDEF_T, CRE_D, CREUSR_CF, LSTUPD_D, LSTUPDUSR_CF, timestamp) values (1,1,125,1,'',1,'RI_TYPE in (9,20) and SUBSIDIARY=1 AND CTR_TYPE=2 and UW_PFT_ORIGIN=2','(IntegerUtils.equals(c.getReitypCf(), 9) || IntegerUtils.equals(c.getReitypCf(), 20)) && IntegerUtils.equals(c.getSsdCf(), 1) && IntegerUtils.equals(c.getCtrtypCt(), 2) && IntegerUtils.equals(c.getUworgCf(), 2)',getDate(),'DBEU',getDate(),'DBEU',null)

insert into TSEGMENTRULE2CRI (SGTRULE_NT, SGMT_NF, SGT_NT, SGTVER_NT, SGTCRI_CF, CRE_D, CREUSR_CF) values (1,1,125,1,'UW_PFT_ORIGIN',getDate(),'DBEU')
insert into TSEGMENTRULE2CRI (SGTRULE_NT, SGMT_NF, SGT_NT, SGTVER_NT, SGTCRI_CF, CRE_D, CREUSR_CF) values (1,1,125,1,'CTR_TYPE',getDate(),'DBEU')
insert into TSEGMENTRULE2CRI (SGTRULE_NT, SGMT_NF, SGT_NT, SGTVER_NT, SGTCRI_CF, CRE_D, CREUSR_CF) values (1,1,125,1,'RI_TYPE',getDate(),'DBEU')
insert into TSEGMENTRULE2CRI (SGTRULE_NT, SGMT_NF, SGT_NT, SGTVER_NT, SGTCRI_CF, CRE_D, CREUSR_CF) values (1,1,125,1,'SUBSIDIARY',getDate(),'DBEU')

go

insert into TSEGMT (SGMT_NF, SGT_NT, SGTVER_NT, SGMT_LS, SGMT_LL, SGTLVL_NT, PARSGMT_CF, BALAIMGT_CT, CRE_D, CREUSR_CF, LSTUPD_D, LSTUPDUSR_CF, timestamp) values (2,125,1,'2','JU UK with US',0,null,null,getDate(),'DBEU',getDate(),'DBEU',null)

insert into TSEGMENTRULE (SGTRUL_NT, SGMT_NF, SGT_NT, SGTVER_NT, RULE_LS, RULPRIO_CT, FUNCDEF_T, TECHDEF_T, CRE_D, CREUSR_CF, LSTUPD_D, LSTUPDUSR_CF, timestamp) values (1,2,125,1,'',2,'RI_TYPE in (9,20) and SUBSIDIARY=1 AND CTR_TYPE=2 and UW_PFT_ORIGIN=10','(IntegerUtils.equals(c.getReitypCf(), 9) || IntegerUtils.equals(c.getReitypCf(), 20)) && IntegerUtils.equals(c.getSsdCf(), 1) && IntegerUtils.equals(c.getCtrtypCt(), 2) && IntegerUtils.equals(c.getUworgCf(), 10)',getDate(),'DBEU',getDate(),'DBEU',null)

insert into TSEGMENTRULE2CRI (SGTRULE_NT, SGMT_NF, SGT_NT, SGTVER_NT, SGTCRI_CF, CRE_D, CREUSR_CF) values (1,2,125,1,'UW_PFT_ORIGIN',getDate(),'DBEU')
insert into TSEGMENTRULE2CRI (SGTRULE_NT, SGMT_NF, SGT_NT, SGTVER_NT, SGTCRI_CF, CRE_D, CREUSR_CF) values (1,2,125,1,'CTR_TYPE',getDate(),'DBEU')
insert into TSEGMENTRULE2CRI (SGTRULE_NT, SGMT_NF, SGT_NT, SGTVER_NT, SGTCRI_CF, CRE_D, CREUSR_CF) values (1,2,125,1,'RI_TYPE',getDate(),'DBEU')
insert into TSEGMENTRULE2CRI (SGTRULE_NT, SGMT_NF, SGT_NT, SGTVER_NT, SGTCRI_CF, CRE_D, CREUSR_CF) values (1,2,125,1,'SUBSIDIARY',getDate(),'DBEU')

go

insert into TSEGMT (SGMT_NF, SGT_NT, SGTVER_NT, SGMT_LS, SGMT_LL, SGTLVL_NT, PARSGMT_CF, BALAIMGT_CT, CRE_D, CREUSR_CF, LSTUPD_D, LSTUPDUSR_CF, timestamp) values (3,125,1,'3','JU UK with Canada',0,null,null,getDate(),'DBEU',getDate(),'DBEU',null)

insert into TSEGMENTRULE (SGTRUL_NT, SGMT_NF, SGT_NT, SGTVER_NT, RULE_LS, RULPRIO_CT, FUNCDEF_T, TECHDEF_T, CRE_D, CREUSR_CF, LSTUPD_D, LSTUPDUSR_CF, timestamp) values (1,3,125,1,'',3,'RI_TYPE in (9,20) and SUBSIDIARY=1 AND CTR_TYPE=2 and UW_PFT_ORIGIN=11','(IntegerUtils.equals(c.getReitypCf(), 9) || IntegerUtils.equals(c.getReitypCf(), 20)) && IntegerUtils.equals(c.getSsdCf(), 1) && IntegerUtils.equals(c.getCtrtypCt(), 2) && IntegerUtils.equals(c.getUworgCf(), 11)',getDate(),'DBEU',getDate(),'DBEU',null)

insert into TSEGMENTRULE2CRI (SGTRULE_NT, SGMT_NF, SGT_NT, SGTVER_NT, SGTCRI_CF, CRE_D, CREUSR_CF) values (1,3,125,1,'UW_PFT_ORIGIN',getDate(),'DBEU')
insert into TSEGMENTRULE2CRI (SGTRULE_NT, SGMT_NF, SGT_NT, SGTVER_NT, SGTCRI_CF, CRE_D, CREUSR_CF) values (1,3,125,1,'CTR_TYPE',getDate(),'DBEU')
insert into TSEGMENTRULE2CRI (SGTRULE_NT, SGMT_NF, SGT_NT, SGTVER_NT, SGTCRI_CF, CRE_D, CREUSR_CF) values (1,3,125,1,'RI_TYPE',getDate(),'DBEU')
insert into TSEGMENTRULE2CRI (SGTRULE_NT, SGMT_NF, SGT_NT, SGTVER_NT, SGTCRI_CF, CRE_D, CREUSR_CF) values (1,3,125,1,'SUBSIDIARY',getDate(),'DBEU')

go

insert into TSEGMT (SGMT_NF, SGT_NT, SGTVER_NT, SGMT_LS, SGMT_LL, SGTLVL_NT, PARSGMT_CF, BALAIMGT_CT, CRE_D, CREUSR_CF, LSTUPD_D, LSTUPDUSR_CF, timestamp) values (4,125,1,'4','JU UK with Switzerland',0,null,null,getDate(),'DBEU',getDate(),'DBEU',null)

insert into TSEGMENTRULE (SGTRUL_NT, SGMT_NF, SGT_NT, SGTVER_NT, RULE_LS, RULPRIO_CT, FUNCDEF_T, TECHDEF_T, CRE_D, CREUSR_CF, LSTUPD_D, LSTUPDUSR_CF, timestamp) values (1,4,125,1,'',4,'RI_TYPE in (9,20) and SUBSIDIARY=1 AND CTR_TYPE=2 and UW_PFT_ORIGIN=17','(IntegerUtils.equals(c.getReitypCf(), 9) || IntegerUtils.equals(c.getReitypCf(), 20)) && IntegerUtils.equals(c.getSsdCf(), 1) && IntegerUtils.equals(c.getCtrtypCt(), 2) && IntegerUtils.equals(c.getUworgCf(), 17)',getDate(),'DBEU',getDate(),'DBEU',null)

insert into TSEGMENTRULE2CRI (SGTRULE_NT, SGMT_NF, SGT_NT, SGTVER_NT, SGTCRI_CF, CRE_D, CREUSR_CF) values (1,4,125,1,'UW_PFT_ORIGIN',getDate(),'DBEU')
insert into TSEGMENTRULE2CRI (SGTRULE_NT, SGMT_NF, SGT_NT, SGTVER_NT, SGTCRI_CF, CRE_D, CREUSR_CF) values (1,4,125,1,'CTR_TYPE',getDate(),'DBEU')
insert into TSEGMENTRULE2CRI (SGTRULE_NT, SGMT_NF, SGT_NT, SGTVER_NT, SGTCRI_CF, CRE_D, CREUSR_CF) values (1,4,125,1,'RI_TYPE',getDate(),'DBEU')
insert into TSEGMENTRULE2CRI (SGTRULE_NT, SGMT_NF, SGT_NT, SGTVER_NT, SGTCRI_CF, CRE_D, CREUSR_CF) values (1,4,125,1,'SUBSIDIARY',getDate(),'DBEU')

go

insert into TSEGMT (SGMT_NF, SGT_NT, SGTVER_NT, SGMT_LS, SGMT_LL, SGTLVL_NT, PARSGMT_CF, BALAIMGT_CT, CRE_D, CREUSR_CF, LSTUPD_D, LSTUPDUSR_CF, timestamp) values (5,125,1,'5','JU UK with Asia Pacific',0,null,null,getDate(),'DBEU',getDate(),'DBEU',null)

insert into TSEGMENTRULE (SGTRUL_NT, SGMT_NF, SGT_NT, SGTVER_NT, RULE_LS, RULPRIO_CT, FUNCDEF_T, TECHDEF_T, CRE_D, CREUSR_CF, LSTUPD_D, LSTUPDUSR_CF, timestamp) values (1,5,125,1,'',5,'RI_TYPE in (9,20) and SUBSIDIARY=1 AND CTR_TYPE=2 and UW_PFT_ORIGIN=20','(IntegerUtils.equals(c.getReitypCf(), 9) || IntegerUtils.equals(c.getReitypCf(), 20)) && IntegerUtils.equals(c.getSsdCf(), 1) && IntegerUtils.equals(c.getCtrtypCt(), 2) && IntegerUtils.equals(c.getUworgCf(), 20)',getDate(),'DBEU',getDate(),'DBEU',null)

insert into TSEGMENTRULE2CRI (SGTRULE_NT, SGMT_NF, SGT_NT, SGTVER_NT, SGTCRI_CF, CRE_D, CREUSR_CF) values (1,5,125,1,'UW_PFT_ORIGIN',getDate(),'DBEU')
insert into TSEGMENTRULE2CRI (SGTRULE_NT, SGMT_NF, SGT_NT, SGTVER_NT, SGTCRI_CF, CRE_D, CREUSR_CF) values (1,5,125,1,'CTR_TYPE',getDate(),'DBEU')
insert into TSEGMENTRULE2CRI (SGTRULE_NT, SGMT_NF, SGT_NT, SGTVER_NT, SGTCRI_CF, CRE_D, CREUSR_CF) values (1,5,125,1,'RI_TYPE',getDate(),'DBEU')
insert into TSEGMENTRULE2CRI (SGTRULE_NT, SGMT_NF, SGT_NT, SGTVER_NT, SGTCRI_CF, CRE_D, CREUSR_CF) values (1,5,125,1,'SUBSIDIARY',getDate(),'DBEU')

go

insert into TSEGMT (SGMT_NF, SGT_NT, SGTVER_NT, SGMT_LS, SGMT_LL, SGTLVL_NT, PARSGMT_CF, BALAIMGT_CT, CRE_D, CREUSR_CF, LSTUPD_D, LSTUPDUSR_CF, timestamp) values (6,125,1,'6','UK',0,null,null,getDate(),'DBEU',getDate(),'DBEU',null)

insert into TSEGMENTRULE (SGTRUL_NT, SGMT_NF, SGT_NT, SGTVER_NT, RULE_LS, RULPRIO_CT, FUNCDEF_T, TECHDEF_T, CRE_D, CREUSR_CF, LSTUPD_D, LSTUPDUSR_CF, timestamp) values (1,6,125,1,'',6,'SUBSIDIARY=1','IntegerUtils.equals(c.getSsdCf(), 1)',getDate(),'DBEU',getDate(),'DBEU',null)

insert into TSEGMENTRULE2CRI (SGTRULE_NT, SGMT_NF, SGT_NT, SGTVER_NT, SGTCRI_CF, CRE_D, CREUSR_CF) values (1,6,125,1,'SUBSIDIARY',getDate(),'DBEU')

go

insert into TSEGMT (SGMT_NF, SGT_NT, SGTVER_NT, SGMT_LS, SGMT_LL, SGTLVL_NT, PARSGMT_CF, BALAIMGT_CT, CRE_D, CREUSR_CF, LSTUPD_D, LSTUPDUSR_CF, timestamp) values (7,125,1,'7','Paris by UK',0,null,null,getDate(),'DBEU',getDate(),'DBEU',null)

insert into TSEGMENTRULE (SGTRUL_NT, SGMT_NF, SGT_NT, SGTVER_NT, RULE_LS, RULPRIO_CT, FUNCDEF_T, TECHDEF_T, CRE_D, CREUSR_CF, LSTUPD_D, LSTUPDUSR_CF, timestamp) values (1,7,125,1,'',7,'SUBSIDIARY=2 and UW_PFT_ORIGIN=1','IntegerUtils.equals(c.getSsdCf(), 2) && IntegerUtils.equals(c.getUworgCf(), 1)',getDate(),'DBEU',getDate(),'DBEU',null)

insert into TSEGMENTRULE2CRI (SGTRULE_NT, SGMT_NF, SGT_NT, SGTVER_NT, SGTCRI_CF, CRE_D, CREUSR_CF) values (1,7,125,1,'UW_PFT_ORIGIN',getDate(),'DBEU')
insert into TSEGMENTRULE2CRI (SGTRULE_NT, SGMT_NF, SGT_NT, SGTVER_NT, SGTCRI_CF, CRE_D, CREUSR_CF) values (1,7,125,1,'SUBSIDIARY',getDate(),'DBEU')

go

insert into TSEGMT (SGMT_NF, SGT_NT, SGTVER_NT, SGMT_LS, SGMT_LL, SGTLVL_NT, PARSGMT_CF, BALAIMGT_CT, CRE_D, CREUSR_CF, LSTUPD_D, LSTUPDUSR_CF, timestamp) values (8,125,1,'8','PARIS',0,null,null,getDate(),'DBEU',getDate(),'DBEU',null)

insert into TSEGMENTRULE (SGTRUL_NT, SGMT_NF, SGT_NT, SGTVER_NT, RULE_LS, RULPRIO_CT, FUNCDEF_T, TECHDEF_T, CRE_D, CREUSR_CF, LSTUPD_D, LSTUPDUSR_CF, timestamp) values (1,8,125,1,'',8,'SUBSIDIARY in (2,3,5,6)','(IntegerUtils.equals(c.getSsdCf(), 2) || IntegerUtils.equals(c.getSsdCf(), 3) || IntegerUtils.equals(c.getSsdCf(), 5) || IntegerUtils.equals(c.getSsdCf(), 6))',getDate(),'DBEU',getDate(),'DBEU',null)

insert into TSEGMENTRULE2CRI (SGTRULE_NT, SGMT_NF, SGT_NT, SGTVER_NT, SGTCRI_CF, CRE_D, CREUSR_CF) values (1,8,125,1,'SUBSIDIARY',getDate(),'DBEU')

go

insert into TSEGMT (SGMT_NF, SGT_NT, SGTVER_NT, SGMT_LS, SGMT_LL, SGTLVL_NT, PARSGMT_CF, BALAIMGT_CT, CRE_D, CREUSR_CF, LSTUPD_D, LSTUPDUSR_CF, timestamp) values (9,125,1,'9','JU Brazil with UK',0,null,null,getDate(),'DBEU',getDate(),'DBEU',null)

insert into TSEGMENTRULE (SGTRUL_NT, SGMT_NF, SGT_NT, SGTVER_NT, RULE_LS, RULPRIO_CT, FUNCDEF_T, TECHDEF_T, CRE_D, CREUSR_CF, LSTUPD_D, LSTUPDUSR_CF, timestamp) values (1,9,125,1,'',9,'RI_TYPE in (9,20) and SUBSIDIARY=10 AND CTR_TYPE=2 and UW_PFT_ORIGIN=1 and UW_UNIT=4563','(IntegerUtils.equals(c.getReitypCf(), 9) || IntegerUtils.equals(c.getReitypCf(), 20)) && IntegerUtils.equals(c.getSsdCf(), 10) && IntegerUtils.equals(c.getCtrtypCt(), 2) && IntegerUtils.equals(c.getUworgCf(), 1) && IntegerUtils.equals(c.getUwgrpCf(), 4563)',getDate(),'DBEU',getDate(),'DBEU',null)

insert into TSEGMENTRULE2CRI (SGTRULE_NT, SGMT_NF, SGT_NT, SGTVER_NT, SGTCRI_CF, CRE_D, CREUSR_CF) values (1,9,125,1,'UW_UNIT',getDate(),'DBEU')
insert into TSEGMENTRULE2CRI (SGTRULE_NT, SGMT_NF, SGT_NT, SGTVER_NT, SGTCRI_CF, CRE_D, CREUSR_CF) values (1,9,125,1,'UW_PFT_ORIGIN',getDate(),'DBEU')
insert into TSEGMENTRULE2CRI (SGTRULE_NT, SGMT_NF, SGT_NT, SGTVER_NT, SGTCRI_CF, CRE_D, CREUSR_CF) values (1,9,125,1,'CTR_TYPE',getDate(),'DBEU')
insert into TSEGMENTRULE2CRI (SGTRULE_NT, SGMT_NF, SGT_NT, SGTVER_NT, SGTCRI_CF, CRE_D, CREUSR_CF) values (1,9,125,1,'RI_TYPE',getDate(),'DBEU')
insert into TSEGMENTRULE2CRI (SGTRULE_NT, SGMT_NF, SGT_NT, SGTVER_NT, SGTCRI_CF, CRE_D, CREUSR_CF) values (1,9,125,1,'SUBSIDIARY',getDate(),'DBEU')

go

insert into TSEGMT (SGMT_NF, SGT_NT, SGTVER_NT, SGMT_LS, SGMT_LL, SGTLVL_NT, PARSGMT_CF, BALAIMGT_CT, CRE_D, CREUSR_CF, LSTUPD_D, LSTUPDUSR_CF, timestamp) values (10,125,1,'10','JU Brazil with Paris',0,null,null,getDate(),'DBEU',getDate(),'DBEU',null)

insert into TSEGMENTRULE (SGTRUL_NT, SGMT_NF, SGT_NT, SGTVER_NT, RULE_LS, RULPRIO_CT, FUNCDEF_T, TECHDEF_T, CRE_D, CREUSR_CF, LSTUPD_D, LSTUPDUSR_CF, timestamp) values (1,10,125,1,'',10,'RI_TYPE in (9,20) and SUBSIDIARY=10 AND CTR_TYPE=2 and UW_PFT_ORIGIN=2 and UW_UNIT=4563','(IntegerUtils.equals(c.getReitypCf(), 9) || IntegerUtils.equals(c.getReitypCf(), 20)) && IntegerUtils.equals(c.getSsdCf(), 10) && IntegerUtils.equals(c.getCtrtypCt(), 2) && IntegerUtils.equals(c.getUworgCf(), 2) && IntegerUtils.equals(c.getUwgrpCf(), 4563)',getDate(),'DBEU',getDate(),'DBEU',null)

insert into TSEGMENTRULE2CRI (SGTRULE_NT, SGMT_NF, SGT_NT, SGTVER_NT, SGTCRI_CF, CRE_D, CREUSR_CF) values (1,10,125,1,'UW_UNIT',getDate(),'DBEU')
insert into TSEGMENTRULE2CRI (SGTRULE_NT, SGMT_NF, SGT_NT, SGTVER_NT, SGTCRI_CF, CRE_D, CREUSR_CF) values (1,10,125,1,'UW_PFT_ORIGIN',getDate(),'DBEU')
insert into TSEGMENTRULE2CRI (SGTRULE_NT, SGMT_NF, SGT_NT, SGTVER_NT, SGTCRI_CF, CRE_D, CREUSR_CF) values (1,10,125,1,'CTR_TYPE',getDate(),'DBEU')
insert into TSEGMENTRULE2CRI (SGTRULE_NT, SGMT_NF, SGT_NT, SGTVER_NT, SGTCRI_CF, CRE_D, CREUSR_CF) values (1,10,125,1,'RI_TYPE',getDate(),'DBEU')
insert into TSEGMENTRULE2CRI (SGTRULE_NT, SGMT_NF, SGT_NT, SGTVER_NT, SGTCRI_CF, CRE_D, CREUSR_CF) values (1,10,125,1,'SUBSIDIARY',getDate(),'DBEU')

go

insert into TSEGMT (SGMT_NF, SGT_NT, SGTVER_NT, SGMT_LS, SGMT_LL, SGTLVL_NT, PARSGMT_CF, BALAIMGT_CT, CRE_D, CREUSR_CF, LSTUPD_D, LSTUPDUSR_CF, timestamp) values (11,125,1,'11','JU Brazil with Zurich',0,null,null,getDate(),'DBEU',getDate(),'DBEU',null)

insert into TSEGMENTRULE (SGTRUL_NT, SGMT_NF, SGT_NT, SGTVER_NT, RULE_LS, RULPRIO_CT, FUNCDEF_T, TECHDEF_T, CRE_D, CREUSR_CF, LSTUPD_D, LSTUPDUSR_CF, timestamp) values (1,11,125,1,'',11,'RI_TYPE in (9,20) and SUBSIDIARY=10 AND CTR_TYPE=2 and UW_PFT_ORIGIN=17 and UW_UNIT=4563','(IntegerUtils.equals(c.getReitypCf(), 9) || IntegerUtils.equals(c.getReitypCf(), 20)) && IntegerUtils.equals(c.getSsdCf(), 10) && IntegerUtils.equals(c.getCtrtypCt(), 2) && IntegerUtils.equals(c.getUworgCf(), 17) && IntegerUtils.equals(c.getUwgrpCf(), 4563)',getDate(),'DBEU',getDate(),'DBEU',null)

insert into TSEGMENTRULE2CRI (SGTRULE_NT, SGMT_NF, SGT_NT, SGTVER_NT, SGTCRI_CF, CRE_D, CREUSR_CF) values (1,11,125,1,'UW_UNIT',getDate(),'DBEU')
insert into TSEGMENTRULE2CRI (SGTRULE_NT, SGMT_NF, SGT_NT, SGTVER_NT, SGTCRI_CF, CRE_D, CREUSR_CF) values (1,11,125,1,'UW_PFT_ORIGIN',getDate(),'DBEU')
insert into TSEGMENTRULE2CRI (SGTRULE_NT, SGMT_NF, SGT_NT, SGTVER_NT, SGTCRI_CF, CRE_D, CREUSR_CF) values (1,11,125,1,'CTR_TYPE',getDate(),'DBEU')
insert into TSEGMENTRULE2CRI (SGTRULE_NT, SGMT_NF, SGT_NT, SGTVER_NT, SGTCRI_CF, CRE_D, CREUSR_CF) values (1,11,125,1,'RI_TYPE',getDate(),'DBEU')
insert into TSEGMENTRULE2CRI (SGTRULE_NT, SGMT_NF, SGT_NT, SGTVER_NT, SGTCRI_CF, CRE_D, CREUSR_CF) values (1,11,125,1,'SUBSIDIARY',getDate(),'DBEU')

go

insert into TSEGMT (SGMT_NF, SGT_NT, SGTVER_NT, SGMT_LS, SGMT_LL, SGTLVL_NT, PARSGMT_CF, BALAIMGT_CT, CRE_D, CREUSR_CF, LSTUPD_D, LSTUPDUSR_CF, timestamp) values (12,125,1,'12','JU Brazil with Asia Pacific',0,null,null,getDate(),'DBEU',getDate(),'DBEU',null)

insert into TSEGMENTRULE (SGTRUL_NT, SGMT_NF, SGT_NT, SGTVER_NT, RULE_LS, RULPRIO_CT, FUNCDEF_T, TECHDEF_T, CRE_D, CREUSR_CF, LSTUPD_D, LSTUPDUSR_CF, timestamp) values (1,12,125,1,'',12,'RI_TYPE in (9,20) and SUBSIDIARY=10 AND CTR_TYPE=2 and UW_PFT_ORIGIN=20 and UW_UNIT=4563','(IntegerUtils.equals(c.getReitypCf(), 9) || IntegerUtils.equals(c.getReitypCf(), 20)) && IntegerUtils.equals(c.getSsdCf(), 10) && IntegerUtils.equals(c.getCtrtypCt(), 2) && IntegerUtils.equals(c.getUworgCf(), 20) && IntegerUtils.equals(c.getUwgrpCf(), 4563)',getDate(),'DBEU',getDate(),'DBEU',null)

insert into TSEGMENTRULE2CRI (SGTRULE_NT, SGMT_NF, SGT_NT, SGTVER_NT, SGTCRI_CF, CRE_D, CREUSR_CF) values (1,12,125,1,'UW_UNIT',getDate(),'DBEU')
insert into TSEGMENTRULE2CRI (SGTRULE_NT, SGMT_NF, SGT_NT, SGTVER_NT, SGTCRI_CF, CRE_D, CREUSR_CF) values (1,12,125,1,'UW_PFT_ORIGIN',getDate(),'DBEU')
insert into TSEGMENTRULE2CRI (SGTRULE_NT, SGMT_NF, SGT_NT, SGTVER_NT, SGTCRI_CF, CRE_D, CREUSR_CF) values (1,12,125,1,'CTR_TYPE',getDate(),'DBEU')
insert into TSEGMENTRULE2CRI (SGTRULE_NT, SGMT_NF, SGT_NT, SGTVER_NT, SGTCRI_CF, CRE_D, CREUSR_CF) values (1,12,125,1,'RI_TYPE',getDate(),'DBEU')
insert into TSEGMENTRULE2CRI (SGTRULE_NT, SGMT_NF, SGT_NT, SGTVER_NT, SGTCRI_CF, CRE_D, CREUSR_CF) values (1,12,125,1,'SUBSIDIARY',getDate(),'DBEU')

go

insert into TSEGMT (SGMT_NF, SGT_NT, SGTVER_NT, SGMT_LS, SGMT_LL, SGTLVL_NT, PARSGMT_CF, BALAIMGT_CT, CRE_D, CREUSR_CF, LSTUPD_D, LSTUPDUSR_CF, timestamp) values (13,125,1,'13','JU GSINDA with UK',0,null,null,getDate(),'DBEU',getDate(),'DBEU',null)

insert into TSEGMENTRULE (SGTRUL_NT, SGMT_NF, SGT_NT, SGTVER_NT, RULE_LS, RULPRIO_CT, FUNCDEF_T, TECHDEF_T, CRE_D, CREUSR_CF, LSTUPD_D, LSTUPDUSR_CF, timestamp) values (1,13,125,1,'',13,'RI_TYPE in (9,20) and SUBSIDIARY=10 AND CTR_TYPE=2 and UW_PFT_ORIGIN=1 and UW_UNIT<>4563','(IntegerUtils.equals(c.getReitypCf(), 9) || IntegerUtils.equals(c.getReitypCf(), 20)) && IntegerUtils.equals(c.getSsdCf(), 10) && IntegerUtils.equals(c.getCtrtypCt(), 2) && IntegerUtils.equals(c.getUworgCf(), 1) && !IntegerUtils.equals(c.getUwgrpCf(), 4563)',getDate(),'DBEU',getDate(),'DBEU',null)

insert into TSEGMENTRULE2CRI (SGTRULE_NT, SGMT_NF, SGT_NT, SGTVER_NT, SGTCRI_CF, CRE_D, CREUSR_CF) values (1,13,125,1,'UW_UNIT',getDate(),'DBEU')
insert into TSEGMENTRULE2CRI (SGTRULE_NT, SGMT_NF, SGT_NT, SGTVER_NT, SGTCRI_CF, CRE_D, CREUSR_CF) values (1,13,125,1,'UW_PFT_ORIGIN',getDate(),'DBEU')
insert into TSEGMENTRULE2CRI (SGTRULE_NT, SGMT_NF, SGT_NT, SGTVER_NT, SGTCRI_CF, CRE_D, CREUSR_CF) values (1,13,125,1,'CTR_TYPE',getDate(),'DBEU')
insert into TSEGMENTRULE2CRI (SGTRULE_NT, SGMT_NF, SGT_NT, SGTVER_NT, SGTCRI_CF, CRE_D, CREUSR_CF) values (1,13,125,1,'RI_TYPE',getDate(),'DBEU')
insert into TSEGMENTRULE2CRI (SGTRULE_NT, SGMT_NF, SGT_NT, SGTVER_NT, SGTCRI_CF, CRE_D, CREUSR_CF) values (1,13,125,1,'SUBSIDIARY',getDate(),'DBEU')

go

insert into TSEGMT (SGMT_NF, SGT_NT, SGTVER_NT, SGMT_LS, SGMT_LL, SGTLVL_NT, PARSGMT_CF, BALAIMGT_CT, CRE_D, CREUSR_CF, LSTUPD_D, LSTUPDUSR_CF, timestamp) values (14,125,1,'14','JU GSINDA with Paris',0,null,null,getDate(),'DBEU',getDate(),'DBEU',null)

insert into TSEGMENTRULE (SGTRUL_NT, SGMT_NF, SGT_NT, SGTVER_NT, RULE_LS, RULPRIO_CT, FUNCDEF_T, TECHDEF_T, CRE_D, CREUSR_CF, LSTUPD_D, LSTUPDUSR_CF, timestamp) values (1,14,125,1,'',14,'RI_TYPE in (9,20) and SUBSIDIARY=10 AND CTR_TYPE=2 and UW_PFT_ORIGIN=2 and UW_UNIT<>4563','(IntegerUtils.equals(c.getReitypCf(), 9) || IntegerUtils.equals(c.getReitypCf(), 20)) && IntegerUtils.equals(c.getSsdCf(), 10) && IntegerUtils.equals(c.getCtrtypCt(), 2) && IntegerUtils.equals(c.getUworgCf(), 2) && !IntegerUtils.equals(c.getUwgrpCf(), 4563)',getDate(),'DBEU',getDate(),'DBEU',null)

insert into TSEGMENTRULE2CRI (SGTRULE_NT, SGMT_NF, SGT_NT, SGTVER_NT, SGTCRI_CF, CRE_D, CREUSR_CF) values (1,14,125,1,'UW_UNIT',getDate(),'DBEU')
insert into TSEGMENTRULE2CRI (SGTRULE_NT, SGMT_NF, SGT_NT, SGTVER_NT, SGTCRI_CF, CRE_D, CREUSR_CF) values (1,14,125,1,'UW_PFT_ORIGIN',getDate(),'DBEU')
insert into TSEGMENTRULE2CRI (SGTRULE_NT, SGMT_NF, SGT_NT, SGTVER_NT, SGTCRI_CF, CRE_D, CREUSR_CF) values (1,14,125,1,'CTR_TYPE',getDate(),'DBEU')
insert into TSEGMENTRULE2CRI (SGTRULE_NT, SGMT_NF, SGT_NT, SGTVER_NT, SGTCRI_CF, CRE_D, CREUSR_CF) values (1,14,125,1,'RI_TYPE',getDate(),'DBEU')
insert into TSEGMENTRULE2CRI (SGTRULE_NT, SGMT_NF, SGT_NT, SGTVER_NT, SGTCRI_CF, CRE_D, CREUSR_CF) values (1,14,125,1,'SUBSIDIARY',getDate(),'DBEU')

go

insert into TSEGMT (SGMT_NF, SGT_NT, SGTVER_NT, SGMT_LS, SGMT_LL, SGTLVL_NT, PARSGMT_CF, BALAIMGT_CT, CRE_D, CREUSR_CF, LSTUPD_D, LSTUPDUSR_CF, timestamp) values (15,125,1,'15','JU GSINDA with Zurich',0,null,null,getDate(),'DBEU',getDate(),'DBEU',null)

insert into TSEGMENTRULE (SGTRUL_NT, SGMT_NF, SGT_NT, SGTVER_NT, RULE_LS, RULPRIO_CT, FUNCDEF_T, TECHDEF_T, CRE_D, CREUSR_CF, LSTUPD_D, LSTUPDUSR_CF, timestamp) values (1,15,125,1,'',15,'RI_TYPE in (9,20) and SUBSIDIARY=10 AND CTR_TYPE=2 and UW_PFT_ORIGIN=17 and UW_UNIT<>4563','(IntegerUtils.equals(c.getReitypCf(), 9) || IntegerUtils.equals(c.getReitypCf(), 20)) && IntegerUtils.equals(c.getSsdCf(), 10) && IntegerUtils.equals(c.getCtrtypCt(), 2) && IntegerUtils.equals(c.getUworgCf(), 17) && !IntegerUtils.equals(c.getUwgrpCf(), 4563)',getDate(),'DBEU',getDate(),'DBEU',null)

insert into TSEGMENTRULE2CRI (SGTRULE_NT, SGMT_NF, SGT_NT, SGTVER_NT, SGTCRI_CF, CRE_D, CREUSR_CF) values (1,15,125,1,'UW_UNIT',getDate(),'DBEU')
insert into TSEGMENTRULE2CRI (SGTRULE_NT, SGMT_NF, SGT_NT, SGTVER_NT, SGTCRI_CF, CRE_D, CREUSR_CF) values (1,15,125,1,'UW_PFT_ORIGIN',getDate(),'DBEU')
insert into TSEGMENTRULE2CRI (SGTRULE_NT, SGMT_NF, SGT_NT, SGTVER_NT, SGTCRI_CF, CRE_D, CREUSR_CF) values (1,15,125,1,'CTR_TYPE',getDate(),'DBEU')
insert into TSEGMENTRULE2CRI (SGTRULE_NT, SGMT_NF, SGT_NT, SGTVER_NT, SGTCRI_CF, CRE_D, CREUSR_CF) values (1,15,125,1,'RI_TYPE',getDate(),'DBEU')
insert into TSEGMENTRULE2CRI (SGTRULE_NT, SGMT_NF, SGT_NT, SGTVER_NT, SGTCRI_CF, CRE_D, CREUSR_CF) values (1,15,125,1,'SUBSIDIARY',getDate(),'DBEU')

go

insert into TSEGMT (SGMT_NF, SGT_NT, SGTVER_NT, SGMT_LS, SGMT_LL, SGTLVL_NT, PARSGMT_CF, BALAIMGT_CT, CRE_D, CREUSR_CF, LSTUPD_D, LSTUPDUSR_CF, timestamp) values (16,125,1,'16','JU GSINDA with Asia Pacific',0,null,null,getDate(),'DBEU',getDate(),'DBEU',null)

insert into TSEGMENTRULE (SGTRUL_NT, SGMT_NF, SGT_NT, SGTVER_NT, RULE_LS, RULPRIO_CT, FUNCDEF_T, TECHDEF_T, CRE_D, CREUSR_CF, LSTUPD_D, LSTUPDUSR_CF, timestamp) values (1,16,125,1,'',16,'RI_TYPE in (9,20) and SUBSIDIARY=10 AND CTR_TYPE=2 and UW_PFT_ORIGIN=20 and UW_UNIT<>4563','(IntegerUtils.equals(c.getReitypCf(), 9) || IntegerUtils.equals(c.getReitypCf(), 20)) && IntegerUtils.equals(c.getSsdCf(), 10) && IntegerUtils.equals(c.getCtrtypCt(), 2) && IntegerUtils.equals(c.getUworgCf(), 20) && !IntegerUtils.equals(c.getUwgrpCf(), 4563)',getDate(),'DBEU',getDate(),'DBEU',null)

insert into TSEGMENTRULE2CRI (SGTRULE_NT, SGMT_NF, SGT_NT, SGTVER_NT, SGTCRI_CF, CRE_D, CREUSR_CF) values (1,16,125,1,'UW_UNIT',getDate(),'DBEU')
insert into TSEGMENTRULE2CRI (SGTRULE_NT, SGMT_NF, SGT_NT, SGTVER_NT, SGTCRI_CF, CRE_D, CREUSR_CF) values (1,16,125,1,'UW_PFT_ORIGIN',getDate(),'DBEU')
insert into TSEGMENTRULE2CRI (SGTRULE_NT, SGMT_NF, SGT_NT, SGTVER_NT, SGTCRI_CF, CRE_D, CREUSR_CF) values (1,16,125,1,'CTR_TYPE',getDate(),'DBEU')
insert into TSEGMENTRULE2CRI (SGTRULE_NT, SGMT_NF, SGT_NT, SGTVER_NT, SGTCRI_CF, CRE_D, CREUSR_CF) values (1,16,125,1,'RI_TYPE',getDate(),'DBEU')
insert into TSEGMENTRULE2CRI (SGTRULE_NT, SGMT_NF, SGT_NT, SGTVER_NT, SGTCRI_CF, CRE_D, CREUSR_CF) values (1,16,125,1,'SUBSIDIARY',getDate(),'DBEU')

go

insert into TSEGMT (SGMT_NF, SGT_NT, SGTVER_NT, SGMT_LS, SGMT_LL, SGTLVL_NT, PARSGMT_CF, BALAIMGT_CT, CRE_D, CREUSR_CF, LSTUPD_D, LSTUPDUSR_CF, timestamp) values (17,125,1,'17','Latin America',0,null,null,getDate(),'DBEU',getDate(),'DBEU',null)

insert into TSEGMENTRULE (SGTRUL_NT, SGMT_NF, SGT_NT, SGTVER_NT, RULE_LS, RULPRIO_CT, FUNCDEF_T, TECHDEF_T, CRE_D, CREUSR_CF, LSTUPD_D, LSTUPDUSR_CF, timestamp) values (1,17,125,1,'',17,'SUBSIDIARY=10 and UW_UNIT in (4560,4561,4562,4564)','IntegerUtils.equals(c.getSsdCf(), 10) && (IntegerUtils.equals(c.getUwgrpCf(), 4560) || IntegerUtils.equals(c.getUwgrpCf(), 4561) || IntegerUtils.equals(c.getUwgrpCf(), 4562) || IntegerUtils.equals(c.getUwgrpCf(), 4564))',getDate(),'DBEU',getDate(),'DBEU',null)

insert into TSEGMENTRULE2CRI (SGTRULE_NT, SGMT_NF, SGT_NT, SGTVER_NT, SGTCRI_CF, CRE_D, CREUSR_CF) values (1,17,125,1,'UW_UNIT',getDate(),'DBEU')
insert into TSEGMENTRULE2CRI (SGTRULE_NT, SGMT_NF, SGT_NT, SGTVER_NT, SGTCRI_CF, CRE_D, CREUSR_CF) values (1,17,125,1,'SUBSIDIARY',getDate(),'DBEU')

go

insert into TSEGMT (SGMT_NF, SGT_NT, SGTVER_NT, SGMT_LS, SGMT_LL, SGTLVL_NT, PARSGMT_CF, BALAIMGT_CT, CRE_D, CREUSR_CF, LSTUPD_D, LSTUPDUSR_CF, timestamp) values (18,125,1,'18','USA',0,null,null,getDate(),'DBEU',getDate(),'DBEU',null)

insert into TSEGMENTRULE (SGTRUL_NT, SGMT_NF, SGT_NT, SGTVER_NT, RULE_LS, RULPRIO_CT, FUNCDEF_T, TECHDEF_T, CRE_D, CREUSR_CF, LSTUPD_D, LSTUPDUSR_CF, timestamp) values (1,18,125,1,'',18,'SUBSIDIARY=10','IntegerUtils.equals(c.getSsdCf(), 10)',getDate(),'DBEU',getDate(),'DBEU',null)

insert into TSEGMENTRULE2CRI (SGTRULE_NT, SGMT_NF, SGT_NT, SGTVER_NT, SGTCRI_CF, CRE_D, CREUSR_CF) values (1,18,125,1,'SUBSIDIARY',getDate(),'DBEU')

go

insert into TSEGMT (SGMT_NF, SGT_NT, SGTVER_NT, SGMT_LS, SGMT_LL, SGTLVL_NT, PARSGMT_CF, BALAIMGT_CT, CRE_D, CREUSR_CF, LSTUPD_D, LSTUPDUSR_CF, timestamp) values (19,125,1,'19','Canada',0,null,null,getDate(),'DBEU',getDate(),'DBEU',null)

insert into TSEGMENTRULE (SGTRUL_NT, SGMT_NF, SGT_NT, SGTVER_NT, RULE_LS, RULPRIO_CT, FUNCDEF_T, TECHDEF_T, CRE_D, CREUSR_CF, LSTUPD_D, LSTUPDUSR_CF, timestamp) values (1,19,125,1,'',19,'SUBSIDIARY=11','IntegerUtils.equals(c.getSsdCf(), 11)',getDate(),'DBEU',getDate(),'DBEU',null)

insert into TSEGMENTRULE2CRI (SGTRULE_NT, SGMT_NF, SGT_NT, SGTVER_NT, SGTCRI_CF, CRE_D, CREUSR_CF) values (1,19,125,1,'SUBSIDIARY',getDate(),'DBEU')

go

insert into TSEGMT (SGMT_NF, SGT_NT, SGTVER_NT, SGMT_LS, SGMT_LL, SGTLVL_NT, PARSGMT_CF, BALAIMGT_CT, CRE_D, CREUSR_CF, LSTUPD_D, LSTUPDUSR_CF, timestamp) values (20,125,1,'20','Switzerland',0,null,null,getDate(),'DBEU',getDate(),'DBEU',null)

insert into TSEGMENTRULE (SGTRUL_NT, SGMT_NF, SGT_NT, SGTVER_NT, RULE_LS, RULPRIO_CT, FUNCDEF_T, TECHDEF_T, CRE_D, CREUSR_CF, LSTUPD_D, LSTUPDUSR_CF, timestamp) values (1,20,125,1,'',20,'SUBSIDIARY=17','IntegerUtils.equals(c.getSsdCf(), 17)',getDate(),'DBEU',getDate(),'DBEU',null)

insert into TSEGMENTRULE2CRI (SGTRULE_NT, SGMT_NF, SGT_NT, SGTVER_NT, SGTCRI_CF, CRE_D, CREUSR_CF) values (1,20,125,1,'SUBSIDIARY',getDate(),'DBEU')

go

insert into TSEGMT (SGMT_NF, SGT_NT, SGTVER_NT, SGMT_LS, SGMT_LL, SGTLVL_NT, PARSGMT_CF, BALAIMGT_CT, CRE_D, CREUSR_CF, LSTUPD_D, LSTUPDUSR_CF, timestamp) values (21,125,1,'21','Asia Pacific',0,null,null,getDate(),'DBEU',getDate(),'DBEU',null)

insert into TSEGMENTRULE (SGTRUL_NT, SGMT_NF, SGT_NT, SGTVER_NT, RULE_LS, RULPRIO_CT, FUNCDEF_T, TECHDEF_T, CRE_D, CREUSR_CF, LSTUPD_D, LSTUPDUSR_CF, timestamp) values (1,21,125,1,'',21,'SUBSIDIARY=20','IntegerUtils.equals(c.getSsdCf(), 20)',getDate(),'DBEU',getDate(),'DBEU',null)

insert into TSEGMENTRULE2CRI (SGTRULE_NT, SGMT_NF, SGT_NT, SGTVER_NT, SGTCRI_CF, CRE_D, CREUSR_CF) values (1,21,125,1,'SUBSIDIARY',getDate(),'DBEU')

go

insert into TSEGMT (SGMT_NF, SGT_NT, SGTVER_NT, SGMT_LS, SGMT_LL, SGTLVL_NT, PARSGMT_CF, BALAIMGT_CT, CRE_D, CREUSR_CF, LSTUPD_D, LSTUPDUSR_CF, timestamp) values (22,125,1,'22','Australia',0,null,null,getDate(),'DBEU',getDate(),'DBEU',null)

insert into TSEGMENTRULE (SGTRUL_NT, SGMT_NF, SGT_NT, SGTVER_NT, RULE_LS, RULPRIO_CT, FUNCDEF_T, TECHDEF_T, CRE_D, CREUSR_CF, LSTUPD_D, LSTUPDUSR_CF, timestamp) values (1,22,125,1,'',22,'SUBSIDIARY=22','IntegerUtils.equals(c.getSsdCf(), 22)',getDate(),'DBEU',getDate(),'DBEU',null)

insert into TSEGMENTRULE2CRI (SGTRULE_NT, SGMT_NF, SGT_NT, SGTVER_NT, SGTCRI_CF, CRE_D, CREUSR_CF) values (1,22,125,1,'SUBSIDIARY',getDate(),'DBEU')

go

-- Update the Rule label with the label of the segment (TSEGMT.SGMT_LS)
UPDATE TSEGMENTRULE SET RULE_LS=SGMT_LS
FROM TSEGMENTRULE, TSEGMT
WHERE TSEGMT.SGT_NT = TSEGMENTRULE.SGT_NT AND TSEGMT.SGTVER_NT = TSEGMENTRULE.SGTVER_NT AND TSEGMENTRULE.SGMT_NF = TSEGMT.SGMT_NF
and TSEGMENTRULE.SGT_NT = 125
go