10;0;0;4;1;1;1;1;1;1;1;1;1;2;2;2;2;01/05/2014 00:00:00.000;D004;01/05/2014 00:00:00.000;D004;0
10;0;1;4;1;0;0;0;0;0;0;0;0;0;0;0;0;01/05/2014 00:00:00.001;D004;01/05/2014 00:00:00.001;D004;0
10;0;2;4;1;1;1;1;0;1;1;1;1;2;2;2;2;01/05/2014 00:00:00.002;D004;01/05/2014 00:00:00.002;D004;0
10;0;3;4;1;1;1;1;0;1;1;1;1;2;2;2;2;01/05/2014 00:00:00.003;D004;01/05/2014 00:00:00.003;D004;0
10;0;4;4;1;1;1;1;0;1;1;3;1;2;2;2;2;01/05/2014 00:00:00.004;D004;01/05/2014 00:00:00.004;D004;0
10;0;5;4;1;1;1;1;0;1;1;1;1;2;2;2;2;01/05/2014 00:00:00.005;D004;01/05/2014 00:00:00.005;D004;0
10;0;6;4;1;1;1;1;0;1;1;1;1;2;2;2;2;01/05/2014 00:00:00.006;D004;01/05/2014 00:00:00.006;D004;0
10;0;7;4;1;1;1;1;0;1;1;1;1;2;2;2;2;01/05/2014 00:00:00.007;D004;01/05/2014 00:00:00.007;D004;0
10;0;10;4;1;0;0;1;0;1;1;1;1;2;2;2;2;01/05/2014 00:00:00.008;D004;01/05/2014 00:00:00.008;D004;0
10;0;20;4;1;0;0;1;0;1;1;1;1;2;2;2;2;01/05/2014 00:00:00.009;D004;01/05/2014 00:00:00.009;D004;0
10;0;71;4;1;0;0;0;0;0;0;0;0;0;0;0;0;01/05/2014 00:00:00.010;D004;01/05/2014 00:00:00.010;D004;0
10;0;72;4;1;0;0;0;0;0;0;0;0;0;0;0;0;01/05/2014 00:00:00.011;D004;01/05/2014 00:00:00.011;D004;0
10;0;73;4;1;0;0;0;0;0;0;0;0;0;0;0;0;01/05/2014 00:00:00.012;D004;01/05/2014 00:00:00.012;D004;0
10;0;74;4;1;0;0;0;0;0;0;0;0;0;0;0;0;01/05/2014 00:00:00.013;D004;01/05/2014 00:00:00.013;D004;0
10;0;75;4;1;0;0;0;0;0;0;0;0;0;0;0;0;01/05/2014 00:00:00.014;D004;01/05/2014 00:00:00.014;D004;0
10;1;0;4;1;1;1;1;2;1;1;3;1;2;2;2;2;01/05/2014 00:00:00.015;D004;01/05/2014 00:00:00.015;D004;0
10;1;2;4;1;1;1;1;0;1;1;3;1;2;2;2;2;01/05/2014 00:00:00.016;D004;01/05/2014 00:00:00.016;D004;0
10;1;10;4;1;1;1;1;0;1;1;1;1;2;2;2;2;01/05/2014 00:00:00.017;D004;01/05/2014 00:00:00.017;D004;0
10;1;20;4;1;1;1;1;0;1;1;1;1;2;2;2;2;01/05/2014 00:00:00.018;D004;01/05/2014 00:00:00.018;D004;0
10;1;30;4;1;0;0;1;0;1;1;1;1;2;2;2;2;01/05/2014 00:00:00.019;D004;01/05/2014 00:00:00.019;D004;0
10;1;40;4;1;0;0;1;0;1;1;1;1;2;2;2;2;01/05/2014 00:00:00.020;D004;01/05/2014 00:00:00.020;D004;0
10;2;0;4;1;0;0;0;0;0;0;0;0;0;0;0;0;01/05/2014 00:00:00.021;D004;01/05/2014 00:00:00.021;D004;0
10;2;10;4;1;0;0;0;0;0;0;0;0;0;0;0;0;01/05/2014 00:00:00.022;D004;01/05/2014 00:00:00.022;D004;0
10;2;20;4;1;0;0;0;0;0;0;0;0;0;0;0;0;01/05/2014 00:00:00.023;D004;01/05/2014 00:00:00.023;D004;0
10;2;30;4;1;0;0;0;0;0;0;0;0;0;0;0;0;01/05/2014 00:00:00.024;D004;01/05/2014 00:00:00.024;D004;0
10;2;40;4;1;0;0;0;0;0;0;0;0;0;0;0;0;01/05/2014 00:00:00.025;D004;01/05/2014 00:00:00.025;D004;0
10;2;50;4;1;0;0;0;0;0;0;0;0;0;0;0;0;01/05/2014 00:00:00.026;D004;01/05/2014 00:00:00.026;D004;0
10;2;60;4;1;1;1;1;0;1;1;1;1;2;2;2;2;01/05/2014 00:00:00.027;D004;01/05/2014 00:00:00.027;D004;0
10;3;0;4;1;0;0;0;0;0;0;0;0;0;0;0;0;01/05/2014 00:00:00.028;D004;01/05/2014 00:00:00.028;D004;0
10;3;1;4;1;0;0;0;0;0;0;0;0;0;0;0;0;01/05/2014 00:00:00.029;D004;01/05/2014 00:00:00.029;D004;0
10;3;10;4;1;0;0;0;0;0;0;0;0;0;0;0;0;01/05/2014 00:00:00.030;D004;01/05/2014 00:00:00.030;D004;0
10;3;11;4;1;0;0;0;0;0;0;0;0;0;0;0;0;01/05/2014 00:00:00.031;D004;01/05/2014 00:00:00.031;D004;0
10;3;20;4;1;0;0;0;0;0;0;0;0;0;0;0;0;01/05/2014 00:00:00.032;D004;01/05/2014 00:00:00.032;D004;0
10;3;21;4;1;0;0;0;0;0;0;0;0;0;0;0;0;01/05/2014 00:00:00.033;D004;01/05/2014 00:00:00.033;D004;0
10;3;30;4;1;0;0;0;0;0;0;0;0;0;0;0;0;01/05/2014 00:00:00.034;D004;01/05/2014 00:00:00.034;D004;0
10;3;31;4;1;0;0;0;0;0;0;0;0;0;0;0;0;01/05/2014 00:00:00.035;D004;01/05/2014 00:00:00.035;D004;0
10;3;40;4;1;0;0;0;0;0;0;0;0;0;0;0;0;01/05/2014 00:00:00.036;D004;01/05/2014 00:00:00.036;D004;0
10;3;41;4;1;0;0;0;0;0;0;0;0;0;0;0;0;01/05/2014 00:00:00.037;D004;01/05/2014 00:00:00.037;D004;0
10;3;50;4;1;0;0;0;0;0;0;0;0;0;0;0;0;01/05/2014 00:00:00.038;D004;01/05/2014 00:00:00.038;D004;0
10;3;51;4;1;0;0;0;0;0;0;0;0;0;0;0;0;01/05/2014 00:00:00.039;D004;01/05/2014 00:00:00.039;D004;0
10;3;60;4;1;1;1;1;0;1;1;1;1;2;2;2;2;01/05/2014 00:00:00.040;D004;01/05/2014 00:00:00.040;D004;0
10;4;0;4;1;0;0;1;0;1;1;1;1;2;2;2;2;01/05/2014 00:00:00.041;D004;01/05/2014 00:00:00.041;D004;0
10;4;10;4;1;0;0;0;0;0;0;0;0;0;0;0;0;01/05/2014 00:00:00.042;D004;01/05/2014 00:00:00.042;D004;0
10;5;0;4;1;1;1;1;0;1;1;1;1;2;2;2;2;01/05/2014 00:00:00.043;D004;01/05/2014 00:00:00.043;D004;0
10;5;10;4;1;0;0;1;0;1;1;1;1;2;2;2;2;01/05/2014 00:00:00.044;D004;01/05/2014 00:00:00.044;D004;0
10;5;20;4;1;0;0;1;0;1;1;1;1;2;2;2;2;01/05/2014 00:00:00.045;D004;01/05/2014 00:00:00.045;D004;0
10;5;30;4;1;0;0;1;0;1;1;1;1;2;2;2;2;01/05/2014 00:00:00.046;D004;01/05/2014 00:00:00.046;D004;0
10;6;0;4;1;0;0;0;0;0;0;0;0;0;0;0;0;01/05/2014 00:00:00.047;D004;01/05/2014 00:00:00.047;D004;0
10;7;0;4;1;1;1;1;0;1;1;1;1;2;2;2;2;01/05/2014 00:00:00.048;D004;01/05/2014 00:00:00.048;D004;0
10;7;10;4;1;0;0;1;0;1;1;1;1;2;2;2;2;01/05/2014 00:00:00.049;D004;01/05/2014 00:00:00.049;D004;0
10;7;20;4;1;0;0;1;0;1;1;1;1;2;2;2;2;01/05/2014 00:00:00.050;D004;01/05/2014 00:00:00.050;D004;0
10;8;0;4;1;1;1;1;0;1;1;1;1;2;2;2;2;01/05/2014 00:00:00.051;D004;01/05/2014 00:00:00.051;D004;0
10;9;0;4;1;0;0;0;0;0;0;0;0;0;0;0;0;01/05/2014 00:00:00.052;D004;01/05/2014 00:00:00.052;D004;0
11;0;0;4;1;0;0;0;0;0;0;0;0;0;0;0;0;01/05/2014 00:00:00.053;D004;01/05/2014 00:00:00.053;D004;0
11;1;0;4;1;0;0;0;0;0;0;0;0;0;0;0;0;01/05/2014 00:00:00.054;D004;01/05/2014 00:00:00.054;D004;0
12;0;0;4;1;1;1;1;0;1;1;1;1;2;2;2;2;01/05/2014 00:00:00.055;D004;01/05/2014 00:00:00.055;D004;0
12;0;1;4;1;0;0;0;0;0;0;0;0;0;0;0;0;01/05/2014 00:00:00.056;D004;01/05/2014 00:00:00.056;D004;0
12;0;2;4;1;1;1;1;0;1;1;1;1;2;2;2;2;01/05/2014 00:00:00.057;D004;01/05/2014 00:00:00.057;D004;0
12;0;3;4;1;1;1;1;0;1;1;1;1;2;2;2;2;01/05/2014 00:00:00.058;D004;01/05/2014 00:00:00.058;D004;0
12;0;4;4;1;1;1;1;0;1;1;1;1;2;2;2;2;01/05/2014 00:00:00.059;D004;01/05/2014 00:00:00.059;D004;0
12;0;10;4;1;1;1;1;0;1;1;1;1;2;2;2;2;01/05/2014 00:00:00.060;D004;01/05/2014 00:00:00.060;D004;0
12;0;20;4;1;1;1;1;0;1;1;1;1;2;2;2;2;01/05/2014 00:00:00.061;D004;01/05/2014 00:00:00.061;D004;0
12;0;30;4;1;1;1;1;0;1;1;1;1;2;2;2;2;01/05/2014 00:00:00.062;D004;01/05/2014 00:00:00.062;D004;0
12;0;40;4;1;1;1;1;0;1;1;1;1;2;2;2;2;01/05/2014 00:00:00.063;D004;01/05/2014 00:00:00.063;D004;0
12;0;50;4;1;0;0;0;0;0;0;0;0;0;0;0;0;01/05/2014 00:00:00.064;D004;01/05/2014 00:00:00.064;D004;0
12;0;60;4;1;0;0;0;0;0;0;0;0;0;0;0;0;01/05/2014 00:00:00.065;D004;01/05/2014 00:00:00.065;D004;0
12;1;0;4;1;1;1;1;0;1;1;1;1;2;2;2;2;01/05/2014 00:00:00.066;D004;01/05/2014 00:00:00.066;D004;0
12;1;1;4;1;1;1;1;0;1;1;1;1;2;2;2;2;01/05/2014 00:00:00.067;D004;01/05/2014 00:00:00.067;D004;0
12;1;2;4;1;1;1;1;0;1;1;1;1;2;2;2;2;01/05/2014 00:00:00.068;D004;01/05/2014 00:00:00.068;D004;0
12;1;3;4;1;1;1;1;0;1;1;2;1;2;2;2;2;01/05/2014 00:00:00.069;D004;01/05/2014 00:00:00.069;D004;0
12;1;4;4;1;1;1;1;0;1;1;1;1;1;1;1;1;01/05/2014 00:00:00.070;D004;01/05/2014 00:00:00.070;D004;0
12;1;10;4;1;1;1;1;0;1;1;3;1;2;2;2;2;01/05/2014 00:00:00.071;D004;01/05/2014 00:00:00.071;D004;0
12;1;20;4;1;1;1;1;0;1;1;1;1;2;2;2;2;01/05/2014 00:00:00.072;D004;01/05/2014 00:00:00.072;D004;0
12;2;0;4;1;1;1;1;0;1;1;1;1;2;2;2;2;01/05/2014 00:00:00.073;D004;01/05/2014 00:00:00.073;D004;0
12;2;10;4;1;0;0;0;0;0;0;0;0;0;0;0;0;01/05/2014 00:00:00.074;D004;01/05/2014 00:00:00.074;D004;0
12;2;20;4;1;0;0;0;0;0;0;0;0;0;0;0;0;01/05/2014 00:00:00.075;D004;01/05/2014 00:00:00.075;D004;0
12;2;22;4;1;0;0;0;0;0;0;0;0;0;0;0;0;01/05/2014 00:00:00.076;D004;01/05/2014 00:00:00.076;D004;0
12;2;23;4;1;0;0;0;0;0;0;0;0;0;0;0;0;01/05/2014 00:00:00.077;D004;01/05/2014 00:00:00.077;D004;0
12;2;24;4;1;0;0;0;0;0;0;0;0;0;0;0;0;01/05/2014 00:00:00.078;D004;01/05/2014 00:00:00.078;D004;0
12;2;25;4;1;0;0;0;0;0;0;0;0;0;0;0;0;01/05/2014 00:00:00.079;D004;01/05/2014 00:00:00.079;D004;0
12;2;26;4;1;0;0;0;0;0;0;0;0;0;0;0;0;01/05/2014 00:00:00.080;D004;01/05/2014 00:00:00.080;D004;0
12;2;27;4;1;0;0;0;0;0;0;0;0;0;0;0;0;01/05/2014 00:00:00.081;D004;01/05/2014 00:00:00.081;D004;0
12;2;28;4;1;0;0;0;0;0;0;0;0;0;0;0;0;01/05/2014 00:00:00.082;D004;01/05/2014 00:00:00.082;D004;0
12;2;29;4;1;0;0;0;0;0;0;0;0;0;0;0;0;01/05/2014 00:00:00.083;D004;01/05/2014 00:00:00.083;D004;0
12;2;30;4;1;0;0;0;0;0;0;0;0;0;0;0;0;01/05/2014 00:00:00.084;D004;01/05/2014 00:00:00.084;D004;0
12;2;32;4;1;0;0;0;0;0;0;0;0;0;0;0;0;01/05/2014 00:00:00.085;D004;01/05/2014 00:00:00.085;D004;0
12;2;33;4;1;0;0;0;0;0;0;0;0;0;0;0;0;01/05/2014 00:00:00.086;D004;01/05/2014 00:00:00.086;D004;0
12;2;34;4;1;0;0;0;0;0;0;0;0;0;0;0;0;01/05/2014 00:00:00.087;D004;01/05/2014 00:00:00.087;D004;0
12;2;35;4;1;0;0;0;0;0;0;0;0;0;0;0;0;01/05/2014 00:00:00.088;D004;01/05/2014 00:00:00.088;D004;0
12;2;36;4;1;0;0;0;0;0;0;0;0;0;0;0;0;01/05/2014 00:00:00.089;D004;01/05/2014 00:00:00.089;D004;0
12;2;37;4;1;0;0;0;0;0;0;0;0;0;0;0;0;01/05/2014 00:00:00.090;D004;01/05/2014 00:00:00.090;D004;0
12;2;38;4;1;0;0;0;0;0;0;0;0;0;0;0;0;01/05/2014 00:00:00.091;D004;01/05/2014 00:00:00.091;D004;0
12;2;39;4;1;0;0;0;0;0;0;0;0;0;0;0;0;01/05/2014 00:00:00.092;D004;01/05/2014 00:00:00.092;D004;0
12;2;40;4;1;1;1;1;0;1;1;3;1;2;2;2;2;01/05/2014 00:00:00.093;D004;01/05/2014 00:00:00.093;D004;0
12;2;42;4;1;0;0;0;0;0;0;0;0;0;0;0;0;01/05/2014 00:00:00.094;D004;01/05/2014 00:00:00.094;D004;0
12;2;43;4;1;0;0;0;0;0;0;0;0;0;0;0;0;01/05/2014 00:00:00.095;D004;01/05/2014 00:00:00.095;D004;0
12;2;44;4;1;0;0;0;0;0;0;0;0;0;0;0;0;01/05/2014 00:00:00.096;D004;01/05/2014 00:00:00.096;D004;0
12;2;45;4;1;0;0;0;0;0;0;0;0;0;0;0;0;01/05/2014 00:00:00.097;D004;01/05/2014 00:00:00.097;D004;0
12;2;46;4;1;0;0;0;0;0;0;0;0;0;0;0;0;01/05/2014 00:00:00.098;D004;01/05/2014 00:00:00.098;D004;0
12;2;47;4;1;0;0;0;0;0;0;0;0;0;0;0;0;01/05/2014 00:00:00.099;D004;01/05/2014 00:00:00.099;D004;0
12;2;48;4;1;0;0;0;0;0;0;0;0;0;0;0;0;01/05/2014 00:00:00.100;D004;01/05/2014 00:00:00.100;D004;0
12;2;49;4;1;0;0;0;0;0;0;0;0;0;0;0;0;01/05/2014 00:00:00.101;D004;01/05/2014 00:00:00.101;D004;0
12;2;50;4;1;1;1;1;0;1;1;3;1;2;2;2;2;01/05/2014 00:00:00.102;D004;01/05/2014 00:00:00.102;D004;0
12;2;52;4;1;0;0;0;0;0;0;0;0;0;0;0;0;01/05/2014 00:00:00.103;D004;01/05/2014 00:00:00.103;D004;0
12;2;53;4;1;0;0;0;0;0;0;0;0;0;0;0;0;01/05/2014 00:00:00.104;D004;01/05/2014 00:00:00.104;D004;0
12;2;54;4;1;0;0;0;0;0;0;0;0;0;0;0;0;01/05/2014 00:00:00.105;D004;01/05/2014 00:00:00.105;D004;0
12;2;55;4;1;0;0;0;0;0;0;0;0;0;0;0;0;01/05/2014 00:00:00.106;D004;01/05/2014 00:00:00.106;D004;0
12;2;56;4;1;0;0;0;0;0;0;0;0;0;0;0;0;01/05/2014 00:00:00.107;D004;01/05/2014 00:00:00.107;D004;0
12;2;60;4;1;0;0;0;0;0;0;0;0;0;0;0;0;01/05/2014 00:00:00.108;D004;01/05/2014 00:00:00.108;D004;0
12;2;70;4;1;1;1;1;0;1;1;3;1;2;2;2;2;01/05/2014 00:00:00.109;D004;01/05/2014 00:00:00.109;D004;0
12;3;0;4;1;0;0;0;0;0;0;0;0;0;0;0;0;01/05/2014 00:00:00.110;D004;01/05/2014 00:00:00.110;D004;0
12;4;0;4;1;1;1;1;0;1;1;2;1;2;2;2;2;01/05/2014 00:00:00.111;D004;01/05/2014 00:00:00.111;D004;0
12;5;0;4;1;1;1;1;0;1;1;1;1;2;2;2;2;01/05/2014 00:00:00.112;D004;01/05/2014 00:00:00.112;D004;0
12;6;0;4;1;1;1;1;0;1;1;1;1;2;2;2;2;01/05/2014 00:00:00.113;D004;01/05/2014 00:00:00.113;D004;0
13;0;0;4;1;1;1;1;0;1;1;1;1;2;2;2;2;01/05/2014 00:00:00.114;D004;01/05/2014 00:00:00.114;D004;0
14;0;0;4;1;1;1;1;0;1;1;1;1;2;2;2;2;01/05/2014 00:00:00.115;D004;01/05/2014 00:00:00.115;D004;0
14;0;2;4;1;1;1;1;0;1;1;1;1;2;2;2;2;01/05/2014 00:00:00.116;D004;01/05/2014 00:00:00.116;D004;0
14;0;3;4;1;1;1;1;0;1;1;1;1;2;2;2;2;01/05/2014 00:00:00.117;D004;01/05/2014 00:00:00.117;D004;0
14;0;10;4;1;0;0;1;0;1;1;1;1;2;2;2;2;01/05/2014 00:00:00.118;D004;01/05/2014 00:00:00.118;D004;0
14;1;0;4;1;0;0;0;0;0;0;0;0;0;0;0;0;01/05/2014 00:00:00.119;D004;01/05/2014 00:00:00.119;D004;0
14;2;0;4;1;0;0;0;0;0;0;0;0;0;0;0;0;01/05/2014 00:00:00.120;D004;01/05/2014 00:00:00.120;D004;0
14;2;1;4;1;0;0;0;0;0;0;0;0;0;0;0;0;01/05/2014 00:00:00.121;D004;01/05/2014 00:00:00.121;D004;0
14;3;0;4;1;1;1;1;0;1;1;1;1;2;2;2;2;01/05/2014 00:00:00.122;D004;01/05/2014 00:00:00.122;D004;0
14;3;2;4;1;1;1;1;0;1;1;1;1;2;2;2;2;01/05/2014 00:00:00.123;D004;01/05/2014 00:00:00.123;D004;0
15;0;0;4;1;1;1;1;0;1;1;3;1;2;2;2;2;01/05/2014 00:00:00.124;D004;01/05/2014 00:00:00.124;D004;0
15;0;10;4;1;1;1;1;0;1;1;3;1;2;2;2;2;01/05/2014 00:00:00.125;D004;01/05/2014 00:00:00.125;D004;0
15;0;20;4;1;1;1;1;0;1;1;3;1;2;2;2;2;01/05/2014 00:00:00.126;D004;01/05/2014 00:00:00.126;D004;0
15;0;30;4;1;1;1;1;0;1;1;1;1;2;2;2;2;01/05/2014 00:00:00.127;D004;01/05/2014 00:00:00.127;D004;0
15;0;40;4;1;1;1;1;0;1;1;3;1;2;2;2;2;01/05/2014 00:00:00.128;D004;01/05/2014 00:00:00.128;D004;0
15;0;50;4;1;1;1;1;0;1;1;3;1;2;2;2;2;01/05/2014 00:00:00.129;D004;01/05/2014 00:00:00.129;D004;0
15;0;60;4;1;0;0;1;0;1;1;3;1;2;2;2;2;01/05/2014 00:00:00.130;D004;01/05/2014 00:00:00.130;D004;0
15;0;70;4;1;1;1;1;0;0;1;3;1;2;2;2;2;01/05/2014 00:00:00.131;D004;01/05/2014 00:00:00.131;D004;0
15;0;80;4;1;0;0;0;0;0;0;0;0;0;0;0;0;01/05/2014 00:00:00.132;D004;01/05/2014 00:00:00.132;D004;0
15;1;0;4;1;1;1;1;0;1;1;1;1;2;2;2;2;01/05/2014 00:00:00.133;D004;01/05/2014 00:00:00.133;D004;0
15;1;10;4;1;1;1;1;0;1;1;1;1;2;2;2;2;01/05/2014 00:00:00.134;D004;01/05/2014 00:00:00.134;D004;0
15;1;20;4;1;1;1;1;0;1;1;1;1;2;2;2;2;01/05/2014 00:00:00.135;D004;01/05/2014 00:00:00.135;D004;0
15;1;30;4;1;1;1;1;0;1;1;1;1;2;2;2;2;01/05/2014 00:00:00.136;D004;01/05/2014 00:00:00.136;D004;0
20;0;0;4;1;1;1;1;0;1;1;1;1;2;2;2;2;01/05/2014 00:00:00.137;D004;01/05/2014 00:00:00.137;D004;0
20;0;2;4;1;1;1;1;0;1;1;1;1;2;2;2;2;01/05/2014 00:00:00.138;D004;01/05/2014 00:00:00.138;D004;0
20;0;3;4;1;1;1;1;0;1;1;1;1;2;2;2;2;01/05/2014 00:00:00.139;D004;01/05/2014 00:00:00.139;D004;0
20;0;4;4;1;1;1;1;0;1;1;1;1;2;2;2;2;01/05/2014 00:00:00.140;D004;01/05/2014 00:00:00.140;D004;0
20;0;5;4;1;1;1;1;0;1;1;1;1;2;2;2;2;01/05/2014 00:00:00.141;D004;01/05/2014 00:00:00.141;D004;0
20;0;10;4;1;1;1;1;0;1;1;3;1;2;2;2;2;01/05/2014 00:00:00.142;D004;01/05/2014 00:00:00.142;D004;0
20;0;12;4;1;1;1;1;0;1;1;1;1;2;2;2;2;01/05/2014 00:00:00.143;D004;01/05/2014 00:00:00.143;D004;0
20;0;13;4;1;1;1;1;0;1;1;1;1;2;2;2;2;01/05/2014 00:00:00.144;D004;01/05/2014 00:00:00.144;D004;0
20;0;20;4;1;1;1;1;0;1;1;1;1;2;2;2;2;01/05/2014 00:00:00.145;D004;01/05/2014 00:00:00.145;D004;0
20;0;30;4;1;1;1;1;0;1;1;3;1;2;2;2;2;01/05/2014 00:00:00.146;D004;01/05/2014 00:00:00.146;D004;0
20;0;32;4;1;1;1;1;0;1;1;1;1;2;2;2;2;01/05/2014 00:00:00.147;D004;01/05/2014 00:00:00.147;D004;0
20;0;33;4;1;1;1;1;0;1;1;1;1;2;2;2;2;01/05/2014 00:00:00.148;D004;01/05/2014 00:00:00.148;D004;0
20;0;34;4;1;1;1;1;0;1;1;1;1;2;2;2;2;01/05/2014 00:00:00.149;D004;01/05/2014 00:00:00.149;D004;0
20;0;40;4;1;1;1;1;0;1;1;1;1;2;2;2;2;01/05/2014 00:00:00.150;D004;01/05/2014 00:00:00.150;D004;0
20;0;50;4;1;1;1;1;0;1;1;1;1;2;2;2;2;01/05/2014 00:00:00.151;D004;01/05/2014 00:00:00.151;D004;0
20;0;52;4;1;0;0;0;0;0;0;0;0;0;0;0;0;01/05/2014 00:00:00.152;D004;01/05/2014 00:00:00.152;D004;0
20;0;53;4;1;0;0;0;0;0;0;0;0;0;0;0;0;01/05/2014 00:00:00.153;D004;01/05/2014 00:00:00.153;D004;0
20;0;54;4;1;0;0;0;0;0;0;0;0;0;0;0;0;01/05/2014 00:00:00.154;D004;01/05/2014 00:00:00.154;D004;0
20;0;60;4;1;1;1;1;0;1;1;1;1;2;2;2;2;01/05/2014 00:00:00.155;D004;01/05/2014 00:00:00.155;D004;0
20;0;70;4;1;0;0;1;0;1;1;1;1;2;2;2;2;01/05/2014 00:00:00.156;D004;01/05/2014 00:00:00.156;D004;0
20;0;80;4;1;1;1;1;0;1;1;1;1;2;2;2;2;01/05/2014 00:00:00.157;D004;01/05/2014 00:00:00.157;D004;0
20;0;82;4;1;0;0;1;0;1;1;1;1;2;2;2;2;01/05/2014 00:00:00.158;D004;01/05/2014 00:00:00.158;D004;0
20;0;90;4;1;1;1;1;0;1;1;3;1;2;2;2;2;01/05/2014 00:00:00.159;D004;01/05/2014 00:00:00.159;D004;0
20;5;0;4;1;1;1;1;0;1;1;1;1;2;2;2;2;01/05/2014 00:00:00.160;D004;01/05/2014 00:00:00.160;D004;0
20;6;0;4;1;0;0;0;0;0;0;0;0;0;0;0;0;01/05/2014 00:00:00.161;D004;01/05/2014 00:00:00.161;D004;0
20;7;0;4;1;1;1;1;0;1;1;1;1;2;2;2;2;01/05/2014 00:00:00.162;D004;01/05/2014 00:00:00.162;D004;0
20;7;10;4;1;0;0;1;0;1;1;1;1;2;2;2;2;01/05/2014 00:00:00.163;D004;01/05/2014 00:00:00.163;D004;0
20;7;20;4;1;0;0;1;0;1;1;1;1;2;2;2;2;01/05/2014 00:00:00.164;D004;01/05/2014 00:00:00.164;D004;0
20;9;0;4;1;1;1;1;0;1;1;1;1;2;2;2;2;01/05/2014 00:00:00.165;D004;01/05/2014 00:00:00.165;D004;0
20;9;10;4;1;0;0;0;0;0;0;0;0;0;0;0;0;01/05/2014 00:00:00.166;D004;01/05/2014 00:00:00.166;D004;0
20;9;20;4;1;0;0;0;0;0;0;0;0;0;0;0;0;01/05/2014 00:00:00.167;D004;01/05/2014 00:00:00.167;D004;0
30;0;0;4;1;1;1;1;0;1;1;2;1;2;2;2;2;01/05/2014 00:00:00.168;D004;01/05/2014 00:00:00.168;D004;0
30;0;10;4;1;0;0;1;0;1;1;2;1;2;2;2;2;01/05/2014 00:00:00.169;D004;01/05/2014 00:00:00.169;D004;0
30;0;80;4;1;1;1;1;0;1;1;2;1;2;2;2;2;01/05/2014 00:00:00.170;D004;01/05/2014 00:00:00.170;D004;0
30;0;90;4;1;1;1;1;0;1;1;2;1;2;2;2;2;01/05/2014 00:00:00.171;D004;01/05/2014 00:00:00.171;D004;0
30;1;0;4;1;1;1;1;0;1;1;3;1;2;2;2;2;01/05/2014 00:00:00.172;D004;01/05/2014 00:00:00.172;D004;0
30;1;10;4;1;0;0;1;0;1;1;3;1;2;2;2;2;01/05/2014 00:00:00.173;D004;01/05/2014 00:00:00.173;D004;0
30;1;90;4;1;1;1;1;0;1;1;3;1;2;2;2;2;01/05/2014 00:00:00.174;D004;01/05/2014 00:00:00.174;D004;0
31;0;0;4;1;1;1;1;0;1;1;2;1;2;2;2;2;01/05/2014 00:00:00.175;D004;01/05/2014 00:00:00.175;D004;0
31;0;10;4;1;1;1;1;0;1;1;3;1;2;2;2;2;01/05/2014 00:00:00.176;D004;01/05/2014 00:00:00.176;D004;0
31;0;20;4;1;0;0;1;0;1;1;2;1;2;2;2;2;01/05/2014 00:00:00.177;D004;01/05/2014 00:00:00.177;D004;0
31;0;30;4;1;0;0;1;0;1;1;3;1;2;2;2;2;01/05/2014 00:00:00.178;D004;01/05/2014 00:00:00.178;D004;0
31;0;80;4;1;1;1;1;0;1;1;3;1;2;2;2;2;01/05/2014 00:00:00.179;D004;01/05/2014 00:00:00.179;D004;0
31;0;82;4;1;1;1;1;0;1;1;3;1;2;2;2;2;01/05/2014 00:00:00.180;D004;01/05/2014 00:00:00.180;D004;0
31;0;90;4;1;1;1;1;0;1;1;2;1;2;2;2;2;01/05/2014 00:00:00.181;D004;01/05/2014 00:00:00.181;D004;0
31;0;92;4;1;1;1;1;0;1;1;2;1;2;2;2;2;01/05/2014 00:00:00.182;D004;01/05/2014 00:00:00.182;D004;0
31;1;0;4;1;0;0;1;0;1;1;2;1;2;2;2;2;01/05/2014 00:00:00.183;D004;01/05/2014 00:00:00.183;D004;0
31;1;10;4;1;0;0;1;0;1;1;3;1;2;2;2;2;01/05/2014 00:00:00.184;D004;01/05/2014 00:00:00.184;D004;0
31;2;0;4;1;0;0;1;0;1;1;2;1;2;2;2;2;01/05/2014 00:00:00.185;D004;01/05/2014 00:00:00.185;D004;0
31;2;10;4;1;0;0;1;0;1;1;3;1;2;2;2;2;01/05/2014 00:00:00.186;D004;01/05/2014 00:00:00.186;D004;0
31;3;0;4;1;0;0;1;0;1;1;2;1;2;2;2;2;01/05/2014 00:00:00.187;D004;01/05/2014 00:00:00.187;D004;0
31;3;10;4;1;0;0;1;0;1;1;3;1;2;2;2;2;01/05/2014 00:00:00.188;D004;01/05/2014 00:00:00.188;D004;0
32;0;0;4;1;1;1;1;0;1;1;2;1;2;2;2;2;01/05/2014 00:00:00.189;D004;01/05/2014 00:00:00.189;D004;0
32;0;10;4;1;0;0;1;0;1;1;2;1;2;2;2;2;01/05/2014 00:00:00.190;D004;01/05/2014 00:00:00.190;D004;0
32;0;20;4;1;1;1;1;0;1;1;2;1;2;2;2;2;01/05/2014 00:00:00.191;D004;01/05/2014 00:00:00.191;D004;0
32;0;30;4;1;1;1;1;0;1;1;2;1;2;2;2;2;01/05/2014 00:00:00.192;D004;01/05/2014 00:00:00.192;D004;0
32;0;70;4;1;1;1;1;0;1;1;2;1;2;2;2;2;01/05/2014 00:00:00.193;D004;01/05/2014 00:00:00.193;D004;0
32;0;80;4;1;1;1;1;0;1;1;2;1;2;2;2;2;01/05/2014 00:00:00.194;D004;01/05/2014 00:00:00.194;D004;0
32;0;90;4;1;1;1;1;0;1;1;2;1;2;2;2;2;01/05/2014 00:00:00.195;D004;01/05/2014 00:00:00.195;D004;0
32;1;0;4;1;1;1;1;0;1;1;3;1;2;2;2;2;01/05/2014 00:00:00.196;D004;01/05/2014 00:00:00.196;D004;0
32;1;10;4;1;0;0;1;0;1;1;3;1;2;2;2;2;01/05/2014 00:00:00.197;D004;01/05/2014 00:00:00.197;D004;0
32;1;20;4;1;1;1;1;0;1;1;3;1;2;2;2;2;01/05/2014 00:00:00.198;D004;01/05/2014 00:00:00.198;D004;0
32;1;30;4;1;1;1;1;0;1;1;3;1;2;2;2;2;01/05/2014 00:00:00.199;D004;01/05/2014 00:00:00.199;D004;0
32;1;90;4;1;1;1;1;0;1;1;3;1;2;2;2;2;01/05/2014 00:00:00.200;D004;01/05/2014 00:00:00.200;D004;0
40;0;0;4;1;1;1;1;0;1;1;1;1;1;1;1;1;01/05/2014 00:00:00.201;D004;01/05/2014 00:00:00.201;D004;0
40;0;10;4;1;1;1;1;0;1;1;1;1;1;1;1;1;01/05/2014 00:00:00.202;D004;01/05/2014 00:00:00.202;D004;0
40;0;12;4;1;1;1;1;0;1;1;1;1;1;1;1;1;01/05/2014 00:00:00.203;D004;01/05/2014 00:00:00.203;D004;0
40;0;13;4;1;0;0;1;0;1;1;1;1;1;1;1;1;01/05/2014 00:00:00.204;D004;01/05/2014 00:00:00.204;D004;0
40;0;14;4;1;0;0;1;0;1;1;1;1;1;1;1;1;01/05/2014 00:00:00.205;D004;01/05/2014 00:00:00.205;D004;0
40;0;15;4;1;0;0;1;0;1;1;1;1;1;1;1;1;01/05/2014 00:00:00.206;D004;01/05/2014 00:00:00.206;D004;0
40;0;16;4;1;0;0;1;0;1;1;1;1;1;1;1;1;01/05/2014 00:00:00.207;D004;01/05/2014 00:00:00.207;D004;0
40;0;17;4;1;0;0;1;0;1;1;1;1;1;1;1;1;01/05/2014 00:00:00.208;D004;01/05/2014 00:00:00.208;D004;0
40;0;20;4;1;1;1;1;0;1;1;1;1;1;1;1;1;01/05/2014 00:00:00.209;D004;01/05/2014 00:00:00.209;D004;0
40;0;30;4;1;1;1;1;0;1;1;1;1;1;1;1;1;01/05/2014 00:00:00.210;D004;01/05/2014 00:00:00.210;D004;0
40;0;40;4;1;1;1;1;0;1;1;1;1;1;1;1;1;01/05/2014 00:00:00.211;D004;01/05/2014 00:00:00.211;D004;0
40;1;0;4;1;1;1;1;0;1;1;1;1;1;1;1;1;01/05/2014 00:00:00.212;D004;01/05/2014 00:00:00.212;D004;0
40;1;1;4;1;0;0;1;0;1;1;1;1;1;1;1;1;01/05/2014 00:00:00.213;D004;01/05/2014 00:00:00.213;D004;0
40;1;10;4;1;1;1;1;0;1;1;1;1;1;1;1;1;01/05/2014 00:00:00.214;D004;01/05/2014 00:00:00.214;D004;0
40;1;11;4;1;0;0;1;0;1;1;1;1;1;1;1;1;01/05/2014 00:00:00.215;D004;01/05/2014 00:00:00.215;D004;0
40;1;12;4;1;0;0;1;0;1;1;1;1;1;1;1;1;01/05/2014 00:00:00.216;D004;01/05/2014 00:00:00.216;D004;0
40;1;13;4;1;0;0;1;0;1;1;1;1;1;1;1;1;01/05/2014 00:00:00.217;D004;01/05/2014 00:00:00.217;D004;0
40;1;14;4;1;0;0;1;0;1;1;1;1;1;1;1;1;01/05/2014 00:00:00.218;D004;01/05/2014 00:00:00.218;D004;0
40;1;15;4;1;0;0;1;0;1;1;1;1;1;1;1;1;01/05/2014 00:00:00.219;D004;01/05/2014 00:00:00.219;D004;0
40;1;16;4;1;0;0;1;0;1;1;1;1;1;1;1;1;01/05/2014 00:00:00.220;D004;01/05/2014 00:00:00.220;D004;0
40;1;17;4;1;0;0;1;0;1;1;1;1;1;1;1;1;01/05/2014 00:00:00.221;D004;01/05/2014 00:00:00.221;D004;0
40;1;20;4;1;1;1;1;0;1;1;1;1;1;1;1;1;01/05/2014 00:00:00.222;D004;01/05/2014 00:00:00.222;D004;0
40;1;30;4;1;1;1;1;0;1;1;1;1;1;1;1;1;01/05/2014 00:00:00.223;D004;01/05/2014 00:00:00.223;D004;0
40;1;40;4;1;1;1;1;0;1;1;1;1;1;1;1;1;01/05/2014 00:00:00.224;D004;01/05/2014 00:00:00.224;D004;0
41;0;0;4;1;1;1;1;0;1;1;1;1;1;1;1;1;01/05/2014 00:00:00.225;D004;01/05/2014 00:00:00.225;D004;0
41;0;10;4;1;1;1;1;0;1;1;1;1;1;1;1;1;01/05/2014 00:00:00.226;D004;01/05/2014 00:00:00.226;D004;0
41;0;11;4;1;1;1;1;0;1;1;1;1;1;1;1;1;01/05/2014 00:00:00.227;D004;01/05/2014 00:00:00.227;D004;0
41;0;12;4;1;0;0;1;0;1;1;1;1;1;1;1;1;01/05/2014 00:00:00.228;D004;01/05/2014 00:00:00.228;D004;0
41;0;13;4;1;1;1;1;0;1;1;1;1;1;1;1;1;01/05/2014 00:00:00.229;D004;01/05/2014 00:00:00.229;D004;0
41;0;14;4;1;0;0;0;0;0;0;0;0;0;0;0;0;01/05/2014 00:00:00.230;D004;01/05/2014 00:00:00.230;D004;0
41;1;0;4;1;1;1;1;0;1;1;1;1;1;1;1;1;01/05/2014 00:00:00.231;D004;01/05/2014 00:00:00.231;D004;0
41;1;1;4;1;0;0;1;0;1;1;1;1;1;1;1;1;01/05/2014 00:00:00.232;D004;01/05/2014 00:00:00.232;D004;0
41;1;10;4;1;1;1;1;0;1;1;1;1;1;1;1;1;01/05/2014 00:00:00.233;D004;01/05/2014 00:00:00.233;D004;0
41;1;11;4;1;1;1;1;0;1;1;1;1;1;1;1;1;01/05/2014 00:00:00.234;D004;01/05/2014 00:00:00.234;D004;0
41;1;12;4;1;0;0;1;0;1;1;1;1;1;1;1;1;01/05/2014 00:00:00.235;D004;01/05/2014 00:00:00.235;D004;0
41;1;13;4;1;0;0;1;0;1;1;1;1;1;1;1;1;01/05/2014 00:00:00.236;D004;01/05/2014 00:00:00.236;D004;0
41;2;0;4;1;0;0;1;0;1;1;1;1;1;1;1;1;01/05/2014 00:00:00.237;D004;01/05/2014 00:00:00.237;D004;0
41;3;0;4;1;0;0;1;0;1;1;1;1;1;1;1;1;01/05/2014 00:00:00.238;D004;01/05/2014 00:00:00.238;D004;0
41;4;0;4;1;0;0;0;0;0;0;0;0;0;0;0;0;01/05/2014 00:00:00.239;D004;01/05/2014 00:00:00.239;D004;0
41;5;0;4;1;0;0;0;0;0;0;0;0;0;0;0;0;01/05/2014 00:00:00.240;D004;01/05/2014 00:00:00.240;D004;0
41;6;1;4;1;0;0;0;0;0;0;0;0;0;0;0;0;01/05/2014 00:00:00.241;D004;01/05/2014 00:00:00.241;D004;0
41;6;2;4;1;0;0;0;0;0;0;0;0;0;0;0;0;01/05/2014 00:00:00.242;D004;01/05/2014 00:00:00.242;D004;0
41;6;3;4;1;0;0;0;0;0;0;0;0;0;0;0;0;01/05/2014 00:00:00.243;D004;01/05/2014 00:00:00.243;D004;0
41;6;4;4;1;0;0;0;0;0;0;0;0;0;0;0;0;01/05/2014 00:00:00.244;D004;01/05/2014 00:00:00.244;D004;0
41;6;5;4;1;0;0;0;0;0;0;0;0;0;0;0;0;01/05/2014 00:00:00.245;D004;01/05/2014 00:00:00.245;D004;0
41;6;11;4;1;0;0;0;0;0;0;0;0;0;0;0;0;01/05/2014 00:00:00.246;D004;01/05/2014 00:00:00.246;D004;0
41;6;12;4;1;0;0;0;0;0;0;0;0;0;0;0;0;01/05/2014 00:00:00.247;D004;01/05/2014 00:00:00.247;D004;0
41;6;13;4;1;0;0;0;0;0;0;0;0;0;0;0;0;01/05/2014 00:00:00.248;D004;01/05/2014 00:00:00.248;D004;0
41;6;14;4;1;0;0;0;0;0;0;0;0;0;0;0;0;01/05/2014 00:00:00.249;D004;01/05/2014 00:00:00.249;D004;0
41;6;15;4;1;0;0;0;0;0;0;0;0;0;0;0;0;01/05/2014 00:00:00.250;D004;01/05/2014 00:00:00.250;D004;0
41;8;0;4;1;1;1;1;0;1;1;1;1;1;1;1;1;01/05/2014 00:00:00.251;D004;01/05/2014 00:00:00.251;D004;0
41;9;0;4;1;1;1;1;0;1;1;1;1;1;1;1;1;01/05/2014 00:00:00.252;D004;01/05/2014 00:00:00.252;D004;0
41;9;1;4;1;0;0;0;0;0;0;0;0;0;0;0;0;01/05/2014 00:00:00.253;D004;01/05/2014 00:00:00.253;D004;0
42;0;0;4;1;1;1;1;0;1;1;3;1;1;1;1;1;01/05/2014 00:00:00.254;D004;01/05/2014 00:00:00.254;D004;0
42;0;2;4;1;0;0;1;0;1;1;3;1;1;1;1;1;01/05/2014 00:00:00.255;D004;01/05/2014 00:00:00.255;D004;0
42;0;10;4;1;1;1;1;0;1;1;2;1;1;1;1;1;01/05/2014 00:00:00.256;D004;01/05/2014 00:00:00.256;D004;0
42;0;20;4;1;1;1;1;0;1;1;2;1;1;1;1;1;01/05/2014 00:00:00.257;D004;01/05/2014 00:00:00.257;D004;0
42;0;30;4;1;1;1;1;0;1;1;2;1;1;1;1;1;01/05/2014 00:00:00.258;D004;01/05/2014 00:00:00.258;D004;0
42;0;40;4;1;0;0;1;0;1;1;2;1;1;1;1;1;01/05/2014 00:00:00.259;D004;01/05/2014 00:00:00.259;D004;0
42;0;50;4;1;1;1;1;0;1;1;1;1;1;1;1;1;01/05/2014 00:00:00.260;D004;01/05/2014 00:00:00.260;D004;0
42;0;52;4;1;0;0;0;0;0;0;0;0;0;0;0;0;01/05/2014 00:00:00.261;D004;01/05/2014 00:00:00.261;D004;0
42;0;60;4;1;0;0;1;0;1;1;1;1;1;1;1;1;01/05/2014 00:00:00.262;D004;01/05/2014 00:00:00.262;D004;0
42;0;80;4;1;0;0;0;0;0;0;0;0;0;0;0;0;01/05/2014 00:00:00.263;D004;01/05/2014 00:00:00.263;D004;0
42;0;90;4;1;0;0;0;0;0;0;0;0;0;0;0;0;01/05/2014 00:00:00.264;D004;01/05/2014 00:00:00.264;D004;0
42;0;92;4;1;0;0;0;0;0;0;0;0;0;0;0;0;01/05/2014 00:00:00.265;D004;01/05/2014 00:00:00.265;D004;0
42;1;0;4;1;1;1;1;0;1;1;1;1;1;1;1;1;01/05/2014 00:00:00.266;D004;01/05/2014 00:00:00.266;D004;0
42;1;1;4;1;1;1;1;0;1;1;1;1;1;1;1;1;01/05/2014 00:00:00.267;D004;01/05/2014 00:00:00.267;D004;0
42;1;2;4;1;0;0;1;0;1;1;1;1;1;1;1;1;01/05/2014 00:00:00.268;D004;01/05/2014 00:00:00.268;D004;0
42;1;10;4;1;1;1;1;0;1;1;1;1;1;1;1;1;01/05/2014 00:00:00.269;D004;01/05/2014 00:00:00.269;D004;0
42;1;11;4;1;0;0;1;0;1;1;1;1;1;1;1;1;01/05/2014 00:00:00.270;D004;01/05/2014 00:00:00.270;D004;0
42;1;20;4;1;1;1;1;0;1;1;1;1;1;1;1;1;01/05/2014 00:00:00.271;D004;01/05/2014 00:00:00.271;D004;0
42;1;30;4;1;1;1;1;0;1;1;1;1;1;1;1;1;01/05/2014 00:00:00.272;D004;01/05/2014 00:00:00.272;D004;0
42;1;40;4;1;0;0;1;0;1;1;1;1;1;1;1;1;01/05/2014 00:00:00.273;D004;01/05/2014 00:00:00.273;D004;0
42;1;41;4;1;0;0;0;0;0;0;0;0;0;0;0;0;01/05/2014 00:00:00.274;D004;01/05/2014 00:00:00.274;D004;0
42;1;50;4;1;1;1;1;0;1;1;1;1;1;1;1;1;01/05/2014 00:00:00.275;D004;01/05/2014 00:00:00.275;D004;0
42;1;51;4;1;0;0;1;0;1;1;1;1;1;1;1;1;01/05/2014 00:00:00.276;D004;01/05/2014 00:00:00.276;D004;0
42;1;60;4;1;0;0;1;0;1;1;1;1;1;1;1;1;01/05/2014 00:00:00.277;D004;01/05/2014 00:00:00.277;D004;0
42;1;61;4;1;0;0;0;0;0;0;0;0;0;0;0;0;01/05/2014 00:00:00.278;D004;01/05/2014 00:00:00.278;D004;0
42;1;80;4;1;0;0;0;0;0;0;0;0;0;0;0;0;01/05/2014 00:00:00.279;D004;01/05/2014 00:00:00.279;D004;0
42;1;81;4;1;0;0;0;0;0;0;0;0;0;0;0;0;01/05/2014 00:00:00.280;D004;01/05/2014 00:00:00.280;D004;0
42;1;90;4;1;0;0;0;0;0;0;0;0;0;0;0;0;01/05/2014 00:00:00.281;D004;01/05/2014 00:00:00.281;D004;0
42;1;91;4;1;0;0;0;0;0;0;0;0;0;0;0;0;01/05/2014 00:00:00.282;D004;01/05/2014 00:00:00.282;D004;0
42;3;0;4;1;0;0;0;0;0;0;0;0;0;0;0;0;01/05/2014 00:00:00.283;D004;01/05/2014 00:00:00.283;D004;0
42;3;10;4;1;0;0;0;0;0;0;0;0;0;0;0;0;01/05/2014 00:00:00.284;D004;01/05/2014 00:00:00.284;D004;0
42;4;0;4;1;0;0;0;0;0;0;0;0;0;0;0;0;01/05/2014 00:00:00.285;D004;01/05/2014 00:00:00.285;D004;0
42;4;1;4;1;0;0;0;0;0;0;0;0;0;0;0;0;01/05/2014 00:00:00.286;D004;01/05/2014 00:00:00.286;D004;0
42;4;10;4;1;0;0;0;0;0;0;0;0;0;0;0;0;01/05/2014 00:00:00.287;D004;01/05/2014 00:00:00.287;D004;0
42;4;11;4;1;0;0;0;0;0;0;0;0;0;0;0;0;01/05/2014 00:00:00.288;D004;01/05/2014 00:00:00.288;D004;0
42;6;1;4;1;0;0;0;0;0;0;0;0;0;0;0;0;01/05/2014 00:00:00.289;D004;01/05/2014 00:00:00.289;D004;0
42;6;2;4;1;0;0;0;0;0;0;0;0;0;0;0;0;01/05/2014 00:00:00.290;D004;01/05/2014 00:00:00.290;D004;0
42;6;3;4;1;0;0;0;0;0;0;0;0;0;0;0;0;01/05/2014 00:00:00.291;D004;01/05/2014 00:00:00.291;D004;0
42;6;4;4;1;0;0;0;0;0;0;0;0;0;0;0;0;01/05/2014 00:00:00.292;D004;01/05/2014 00:00:00.292;D004;0
42;6;5;4;1;0;0;0;0;0;0;0;0;0;0;0;0;01/05/2014 00:00:00.293;D004;01/05/2014 00:00:00.293;D004;0
42;6;11;4;1;0;0;0;0;0;0;0;0;0;0;0;0;01/05/2014 00:00:00.294;D004;01/05/2014 00:00:00.294;D004;0
42;6;12;4;1;0;0;0;0;0;0;0;0;0;0;0;0;01/05/2014 00:00:00.295;D004;01/05/2014 00:00:00.295;D004;0
42;6;13;4;1;0;0;0;0;0;0;0;0;0;0;0;0;01/05/2014 00:00:00.296;D004;01/05/2014 00:00:00.296;D004;0
42;6;14;4;1;0;0;0;0;0;0;0;0;0;0;0;0;01/05/2014 00:00:00.297;D004;01/05/2014 00:00:00.297;D004;0
42;6;15;4;1;0;0;0;0;0;0;0;0;0;0;0;0;01/05/2014 00:00:00.298;D004;01/05/2014 00:00:00.298;D004;0
42;7;0;4;1;1;1;1;0;1;1;1;1;1;1;1;1;01/05/2014 00:00:00.299;D004;01/05/2014 00:00:00.299;D004;0
42;7;90;4;1;0;0;0;0;0;0;0;0;0;0;0;0;01/05/2014 00:00:00.300;D004;01/05/2014 00:00:00.300;D004;0
42;8;0;4;1;1;1;1;0;1;1;1;1;1;1;1;1;01/05/2014 00:00:00.301;D004;01/05/2014 00:00:00.301;D004;0
42;8;1;4;1;0;0;1;0;1;1;2;1;1;1;1;1;01/05/2014 00:00:00.302;D004;01/05/2014 00:00:00.302;D004;0
42;8;90;4;1;0;0;0;0;0;0;0;0;0;0;0;0;01/05/2014 00:00:00.303;D004;01/05/2014 00:00:00.303;D004;0
42;8;91;4;1;0;0;0;0;0;0;0;0;0;0;0;0;01/05/2014 00:00:00.304;D004;01/05/2014 00:00:00.304;D004;0
43;0;0;4;1;1;1;1;0;1;1;1;3;1;2;2;3;01/05/2014 00:00:00.305;D004;01/05/2014 00:00:00.305;D004;0
43;0;2;4;1;0;0;0;0;0;0;0;0;0;0;0;0;01/05/2014 00:00:00.306;D004;01/05/2014 00:00:00.306;D004;0
43;0;3;4;1;0;0;0;0;0;0;0;0;0;0;0;0;01/05/2014 00:00:00.307;D004;01/05/2014 00:00:00.307;D004;0
43;0;10;4;1;0;0;0;0;0;0;0;0;0;0;0;0;01/05/2014 00:00:00.308;D004;01/05/2014 00:00:00.308;D004;0
43;1;0;4;1;1;1;1;0;1;1;1;3;1;2;2;3;01/05/2014 00:00:00.309;D004;01/05/2014 00:00:00.309;D004;0
43;1;1;4;1;0;0;0;0;0;0;0;0;0;0;0;0;01/05/2014 00:00:00.310;D004;01/05/2014 00:00:00.310;D004;0
43;1;2;4;1;0;0;0;0;0;0;0;0;0;0;0;0;01/05/2014 00:00:00.311;D004;01/05/2014 00:00:00.311;D004;0
43;2;0;4;1;1;1;1;0;1;1;1;3;1;2;2;3;01/05/2014 00:00:00.312;D004;01/05/2014 00:00:00.312;D004;0
43;3;0;4;1;1;1;1;0;1;1;2;3;1;2;2;3;01/05/2014 00:00:00.313;D004;01/05/2014 00:00:00.313;D004;0
43;3;2;4;1;0;0;0;0;0;0;0;0;0;0;0;0;01/05/2014 00:00:00.314;D004;01/05/2014 00:00:00.314;D004;0
43;3;3;4;1;1;1;1;0;1;1;1;3;1;2;2;3;01/05/2014 00:00:00.315;D004;01/05/2014 00:00:00.315;D004;0
43;3;4;4;1;1;1;1;0;1;1;1;3;1;2;2;3;01/05/2014 00:00:00.316;D004;01/05/2014 00:00:00.316;D004;0
43;3;40;4;1;0;0;0;0;0;0;0;0;0;0;0;0;01/05/2014 00:00:00.317;D004;01/05/2014 00:00:00.317;D004;0
43;4;0;4;1;1;1;1;0;1;1;1;3;1;2;2;1;01/05/2014 00:00:00.318;D004;01/05/2014 00:00:00.318;D004;0
43;4;2;4;1;0;0;0;0;0;0;0;0;0;0;0;3;01/05/2014 00:00:00.319;D004;01/05/2014 00:00:00.319;D004;0
43;5;0;4;1;1;1;1;0;1;1;2;3;1;2;2;1;01/05/2014 00:00:00.320;D004;01/05/2014 00:00:00.320;D004;0
43;6;0;4;1;0;0;1;0;1;1;1;3;1;2;2;1;01/05/2014 00:00:00.321;D004;01/05/2014 00:00:00.321;D004;0
43;7;0;4;1;0;0;1;0;1;1;1;3;1;2;2;1;01/05/2014 00:00:00.322;D004;01/05/2014 00:00:00.322;D004;0
43;7;1;4;1;0;0;0;0;0;0;0;0;0;0;0;3;01/05/2014 00:00:00.323;D004;01/05/2014 00:00:00.323;D004;0
43;8;0;4;1;1;1;1;0;1;1;3;3;1;2;2;1;01/05/2014 00:00:00.324;D004;01/05/2014 00:00:00.324;D004;0
43;8;50;4;1;1;1;1;0;1;1;1;3;1;2;2;1;01/05/2014 00:00:00.325;D004;01/05/2014 00:00:00.325;D004;0
43;9;0;4;1;1;1;1;0;1;1;3;3;1;2;2;1;01/05/2014 00:00:00.326;D004;01/05/2014 00:00:00.326;D004;0
44;0;0;4;1;1;1;1;0;1;1;1;1;1;1;1;3;01/05/2014 00:00:00.327;D004;01/05/2014 00:00:00.327;D004;0
44;1;0;4;1;1;1;1;0;1;1;3;1;1;1;1;3;01/05/2014 00:00:00.328;D004;01/05/2014 00:00:00.328;D004;0
44;1;1;4;1;0;0;0;0;0;0;0;0;0;0;0;0;01/05/2014 00:00:00.329;D004;01/05/2014 00:00:00.329;D004;0
45;0;0;4;1;1;1;1;0;1;1;1;1;1;1;1;1;01/05/2014 00:00:00.330;D004;01/05/2014 00:00:00.330;D004;0
45;0;10;4;1;1;1;1;0;1;1;1;1;1;1;1;1;01/05/2014 00:00:00.331;D004;01/05/2014 00:00:00.331;D004;0
45;0;20;4;1;1;1;1;0;1;1;1;1;1;1;1;1;01/05/2014 00:00:00.332;D004;01/05/2014 00:00:00.332;D004;0
45;1;0;4;1;1;1;1;0;1;1;3;1;1;1;1;1;01/05/2014 00:00:00.333;D004;01/05/2014 00:00:00.333;D004;0
45;1;1;4;1;0;0;0;0;0;0;0;0;0;0;0;0;01/05/2014 00:00:00.334;D004;01/05/2014 00:00:00.334;D004;0
45;1;10;4;1;1;1;1;0;1;1;1;1;1;1;1;1;01/05/2014 00:00:00.335;D004;01/05/2014 00:00:00.335;D004;0
45;1;20;4;1;1;1;1;0;1;1;1;1;1;1;1;1;01/05/2014 00:00:00.336;D004;01/05/2014 00:00:00.336;D004;0
46;0;0;4;1;1;1;1;0;1;1;1;1;1;1;1;1;01/05/2014 00:00:00.337;D004;01/05/2014 00:00:00.337;D004;0
46;0;2;4;1;0;0;0;0;0;0;0;0;0;0;0;0;01/05/2014 00:00:00.338;D004;01/05/2014 00:00:00.338;D004;0
46;0;10;4;1;0;0;0;0;0;0;0;0;0;0;0;0;01/05/2014 00:00:00.339;D004;01/05/2014 00:00:00.339;D004;0
46;0;20;4;1;1;1;1;0;1;1;1;1;1;1;1;1;01/05/2014 00:00:00.340;D004;01/05/2014 00:00:00.340;D004;0
46;0;30;4;1;1;1;1;0;1;1;1;1;1;1;1;1;01/05/2014 00:00:00.341;D004;01/05/2014 00:00:00.341;D004;0
46;0;40;4;1;0;0;0;0;0;0;0;0;0;0;0;0;01/05/2014 00:00:00.342;D004;01/05/2014 00:00:00.342;D004;0
46;0;50;4;1;1;1;1;0;1;1;1;1;1;1;1;1;01/05/2014 00:00:00.343;D004;01/05/2014 00:00:00.343;D004;0
46;1;0;4;1;1;1;1;0;1;1;1;1;1;1;1;1;01/05/2014 00:00:00.344;D004;01/05/2014 00:00:00.344;D004;0
46;1;2;4;1;0;0;0;0;0;0;0;0;0;0;0;0;01/05/2014 00:00:00.345;D004;01/05/2014 00:00:00.345;D004;0
46;1;10;4;1;0;0;0;0;0;0;0;0;0;0;0;0;01/05/2014 00:00:00.346;D004;01/05/2014 00:00:00.346;D004;0
46;1;20;4;1;1;1;1;0;1;1;1;1;1;1;1;1;01/05/2014 00:00:00.347;D004;01/05/2014 00:00:00.347;D004;0
46;1;30;4;1;1;1;1;0;1;1;1;1;1;1;1;1;01/05/2014 00:00:00.348;D004;01/05/2014 00:00:00.348;D004;0
46;1;40;4;1;0;0;0;0;0;0;0;0;0;0;0;0;01/05/2014 00:00:00.349;D004;01/05/2014 00:00:00.349;D004;0
46;1;50;4;1;1;1;1;0;1;1;1;1;1;1;1;1;01/05/2014 00:00:00.350;D004;01/05/2014 00:00:00.350;D004;0
48;0;0;4;1;0;0;0;0;0;0;0;0;0;0;0;0;01/05/2014 00:00:00.351;D004;01/05/2014 00:00:00.351;D004;0
48;0;10;4;1;0;0;0;0;0;0;0;0;0;0;0;0;01/05/2014 00:00:00.352;D004;01/05/2014 00:00:00.352;D004;0
48;0;20;4;1;0;0;0;0;0;0;0;0;0;0;0;0;01/05/2014 00:00:00.353;D004;01/05/2014 00:00:00.353;D004;0
48;1;0;4;1;0;0;0;0;0;0;0;0;0;0;0;0;01/05/2014 00:00:00.354;D004;01/05/2014 00:00:00.354;D004;0
48;1;1;4;1;0;0;0;0;0;0;0;0;0;0;0;0;01/05/2014 00:00:00.355;D004;01/05/2014 00:00:00.355;D004;0
48;1;10;4;1;0;0;0;0;0;0;0;0;0;0;0;0;01/05/2014 00:00:00.356;D004;01/05/2014 00:00:00.356;D004;0
48;1;11;4;1;0;0;0;0;0;0;0;0;0;0;0;0;01/05/2014 00:00:00.357;D004;01/05/2014 00:00:00.357;D004;0
48;1;20;4;1;0;0;0;0;0;0;0;0;0;0;0;0;01/05/2014 00:00:00.358;D004;01/05/2014 00:00:00.358;D004;0
48;1;21;4;1;0;0;0;0;0;0;0;0;0;0;0;0;01/05/2014 00:00:00.359;D004;01/05/2014 00:00:00.359;D004;0
48;7;0;4;1;0;0;0;0;0;0;0;0;0;0;0;0;01/05/2014 00:00:00.360;D004;01/05/2014 00:00:00.360;D004;0
48;8;0;4;1;0;0;0;0;0;0;0;0;0;0;0;0;01/05/2014 00:00:00.361;D004;01/05/2014 00:00:00.361;D004;0
48;8;1;4;1;0;0;0;0;0;0;0;0;0;0;0;0;01/05/2014 00:00:00.362;D004;01/05/2014 00:00:00.362;D004;0
49;0;0;4;1;1;1;1;0;1;1;1;3;1;1;1;1;01/05/2014 00:00:00.363;D004;01/05/2014 00:00:00.363;D004;0
49;0;10;4;1;1;1;1;0;1;1;1;3;1;1;1;1;01/05/2014 00:00:00.364;D004;01/05/2014 00:00:00.364;D004;0
49;0;20;4;1;1;1;1;0;1;1;1;3;1;1;1;1;01/05/2014 00:00:00.365;D004;01/05/2014 00:00:00.365;D004;0
49;1;0;4;1;1;1;1;0;1;1;1;3;1;1;1;1;01/05/2014 00:00:00.366;D004;01/05/2014 00:00:00.366;D004;0
49;1;10;4;1;1;1;1;0;1;1;1;3;1;1;1;1;01/05/2014 00:00:00.367;D004;01/05/2014 00:00:00.367;D004;0
49;1;20;4;1;1;1;1;0;1;1;1;3;1;1;1;1;01/05/2014 00:00:00.368;D004;01/05/2014 00:00:00.368;D004;0
49;2;0;4;1;1;1;1;0;1;1;1;3;1;1;1;1;01/05/2014 00:00:00.369;D004;01/05/2014 00:00:00.369;D004;0
49;2;10;4;1;1;1;1;0;1;1;1;3;1;2;2;1;01/05/2014 00:00:00.370;D004;01/05/2014 00:00:00.370;D004;0
49;2;20;4;1;1;1;1;0;1;1;1;1;1;1;1;3;01/05/2014 00:00:00.371;D004;01/05/2014 00:00:00.371;D004;0
49;3;0;4;1;1;1;1;0;1;1;1;3;1;1;1;3;01/05/2014 00:00:00.372;D004;01/05/2014 00:00:00.372;D004;0
49;3;10;4;1;1;1;1;0;1;1;1;3;1;2;2;1;01/05/2014 00:00:00.373;D004;01/05/2014 00:00:00.373;D004;0
49;3;20;4;1;1;1;1;0;1;1;1;1;1;1;1;3;01/05/2014 00:00:00.374;D004;01/05/2014 00:00:00.374;D004;0
49;4;0;4;1;1;1;1;0;1;1;1;1;1;1;1;3;01/05/2014 00:00:00.375;D004;01/05/2014 00:00:00.375;D004;0
49;4;5;4;1;0;0;0;0;0;0;0;0;0;0;0;3;01/05/2014 00:00:00.376;D004;01/05/2014 00:00:00.376;D004;0
49;4;10;4;1;1;1;1;0;0;0;1;1;1;1;1;3;01/05/2014 00:00:00.377;D004;01/05/2014 00:00:00.377;D004;0
49;4;12;4;1;1;1;1;0;1;1;3;1;1;1;1;3;01/05/2014 00:00:00.378;D004;01/05/2014 00:00:00.378;D004;0
49;4;13;4;1;0;0;0;0;0;0;0;0;0;0;0;3;01/05/2014 00:00:00.379;D004;01/05/2014 00:00:00.379;D004;0
49;4;14;4;1;0;0;0;0;0;0;0;0;0;0;0;3;01/05/2014 00:00:00.380;D004;01/05/2014 00:00:00.380;D004;0
49;4;20;4;1;0;0;1;0;1;1;1;1;1;1;1;3;01/05/2014 00:00:00.381;D004;01/05/2014 00:00:00.381;D004;0
49;4;30;4;1;0;0;0;0;0;0;0;0;0;0;0;3;01/05/2014 00:00:00.382;D004;01/05/2014 00:00:00.382;D004;0
49;4;51;4;1;0;0;0;0;0;0;0;0;0;0;0;3;01/05/2014 00:00:00.383;D004;01/05/2014 00:00:00.383;D004;0
49;4;52;4;1;0;0;0;0;0;0;0;0;0;0;0;3;01/05/2014 00:00:00.384;D004;01/05/2014 00:00:00.384;D004;0
49;4;53;4;1;0;0;0;0;0;0;0;0;0;0;0;3;01/05/2014 00:00:00.385;D004;01/05/2014 00:00:00.385;D004;0
49;4;54;4;1;0;0;0;0;0;0;0;0;0;0;0;3;01/05/2014 00:00:00.386;D004;01/05/2014 00:00:00.386;D004;0
49;4;55;4;1;0;0;0;0;0;0;0;0;0;0;0;3;01/05/2014 00:00:00.387;D004;01/05/2014 00:00:00.387;D004;0
49;5;0;4;1;1;1;1;0;1;1;1;1;1;1;1;3;01/05/2014 00:00:00.388;D004;01/05/2014 00:00:00.388;D004;0
49;5;5;4;1;0;0;0;0;0;0;0;0;0;0;0;3;01/05/2014 00:00:00.389;D004;01/05/2014 00:00:00.389;D004;0
49;5;10;4;1;1;1;1;0;1;1;1;1;1;1;1;1;01/05/2014 00:00:00.390;D004;01/05/2014 00:00:00.390;D004;0
49;5;12;4;1;1;1;1;0;1;1;3;1;1;1;1;1;01/05/2014 00:00:00.391;D004;01/05/2014 00:00:00.391;D004;0
49;5;20;4;1;0;0;1;0;1;1;1;1;1;1;1;1;01/05/2014 00:00:00.392;D004;01/05/2014 00:00:00.392;D004;0
80;0;10;4;1;0;0;0;0;0;0;0;0;0;0;0;0;01/05/2014 00:00:00.393;D004;01/05/2014 00:00:00.393;D004;0
80;0;20;4;1;0;0;0;0;0;0;0;0;0;0;0;0;01/05/2014 00:00:00.394;D004;01/05/2014 00:00:00.394;D004;0
80;0;30;4;1;0;0;0;0;0;0;0;0;0;0;0;0;01/05/2014 00:00:00.395;D004;01/05/2014 00:00:00.395;D004;0
80;0;40;4;1;0;0;0;0;0;0;0;0;0;0;0;0;01/05/2014 00:00:00.396;D004;01/05/2014 00:00:00.396;D004;0
80;0;50;4;1;0;0;0;0;0;0;0;0;0;0;0;0;01/05/2014 00:00:00.397;D004;01/05/2014 00:00:00.397;D004;0
80;0;60;4;1;0;0;0;0;0;0;0;0;0;0;0;0;01/05/2014 00:00:00.398;D004;01/05/2014 00:00:00.398;D004;0
80;0;70;4;1;0;0;0;0;0;0;0;0;0;0;0;0;01/05/2014 00:00:00.399;D004;01/05/2014 00:00:00.399;D004;0
80;1;0;4;1;0;0;0;0;0;0;0;0;0;0;0;0;01/05/2014 00:00:00.400;D004;01/05/2014 00:00:00.400;D004;0
80;1;2;4;1;0;0;0;0;0;0;0;0;0;0;0;0;01/05/2014 00:00:00.401;D004;01/05/2014 00:00:00.401;D004;0
80;1;3;4;1;0;0;0;0;0;0;0;0;0;0;0;0;01/05/2014 00:00:00.402;D004;01/05/2014 00:00:00.402;D004;0
80;1;4;4;1;0;0;0;0;0;0;0;0;0;0;0;0;01/05/2014 00:00:00.403;D004;01/05/2014 00:00:00.403;D004;0
80;1;5;4;1;0;0;0;0;0;0;0;0;0;0;0;0;01/05/2014 00:00:00.404;D004;01/05/2014 00:00:00.404;D004;0
80;1;6;4;1;0;0;0;0;0;0;0;0;0;0;0;0;01/05/2014 00:00:00.405;D004;01/05/2014 00:00:00.405;D004;0
80;1;7;4;1;0;0;0;0;0;0;0;0;0;0;0;0;01/05/2014 00:00:00.406;D004;01/05/2014 00:00:00.406;D004;0
80;1;8;4;1;0;0;0;0;0;0;0;0;0;0;0;0;01/05/2014 00:00:00.407;D004;01/05/2014 00:00:00.407;D004;0
80;1;9;4;1;0;0;0;0;0;0;0;0;0;0;0;0;01/05/2014 00:00:00.408;D004;01/05/2014 00:00:00.408;D004;0
80;1;10;4;1;0;0;0;0;0;0;0;0;0;0;0;0;01/05/2014 00:00:00.409;D004;01/05/2014 00:00:00.409;D004;0
80;1;11;4;1;0;0;0;0;0;0;0;0;0;0;0;0;01/05/2014 00:00:00.410;D004;01/05/2014 00:00:00.410;D004;0
80;1;12;4;1;0;0;0;0;0;0;0;0;0;0;0;0;01/05/2014 00:00:00.411;D004;01/05/2014 00:00:00.411;D004;0
80;1;13;4;1;0;0;0;0;0;0;0;0;0;0;0;0;01/05/2014 00:00:00.412;D004;01/05/2014 00:00:00.412;D004;0
80;1;14;4;1;0;0;0;0;0;0;0;0;0;0;0;0;01/05/2014 00:00:00.413;D004;01/05/2014 00:00:00.413;D004;0
80;1;15;4;1;0;0;0;0;0;0;0;0;0;0;0;0;01/05/2014 00:00:00.414;D004;01/05/2014 00:00:00.414;D004;0
80;1;16;4;1;0;0;0;0;0;0;0;0;0;0;0;0;01/05/2014 00:00:00.415;D004;01/05/2014 00:00:00.415;D004;0
80;1;17;4;1;0;0;0;0;0;0;0;0;0;0;0;0;01/05/2014 00:00:00.416;D004;01/05/2014 00:00:00.416;D004;0
80;1;18;4;1;0;0;0;0;0;0;0;0;0;0;0;0;01/05/2014 00:00:00.417;D004;01/05/2014 00:00:00.417;D004;0
80;1;19;4;1;0;0;0;0;0;0;0;0;0;0;0;0;01/05/2014 00:00:00.418;D004;01/05/2014 00:00:00.418;D004;0
80;1;20;4;1;0;0;0;0;0;0;0;0;0;0;0;0;01/05/2014 00:00:00.419;D004;01/05/2014 00:00:00.419;D004;0
80;1;21;4;1;0;0;0;0;0;0;0;0;0;0;0;0;01/05/2014 00:00:00.420;D004;01/05/2014 00:00:00.420;D004;0
80;1;22;4;1;0;0;0;0;0;0;0;0;0;0;0;0;01/05/2014 00:00:00.421;D004;01/05/2014 00:00:00.421;D004;0
80;1;23;4;1;0;0;0;0;0;0;0;0;0;0;0;0;01/05/2014 00:00:00.422;D004;01/05/2014 00:00:00.422;D004;0
80;1;24;4;1;0;0;0;0;0;0;0;0;0;0;0;0;01/05/2014 00:00:00.423;D004;01/05/2014 00:00:00.423;D004;0
80;1;25;4;1;0;0;0;0;0;0;0;0;0;0;0;0;01/05/2014 00:00:00.424;D004;01/05/2014 00:00:00.424;D004;0
80;1;26;4;1;0;0;0;0;0;0;0;0;0;0;0;0;01/05/2014 00:00:00.425;D004;01/05/2014 00:00:00.425;D004;0
80;1;27;4;1;0;0;0;0;0;0;0;0;0;0;0;0;01/05/2014 00:00:00.426;D004;01/05/2014 00:00:00.426;D004;0
80;1;28;4;1;0;0;0;0;0;0;0;0;0;0;0;0;01/05/2014 00:00:00.427;D004;01/05/2014 00:00:00.427;D004;0
80;1;29;4;1;0;0;0;0;0;0;0;0;0;0;0;0;01/05/2014 00:00:00.428;D004;01/05/2014 00:00:00.428;D004;0
80;1;30;4;1;0;0;0;0;0;0;0;0;0;0;0;0;01/05/2014 00:00:00.429;D004;01/05/2014 00:00:00.429;D004;0
80;1;31;4;1;0;0;0;0;0;0;0;0;0;0;0;0;01/05/2014 00:00:00.430;D004;01/05/2014 00:00:00.430;D004;0
80;1;32;4;1;0;0;0;0;0;0;0;0;0;0;0;0;01/05/2014 00:00:00.431;D004;01/05/2014 00:00:00.431;D004;0
80;1;33;4;1;0;0;0;0;0;0;0;0;0;0;0;0;01/05/2014 00:00:00.432;D004;01/05/2014 00:00:00.432;D004;0
80;1;34;4;1;0;0;0;0;0;0;0;0;0;0;0;0;01/05/2014 00:00:00.433;D004;01/05/2014 00:00:00.433;D004;0
80;1;35;4;1;0;0;0;0;0;0;0;0;0;0;0;0;01/05/2014 00:00:00.434;D004;01/05/2014 00:00:00.434;D004;0
80;1;36;4;1;0;0;0;0;0;0;0;0;0;0;0;0;01/05/2014 00:00:00.435;D004;01/05/2014 00:00:00.435;D004;0
80;1;37;4;1;0;0;0;0;0;0;0;0;0;0;0;0;01/05/2014 00:00:00.436;D004;01/05/2014 00:00:00.436;D004;0
80;1;38;4;1;0;0;0;0;0;0;0;0;0;0;0;0;01/05/2014 00:00:00.437;D004;01/05/2014 00:00:00.437;D004;0
80;1;39;4;1;0;0;0;0;0;0;0;0;0;0;0;0;01/05/2014 00:00:00.438;D004;01/05/2014 00:00:00.438;D004;0
80;1;40;4;1;0;0;0;0;0;0;0;0;0;0;0;0;01/05/2014 00:00:00.439;D004;01/05/2014 00:00:00.439;D004;0
80;1;41;4;1;0;0;0;0;0;0;0;0;0;0;0;0;01/05/2014 00:00:00.440;D004;01/05/2014 00:00:00.440;D004;0
80;1;42;4;1;0;0;0;0;0;0;0;0;0;0;0;0;01/05/2014 00:00:00.441;D004;01/05/2014 00:00:00.441;D004;0
80;1;43;4;1;0;0;0;0;0;0;0;0;0;0;0;0;01/05/2014 00:00:00.442;D004;01/05/2014 00:00:00.442;D004;0
80;1;44;4;1;0;0;0;0;0;0;0;0;0;0;0;0;01/05/2014 00:00:00.443;D004;01/05/2014 00:00:00.443;D004;0
80;1;45;4;1;0;0;0;0;0;0;0;0;0;0;0;0;01/05/2014 00:00:00.444;D004;01/05/2014 00:00:00.444;D004;0
80;1;46;4;1;0;0;0;0;0;0;0;0;0;0;0;0;01/05/2014 00:00:00.445;D004;01/05/2014 00:00:00.445;D004;0
80;1;47;4;1;0;0;0;0;0;0;0;0;0;0;0;0;01/05/2014 00:00:00.446;D004;01/05/2014 00:00:00.446;D004;0
80;1;48;4;1;0;0;0;0;0;0;0;0;0;0;0;0;01/05/2014 00:00:00.447;D004;01/05/2014 00:00:00.447;D004;0
80;1;49;4;1;0;0;0;0;0;0;0;0;0;0;0;0;01/05/2014 00:00:00.448;D004;01/05/2014 00:00:00.448;D004;0
80;1;50;4;1;0;0;0;0;0;0;0;0;0;0;0;0;01/05/2014 00:00:00.449;D004;01/05/2014 00:00:00.449;D004;0
80;1;51;4;1;0;0;0;0;0;0;0;0;0;0;0;0;01/05/2014 00:00:00.450;D004;01/05/2014 00:00:00.450;D004;0
80;1;52;4;1;0;0;0;0;0;0;0;0;0;0;0;0;01/05/2014 00:00:00.451;D004;01/05/2014 00:00:00.451;D004;0
80;1;53;4;1;0;0;0;0;0;0;0;0;0;0;0;0;01/05/2014 00:00:00.452;D004;01/05/2014 00:00:00.452;D004;0
80;1;54;4;1;0;0;0;0;0;0;0;0;0;0;0;0;01/05/2014 00:00:00.453;D004;01/05/2014 00:00:00.453;D004;0
80;1;55;4;1;0;0;0;0;0;0;0;0;0;0;0;0;01/05/2014 00:00:00.454;D004;01/05/2014 00:00:00.454;D004;0
80;1;56;4;1;0;0;0;0;0;0;0;3;3;3;3;3;01/05/2014 00:00:00.455;D004;01/05/2014 00:00:00.455;D004;0
80;1;57;4;1;0;0;0;0;0;0;0;3;3;3;3;3;01/05/2014 00:00:00.456;D004;01/05/2014 00:00:00.456;D004;0
80;1;58;4;1;0;0;0;0;0;0;0;3;3;3;3;3;01/05/2014 00:00:00.457;D004;01/05/2014 00:00:00.457;D004;0
80;1;59;4;1;0;0;0;0;0;0;0;3;3;3;3;3;01/05/2014 00:00:00.458;D004;01/05/2014 00:00:00.458;D004;0
80;1;60;4;1;0;0;0;0;0;0;0;3;3;3;3;3;01/05/2014 00:00:00.459;D004;01/05/2014 00:00:00.459;D004;0
80;1;61;4;1;0;0;0;0;0;0;0;3;3;3;3;3;01/05/2014 00:00:00.460;D004;01/05/2014 00:00:00.460;D004;0
80;1;62;4;1;0;0;0;0;0;0;0;3;3;3;3;3;01/05/2014 00:00:00.461;D004;01/05/2014 00:00:00.461;D004;0
80;1;63;4;1;0;0;0;0;0;0;0;3;3;3;3;3;01/05/2014 00:00:00.462;D004;01/05/2014 00:00:00.462;D004;0
80;1;64;4;1;0;0;0;0;0;0;0;3;3;3;3;3;01/05/2014 00:00:00.463;D004;01/05/2014 00:00:00.463;D004;0
80;1;65;4;1;0;0;0;0;0;0;0;3;3;3;3;3;01/05/2014 00:00:00.464;D004;01/05/2014 00:00:00.464;D004;0
80;1;66;4;1;0;0;0;0;0;0;0;3;3;3;3;3;01/05/2014 00:00:00.465;D004;01/05/2014 00:00:00.465;D004;0
80;1;67;4;1;0;0;0;0;0;0;0;3;3;3;3;3;01/05/2014 00:00:00.466;D004;01/05/2014 00:00:00.466;D004;0
80;1;68;4;1;0;0;0;0;0;0;0;3;3;3;3;3;01/05/2014 00:00:00.467;D004;01/05/2014 00:00:00.467;D004;0
80;1;69;4;1;0;0;0;0;0;0;0;3;3;3;3;3;01/05/2014 00:00:00.468;D004;01/05/2014 00:00:00.468;D004;0
80;1;70;4;1;0;0;0;0;0;0;0;3;3;3;3;3;01/05/2014 00:00:00.469;D004;01/05/2014 00:00:00.469;D004;0
80;1;71;4;1;0;0;0;0;0;0;0;3;3;3;3;3;01/05/2014 00:00:00.470;D004;01/05/2014 00:00:00.470;D004;0
80;1;72;4;1;0;0;0;0;0;0;0;3;3;3;3;3;01/05/2014 00:00:00.471;D004;01/05/2014 00:00:00.471;D004;0
80;1;73;4;1;0;0;0;0;0;0;0;3;3;3;3;3;01/05/2014 00:00:00.472;D004;01/05/2014 00:00:00.472;D004;0
80;1;74;4;1;0;0;0;0;0;0;0;3;3;3;3;3;01/05/2014 00:00:00.473;D004;01/05/2014 00:00:00.473;D004;0
80;1;75;4;1;0;0;0;0;0;0;0;3;3;3;3;3;01/05/2014 00:00:00.474;D004;01/05/2014 00:00:00.474;D004;0
80;1;76;4;1;0;0;0;0;0;0;0;3;3;3;3;3;01/05/2014 00:00:00.475;D004;01/05/2014 00:00:00.475;D004;0
80;1;77;4;1;0;0;0;0;0;0;0;3;3;3;3;3;01/05/2014 00:00:00.476;D004;01/05/2014 00:00:00.476;D004;0
80;1;78;4;1;0;0;0;0;0;0;0;3;3;3;3;3;01/05/2014 00:00:00.477;D004;01/05/2014 00:00:00.477;D004;0
80;1;79;4;1;0;0;0;0;0;0;0;3;3;3;3;3;01/05/2014 00:00:00.478;D004;01/05/2014 00:00:00.478;D004;0
80;1;80;4;1;0;0;0;0;0;0;0;3;3;3;3;3;01/05/2014 00:00:00.479;D004;01/05/2014 00:00:00.479;D004;0
80;1;81;4;1;0;0;0;0;0;0;0;3;3;3;3;3;01/05/2014 00:00:00.480;D004;01/05/2014 00:00:00.480;D004;0
80;1;82;4;1;0;0;0;0;0;0;0;3;3;3;3;3;01/05/2014 00:00:00.481;D004;01/05/2014 00:00:00.481;D004;0
80;1;83;4;1;0;0;0;0;0;0;0;3;3;3;3;3;01/05/2014 00:00:00.482;D004;01/05/2014 00:00:00.482;D004;0
80;1;84;4;1;0;0;0;0;0;0;0;3;3;3;3;3;01/05/2014 00:00:00.483;D004;01/05/2014 00:00:00.483;D004;0
80;1;85;4;1;0;0;0;0;0;0;0;3;3;3;3;3;01/05/2014 00:00:00.484;D004;01/05/2014 00:00:00.484;D004;0
80;1;86;4;1;0;0;0;0;0;0;0;3;3;3;3;3;01/05/2014 00:00:00.485;D004;01/05/2014 00:00:00.485;D004;0
80;1;87;4;1;0;0;0;0;0;0;0;3;3;3;3;3;01/05/2014 00:00:00.486;D004;01/05/2014 00:00:00.486;D004;0
80;1;88;4;1;0;0;0;0;0;0;0;3;3;3;3;3;01/05/2014 00:00:00.487;D004;01/05/2014 00:00:00.487;D004;0
80;1;89;4;1;0;0;0;0;0;0;0;3;3;3;3;3;01/05/2014 00:00:00.488;D004;01/05/2014 00:00:00.488;D004;0
80;1;90;4;1;0;0;0;0;0;0;0;3;3;3;3;3;01/05/2014 00:00:00.489;D004;01/05/2014 00:00:00.489;D004;0
80;1;91;4;1;0;0;0;0;0;0;0;3;3;3;3;3;01/05/2014 00:00:00.490;D004;01/05/2014 00:00:00.490;D004;0
80;1;92;4;1;0;0;0;0;0;0;0;3;3;3;3;3;01/05/2014 00:00:00.491;D004;01/05/2014 00:00:00.491;D004;0
80;1;93;4;1;0;0;0;0;0;0;0;3;3;3;3;3;01/05/2014 00:00:00.492;D004;01/05/2014 00:00:00.492;D004;0
80;1;94;4;1;0;0;0;0;0;0;0;3;3;3;3;3;01/05/2014 00:00:00.493;D004;01/05/2014 00:00:00.493;D004;0
80;1;95;4;1;0;0;0;0;0;0;0;3;3;3;3;3;01/05/2014 00:00:00.494;D004;01/05/2014 00:00:00.494;D004;0
80;1;96;4;1;0;0;0;0;0;0;0;3;3;3;3;3;01/05/2014 00:00:00.495;D004;01/05/2014 00:00:00.495;D004;0
80;2;0;4;1;0;0;0;0;0;0;0;3;3;3;3;3;01/05/2014 00:00:00.496;D004;01/05/2014 00:00:00.496;D004;0
80;2;10;4;1;0;0;0;0;0;0;0;3;3;3;3;3;01/05/2014 00:00:00.497;D004;01/05/2014 00:00:00.497;D004;0
80;3;0;4;1;0;0;0;0;0;0;0;3;3;3;3;3;01/05/2014 00:00:00.498;D004;01/05/2014 00:00:00.498;D004;0
80;3;2;4;1;0;0;0;0;0;0;0;3;3;3;3;3;01/05/2014 00:00:00.499;D004;01/05/2014 00:00:00.499;D004;0
80;3;3;4;1;0;0;0;0;0;0;0;3;3;3;3;3;01/05/2014 00:00:00.500;D004;01/05/2014 00:00:00.500;D004;0
80;4;0;4;1;0;0;0;0;0;0;0;3;3;3;3;3;01/05/2014 00:00:00.501;D004;01/05/2014 00:00:00.501;D004;0
80;5;0;4;1;0;0;0;0;0;0;0;3;3;3;3;3;01/05/2014 00:00:00.502;D004;01/05/2014 00:00:00.502;D004;0
80;6;0;4;1;0;0;0;0;0;0;0;3;3;3;3;3;01/05/2014 00:00:00.503;D004;01/05/2014 00:00:00.503;D004;0
80;7;0;4;1;0;0;0;0;0;0;0;3;3;3;3;3;01/05/2014 00:00:00.504;D004;01/05/2014 00:00:00.504;D004;0
80;7;10;4;1;0;0;0;0;0;0;0;3;3;3;3;3;01/05/2014 00:00:00.505;D004;01/05/2014 00:00:00.505;D004;0
81;0;0;4;1;0;0;0;0;0;0;0;3;3;3;3;3;01/05/2014 00:00:00.506;D004;01/05/2014 00:00:00.506;D004;0
81;1;0;4;1;0;0;0;0;0;0;0;3;3;3;3;3;01/05/2014 00:00:00.507;D004;01/05/2014 00:00:00.507;D004;0
81;2;0;4;1;0;0;0;0;0;0;0;3;3;3;3;3;01/05/2014 00:00:00.508;D004;01/05/2014 00:00:00.508;D004;0
81;3;0;4;1;0;0;0;0;0;0;0;3;3;3;3;3;01/05/2014 00:00:00.509;D004;01/05/2014 00:00:00.509;D004;0
81;4;0;4;1;0;0;0;0;0;0;0;3;3;3;3;3;01/05/2014 00:00:00.510;D004;01/05/2014 00:00:00.510;D004;0
81;4;10;4;1;0;0;0;0;0;0;0;3;3;3;3;3;01/05/2014 00:00:00.511;D004;01/05/2014 00:00:00.511;D004;0
81;4;20;4;1;0;0;0;0;0;0;0;3;3;3;3;3;01/05/2014 00:00:00.512;D004;01/05/2014 00:00:00.512;D004;0
81;4;30;4;1;0;0;0;0;0;0;0;3;3;3;3;3;01/05/2014 00:00:00.513;D004;01/05/2014 00:00:00.513;D004;0
81;5;0;4;1;0;0;0;0;0;0;0;3;3;3;3;3;01/05/2014 00:00:00.514;D004;01/05/2014 00:00:00.514;D004;0
81;5;10;4;1;0;0;0;0;0;0;0;3;3;3;3;3;01/05/2014 00:00:00.515;D004;01/05/2014 00:00:00.515;D004;0
81;5;20;4;1;0;0;0;0;0;0;0;3;3;3;3;3;01/05/2014 00:00:00.516;D004;01/05/2014 00:00:00.516;D004;0
81;5;30;4;1;0;0;0;0;0;0;0;3;3;3;3;3;01/05/2014 00:00:00.517;D004;01/05/2014 00:00:00.517;D004;0
81;6;0;4;1;0;0;0;0;0;0;0;3;3;3;3;3;01/05/2014 00:00:00.518;D004;01/05/2014 00:00:00.518;D004;0
81;6;10;4;1;0;0;0;0;0;0;0;3;3;3;3;3;01/05/2014 00:00:00.519;D004;01/05/2014 00:00:00.519;D004;0
81;6;20;4;1;0;0;0;0;0;0;0;3;3;3;3;3;01/05/2014 00:00:00.520;D004;01/05/2014 00:00:00.520;D004;0
81;6;30;4;1;0;0;0;0;0;0;0;3;3;3;3;3;01/05/2014 00:00:00.521;D004;01/05/2014 00:00:00.521;D004;0
81;6;40;4;1;0;0;0;0;0;0;0;3;3;3;3;3;01/05/2014 00:00:00.522;D004;01/05/2014 00:00:00.522;D004;0
81;7;0;4;1;0;0;0;0;0;0;0;3;3;3;3;3;01/05/2014 00:00:00.523;D004;01/05/2014 00:00:00.523;D004;0
81;7;10;4;1;0;0;0;0;0;0;0;3;3;3;3;3;01/05/2014 00:00:00.524;D004;01/05/2014 00:00:00.524;D004;0
81;7;20;4;1;0;0;0;0;0;0;0;3;3;3;3;3;01/05/2014 00:00:00.525;D004;01/05/2014 00:00:00.525;D004;0
81;7;30;4;1;0;0;0;0;0;0;0;3;3;3;3;3;01/05/2014 00:00:00.526;D004;01/05/2014 00:00:00.526;D004;0
81;7;40;4;1;0;0;0;0;0;0;0;3;3;3;3;3;01/05/2014 00:00:00.527;D004;01/05/2014 00:00:00.527;D004;0
82;0;0;4;1;0;0;0;0;0;0;0;3;3;3;3;3;01/05/2014 00:00:00.528;D004;01/05/2014 00:00:00.528;D004;0
82;1;0;4;1;0;0;0;0;0;0;0;3;3;3;3;3;01/05/2014 00:00:00.529;D004;01/05/2014 00:00:00.529;D004;0
82;1;78;4;1;0;0;0;0;0;0;0;3;3;3;3;3;01/05/2014 00:00:00.530;D004;01/05/2014 00:00:00.530;D004;0
82;1;79;4;1;0;0;0;0;0;0;0;3;3;3;3;3;01/05/2014 00:00:00.531;D004;01/05/2014 00:00:00.531;D004;0
82;1;80;4;1;0;0;0;0;0;0;0;3;3;3;3;3;01/05/2014 00:00:00.532;D004;01/05/2014 00:00:00.532;D004;0
82;1;81;4;1;0;0;0;0;0;0;0;3;3;3;3;3;01/05/2014 00:00:00.533;D004;01/05/2014 00:00:00.533;D004;0
82;1;90;4;1;0;0;0;0;0;0;0;3;3;3;3;3;01/05/2014 00:00:00.534;D004;01/05/2014 00:00:00.534;D004;0
82;2;0;4;1;0;0;0;0;0;0;0;3;3;3;3;3;01/05/2014 00:00:00.535;D004;01/05/2014 00:00:00.535;D004;0
82;2;10;4;1;0;0;0;0;0;0;0;3;3;3;3;3;01/05/2014 00:00:00.536;D004;01/05/2014 00:00:00.536;D004;0
82;2;20;4;1;0;0;0;0;0;0;0;3;3;3;3;3;01/05/2014 00:00:00.537;D004;01/05/2014 00:00:00.537;D004;0
82;2;30;4;1;0;0;0;0;0;0;0;3;3;3;3;3;01/05/2014 00:00:00.538;D004;01/05/2014 00:00:00.538;D004;0
82;2;40;4;1;0;0;0;0;0;0;0;3;3;3;3;3;01/05/2014 00:00:00.539;D004;01/05/2014 00:00:00.539;D004;0
82;2;82;4;1;0;0;0;0;0;0;0;3;3;3;3;3;01/05/2014 00:00:00.540;D004;01/05/2014 00:00:00.540;D004;0
82;2;83;4;1;0;0;0;0;0;0;0;3;3;3;3;3;01/05/2014 00:00:00.541;D004;01/05/2014 00:00:00.541;D004;0
82;3;0;4;1;0;0;0;0;0;0;0;3;3;3;3;3;01/05/2014 00:00:00.542;D004;01/05/2014 00:00:00.542;D004;0
82;3;10;4;1;0;0;0;0;0;0;0;3;3;3;3;3;01/05/2014 00:00:00.543;D004;01/05/2014 00:00:00.543;D004;0
82;3;20;4;1;1;1;1;0;1;1;1;1;1;1;1;1;01/05/2014 00:00:00.544;D004;01/05/2014 00:00:00.544;D004;0
82;3;30;4;1;0;0;0;0;0;0;0;0;0;0;0;0;01/05/2014 00:00:00.545;D004;01/05/2014 00:00:00.545;D004;0
82;4;0;4;1;0;0;0;0;0;0;0;0;0;0;0;0;01/05/2014 00:00:00.546;D004;01/05/2014 00:00:00.546;D004;0
82;4;10;4;1;0;0;0;0;0;0;0;0;0;0;0;0;01/05/2014 00:00:00.547;D004;01/05/2014 00:00:00.547;D004;0
83;0;0;4;1;1;1;1;0;1;1;1;1;1;1;1;1;01/05/2014 00:00:00.548;D004;01/05/2014 00:00:00.548;D004;0
83;1;0;4;1;1;1;1;0;1;1;1;1;1;1;1;1;01/05/2014 00:00:00.549;D004;01/05/2014 00:00:00.549;D004;0
83;2;0;4;1;1;1;1;0;1;1;1;1;1;1;1;1;01/05/2014 00:00:00.550;D004;01/05/2014 00:00:00.550;D004;0
83;2;10;4;1;1;1;1;0;1;1;3;1;1;1;1;1;01/05/2014 00:00:00.551;D004;01/05/2014 00:00:00.551;D004;0
83;2;20;4;1;1;1;1;0;1;1;1;1;1;1;1;1;01/05/2014 00:00:00.552;D004;01/05/2014 00:00:00.552;D004;0
84;1;0;4;1;1;1;1;0;1;1;3;1;1;1;1;1;01/05/2014 00:00:00.553;D004;01/05/2014 00:00:00.553;D004;0
84;2;0;4;1;1;1;1;0;1;1;3;1;1;1;1;1;01/05/2014 00:00:00.554;D004;01/05/2014 00:00:00.554;D004;0
85;1;0;4;1;0;0;0;0;0;0;0;0;0;0;0;0;01/05/2014 00:00:00.555;D004;01/05/2014 00:00:00.555;D004;0
85;2;0;4;1;0;0;0;0;0;0;0;0;0;0;0;0;01/05/2014 00:00:00.556;D004;01/05/2014 00:00:00.556;D004;0
90;0;0;4;1;0;0;0;0;0;0;0;0;0;0;0;0;01/05/2014 00:00:00.557;D004;01/05/2014 00:00:00.557;D004;0
90;1;0;4;1;0;0;0;0;0;0;0;0;0;0;0;0;01/05/2014 00:00:00.558;D004;01/05/2014 00:00:00.558;D004;0
90;1;10;4;1;0;0;0;0;0;0;0;0;0;0;0;0;01/05/2014 00:00:00.559;D004;01/05/2014 00:00:00.559;D004;0
90;2;0;4;1;0;0;0;0;0;0;0;0;0;0;0;0;01/05/2014 00:00:00.560;D004;01/05/2014 00:00:00.560;D004;0
90;2;10;4;1;0;0;0;0;0;0;0;0;0;0;0;0;01/05/2014 00:00:00.561;D004;01/05/2014 00:00:00.561;D004;0
90;2;20;4;1;0;0;0;0;0;0;0;0;0;0;0;0;01/05/2014 00:00:00.562;D004;01/05/2014 00:00:00.562;D004;0
90;2;30;4;1;0;0;0;0;0;0;0;0;0;0;0;0;01/05/2014 00:00:00.563;D004;01/05/2014 00:00:00.563;D004;0
90;2;40;4;1;0;0;0;0;0;0;0;0;0;0;0;0;01/05/2014 00:00:00.564;D004;01/05/2014 00:00:00.564;D004;0
90;2;50;4;1;0;0;0;0;0;0;0;0;0;0;0;0;01/05/2014 00:00:00.565;D004;01/05/2014 00:00:00.565;D004;0
90;3;0;4;1;0;0;1;0;1;1;3;1;1;1;1;1;01/05/2014 00:00:00.566;D004;01/05/2014 00:00:00.566;D004;0
90;3;10;4;1;1;1;1;0;1;1;3;1;1;1;1;1;01/05/2014 00:00:00.567;D004;01/05/2014 00:00:00.567;D004;0
90;3;20;4;1;1;1;1;0;1;1;3;1;1;1;1;1;01/05/2014 00:00:00.568;D004;01/05/2014 00:00:00.568;D004;0
90;3;30;4;1;1;1;1;0;1;1;3;1;1;1;1;1;01/05/2014 00:00:00.569;D004;01/05/2014 00:00:00.569;D004;0
90;4;0;4;1;0;0;0;0;0;0;0;0;0;0;0;0;01/05/2014 00:00:00.570;D004;01/05/2014 00:00:00.570;D004;0
90;4;10;4;1;1;1;1;1;0;1;1;1;1;1;1;1;01/05/2014 00:00:00.571;D004;01/05/2014 00:00:00.571;D004;0
90;7;0;4;1;0;0;0;0;0;0;0;0;0;0;0;0;01/05/2014 00:00:00.572;D004;01/05/2014 00:00:00.572;D004;0
90;8;0;4;1;0;0;0;0;0;0;0;0;0;0;0;0;01/05/2014 00:00:00.573;D004;01/05/2014 00:00:00.573;D004;0
90;8;10;4;1;0;0;0;0;0;0;0;0;0;0;0;0;01/05/2014 00:00:00.574;D004;01/05/2014 00:00:00.574;D004;0
90;8;20;4;1;0;0;0;0;0;0;0;0;0;0;0;0;01/05/2014 00:00:00.575;D004;01/05/2014 00:00:00.575;D004;0
90;8;30;4;1;0;0;0;0;0;0;0;0;0;0;0;0;01/05/2014 00:00:00.576;D004;01/05/2014 00:00:00.576;D004;0
90;8;40;4;1;0;0;0;0;0;0;0;0;0;0;0;0;01/05/2014 00:00:00.577;D004;01/05/2014 00:00:00.577;D004;0
90;8;50;4;1;0;0;0;0;0;0;0;0;0;0;0;0;01/05/2014 00:00:00.578;D004;01/05/2014 00:00:00.578;D004;0
90;8;60;4;1;1;1;1;0;1;1;1;1;1;1;1;1;01/05/2014 00:00:00.579;D004;01/05/2014 00:00:00.579;D004;0
90;8;70;4;1;0;0;0;0;0;0;0;0;0;0;0;0;01/05/2014 00:00:00.580;D004;01/05/2014 00:00:00.580;D004;0
90;8;80;4;1;0;0;0;0;0;0;0;0;0;0;0;0;01/05/2014 00:00:00.581;D004;01/05/2014 00:00:00.581;D004;0
90;8;90;4;1;0;0;0;0;0;0;0;0;0;0;0;0;01/05/2014 00:00:00.582;D004;01/05/2014 00:00:00.582;D004;0
43;2;10;4;1;1;1;1;0;1;1;1;3;1;2;2;1;01/05/2014 00:00:00.583;D004;01/05/2014 00:00:00.583;D004;0
43;2;20;4;1;1;1;1;0;1;1;1;3;1;2;2;1;01/05/2014 00:00:00.584;D004;01/05/2014 00:00:00.584;D004;0
43;5;10;4;1;1;1;1;0;1;1;1;3;1;2;2;1;01/05/2014 00:00:00.585;D004;01/05/2014 00:00:00.585;D004;0
43;5;20;4;1;1;1;1;0;1;1;1;3;1;2;2;1;01/05/2014 00:00:00.586;D004;01/05/2014 00:00:00.586;D004;0
43;8;10;4;1;1;1;1;0;1;1;1;3;1;2;2;1;01/05/2014 00:00:00.587;D004;01/05/2014 00:00:00.587;D004;0
43;8;20;4;1;1;1;1;0;1;1;1;3;1;2;2;1;01/05/2014 00:00:00.588;D004;01/05/2014 00:00:00.588;D004;0
43;9;10;4;1;1;1;1;0;1;1;1;3;1;2;2;1;01/05/2014 00:00:00.589;D004;01/05/2014 00:00:00.589;D004;0
43;9;20;4;1;1;1;1;0;1;1;1;3;1;2;2;1;01/05/2014 00:00:00.590;D004;01/05/2014 00:00:00.590;D004;0
43;3;13;4;1;1;1;1;0;1;1;1;3;1;2;2;1;01/05/2014 00:00:00.591;D004;01/05/2014 00:00:00.591;D004;0
43;3;23;4;1;1;1;1;0;1;1;1;3;1;2;2;1;01/05/2014 00:00:00.592;D004;01/05/2014 00:00:00.592;D004;0
43;4;3;4;1;1;1;1;0;1;1;1;3;1;2;2;1;01/05/2014 00:00:00.593;D004;01/05/2014 00:00:00.593;D004;0
43;4;13;4;1;1;1;1;0;1;1;1;3;1;2;2;1;01/05/2014 00:00:00.594;D004;01/05/2014 00:00:00.594;D004;0
43;4;23;4;1;1;1;1;0;1;1;1;3;1;2;2;1;01/05/2014 00:00:00.595;D004;01/05/2014 00:00:00.595;D004;0
43;3;14;4;1;1;1;1;0;1;1;1;3;1;2;2;1;01/05/2014 00:00:00.596;D004;01/05/2014 00:00:00.596;D004;0
43;3;24;4;1;1;1;1;0;1;1;1;3;1;2;2;1;01/05/2014 00:00:00.597;D004;01/05/2014 00:00:00.597;D004;0
43;4;4;4;1;1;1;1;0;1;1;1;3;1;2;2;1;01/05/2014 00:00:00.598;D004;01/05/2014 00:00:00.598;D004;0
43;4;14;4;1;1;1;1;0;1;1;1;3;1;2;2;1;01/05/2014 00:00:00.599;D004;01/05/2014 00:00:00.599;D004;0
43;4;24;4;1;1;1;1;0;1;1;1;3;1;2;2;1;01/05/2014 00:00:00.600;D004;01/05/2014 00:00:00.600;D004;0
